"task","block","pair_order","pair_num","left_n","right_n","pair_ratio","correct_key","rt","stimulus","response","trial_type","trial_index","plugin_version","time_elapsed","participant_id","experiment","date","screen_size_category","screen_width_pixels","screen_height_pixels","window_width_pixels","window_height_pixels","pixel_ratio","participant_age","time_slot","correct"
"numerosity_discrimination","1","1","286","18","10","0.5556","j","1099","<div style=""width:100vw;height:100vh;background-color:black;""></div>","f","html-keyboard-response","21","2.0.0","188086","126097","testolin2020_replication","2025-11-28T09:04:21.417Z","13-14 inch laptop","1500","1000","1492","874","2","22","Nov 28, 11:00 pm","false"
"numerosity_discrimination","1","2","61","8","10","0.8","j","1867","<div style=""width:100vw;height:100vh;background-color:black;""></div>","f","html-keyboard-response","26","2.0.0","192156","126097","testolin2020_replication","2025-11-28T09:04:21.417Z","13-14 inch laptop","1500","1000","1492","874","2","22","Nov 28, 11:00 pm","false"
"numerosity_discrimination","1","3","271","20","11","0.55","j","975","<div style=""width:100vw;height:100vh;background-color:black;""></div>","j","html-keyboard-response","31","2.0.0","195331","126097","testolin2020_replication","2025-11-28T09:04:21.417Z","13-14 inch laptop","1500","1000","1492","874","2","22","Nov 28, 11:00 pm","true"
"numerosity_discrimination","1","4","128","22","28","0.7857","j","207","<div style=""width:100vw;height:100vh;background-color:black;""></div>","f","html-keyboard-response","36","2.0.0","197997","126097","testolin2020_replication","2025-11-28T09:04:21.417Z","13-14 inch laptop","1500","1000","1492","874","2","22","Nov 28, 11:00 pm","false"
"numerosity_discrimination","1","5","278","9","18","0.5","j","404","<div style=""width:100vw;height:100vh;background-color:black;""></div>","j","html-keyboard-response","41","2.0.0","200928","126097","testolin2020_replication","2025-11-28T09:04:21.417Z","13-14 inch laptop","1500","1000","1492","874","2","22","Nov 28, 11:00 pm","true"
"numerosity_discrimination","1","6","51","10","12","0.8333","j","481","<div style=""width:100vw;height:100vh;background-color:black;""></div>","j","html-keyboard-response","46","2.0.0","204056","126097","testolin2020_replication","2025-11-28T09:04:21.417Z","13-14 inch laptop","1500","1000","1492","874","2","22","Nov 28, 11:00 pm","true"
"numerosity_discrimination","1","7","188","9","12","0.75","j","549","<div style=""width:100vw;height:100vh;background-color:black;""></div>","f","html-keyboard-response","51","2.0.0","206838","126097","testolin2020_replication","2025-11-28T09:04:21.417Z","13-14 inch laptop","1500","1000","1492","874","2","22","Nov 28, 11:00 pm","false"
"numerosity_discrimination","1","8","236","22","14","0.6364","j","796","<div style=""width:100vw;height:100vh;background-color:black;""></div>","f","html-keyboard-response","56","2.0.0","210071","126097","testolin2020_replication","2025-11-28T09:04:21.417Z","13-14 inch laptop","1500","1000","1492","874","2","22","Nov 28, 11:00 pm","false"
"numerosity_discrimination","1","9","35","9","8","0.8889","j","462","<div style=""width:100vw;height:100vh;background-color:black;""></div>","f","html-keyboard-response","61","2.0.0","212986","126097","testolin2020_replication","2025-11-28T09:04:21.417Z","13-14 inch laptop","1500","1000","1492","874","2","22","Nov 28, 11:00 pm","false"
"numerosity_discrimination","1","10","267","18","28","0.6429","j","347","<div style=""width:100vw;height:100vh;background-color:black;""></div>","j","html-keyboard-response","66","2.0.0","215824","126097","testolin2020_replication","2025-11-28T09:04:21.417Z","13-14 inch laptop","1500","1000","1492","874","2","22","Nov 28, 11:00 pm","true"
"numerosity_discrimination","1","11","280","28","16","0.5714","j","1105","<div style=""width:100vw;height:100vh;background-color:black;""></div>","f","html-keyboard-response","71","2.0.0","219499","126097","testolin2020_replication","2025-11-28T09:04:21.417Z","13-14 inch laptop","1500","1000","1492","874","2","22","Nov 28, 11:00 pm","false"
"numerosity_discrimination","1","12","279","20","11","0.55","j","262","<div style=""width:100vw;height:100vh;background-color:black;""></div>","f","html-keyboard-response","76","2.0.0","221975","126097","testolin2020_replication","2025-11-28T09:04:21.417Z","13-14 inch laptop","1500","1000","1492","874","2","22","Nov 28, 11:00 pm","false"
"numerosity_discrimination","1","13","167","9","12","0.75","j","378","<div style=""width:100vw;height:100vh;background-color:black;""></div>","f","html-keyboard-response","81","2.0.0","224924","126097","testolin2020_replication","2025-11-28T09:04:21.417Z","13-14 inch laptop","1500","1000","1492","874","2","22","Nov 28, 11:00 pm","false"
"numerosity_discrimination","1","14","9","9","8","0.8889","j","428","<div style=""width:100vw;height:100vh;background-color:black;""></div>","f","html-keyboard-response","86","2.0.0","228023","126097","testolin2020_replication","2025-11-28T09:04:21.417Z","13-14 inch laptop","1500","1000","1492","874","2","22","Nov 28, 11:00 pm","false"
"numerosity_discrimination","1","15","202","9","7","0.7778","j","362","<div style=""width:100vw;height:100vh;background-color:black;""></div>","j","html-keyboard-response","91","2.0.0","230592","126097","testolin2020_replication","2025-11-28T09:04:21.417Z","13-14 inch laptop","1500","1000","1492","874","2","22","Nov 28, 11:00 pm","true"
"numerosity_discrimination","1","16","272","10","20","0.5","j","461","<div style=""width:100vw;height:100vh;background-color:black;""></div>","j","html-keyboard-response","96","2.0.0","233590","126097","testolin2020_replication","2025-11-28T09:04:21.417Z","13-14 inch laptop","1500","1000","1492","874","2","22","Nov 28, 11:00 pm","true"
"numerosity_discrimination","1","17","235","14","9","0.6429","j","822","<div style=""width:100vw;height:100vh;background-color:black;""></div>","f","html-keyboard-response","101","2.0.0","236836","126097","testolin2020_replication","2025-11-28T09:04:21.417Z","13-14 inch laptop","1500","1000","1492","874","2","22","Nov 28, 11:00 pm","false"
"numerosity_discrimination","1","18","67","11","9","0.8182","j","765","<div style=""width:100vw;height:100vh;background-color:black;""></div>","j","html-keyboard-response","106","2.0.0","239982","126097","testolin2020_replication","2025-11-28T09:04:21.417Z","13-14 inch laptop","1500","1000","1492","874","2","22","Nov 28, 11:00 pm","true"
"numerosity_discrimination","1","19","160","12","16","0.75","j","475","<div style=""width:100vw;height:100vh;background-color:black;""></div>","j","html-keyboard-response","111","2.0.0","243131","126097","testolin2020_replication","2025-11-28T09:04:21.417Z","13-14 inch laptop","1500","1000","1492","874","2","22","Nov 28, 11:00 pm","true"
"numerosity_discrimination","1","20","31","28","25","0.8929","j","338","<div style=""width:100vw;height:100vh;background-color:black;""></div>","f","html-keyboard-response","116","2.0.0","245858","126097","testolin2020_replication","2025-11-28T09:04:21.417Z","13-14 inch laptop","1500","1000","1492","874","2","22","Nov 28, 11:00 pm","false"
"numerosity_discrimination","1","21","213","18","11","0.6111","j","414","<div style=""width:100vw;height:100vh;background-color:black;""></div>","j","html-keyboard-response","121","2.0.0","248933","126097","testolin2020_replication","2025-11-28T09:04:21.417Z","13-14 inch laptop","1500","1000","1492","874","2","22","Nov 28, 11:00 pm","true"
"numerosity_discrimination","1","22","193","25","18","0.72","j","245","<div style=""width:100vw;height:100vh;background-color:black;""></div>","f","html-keyboard-response","126","2.0.0","251847","126097","testolin2020_replication","2025-11-28T09:04:21.417Z","13-14 inch laptop","1500","1000","1492","874","2","22","Nov 28, 11:00 pm","false"
"numerosity_discrimination","1","23","105","28","25","0.8929","j","344","<div style=""width:100vw;height:100vh;background-color:black;""></div>","j","html-keyboard-response","131","2.0.0","254715","126097","testolin2020_replication","2025-11-28T09:04:21.417Z","13-14 inch laptop","1500","1000","1492","874","2","22","Nov 28, 11:00 pm","true"
"numerosity_discrimination","1","24","158","18","14","0.7778","j","581","<div style=""width:100vw;height:100vh;background-color:black;""></div>","f","html-keyboard-response","136","2.0.0","257685","126097","testolin2020_replication","2025-11-28T09:04:21.417Z","13-14 inch laptop","1500","1000","1492","874","2","22","Nov 28, 11:00 pm","false"
"numerosity_discrimination","1","25","175","11","14","0.7857","j","322","<div style=""width:100vw;height:100vh;background-color:black;""></div>","j","html-keyboard-response","141","2.0.0","260460","126097","testolin2020_replication","2025-11-28T09:04:21.417Z","13-14 inch laptop","1500","1000","1492","874","2","22","Nov 28, 11:00 pm","true"
"numerosity_discrimination","1","26","254","20","12","0.6","j","261","<div style=""width:100vw;height:100vh;background-color:black;""></div>","f","html-keyboard-response","146","2.0.0","263050","126097","testolin2020_replication","2025-11-28T09:04:21.417Z","13-14 inch laptop","1500","1000","1492","874","2","22","Nov 28, 11:00 pm","false"
"numerosity_discrimination","1","27","221","16","10","0.625","j","418","<div style=""width:100vw;height:100vh;background-color:black;""></div>","f","html-keyboard-response","151","2.0.0","265857","126097","testolin2020_replication","2025-11-28T09:04:21.417Z","13-14 inch laptop","1500","1000","1492","874","2","22","Nov 28, 11:00 pm","false"
"numerosity_discrimination","1","28","55","18","16","0.8889","j","751","<div style=""width:100vw;height:100vh;background-color:black;""></div>","f","html-keyboard-response","156","2.0.0","269140","126097","testolin2020_replication","2025-11-28T09:04:21.417Z","13-14 inch laptop","1500","1000","1492","874","2","22","Nov 28, 11:00 pm","false"
"numerosity_discrimination","1","29","120","14","12","0.8571","j","953","<div style=""width:100vw;height:100vh;background-color:black;""></div>","f","html-keyboard-response","161","2.0.0","272362","126097","testolin2020_replication","2025-11-28T09:04:21.417Z","13-14 inch laptop","1500","1000","1492","874","2","22","Nov 28, 11:00 pm","false"
"numerosity_discrimination","1","30","89","11","9","0.8182","j","419","<div style=""width:100vw;height:100vh;background-color:black;""></div>","j","html-keyboard-response","166","2.0.0","275011","126097","testolin2020_replication","2025-11-28T09:04:21.417Z","13-14 inch laptop","1500","1000","1492","874","2","22","Nov 28, 11:00 pm","true"
"numerosity_discrimination","1","31","108","8","9","0.8889","j","325","<div style=""width:100vw;height:100vh;background-color:black;""></div>","j","html-keyboard-response","171","2.0.0","277968","126097","testolin2020_replication","2025-11-28T09:04:21.417Z","13-14 inch laptop","1500","1000","1492","874","2","22","Nov 28, 11:00 pm","true"
"numerosity_discrimination","1","32","23","11","9","0.8182","j","585","<div style=""width:100vw;height:100vh;background-color:black;""></div>","j","html-keyboard-response","176","2.0.0","280894","126097","testolin2020_replication","2025-11-28T09:04:21.417Z","13-14 inch laptop","1500","1000","1492","874","2","22","Nov 28, 11:00 pm","true"
"numerosity_discrimination","1","33","48","14","16","0.875","j","463","<div style=""width:100vw;height:100vh;background-color:black;""></div>","f","html-keyboard-response","181","2.0.0","283557","126097","testolin2020_replication","2025-11-28T09:04:21.417Z","13-14 inch laptop","1500","1000","1492","874","2","22","Nov 28, 11:00 pm","false"
"numerosity_discrimination","1","34","177","8","11","0.7273","j","593","<div style=""width:100vw;height:100vh;background-color:black;""></div>","f","html-keyboard-response","186","2.0.0","286571","126097","testolin2020_replication","2025-11-28T09:04:21.417Z","13-14 inch laptop","1500","1000","1492","874","2","22","Nov 28, 11:00 pm","false"
"numerosity_discrimination","1","35","26","28","25","0.8929","j","598","<div style=""width:100vw;height:100vh;background-color:black;""></div>","f","html-keyboard-response","191","2.0.0","289492","126097","testolin2020_replication","2025-11-28T09:04:21.417Z","13-14 inch laptop","1500","1000","1492","874","2","22","Nov 28, 11:00 pm","false"
"numerosity_discrimination","1","36","166","20","14","0.7","j","700","<div style=""width:100vw;height:100vh;background-color:black;""></div>","f","html-keyboard-response","196","2.0.0","292663","126097","testolin2020_replication","2025-11-28T09:04:21.417Z","13-14 inch laptop","1500","1000","1492","874","2","22","Nov 28, 11:00 pm","false"
"numerosity_discrimination","1","37","261","28","18","0.6429","j","629","<div style=""width:100vw;height:100vh;background-color:black;""></div>","f","html-keyboard-response","201","2.0.0","295978","126097","testolin2020_replication","2025-11-28T09:04:21.417Z","13-14 inch laptop","1500","1000","1492","874","2","22","Nov 28, 11:00 pm","false"
"numerosity_discrimination","1","38","32","16","20","0.8","j","215","<div style=""width:100vw;height:100vh;background-color:black;""></div>","j","html-keyboard-response","206","2.0.0","298381","126097","testolin2020_replication","2025-11-28T09:04:21.417Z","13-14 inch laptop","1500","1000","1492","874","2","22","Nov 28, 11:00 pm","true"
"numerosity_discrimination","1","39","103","14","12","0.8571","j","266","<div style=""width:100vw;height:100vh;background-color:black;""></div>","f","html-keyboard-response","211","2.0.0","301231","126097","testolin2020_replication","2025-11-28T09:04:21.417Z","13-14 inch laptop","1500","1000","1492","874","2","22","Nov 28, 11:00 pm","false"
"numerosity_discrimination","1","40","197","12","16","0.75","j","158","<div style=""width:100vw;height:100vh;background-color:black;""></div>","j","html-keyboard-response","216","2.0.0","303741","126097","testolin2020_replication","2025-11-28T09:04:21.417Z","13-14 inch laptop","1500","1000","1492","874","2","22","Nov 28, 11:00 pm","true"
"numerosity_discrimination","1","41","268","18","11","0.6111","j","326","<div style=""width:100vw;height:100vh;background-color:black;""></div>","f","html-keyboard-response","221","2.0.0","306408","126097","testolin2020_replication","2025-11-28T09:04:21.417Z","13-14 inch laptop","1500","1000","1492","874","2","22","Nov 28, 11:00 pm","false"
"numerosity_discrimination","1","42","299","20","10","0.5","j","582","<div style=""width:100vw;height:100vh;background-color:black;""></div>","f","html-keyboard-response","226","2.0.0","309647","126097","testolin2020_replication","2025-11-28T09:04:21.417Z","13-14 inch laptop","1500","1000","1492","874","2","22","Nov 28, 11:00 pm","false"
"numerosity_discrimination","1","43","179","22","16","0.7273","j","636","<div style=""width:100vw;height:100vh;background-color:black;""></div>","j","html-keyboard-response","231","2.0.0","312753","126097","testolin2020_replication","2025-11-28T09:04:21.417Z","13-14 inch laptop","1500","1000","1492","874","2","22","Nov 28, 11:00 pm","true"
"numerosity_discrimination","1","44","203","11","8","0.7273","j","354","<div style=""width:100vw;height:100vh;background-color:black;""></div>","j","html-keyboard-response","236","2.0.0","315638","126097","testolin2020_replication","2025-11-28T09:04:21.417Z","13-14 inch laptop","1500","1000","1492","874","2","22","Nov 28, 11:00 pm","true"
"numerosity_discrimination","1","45","245","10","16","0.625","j","492","<div style=""width:100vw;height:100vh;background-color:black;""></div>","f","html-keyboard-response","241","2.0.0","318643","126097","testolin2020_replication","2025-11-28T09:04:21.417Z","13-14 inch laptop","1500","1000","1492","874","2","22","Nov 28, 11:00 pm","false"
"numerosity_discrimination","1","46","34","16","18","0.8889","j","224","<div style=""width:100vw;height:100vh;background-color:black;""></div>","j","html-keyboard-response","246","2.0.0","321361","126097","testolin2020_replication","2025-11-28T09:04:21.417Z","13-14 inch laptop","1500","1000","1492","874","2","22","Nov 28, 11:00 pm","true"
"numerosity_discrimination","1","47","164","20","14","0.7","j","305","<div style=""width:100vw;height:100vh;background-color:black;""></div>","f","html-keyboard-response","251","2.0.0","323940","126097","testolin2020_replication","2025-11-28T09:04:21.417Z","13-14 inch laptop","1500","1000","1492","874","2","22","Nov 28, 11:00 pm","false"
"numerosity_discrimination","1","48","186","22","28","0.7857","j","232","<div style=""width:100vw;height:100vh;background-color:black;""></div>","j","html-keyboard-response","256","2.0.0","326836","126097","testolin2020_replication","2025-11-28T09:04:21.417Z","13-14 inch laptop","1500","1000","1492","874","2","22","Nov 28, 11:00 pm","true"
"numerosity_discrimination","1","49","19","18","22","0.8182","j","316","<div style=""width:100vw;height:100vh;background-color:black;""></div>","j","html-keyboard-response","261","2.0.0","329736","126097","testolin2020_replication","2025-11-28T09:04:21.417Z","13-14 inch laptop","1500","1000","1492","874","2","22","Nov 28, 11:00 pm","true"
"numerosity_discrimination","1","50","22","16","20","0.8","j","281","<div style=""width:100vw;height:100vh;background-color:black;""></div>","j","html-keyboard-response","266","2.0.0","332437","126097","testolin2020_replication","2025-11-28T09:04:21.417Z","13-14 inch laptop","1500","1000","1492","874","2","22","Nov 28, 11:00 pm","true"
"numerosity_discrimination","1","51","285","11","22","0.5","j","205","<div style=""width:100vw;height:100vh;background-color:black;""></div>","j","html-keyboard-response","271","2.0.0","335195","126097","testolin2020_replication","2025-11-28T09:04:21.417Z","13-14 inch laptop","1500","1000","1492","874","2","22","Nov 28, 11:00 pm","true"
"numerosity_discrimination","1","52","54","22","18","0.8182","j","217","<div style=""width:100vw;height:100vh;background-color:black;""></div>","f","html-keyboard-response","276","2.0.0","337759","126097","testolin2020_replication","2025-11-28T09:04:21.417Z","13-14 inch laptop","1500","1000","1492","874","2","22","Nov 28, 11:00 pm","false"
"numerosity_discrimination","1","53","238","20","12","0.6","j","308","<div style=""width:100vw;height:100vh;background-color:black;""></div>","f","html-keyboard-response","281","2.0.0","340617","126097","testolin2020_replication","2025-11-28T09:04:21.417Z","13-14 inch laptop","1500","1000","1492","874","2","22","Nov 28, 11:00 pm","false"
"numerosity_discrimination","1","54","124","16","12","0.75","j","275","<div style=""width:100vw;height:100vh;background-color:black;""></div>","f","html-keyboard-response","286","2.0.0","343366","126097","testolin2020_replication","2025-11-28T09:04:21.417Z","13-14 inch laptop","1500","1000","1492","874","2","22","Nov 28, 11:00 pm","false"
"numerosity_discrimination","1","55","18","14","12","0.8571","j","506","<div style=""width:100vw;height:100vh;background-color:black;""></div>","j","html-keyboard-response","291","2.0.0","346449","126097","testolin2020_replication","2025-11-28T09:04:21.417Z","13-14 inch laptop","1500","1000","1492","874","2","22","Nov 28, 11:00 pm","true"
"numerosity_discrimination","1","56","173","25","18","0.72","j","190","<div style=""width:100vw;height:100vh;background-color:black;""></div>","f","html-keyboard-response","296","2.0.0","349047","126097","testolin2020_replication","2025-11-28T09:04:21.417Z","13-14 inch laptop","1500","1000","1492","874","2","22","Nov 28, 11:00 pm","false"
"numerosity_discrimination","1","57","63","9","8","0.8889","j","4987","<div style=""width:100vw;height:100vh;background-color:black;""></div>","f","html-keyboard-response","301","2.0.0","356313","126097","testolin2020_replication","2025-11-28T09:04:21.417Z","13-14 inch laptop","1500","1000","1492","874","2","22","Nov 28, 11:00 pm","false"
"numerosity_discrimination","1","58","159","20","28","0.7143","j","349","<div style=""width:100vw;height:100vh;background-color:black;""></div>","j","html-keyboard-response","306","2.0.0","359078","126097","testolin2020_replication","2025-11-28T09:04:21.417Z","13-14 inch laptop","1500","1000","1492","874","2","22","Nov 28, 11:00 pm","true"
"numerosity_discrimination","1","59","265","18","28","0.6429","j","355","<div style=""width:100vw;height:100vh;background-color:black;""></div>","j","html-keyboard-response","311","2.0.0","361981","126097","testolin2020_replication","2025-11-28T09:04:21.417Z","13-14 inch laptop","1500","1000","1492","874","2","22","Nov 28, 11:00 pm","true"
"numerosity_discrimination","1","60","17","12","14","0.8571","j","420","<div style=""width:100vw;height:100vh;background-color:black;""></div>","f","html-keyboard-response","316","2.0.0","364850","126097","testolin2020_replication","2025-11-28T09:04:21.417Z","13-14 inch laptop","1500","1000","1492","874","2","22","Nov 28, 11:00 pm","false"
"numerosity_discrimination","1","61","140","11","8","0.7273","j","633","<div style=""width:100vw;height:100vh;background-color:black;""></div>","f","html-keyboard-response","321","2.0.0","368115","126097","testolin2020_replication","2025-11-28T09:04:21.417Z","13-14 inch laptop","1500","1000","1492","874","2","22","Nov 28, 11:00 pm","false"
"numerosity_discrimination","1","62","208","9","7","0.7778","j","354","<div style=""width:100vw;height:100vh;background-color:black;""></div>","f","html-keyboard-response","326","2.0.0","370852","126097","testolin2020_replication","2025-11-28T09:04:21.417Z","13-14 inch laptop","1500","1000","1492","874","2","22","Nov 28, 11:00 pm","false"
"numerosity_discrimination","1","63","53","18","22","0.8182","j","115","<div style=""width:100vw;height:100vh;background-color:black;""></div>","j","html-keyboard-response","331","2.0.0","373613","126097","testolin2020_replication","2025-11-28T09:04:21.417Z","13-14 inch laptop","1500","1000","1492","874","2","22","Nov 28, 11:00 pm","true"
"numerosity_discrimination","1","64","126","9","7","0.7778","j","374","<div style=""width:100vw;height:100vh;background-color:black;""></div>","j","html-keyboard-response","336","2.0.0","376555","126097","testolin2020_replication","2025-11-28T09:04:21.417Z","13-14 inch laptop","1500","1000","1492","874","2","22","Nov 28, 11:00 pm","true"
"numerosity_discrimination","1","65","88","12","10","0.8333","j","765","<div style=""width:100vw;height:100vh;background-color:black;""></div>","f","html-keyboard-response","341","2.0.0","379581","126097","testolin2020_replication","2025-11-28T09:04:21.417Z","13-14 inch laptop","1500","1000","1492","874","2","22","Nov 28, 11:00 pm","false"
"numerosity_discrimination","1","66","116","28","25","0.8929","j","315","<div style=""width:100vw;height:100vh;background-color:black;""></div>","j","html-keyboard-response","346","2.0.0","382434","126097","testolin2020_replication","2025-11-28T09:04:21.417Z","13-14 inch laptop","1500","1000","1492","874","2","22","Nov 28, 11:00 pm","true"
"numerosity_discrimination","1","67","4","12","14","0.8571","j","709","<div style=""width:100vw;height:100vh;background-color:black;""></div>","f","html-keyboard-response","351","2.0.0","385493","126097","testolin2020_replication","2025-11-28T09:04:21.417Z","13-14 inch laptop","1500","1000","1492","874","2","22","Nov 28, 11:00 pm","false"
"numerosity_discrimination","1","68","287","25","14","0.56","j","419","<div style=""width:100vw;height:100vh;background-color:black;""></div>","f","html-keyboard-response","356","2.0.0","388272","126097","testolin2020_replication","2025-11-28T09:04:21.417Z","13-14 inch laptop","1500","1000","1492","874","2","22","Nov 28, 11:00 pm","false"
"numerosity_discrimination","1","69","119","12","10","0.8333","j","2165","<div style=""width:100vw;height:100vh;background-color:black;""></div>","f","html-keyboard-response","361","2.0.0","393050","126097","testolin2020_replication","2025-11-28T09:04:21.417Z","13-14 inch laptop","1500","1000","1492","874","2","22","Nov 28, 11:00 pm","false"
"numerosity_discrimination","1","70","122","8","11","0.7273","j","530","<div style=""width:100vw;height:100vh;background-color:black;""></div>","j","html-keyboard-response","366","2.0.0","396169","126097","testolin2020_replication","2025-11-28T09:04:21.417Z","13-14 inch laptop","1500","1000","1492","874","2","22","Nov 28, 11:00 pm","true"
"numerosity_discrimination","1","71","194","7","9","0.7778","j","341","<div style=""width:100vw;height:100vh;background-color:black;""></div>","f","html-keyboard-response","371","2.0.0","398815","126097","testolin2020_replication","2025-11-28T09:04:21.417Z","13-14 inch laptop","1500","1000","1492","874","2","22","Nov 28, 11:00 pm","false"
"numerosity_discrimination","1","72","75","12","14","0.8571","j","3688","<div style=""width:100vw;height:100vh;background-color:black;""></div>","j","html-keyboard-response","376","2.0.0","404743","126097","testolin2020_replication","2025-11-28T09:04:21.417Z","13-14 inch laptop","1500","1000","1492","874","2","22","Nov 28, 11:00 pm","true"
"numerosity_discrimination","1","73","150","16","22","0.7273","j","1310","<div style=""width:100vw;height:100vh;background-color:black;""></div>","j","html-keyboard-response","381","2.0.0","408435","126097","testolin2020_replication","2025-11-28T09:04:21.417Z","13-14 inch laptop","1500","1000","1492","874","2","22","Nov 28, 11:00 pm","true"
"numerosity_discrimination","1","74","70","18","16","0.8889","j","653","<div style=""width:100vw;height:100vh;background-color:black;""></div>","j","html-keyboard-response","386","2.0.0","411714","126097","testolin2020_replication","2025-11-28T09:04:21.417Z","13-14 inch laptop","1500","1000","1492","874","2","22","Nov 28, 11:00 pm","true"
"numerosity_discrimination","1","75","187","18","14","0.7778","j","667","<div style=""width:100vw;height:100vh;background-color:black;""></div>","j","html-keyboard-response","391","2.0.0","414926","126097","testolin2020_replication","2025-11-28T09:04:21.417Z","13-14 inch laptop","1500","1000","1492","874","2","22","Nov 28, 11:00 pm","true"
"numerosity_discrimination","1","76","275","14","7","0.5","j","614","<div style=""width:100vw;height:100vh;background-color:black;""></div>","f","html-keyboard-response","396","2.0.0","417991","126097","testolin2020_replication","2025-11-28T09:04:21.417Z","13-14 inch laptop","1500","1000","1492","874","2","22","Nov 28, 11:00 pm","false"
"numerosity_discrimination","1","77","192","22","28","0.7857","j","314","<div style=""width:100vw;height:100vh;background-color:black;""></div>","j","html-keyboard-response","401","2.0.0","420608","126097","testolin2020_replication","2025-11-28T09:04:21.417Z","13-14 inch laptop","1500","1000","1492","874","2","22","Nov 28, 11:00 pm","true"
"numerosity_discrimination","1","78","225","14","22","0.6364","j","403","<div style=""width:100vw;height:100vh;background-color:black;""></div>","j","html-keyboard-response","406","2.0.0","423397","126097","testolin2020_replication","2025-11-28T09:04:21.417Z","13-14 inch laptop","1500","1000","1492","874","2","22","Nov 28, 11:00 pm","true"
"numerosity_discrimination","1","79","59","14","12","0.8571","j","325","<div style=""width:100vw;height:100vh;background-color:black;""></div>","f","html-keyboard-response","411","2.0.0","426354","126097","testolin2020_replication","2025-11-28T09:04:21.417Z","13-14 inch laptop","1500","1000","1492","874","2","22","Nov 28, 11:00 pm","false"
"numerosity_discrimination","1","80","239","22","14","0.6364","j","339","<div style=""width:100vw;height:100vh;background-color:black;""></div>","f","html-keyboard-response","416","2.0.0","429285","126097","testolin2020_replication","2025-11-28T09:04:21.417Z","13-14 inch laptop","1500","1000","1492","874","2","22","Nov 28, 11:00 pm","false"
"numerosity_discrimination","1","81","226","14","9","0.6429","j","390","<div style=""width:100vw;height:100vh;background-color:black;""></div>","f","html-keyboard-response","421","2.0.0","432054","126097","testolin2020_replication","2025-11-28T09:04:21.417Z","13-14 inch laptop","1500","1000","1492","874","2","22","Nov 28, 11:00 pm","false"
"numerosity_discrimination","1","82","259","18","11","0.6111","j","317","<div style=""width:100vw;height:100vh;background-color:black;""></div>","f","html-keyboard-response","426","2.0.0","434980","126097","testolin2020_replication","2025-11-28T09:04:21.417Z","13-14 inch laptop","1500","1000","1492","874","2","22","Nov 28, 11:00 pm","false"
"numerosity_discrimination","1","83","184","18","14","0.7778","j","367","<div style=""width:100vw;height:100vh;background-color:black;""></div>","f","html-keyboard-response","431","2.0.0","437883","126097","testolin2020_replication","2025-11-28T09:04:21.417Z","13-14 inch laptop","1500","1000","1492","874","2","22","Nov 28, 11:00 pm","false"
"numerosity_discrimination","1","84","100","28","25","0.8929","j","314","<div style=""width:100vw;height:100vh;background-color:black;""></div>","j","html-keyboard-response","436","2.0.0","440647","126097","testolin2020_replication","2025-11-28T09:04:21.417Z","13-14 inch laptop","1500","1000","1492","874","2","22","Nov 28, 11:00 pm","true"
"numerosity_discrimination","1","85","38","14","16","0.875","j","510","<div style=""width:100vw;height:100vh;background-color:black;""></div>","j","html-keyboard-response","441","2.0.0","443777","126097","testolin2020_replication","2025-11-28T09:04:21.417Z","13-14 inch laptop","1500","1000","1492","874","2","22","Nov 28, 11:00 pm","true"
"numerosity_discrimination","1","86","109","12","14","0.8571","j","336","<div style=""width:100vw;height:100vh;background-color:black;""></div>","j","html-keyboard-response","446","2.0.0","446621","126097","testolin2020_replication","2025-11-28T09:04:21.417Z","13-14 inch laptop","1500","1000","1492","874","2","22","Nov 28, 11:00 pm","true"
"numerosity_discrimination","1","87","231","25","16","0.64","j","284","<div style=""width:100vw;height:100vh;background-color:black;""></div>","f","html-keyboard-response","451","2.0.0","449553","126097","testolin2020_replication","2025-11-28T09:04:21.417Z","13-14 inch laptop","1500","1000","1492","874","2","22","Nov 28, 11:00 pm","false"
"numerosity_discrimination","1","88","282","8","14","0.5714","j","201","<div style=""width:100vw;height:100vh;background-color:black;""></div>","j","html-keyboard-response","456","2.0.0","452136","126097","testolin2020_replication","2025-11-28T09:04:21.417Z","13-14 inch laptop","1500","1000","1492","874","2","22","Nov 28, 11:00 pm","true"
"numerosity_discrimination","1","89","37","20","16","0.8","j","232","<div style=""width:100vw;height:100vh;background-color:black;""></div>","f","html-keyboard-response","461","2.0.0","454952","126097","testolin2020_replication","2025-11-28T09:04:21.417Z","13-14 inch laptop","1500","1000","1492","874","2","22","Nov 28, 11:00 pm","false"
"numerosity_discrimination","1","90","41","16","20","0.8","j","187","<div style=""width:100vw;height:100vh;background-color:black;""></div>","j","html-keyboard-response","466","2.0.0","457742","126097","testolin2020_replication","2025-11-28T09:04:21.417Z","13-14 inch laptop","1500","1000","1492","874","2","22","Nov 28, 11:00 pm","true"
"numerosity_discrimination","1","91","11","8","10","0.8","j","709","<div style=""width:100vw;height:100vh;background-color:black;""></div>","f","html-keyboard-response","471","2.0.0","460697","126097","testolin2020_replication","2025-11-28T09:04:21.417Z","13-14 inch laptop","1500","1000","1492","874","2","22","Nov 28, 11:00 pm","false"
"numerosity_discrimination","1","92","163","18","14","0.7778","j","267","<div style=""width:100vw;height:100vh;background-color:black;""></div>","j","html-keyboard-response","476","2.0.0","463472","126097","testolin2020_replication","2025-11-28T09:04:21.417Z","13-14 inch laptop","1500","1000","1492","874","2","22","Nov 28, 11:00 pm","true"
"numerosity_discrimination","1","93","243","18","12","0.6667","j","227","<div style=""width:100vw;height:100vh;background-color:black;""></div>","f","html-keyboard-response","481","2.0.0","466198","126097","testolin2020_replication","2025-11-28T09:04:21.417Z","13-14 inch laptop","1500","1000","1492","874","2","22","Nov 28, 11:00 pm","false"
"numerosity_discrimination","1","94","290","12","22","0.5455","j","148","<div style=""width:100vw;height:100vh;background-color:black;""></div>","j","html-keyboard-response","486","2.0.0","468587","126097","testolin2020_replication","2025-11-28T09:04:21.417Z","13-14 inch laptop","1500","1000","1492","874","2","22","Nov 28, 11:00 pm","true"
"numerosity_discrimination","1","95","281","12","7","0.5833","j","240","<div style=""width:100vw;height:100vh;background-color:black;""></div>","f","html-keyboard-response","491","2.0.0","471295","126097","testolin2020_replication","2025-11-28T09:04:21.417Z","13-14 inch laptop","1500","1000","1492","874","2","22","Nov 28, 11:00 pm","false"
"numerosity_discrimination","1","96","134","16","12","0.75","j","352","<div style=""width:100vw;height:100vh;background-color:black;""></div>","f","html-keyboard-response","496","2.0.0","474276","126097","testolin2020_replication","2025-11-28T09:04:21.417Z","13-14 inch laptop","1500","1000","1492","874","2","22","Nov 28, 11:00 pm","false"
"numerosity_discrimination","1","97","123","12","16","0.75","j","146","<div style=""width:100vw;height:100vh;background-color:black;""></div>","j","html-keyboard-response","501","2.0.0","476654","126097","testolin2020_replication","2025-11-28T09:04:21.417Z","13-14 inch laptop","1500","1000","1492","874","2","22","Nov 28, 11:00 pm","true"
"numerosity_discrimination","1","98","274","18","9","0.5","j","203","<div style=""width:100vw;height:100vh;background-color:black;""></div>","f","html-keyboard-response","506","2.0.0","479177","126097","testolin2020_replication","2025-11-28T09:04:21.417Z","13-14 inch laptop","1500","1000","1492","874","2","22","Nov 28, 11:00 pm","false"
"numerosity_discrimination","1","99","112","28","25","0.8929","j","268","<div style=""width:100vw;height:100vh;background-color:black;""></div>","j","html-keyboard-response","511","2.0.0","482030","126097","testolin2020_replication","2025-11-28T09:04:21.417Z","13-14 inch laptop","1500","1000","1492","874","2","22","Nov 28, 11:00 pm","true"
"numerosity_discrimination","1","100","295","20","10","0.5","j","7","<div style=""width:100vw;height:100vh;background-color:black;""></div>","j","html-keyboard-response","516","2.0.0","484601","126097","testolin2020_replication","2025-11-28T09:04:21.417Z","13-14 inch laptop","1500","1000","1492","874","2","22","Nov 28, 11:00 pm","true"
"numerosity_discrimination","2","101","46","18","22","0.8182","j","850","<div style=""width:100vw;height:100vh;background-color:black;""></div>","f","html-keyboard-response","523","2.0.0","495897","126097","testolin2020_replication","2025-11-28T09:04:21.417Z","13-14 inch laptop","1500","1000","1492","874","2","22","Nov 28, 11:00 pm","false"
"numerosity_discrimination","2","102","77","7","8","0.875","j","14","<div style=""width:100vw;height:100vh;background-color:black;""></div>","j","html-keyboard-response","528","2.0.0","498194","126097","testolin2020_replication","2025-11-28T09:04:21.417Z","13-14 inch laptop","1500","1000","1492","874","2","22","Nov 28, 11:00 pm","true"
"numerosity_discrimination","2","103","68","11","9","0.8182","j","218","<div style=""width:100vw;height:100vh;background-color:black;""></div>","f","html-keyboard-response","533","2.0.0","500730","126097","testolin2020_replication","2025-11-28T09:04:21.417Z","13-14 inch laptop","1500","1000","1492","874","2","22","Nov 28, 11:00 pm","false"
"numerosity_discrimination","2","104","178","14","11","0.7857","j","122","<div style=""width:100vw;height:100vh;background-color:black;""></div>","f","html-keyboard-response","538","2.0.0","503469","126097","testolin2020_replication","2025-11-28T09:04:21.417Z","13-14 inch laptop","1500","1000","1492","874","2","22","Nov 28, 11:00 pm","false"
"numerosity_discrimination","2","105","30","11","9","0.8182","j","8","<div style=""width:100vw;height:100vh;background-color:black;""></div>","f","html-keyboard-response","543","2.0.0","505869","126097","testolin2020_replication","2025-11-28T09:04:21.417Z","13-14 inch laptop","1500","1000","1492","874","2","22","Nov 28, 11:00 pm","false"
"numerosity_discrimination","2","106","86","22","25","0.88","j","159","<div style=""width:100vw;height:100vh;background-color:black;""></div>","f","html-keyboard-response","548","2.0.0","508592","126097","testolin2020_replication","2025-11-28T09:04:21.417Z","13-14 inch laptop","1500","1000","1492","874","2","22","Nov 28, 11:00 pm","false"
"numerosity_discrimination","2","107","244","8","12","0.6667","j","204","<div style=""width:100vw;height:100vh;background-color:black;""></div>","f","html-keyboard-response","553","2.0.0","511337","126097","testolin2020_replication","2025-11-28T09:04:21.417Z","13-14 inch laptop","1500","1000","1492","874","2","22","Nov 28, 11:00 pm","false"
"numerosity_discrimination","2","108","195","16","12","0.75","j","204","<div style=""width:100vw;height:100vh;background-color:black;""></div>","f","html-keyboard-response","558","2.0.0","513771","126097","testolin2020_replication","2025-11-28T09:04:21.417Z","13-14 inch laptop","1500","1000","1492","874","2","22","Nov 28, 11:00 pm","false"
"numerosity_discrimination","2","109","78","11","9","0.8182","j","96","<div style=""width:100vw;height:100vh;background-color:black;""></div>","f","html-keyboard-response","563","2.0.0","516414","126097","testolin2020_replication","2025-11-28T09:04:21.417Z","13-14 inch laptop","1500","1000","1492","874","2","22","Nov 28, 11:00 pm","false"
"numerosity_discrimination","2","110","6","16","18","0.8889","j","11","<div style=""width:100vw;height:100vh;background-color:black;""></div>","j","html-keyboard-response","568","2.0.0","519047","126097","testolin2020_replication","2025-11-28T09:04:21.417Z","13-14 inch laptop","1500","1000","1492","874","2","22","Nov 28, 11:00 pm","true"
"numerosity_discrimination","2","111","185","20","28","0.7143","j","191","<div style=""width:100vw;height:100vh;background-color:black;""></div>","j","html-keyboard-response","573","2.0.0","521704","126097","testolin2020_replication","2025-11-28T09:04:21.417Z","13-14 inch laptop","1500","1000","1492","874","2","22","Nov 28, 11:00 pm","true"
"numerosity_discrimination","2","112","148","25","18","0.72","j","224","<div style=""width:100vw;height:100vh;background-color:black;""></div>","f","html-keyboard-response","578","2.0.0","524211","126097","testolin2020_replication","2025-11-28T09:04:21.417Z","13-14 inch laptop","1500","1000","1492","874","2","22","Nov 28, 11:00 pm","false"
"numerosity_discrimination","2","113","157","7","10","0.7","j","5","<div style=""width:100vw;height:100vh;background-color:black;""></div>","f","html-keyboard-response","583","2.0.0","526858","126097","testolin2020_replication","2025-11-28T09:04:21.417Z","13-14 inch laptop","1500","1000","1492","874","2","22","Nov 28, 11:00 pm","false"
"numerosity_discrimination","2","114","141","20","14","0.7","j","365","<div style=""width:100vw;height:100vh;background-color:black;""></div>","j","html-keyboard-response","588","2.0.0","529602","126097","testolin2020_replication","2025-11-28T09:04:21.417Z","13-14 inch laptop","1500","1000","1492","874","2","22","Nov 28, 11:00 pm","true"
"numerosity_discrimination","2","115","253","22","14","0.6364","j","42","<div style=""width:100vw;height:100vh;background-color:black;""></div>","j","html-keyboard-response","593","2.0.0","531932","126097","testolin2020_replication","2025-11-28T09:04:21.417Z","13-14 inch laptop","1500","1000","1492","874","2","22","Nov 28, 11:00 pm","true"
"numerosity_discrimination","2","116","214","20","12","0.6","j","28","<div style=""width:100vw;height:100vh;background-color:black;""></div>","j","html-keyboard-response","598","2.0.0","534483","126097","testolin2020_replication","2025-11-28T09:04:21.417Z","13-14 inch laptop","1500","1000","1492","874","2","22","Nov 28, 11:00 pm","true"
"numerosity_discrimination","2","117","102","8","7","0.875","j","100","<div style=""width:100vw;height:100vh;background-color:black;""></div>","f","html-keyboard-response","603","2.0.0","537172","126097","testolin2020_replication","2025-11-28T09:04:21.417Z","13-14 inch laptop","1500","1000","1492","874","2","22","Nov 28, 11:00 pm","false"
"numerosity_discrimination","2","118","96","12","10","0.8333","j","59","<div style=""width:100vw;height:100vh;background-color:black;""></div>","f","html-keyboard-response","608","2.0.0","539915","126097","testolin2020_replication","2025-11-28T09:04:21.417Z","13-14 inch laptop","1500","1000","1492","874","2","22","Nov 28, 11:00 pm","false"
"numerosity_discrimination","2","119","220","28","18","0.6429","j","131","<div style=""width:100vw;height:100vh;background-color:black;""></div>","j","html-keyboard-response","613","2.0.0","542238","126097","testolin2020_replication","2025-11-28T09:04:21.417Z","13-14 inch laptop","1500","1000","1492","874","2","22","Nov 28, 11:00 pm","true"
"numerosity_discrimination","2","120","142","11","14","0.7857","j","31","<div style=""width:100vw;height:100vh;background-color:black;""></div>","f","html-keyboard-response","618","2.0.0","544788","126097","testolin2020_replication","2025-11-28T09:04:21.417Z","13-14 inch laptop","1500","1000","1492","874","2","22","Nov 28, 11:00 pm","false"
"numerosity_discrimination","2","121","183","14","20","0.7","j","201","<div style=""width:100vw;height:100vh;background-color:black;""></div>","f","html-keyboard-response","623","2.0.0","547177","126097","testolin2020_replication","2025-11-28T09:04:21.417Z","13-14 inch laptop","1500","1000","1492","874","2","22","Nov 28, 11:00 pm","false"
"numerosity_discrimination","2","122","291","11","20","0.55","j","723","<div style=""width:100vw;height:100vh;background-color:black;""></div>","j","html-keyboard-response","628","2.0.0","550265","126097","testolin2020_replication","2025-11-28T09:04:21.417Z","13-14 inch laptop","1500","1000","1492","874","2","22","Nov 28, 11:00 pm","true"
"numerosity_discrimination","2","123","248","22","14","0.6364","j","69","<div style=""width:100vw;height:100vh;background-color:black;""></div>","f","html-keyboard-response","633","2.0.0","552563","126097","testolin2020_replication","2025-11-28T09:04:21.417Z","13-14 inch laptop","1500","1000","1492","874","2","22","Nov 28, 11:00 pm","false"
"numerosity_discrimination","2","124","230","10","16","0.625","j","136","<div style=""width:100vw;height:100vh;background-color:black;""></div>","j","html-keyboard-response","638","2.0.0","555145","126097","testolin2020_replication","2025-11-28T09:04:21.417Z","13-14 inch laptop","1500","1000","1492","874","2","22","Nov 28, 11:00 pm","true"
"numerosity_discrimination","2","125","283","20","11","0.55","j","319","<div style=""width:100vw;height:100vh;background-color:black;""></div>","f","html-keyboard-response","643","2.0.0","558096","126097","testolin2020_replication","2025-11-28T09:04:21.417Z","13-14 inch laptop","1500","1000","1492","874","2","22","Nov 28, 11:00 pm","false"
"numerosity_discrimination","2","126","14","8","7","0.875","j","98","<div style=""width:100vw;height:100vh;background-color:black;""></div>","j","html-keyboard-response","648","2.0.0","560876","126097","testolin2020_replication","2025-11-28T09:04:21.417Z","13-14 inch laptop","1500","1000","1492","874","2","22","Nov 28, 11:00 pm","true"
"numerosity_discrimination","2","127","297","18","10","0.5556","j","263","<div style=""width:100vw;height:100vh;background-color:black;""></div>","f","html-keyboard-response","653","2.0.0","563474","126097","testolin2020_replication","2025-11-28T09:04:21.417Z","13-14 inch laptop","1500","1000","1492","874","2","22","Nov 28, 11:00 pm","false"
"numerosity_discrimination","2","128","250","18","12","0.6667","j","125","<div style=""width:100vw;height:100vh;background-color:black;""></div>","j","html-keyboard-response","658","2.0.0","565956","126097","testolin2020_replication","2025-11-28T09:04:21.417Z","13-14 inch laptop","1500","1000","1492","874","2","22","Nov 28, 11:00 pm","true"
"numerosity_discrimination","2","129","79","16","18","0.8889","j","34","<div style=""width:100vw;height:100vh;background-color:black;""></div>","f","html-keyboard-response","663","2.0.0","568632","126097","testolin2020_replication","2025-11-28T09:04:21.417Z","13-14 inch laptop","1500","1000","1492","874","2","22","Nov 28, 11:00 pm","false"
"numerosity_discrimination","2","130","171","12","9","0.75","j","199","<div style=""width:100vw;height:100vh;background-color:black;""></div>","f","html-keyboard-response","668","2.0.0","571465","126097","testolin2020_replication","2025-11-28T09:04:21.417Z","13-14 inch laptop","1500","1000","1492","874","2","22","Nov 28, 11:00 pm","false"
"numerosity_discrimination","2","131","8","16","14","0.875","j","168","<div style=""width:100vw;height:100vh;background-color:black;""></div>","f","html-keyboard-response","673","2.0.0","573918","126097","testolin2020_replication","2025-11-28T09:04:21.417Z","13-14 inch laptop","1500","1000","1492","874","2","22","Nov 28, 11:00 pm","false"
"numerosity_discrimination","2","132","107","16","18","0.8889","j","152","<div style=""width:100vw;height:100vh;background-color:black;""></div>","j","html-keyboard-response","678","2.0.0","576620","126097","testolin2020_replication","2025-11-28T09:04:21.417Z","13-14 inch laptop","1500","1000","1492","874","2","22","Nov 28, 11:00 pm","true"
"numerosity_discrimination","2","133","99","22","18","0.8182","j","244","<div style=""width:100vw;height:100vh;background-color:black;""></div>","f","html-keyboard-response","683","2.0.0","579345","126097","testolin2020_replication","2025-11-28T09:04:21.417Z","13-14 inch laptop","1500","1000","1492","874","2","22","Nov 28, 11:00 pm","false"
"numerosity_discrimination","2","134","224","9","14","0.6429","j","83","<div style=""width:100vw;height:100vh;background-color:black;""></div>","f","html-keyboard-response","688","2.0.0","581818","126097","testolin2020_replication","2025-11-28T09:04:21.417Z","13-14 inch laptop","1500","1000","1492","874","2","22","Nov 28, 11:00 pm","false"
"numerosity_discrimination","2","135","151","9","7","0.7778","j","795","<div style=""width:100vw;height:100vh;background-color:black;""></div>","f","html-keyboard-response","693","2.0.0","584965","126097","testolin2020_replication","2025-11-28T09:04:21.417Z","13-14 inch laptop","1500","1000","1492","874","2","22","Nov 28, 11:00 pm","false"
"numerosity_discrimination","2","136","133","10","14","0.7143","j","1292","<div style=""width:100vw;height:100vh;background-color:black;""></div>","j","html-keyboard-response","698","2.0.0","588926","126097","testolin2020_replication","2025-11-28T09:04:21.417Z","13-14 inch laptop","1500","1000","1492","874","2","22","Nov 28, 11:00 pm","true"
"numerosity_discrimination","2","137","258","14","22","0.6364","j","62","<div style=""width:100vw;height:100vh;background-color:black;""></div>","f","html-keyboard-response","703","2.0.0","591566","126097","testolin2020_replication","2025-11-28T09:04:21.417Z","13-14 inch laptop","1500","1000","1492","874","2","22","Nov 28, 11:00 pm","false"
"numerosity_discrimination","2","138","82","16","14","0.875","j","23","<div style=""width:100vw;height:100vh;background-color:black;""></div>","j","html-keyboard-response","708","2.0.0","594111","126097","testolin2020_replication","2025-11-28T09:04:21.417Z","13-14 inch laptop","1500","1000","1492","874","2","22","Nov 28, 11:00 pm","true"
"numerosity_discrimination","2","139","146","10","14","0.7143","j","90","<div style=""width:100vw;height:100vh;background-color:black;""></div>","j","html-keyboard-response","713","2.0.0","596610","126097","testolin2020_replication","2025-11-28T09:04:21.417Z","13-14 inch laptop","1500","1000","1492","874","2","22","Nov 28, 11:00 pm","true"
"numerosity_discrimination","2","140","215","16","11","0.6875","j","75","<div style=""width:100vw;height:100vh;background-color:black;""></div>","f","html-keyboard-response","718","2.0.0","599113","126097","testolin2020_replication","2025-11-28T09:04:21.417Z","13-14 inch laptop","1500","1000","1492","874","2","22","Nov 28, 11:00 pm","false"
"numerosity_discrimination","2","141","209","9","7","0.7778","j","95","<div style=""width:100vw;height:100vh;background-color:black;""></div>","j","html-keyboard-response","723","2.0.0","601649","126097","testolin2020_replication","2025-11-28T09:04:21.417Z","13-14 inch laptop","1500","1000","1492","874","2","22","Nov 28, 11:00 pm","true"
"numerosity_discrimination","2","142","156","12","16","0.75","j","14","<div style=""width:100vw;height:100vh;background-color:black;""></div>","j","html-keyboard-response","728","2.0.0","604036","126097","testolin2020_replication","2025-11-28T09:04:21.417Z","13-14 inch laptop","1500","1000","1492","874","2","22","Nov 28, 11:00 pm","true"
"numerosity_discrimination","2","143","181","10","14","0.7143","j","35","<div style=""width:100vw;height:100vh;background-color:black;""></div>","j","html-keyboard-response","733","2.0.0","606424","126097","testolin2020_replication","2025-11-28T09:04:21.417Z","13-14 inch laptop","1500","1000","1492","874","2","22","Nov 28, 11:00 pm","true"
"numerosity_discrimination","2","144","270","14","22","0.6364","j","149","<div style=""width:100vw;height:100vh;background-color:black;""></div>","j","html-keyboard-response","738","2.0.0","609233","126097","testolin2020_replication","2025-11-28T09:04:21.417Z","13-14 inch laptop","1500","1000","1492","874","2","22","Nov 28, 11:00 pm","true"
"numerosity_discrimination","2","145","293","7","12","0.5833","j","29","<div style=""width:100vw;height:100vh;background-color:black;""></div>","j","html-keyboard-response","743","2.0.0","611635","126097","testolin2020_replication","2025-11-28T09:04:21.417Z","13-14 inch laptop","1500","1000","1492","874","2","22","Nov 28, 11:00 pm","true"
"numerosity_discrimination","2","146","154","11","14","0.7857","j","10","<div style=""width:100vw;height:100vh;background-color:black;""></div>","f","html-keyboard-response","748","2.0.0","613887","126097","testolin2020_replication","2025-11-28T09:04:21.417Z","13-14 inch laptop","1500","1000","1492","874","2","22","Nov 28, 11:00 pm","false"
"numerosity_discrimination","2","147","137","10","7","0.7","j","171","<div style=""width:100vw;height:100vh;background-color:black;""></div>","f","html-keyboard-response","753","2.0.0","616563","126097","testolin2020_replication","2025-11-28T09:04:21.417Z","13-14 inch laptop","1500","1000","1492","874","2","22","Nov 28, 11:00 pm","false"
"numerosity_discrimination","2","148","95","9","8","0.8889","j","115","<div style=""width:100vw;height:100vh;background-color:black;""></div>","j","html-keyboard-response","758","2.0.0","619191","126097","testolin2020_replication","2025-11-28T09:04:21.417Z","13-14 inch laptop","1500","1000","1492","874","2","22","Nov 28, 11:00 pm","true"
"numerosity_discrimination","2","149","240","20","12","0.6","j","43","<div style=""width:100vw;height:100vh;background-color:black;""></div>","j","html-keyboard-response","763","2.0.0","621652","126097","testolin2020_replication","2025-11-28T09:04:21.417Z","13-14 inch laptop","1500","1000","1492","874","2","22","Nov 28, 11:00 pm","true"
"numerosity_discrimination","2","150","191","28","20","0.7143","j","94","<div style=""width:100vw;height:100vh;background-color:black;""></div>","j","html-keyboard-response","768","2.0.0","624355","126097","testolin2020_replication","2025-11-28T09:04:21.417Z","13-14 inch laptop","1500","1000","1492","874","2","22","Nov 28, 11:00 pm","true"
"numerosity_discrimination","2","151","162","16","22","0.7273","j","41","<div style=""width:100vw;height:100vh;background-color:black;""></div>","f","html-keyboard-response","773","2.0.0","626654","126097","testolin2020_replication","2025-11-28T09:04:21.417Z","13-14 inch laptop","1500","1000","1492","874","2","22","Nov 28, 11:00 pm","false"
"numerosity_discrimination","2","152","64","9","11","0.8182","j","91","<div style=""width:100vw;height:100vh;background-color:black;""></div>","j","html-keyboard-response","778","2.0.0","629002","126097","testolin2020_replication","2025-11-28T09:04:21.417Z","13-14 inch laptop","1500","1000","1492","874","2","22","Nov 28, 11:00 pm","true"
"numerosity_discrimination","2","153","58","18","22","0.8182","j","484","<div style=""width:100vw;height:100vh;background-color:black;""></div>","f","html-keyboard-response","783","2.0.0","631979","126097","testolin2020_replication","2025-11-28T09:04:21.417Z","13-14 inch laptop","1500","1000","1492","874","2","22","Nov 28, 11:00 pm","false"
"numerosity_discrimination","2","154","66","9","11","0.8182","j","404","<div style=""width:100vw;height:100vh;background-color:black;""></div>","j","html-keyboard-response","788","2.0.0","634867","126097","testolin2020_replication","2025-11-28T09:04:21.417Z","13-14 inch laptop","1500","1000","1492","874","2","22","Nov 28, 11:00 pm","true"
"numerosity_discrimination","2","155","266","7","11","0.6364","j","283","<div style=""width:100vw;height:100vh;background-color:black;""></div>","f","html-keyboard-response","793","2.0.0","637647","126097","testolin2020_replication","2025-11-28T09:04:21.417Z","13-14 inch laptop","1500","1000","1492","874","2","22","Nov 28, 11:00 pm","false"
"numerosity_discrimination","2","156","90","7","8","0.875","j","680","<div style=""width:100vw;height:100vh;background-color:black;""></div>","f","html-keyboard-response","798","2.0.0","640729","126097","testolin2020_replication","2025-11-28T09:04:21.417Z","13-14 inch laptop","1500","1000","1492","874","2","22","Nov 28, 11:00 pm","false"
"numerosity_discrimination","2","157","74","12","10","0.8333","j","34","<div style=""width:100vw;height:100vh;background-color:black;""></div>","f","html-keyboard-response","803","2.0.0","643183","126097","testolin2020_replication","2025-11-28T09:04:21.417Z","13-14 inch laptop","1500","1000","1492","874","2","22","Nov 28, 11:00 pm","false"
"numerosity_discrimination","2","158","288","18","10","0.5556","j","168","<div style=""width:100vw;height:100vh;background-color:black;""></div>","f","html-keyboard-response","808","2.0.0","645835","126097","testolin2020_replication","2025-11-28T09:04:21.417Z","13-14 inch laptop","1500","1000","1492","874","2","22","Nov 28, 11:00 pm","false"
"numerosity_discrimination","2","159","85","7","8","0.875","j","155","<div style=""width:100vw;height:100vh;background-color:black;""></div>","j","html-keyboard-response","813","2.0.0","648353","126097","testolin2020_replication","2025-11-28T09:04:21.417Z","13-14 inch laptop","1500","1000","1492","874","2","22","Nov 28, 11:00 pm","true"
"numerosity_discrimination","2","160","87","14","16","0.875","j","16","<div style=""width:100vw;height:100vh;background-color:black;""></div>","j","html-keyboard-response","818","2.0.0","650884","126097","testolin2020_replication","2025-11-28T09:04:21.417Z","13-14 inch laptop","1500","1000","1492","874","2","22","Nov 28, 11:00 pm","true"
"numerosity_discrimination","2","161","205","14","11","0.7857","j","62","<div style=""width:100vw;height:100vh;background-color:black;""></div>","f","html-keyboard-response","823","2.0.0","653181","126097","testolin2020_replication","2025-11-28T09:04:21.417Z","13-14 inch laptop","1500","1000","1492","874","2","22","Nov 28, 11:00 pm","false"
"numerosity_discrimination","2","162","83","7","8","0.875","j","42","<div style=""width:100vw;height:100vh;background-color:black;""></div>","f","html-keyboard-response","828","2.0.0","655562","126097","testolin2020_replication","2025-11-28T09:04:21.417Z","13-14 inch laptop","1500","1000","1492","874","2","22","Nov 28, 11:00 pm","false"
"numerosity_discrimination","2","163","292","8","14","0.5714","j","106","<div style=""width:100vw;height:100vh;background-color:black;""></div>","f","html-keyboard-response","833","2.0.0","657949","126097","testolin2020_replication","2025-11-28T09:04:21.417Z","13-14 inch laptop","1500","1000","1492","874","2","22","Nov 28, 11:00 pm","false"
"numerosity_discrimination","2","164","24","12","10","0.8333","j","93","<div style=""width:100vw;height:100vh;background-color:black;""></div>","j","html-keyboard-response","838","2.0.0","660514","126097","testolin2020_replication","2025-11-28T09:04:21.417Z","13-14 inch laptop","1500","1000","1492","874","2","22","Nov 28, 11:00 pm","true"
"numerosity_discrimination","2","165","114","20","16","0.8","j","277","<div style=""width:100vw;height:100vh;background-color:black;""></div>","j","html-keyboard-response","843","2.0.0","662964","126097","testolin2020_replication","2025-11-28T09:04:21.417Z","13-14 inch laptop","1500","1000","1492","874","2","22","Nov 28, 11:00 pm","true"
"numerosity_discrimination","2","166","20","7","8","0.875","j","74","<div style=""width:100vw;height:100vh;background-color:black;""></div>","j","html-keyboard-response","848","2.0.0","665279","126097","testolin2020_replication","2025-11-28T09:04:21.417Z","13-14 inch laptop","1500","1000","1492","874","2","22","Nov 28, 11:00 pm","true"
"numerosity_discrimination","2","167","36","9","11","0.8182","j","5587","<div style=""width:100vw;height:100vh;background-color:black;""></div>","f","html-keyboard-response","853","2.0.0","673493","126097","testolin2020_replication","2025-11-28T09:04:21.417Z","13-14 inch laptop","1500","1000","1492","874","2","22","Nov 28, 11:00 pm","false"
"numerosity_discrimination","2","168","131","11","14","0.7857","j","26","<div style=""width:100vw;height:100vh;background-color:black;""></div>","f","html-keyboard-response","858","2.0.0","675830","126097","testolin2020_replication","2025-11-28T09:04:21.417Z","13-14 inch laptop","1500","1000","1492","874","2","22","Nov 28, 11:00 pm","false"
"numerosity_discrimination","2","169","190","18","14","0.7778","j","151","<div style=""width:100vw;height:100vh;background-color:black;""></div>","f","html-keyboard-response","863","2.0.0","678628","126097","testolin2020_replication","2025-11-28T09:04:21.417Z","13-14 inch laptop","1500","1000","1492","874","2","22","Nov 28, 11:00 pm","false"
"numerosity_discrimination","2","170","129","12","9","0.75","j","138","<div style=""width:100vw;height:100vh;background-color:black;""></div>","j","html-keyboard-response","868","2.0.0","680996","126097","testolin2020_replication","2025-11-28T09:04:21.417Z","13-14 inch laptop","1500","1000","1492","874","2","22","Nov 28, 11:00 pm","true"
"numerosity_discrimination","2","171","12","20","16","0.8","j","63","<div style=""width:100vw;height:100vh;background-color:black;""></div>","f","html-keyboard-response","873","2.0.0","683422","126097","testolin2020_replication","2025-11-28T09:04:21.417Z","13-14 inch laptop","1500","1000","1492","874","2","22","Nov 28, 11:00 pm","false"
"numerosity_discrimination","2","172","42","22","25","0.88","j","389","<div style=""width:100vw;height:100vh;background-color:black;""></div>","j","html-keyboard-response","878","2.0.0","686280","126097","testolin2020_replication","2025-11-28T09:04:21.417Z","13-14 inch laptop","1500","1000","1492","874","2","22","Nov 28, 11:00 pm","true"
"numerosity_discrimination","2","173","127","14","10","0.7143","j","153","<div style=""width:100vw;height:100vh;background-color:black;""></div>","j","html-keyboard-response","883","2.0.0","688626","126097","testolin2020_replication","2025-11-28T09:04:21.417Z","13-14 inch laptop","1500","1000","1492","874","2","22","Nov 28, 11:00 pm","true"
"numerosity_discrimination","2","174","13","7","8","0.875","j","136","<div style=""width:100vw;height:100vh;background-color:black;""></div>","j","html-keyboard-response","888","2.0.0","691061","126097","testolin2020_replication","2025-11-28T09:04:21.417Z","13-14 inch laptop","1500","1000","1492","874","2","22","Nov 28, 11:00 pm","true"
"numerosity_discrimination","2","175","196","12","16","0.75","j","18","<div style=""width:100vw;height:100vh;background-color:black;""></div>","j","html-keyboard-response","893","2.0.0","693331","126097","testolin2020_replication","2025-11-28T09:04:21.417Z","13-14 inch laptop","1500","1000","1492","874","2","22","Nov 28, 11:00 pm","true"
"numerosity_discrimination","2","176","210","14","11","0.7857","j","125","<div style=""width:100vw;height:100vh;background-color:black;""></div>","j","html-keyboard-response","898","2.0.0","696022","126097","testolin2020_replication","2025-11-28T09:04:21.417Z","13-14 inch laptop","1500","1000","1492","874","2","22","Nov 28, 11:00 pm","true"
"numerosity_discrimination","2","177","65","12","14","0.8571","j","308","<div style=""width:100vw;height:100vh;background-color:black;""></div>","j","html-keyboard-response","903","2.0.0","698621","126097","testolin2020_replication","2025-11-28T09:04:21.417Z","13-14 inch laptop","1500","1000","1492","874","2","22","Nov 28, 11:00 pm","true"
"numerosity_discrimination","2","178","121","12","16","0.75","j","824","<div style=""width:100vw;height:100vh;background-color:black;""></div>","j","html-keyboard-response","908","2.0.0","701638","126097","testolin2020_replication","2025-11-28T09:04:21.417Z","13-14 inch laptop","1500","1000","1492","874","2","22","Nov 28, 11:00 pm","true"
"numerosity_discrimination","2","179","76","8","7","0.875","j","206","<div style=""width:100vw;height:100vh;background-color:black;""></div>","j","html-keyboard-response","913","2.0.0","704204","126097","testolin2020_replication","2025-11-28T09:04:21.417Z","13-14 inch laptop","1500","1000","1492","874","2","22","Nov 28, 11:00 pm","true"
"numerosity_discrimination","2","180","174","22","16","0.7273","j","35","<div style=""width:100vw;height:100vh;background-color:black;""></div>","f","html-keyboard-response","918","2.0.0","706719","126097","testolin2020_replication","2025-11-28T09:04:21.417Z","13-14 inch laptop","1500","1000","1492","874","2","22","Nov 28, 11:00 pm","false"
"numerosity_discrimination","2","181","273","18","9","0.5","j","11","<div style=""width:100vw;height:100vh;background-color:black;""></div>","j","html-keyboard-response","923","2.0.0","709093","126097","testolin2020_replication","2025-11-28T09:04:21.417Z","13-14 inch laptop","1500","1000","1492","874","2","22","Nov 28, 11:00 pm","true"
"numerosity_discrimination","2","182","176","10","14","0.7143","j","160","<div style=""width:100vw;height:100vh;background-color:black;""></div>","j","html-keyboard-response","928","2.0.0","711774","126097","testolin2020_replication","2025-11-28T09:04:21.417Z","13-14 inch laptop","1500","1000","1492","874","2","22","Nov 28, 11:00 pm","true"
"numerosity_discrimination","2","183","50","14","16","0.875","j","270","<div style=""width:100vw;height:100vh;background-color:black;""></div>","j","html-keyboard-response","933","2.0.0","714587","126097","testolin2020_replication","2025-11-28T09:04:21.417Z","13-14 inch laptop","1500","1000","1492","874","2","22","Nov 28, 11:00 pm","true"
"numerosity_discrimination","2","184","145","12","9","0.75","j","120","<div style=""width:100vw;height:100vh;background-color:black;""></div>","j","html-keyboard-response","938","2.0.0","716955","126097","testolin2020_replication","2025-11-28T09:04:21.417Z","13-14 inch laptop","1500","1000","1492","874","2","22","Nov 28, 11:00 pm","true"
"numerosity_discrimination","2","185","219","9","14","0.6429","j","283","<div style=""width:100vw;height:100vh;background-color:black;""></div>","j","html-keyboard-response","943","2.0.0","719468","126097","testolin2020_replication","2025-11-28T09:04:21.417Z","13-14 inch laptop","1500","1000","1492","874","2","22","Nov 28, 11:00 pm","true"
"numerosity_discrimination","2","186","3","16","14","0.875","j","78","<div style=""width:100vw;height:100vh;background-color:black;""></div>","j","html-keyboard-response","948","2.0.0","722031","126097","testolin2020_replication","2025-11-28T09:04:21.417Z","13-14 inch laptop","1500","1000","1492","874","2","22","Nov 28, 11:00 pm","true"
"numerosity_discrimination","2","187","201","20","14","0.7","j","505","<div style=""width:100vw;height:100vh;background-color:black;""></div>","j","html-keyboard-response","953","2.0.0","724792","126097","testolin2020_replication","2025-11-28T09:04:21.417Z","13-14 inch laptop","1500","1000","1492","874","2","22","Nov 28, 11:00 pm","true"
"numerosity_discrimination","2","188","44","20","16","0.8","j","203","<div style=""width:100vw;height:100vh;background-color:black;""></div>","j","html-keyboard-response","958","2.0.0","727371","126097","testolin2020_replication","2025-11-28T09:04:21.417Z","13-14 inch laptop","1500","1000","1492","874","2","22","Nov 28, 11:00 pm","true"
"numerosity_discrimination","2","189","136","10","14","0.7143","j","1346","<div style=""width:100vw;height:100vh;background-color:black;""></div>","j","html-keyboard-response","963","2.0.0","730933","126097","testolin2020_replication","2025-11-28T09:04:21.417Z","13-14 inch laptop","1500","1000","1492","874","2","22","Nov 28, 11:00 pm","true"
"numerosity_discrimination","2","190","237","20","12","0.6","j","34","<div style=""width:100vw;height:100vh;background-color:black;""></div>","j","html-keyboard-response","968","2.0.0","733289","126097","testolin2020_replication","2025-11-28T09:04:21.417Z","13-14 inch laptop","1500","1000","1492","874","2","22","Nov 28, 11:00 pm","true"
"numerosity_discrimination","2","191","294","7","12","0.5833","j","25","<div style=""width:100vw;height:100vh;background-color:black;""></div>","j","html-keyboard-response","973","2.0.0","735883","126097","testolin2020_replication","2025-11-28T09:04:21.417Z","13-14 inch laptop","1500","1000","1492","874","2","22","Nov 28, 11:00 pm","true"
"numerosity_discrimination","2","192","21","22","18","0.8182","j","88","<div style=""width:100vw;height:100vh;background-color:black;""></div>","j","html-keyboard-response","978","2.0.0","738293","126097","testolin2020_replication","2025-11-28T09:04:21.417Z","13-14 inch laptop","1500","1000","1492","874","2","22","Nov 28, 11:00 pm","true"
"numerosity_discrimination","2","193","125","11","14","0.7857","j","116","<div style=""width:100vw;height:100vh;background-color:black;""></div>","j","html-keyboard-response","983","2.0.0","740856","126097","testolin2020_replication","2025-11-28T09:04:21.417Z","13-14 inch laptop","1500","1000","1492","874","2","22","Nov 28, 11:00 pm","true"
"numerosity_discrimination","2","194","228","11","16","0.6875","j","8","<div style=""width:100vw;height:100vh;background-color:black;""></div>","f","html-keyboard-response","988","2.0.0","743217","126097","testolin2020_replication","2025-11-28T09:04:21.417Z","13-14 inch laptop","1500","1000","1492","874","2","22","Nov 28, 11:00 pm","false"
"numerosity_discrimination","2","195","111","11","9","0.8182","j","188","<div style=""width:100vw;height:100vh;background-color:black;""></div>","f","html-keyboard-response","993","2.0.0","745796","126097","testolin2020_replication","2025-11-28T09:04:21.417Z","13-14 inch laptop","1500","1000","1492","874","2","22","Nov 28, 11:00 pm","false"
"numerosity_discrimination","2","196","62","12","14","0.8571","j","182","<div style=""width:100vw;height:100vh;background-color:black;""></div>","f","html-keyboard-response","998","2.0.0","748525","126097","testolin2020_replication","2025-11-28T09:04:21.417Z","13-14 inch laptop","1500","1000","1492","874","2","22","Nov 28, 11:00 pm","false"
"numerosity_discrimination","2","197","153","16","22","0.7273","j","161","<div style=""width:100vw;height:100vh;background-color:black;""></div>","f","html-keyboard-response","1003","2.0.0","751236","126097","testolin2020_replication","2025-11-28T09:04:21.417Z","13-14 inch laptop","1500","1000","1492","874","2","22","Nov 28, 11:00 pm","false"
"numerosity_discrimination","2","198","199","20","28","0.7143","j","27","<div style=""width:100vw;height:100vh;background-color:black;""></div>","f","html-keyboard-response","1008","2.0.0","753516","126097","testolin2020_replication","2025-11-28T09:04:21.417Z","13-14 inch laptop","1500","1000","1492","874","2","22","Nov 28, 11:00 pm","false"
"numerosity_discrimination","2","199","132","20","14","0.7","j","129","<div style=""width:100vw;height:100vh;background-color:black;""></div>","f","html-keyboard-response","1013","2.0.0","756168","126097","testolin2020_replication","2025-11-28T09:04:21.417Z","13-14 inch laptop","1500","1000","1492","874","2","22","Nov 28, 11:00 pm","false"
"numerosity_discrimination","2","200","84","7","8","0.875","j","525","<div style=""width:100vw;height:100vh;background-color:black;""></div>","f","html-keyboard-response","1018","2.0.0","759370","126097","testolin2020_replication","2025-11-28T09:04:21.417Z","13-14 inch laptop","1500","1000","1492","874","2","22","Nov 28, 11:00 pm","false"
"numerosity_discrimination","3","201","300","9","16","0.5625","j","251","<div style=""width:100vw;height:100vh;background-color:black;""></div>","j","html-keyboard-response","1025","2.0.0","762164","126097","testolin2020_replication","2025-11-28T09:04:21.417Z","13-14 inch laptop","1500","1000","1492","874","2","22","Nov 28, 11:00 pm","true"
"numerosity_discrimination","3","202","234","14","9","0.6429","j","400","<div style=""width:100vw;height:100vh;background-color:black;""></div>","j","html-keyboard-response","1030","2.0.0","764863","126097","testolin2020_replication","2025-11-28T09:04:21.417Z","13-14 inch laptop","1500","1000","1492","874","2","22","Nov 28, 11:00 pm","true"
"numerosity_discrimination","3","203","5","22","18","0.8182","j","53","<div style=""width:100vw;height:100vh;background-color:black;""></div>","j","html-keyboard-response","1035","2.0.0","767298","126097","testolin2020_replication","2025-11-28T09:04:21.417Z","13-14 inch laptop","1500","1000","1492","874","2","22","Nov 28, 11:00 pm","true"
"numerosity_discrimination","3","204","170","12","16","0.75","j","2286","<div style=""width:100vw;height:100vh;background-color:black;""></div>","j","html-keyboard-response","1040","2.0.0","772216","126097","testolin2020_replication","2025-11-28T09:04:21.417Z","13-14 inch laptop","1500","1000","1492","874","2","22","Nov 28, 11:00 pm","true"
"numerosity_discrimination","3","205","28","8","9","0.8889","j","37","<div style=""width:100vw;height:100vh;background-color:black;""></div>","f","html-keyboard-response","1045","2.0.0","774901","126097","testolin2020_replication","2025-11-28T09:04:21.417Z","13-14 inch laptop","1500","1000","1492","874","2","22","Nov 28, 11:00 pm","false"
"numerosity_discrimination","3","206","284","14","28","0.5","j","164","<div style=""width:100vw;height:100vh;background-color:black;""></div>","f","html-keyboard-response","1050","2.0.0","777446","126097","testolin2020_replication","2025-11-28T09:04:21.417Z","13-14 inch laptop","1500","1000","1492","874","2","22","Nov 28, 11:00 pm","false"
"numerosity_discrimination","3","207","29","12","14","0.8571","j","1046","<div style=""width:100vw;height:100vh;background-color:black;""></div>","f","html-keyboard-response","1055","2.0.0","780981","126097","testolin2020_replication","2025-11-28T09:04:21.417Z","13-14 inch laptop","1500","1000","1492","874","2","22","Nov 28, 11:00 pm","false"
"numerosity_discrimination","3","208","93","8","10","0.8","j","252","<div style=""width:100vw;height:100vh;background-color:black;""></div>","f","html-keyboard-response","1060","2.0.0","783635","126097","testolin2020_replication","2025-11-28T09:04:21.417Z","13-14 inch laptop","1500","1000","1492","874","2","22","Nov 28, 11:00 pm","false"
"numerosity_discrimination","3","209","257","10","16","0.625","j","269","<div style=""width:100vw;height:100vh;background-color:black;""></div>","j","html-keyboard-response","1065","2.0.0","786185","126097","testolin2020_replication","2025-11-28T09:04:21.417Z","13-14 inch laptop","1500","1000","1492","874","2","22","Nov 28, 11:00 pm","true"
"numerosity_discrimination","3","210","16","20","16","0.8","j","598","<div style=""width:100vw;height:100vh;background-color:black;""></div>","j","html-keyboard-response","1070","2.0.0","789083","126097","testolin2020_replication","2025-11-28T09:04:21.417Z","13-14 inch laptop","1500","1000","1492","874","2","22","Nov 28, 11:00 pm","true"
"numerosity_discrimination","3","211","189","16","22","0.7273","j","58","<div style=""width:100vw;height:100vh;background-color:black;""></div>","f","html-keyboard-response","1075","2.0.0","791693","126097","testolin2020_replication","2025-11-28T09:04:21.417Z","13-14 inch laptop","1500","1000","1492","874","2","22","Nov 28, 11:00 pm","false"
"numerosity_discrimination","3","212","135","9","12","0.75","j","146","<div style=""width:100vw;height:100vh;background-color:black;""></div>","f","html-keyboard-response","1080","2.0.0","794401","126097","testolin2020_replication","2025-11-28T09:04:21.417Z","13-14 inch laptop","1500","1000","1492","874","2","22","Nov 28, 11:00 pm","false"
"numerosity_discrimination","3","213","260","25","16","0.64","j","263","<div style=""width:100vw;height:100vh;background-color:black;""></div>","f","html-keyboard-response","1085","2.0.0","797283","126097","testolin2020_replication","2025-11-28T09:04:21.417Z","13-14 inch laptop","1500","1000","1492","874","2","22","Nov 28, 11:00 pm","false"
"numerosity_discrimination","3","214","241","7","11","0.6364","j","47","<div style=""width:100vw;height:100vh;background-color:black;""></div>","j","html-keyboard-response","1090","2.0.0","799668","126097","testolin2020_replication","2025-11-28T09:04:21.417Z","13-14 inch laptop","1500","1000","1492","874","2","22","Nov 28, 11:00 pm","true"
"numerosity_discrimination","3","215","182","12","9","0.75","j","255","<div style=""width:100vw;height:100vh;background-color:black;""></div>","f","html-keyboard-response","1095","2.0.0","802310","126097","testolin2020_replication","2025-11-28T09:04:21.417Z","13-14 inch laptop","1500","1000","1492","874","2","22","Nov 28, 11:00 pm","false"
"numerosity_discrimination","3","216","15","20","25","0.8","j","151","<div style=""width:100vw;height:100vh;background-color:black;""></div>","j","html-keyboard-response","1100","2.0.0","804856","126097","testolin2020_replication","2025-11-28T09:04:21.417Z","13-14 inch laptop","1500","1000","1492","874","2","22","Nov 28, 11:00 pm","true"
"numerosity_discrimination","3","217","247","11","16","0.6875","j","887","<div style=""width:100vw;height:100vh;background-color:black;""></div>","f","html-keyboard-response","1105","2.0.0","808408","126097","testolin2020_replication","2025-11-28T09:04:21.417Z","13-14 inch laptop","1500","1000","1492","874","2","22","Nov 28, 11:00 pm","false"
"numerosity_discrimination","3","218","117","22","18","0.8182","j","83","<div style=""width:100vw;height:100vh;background-color:black;""></div>","j","html-keyboard-response","1110","2.0.0","810743","126097","testolin2020_replication","2025-11-28T09:04:21.417Z","13-14 inch laptop","1500","1000","1492","874","2","22","Nov 28, 11:00 pm","true"
"numerosity_discrimination","3","219","249","14","22","0.6364","j","617","<div style=""width:100vw;height:100vh;background-color:black;""></div>","j","html-keyboard-response","1115","2.0.0","813809","126097","testolin2020_replication","2025-11-28T09:04:21.417Z","13-14 inch laptop","1500","1000","1492","874","2","22","Nov 28, 11:00 pm","true"
"numerosity_discrimination","3","220","217","25","16","0.64","j","25","<div style=""width:100vw;height:100vh;background-color:black;""></div>","j","html-keyboard-response","1120","2.0.0","816499","126097","testolin2020_replication","2025-11-28T09:04:21.417Z","13-14 inch laptop","1500","1000","1492","874","2","22","Nov 28, 11:00 pm","true"
"numerosity_discrimination","3","221","242","28","18","0.6429","j","176","<div style=""width:100vw;height:100vh;background-color:black;""></div>","j","html-keyboard-response","1125","2.0.0","819234","126097","testolin2020_replication","2025-11-28T09:04:21.417Z","13-14 inch laptop","1500","1000","1492","874","2","22","Nov 28, 11:00 pm","true"
"numerosity_discrimination","3","222","106","25","22","0.88","j","408","<div style=""width:100vw;height:100vh;background-color:black;""></div>","f","html-keyboard-response","1130","2.0.0","821966","126097","testolin2020_replication","2025-11-28T09:04:21.417Z","13-14 inch laptop","1500","1000","1492","874","2","22","Nov 28, 11:00 pm","false"
"numerosity_discrimination","3","223","101","20","25","0.8","j","47","<div style=""width:100vw;height:100vh;background-color:black;""></div>","f","html-keyboard-response","1135","2.0.0","824356","126097","testolin2020_replication","2025-11-28T09:04:21.417Z","13-14 inch laptop","1500","1000","1492","874","2","22","Nov 28, 11:00 pm","false"
"numerosity_discrimination","3","224","113","20","16","0.8","j","171","<div style=""width:100vw;height:100vh;background-color:black;""></div>","j","html-keyboard-response","1140","2.0.0","827064","126097","testolin2020_replication","2025-11-28T09:04:21.417Z","13-14 inch laptop","1500","1000","1492","874","2","22","Nov 28, 11:00 pm","true"
"numerosity_discrimination","3","225","71","22","18","0.8182","j","282","<div style=""width:100vw;height:100vh;background-color:black;""></div>","f","html-keyboard-response","1145","2.0.0","829729","126097","testolin2020_replication","2025-11-28T09:04:21.417Z","13-14 inch laptop","1500","1000","1492","874","2","22","Nov 28, 11:00 pm","false"
"numerosity_discrimination","3","226","52","25","28","0.8929","j","354","<div style=""width:100vw;height:100vh;background-color:black;""></div>","j","html-keyboard-response","1150","2.0.0","832685","126097","testolin2020_replication","2025-11-28T09:04:21.417Z","13-14 inch laptop","1500","1000","1492","874","2","22","Nov 28, 11:00 pm","true"
"numerosity_discrimination","3","227","7","14","16","0.875","j","41","<div style=""width:100vw;height:100vh;background-color:black;""></div>","j","html-keyboard-response","1155","2.0.0","835170","126097","testolin2020_replication","2025-11-28T09:04:21.417Z","13-14 inch laptop","1500","1000","1492","874","2","22","Nov 28, 11:00 pm","true"
"numerosity_discrimination","3","228","56","25","22","0.88","j","96","<div style=""width:100vw;height:100vh;background-color:black;""></div>","j","html-keyboard-response","1160","2.0.0","837879","126097","testolin2020_replication","2025-11-28T09:04:21.417Z","13-14 inch laptop","1500","1000","1492","874","2","22","Nov 28, 11:00 pm","true"
"numerosity_discrimination","3","229","138","16","12","0.75","j","60","<div style=""width:100vw;height:100vh;background-color:black;""></div>","f","html-keyboard-response","1165","2.0.0","840441","126097","testolin2020_replication","2025-11-28T09:04:21.417Z","13-14 inch laptop","1500","1000","1492","874","2","22","Nov 28, 11:00 pm","false"
"numerosity_discrimination","3","230","198","16","12","0.75","j","93","<div style=""width:100vw;height:100vh;background-color:black;""></div>","j","html-keyboard-response","1170","2.0.0","843092","126097","testolin2020_replication","2025-11-28T09:04:21.417Z","13-14 inch laptop","1500","1000","1492","874","2","22","Nov 28, 11:00 pm","true"
"numerosity_discrimination","3","231","233","8","12","0.6667","j","140","<div style=""width:100vw;height:100vh;background-color:black;""></div>","j","html-keyboard-response","1175","2.0.0","845771","126097","testolin2020_replication","2025-11-28T09:04:21.417Z","13-14 inch laptop","1500","1000","1492","874","2","22","Nov 28, 11:00 pm","true"
"numerosity_discrimination","3","232","264","25","16","0.64","j","172","<div style=""width:100vw;height:100vh;background-color:black;""></div>","f","html-keyboard-response","1180","2.0.0","848589","126097","testolin2020_replication","2025-11-28T09:04:21.417Z","13-14 inch laptop","1500","1000","1492","874","2","22","Nov 28, 11:00 pm","false"
"numerosity_discrimination","3","233","27","14","12","0.8571","j","218","<div style=""width:100vw;height:100vh;background-color:black;""></div>","f","html-keyboard-response","1185","2.0.0","851218","126097","testolin2020_replication","2025-11-28T09:04:21.417Z","13-14 inch laptop","1500","1000","1492","874","2","22","Nov 28, 11:00 pm","false"
"numerosity_discrimination","3","234","49","8","10","0.8","j","28","<div style=""width:100vw;height:100vh;background-color:black;""></div>","j","html-keyboard-response","1190","2.0.0","853847","126097","testolin2020_replication","2025-11-28T09:04:21.417Z","13-14 inch laptop","1500","1000","1492","874","2","22","Nov 28, 11:00 pm","true"
"numerosity_discrimination","3","235","10","9","11","0.8182","j","413","<div style=""width:100vw;height:100vh;background-color:black;""></div>","f","html-keyboard-response","1195","2.0.0","856446","126097","testolin2020_replication","2025-11-28T09:04:21.417Z","13-14 inch laptop","1500","1000","1492","874","2","22","Nov 28, 11:00 pm","false"
"numerosity_discrimination","3","236","232","8","12","0.6667","j","265","<div style=""width:100vw;height:100vh;background-color:black;""></div>","j","html-keyboard-response","1200","2.0.0","859236","126097","testolin2020_replication","2025-11-28T09:04:21.417Z","13-14 inch laptop","1500","1000","1492","874","2","22","Nov 28, 11:00 pm","true"
"numerosity_discrimination","3","237","69","10","8","0.8","j","190","<div style=""width:100vw;height:100vh;background-color:black;""></div>","f","html-keyboard-response","1205","2.0.0","861626","126097","testolin2020_replication","2025-11-28T09:04:21.417Z","13-14 inch laptop","1500","1000","1492","874","2","22","Nov 28, 11:00 pm","false"
"numerosity_discrimination","3","238","92","18","22","0.8182","j","84","<div style=""width:100vw;height:100vh;background-color:black;""></div>","f","html-keyboard-response","1210","2.0.0","864321","126097","testolin2020_replication","2025-11-28T09:04:21.417Z","13-14 inch laptop","1500","1000","1492","874","2","22","Nov 28, 11:00 pm","false"
"numerosity_discrimination","3","239","60","18","22","0.8182","j","109","<div style=""width:100vw;height:100vh;background-color:black;""></div>","j","html-keyboard-response","1215","2.0.0","866664","126097","testolin2020_replication","2025-11-28T09:04:21.417Z","13-14 inch laptop","1500","1000","1492","874","2","22","Nov 28, 11:00 pm","true"
"numerosity_discrimination","3","240","72","11","9","0.8182","j","154","<div style=""width:100vw;height:100vh;background-color:black;""></div>","j","html-keyboard-response","1220","2.0.0","869275","126097","testolin2020_replication","2025-11-28T09:04:21.417Z","13-14 inch laptop","1500","1000","1492","874","2","22","Nov 28, 11:00 pm","true"
"numerosity_discrimination","3","241","256","7","11","0.6364","j","219","<div style=""width:100vw;height:100vh;background-color:black;""></div>","j","html-keyboard-response","1225","2.0.0","871974","126097","testolin2020_replication","2025-11-28T09:04:21.417Z","13-14 inch laptop","1500","1000","1492","874","2","22","Nov 28, 11:00 pm","true"
"numerosity_discrimination","3","242","246","20","12","0.6","j","125","<div style=""width:100vw;height:100vh;background-color:black;""></div>","f","html-keyboard-response","1230","2.0.0","874730","126097","testolin2020_replication","2025-11-28T09:04:21.417Z","13-14 inch laptop","1500","1000","1492","874","2","22","Nov 28, 11:00 pm","false"
"numerosity_discrimination","3","243","149","18","14","0.7778","j","51","<div style=""width:100vw;height:100vh;background-color:black;""></div>","j","html-keyboard-response","1235","2.0.0","877058","126097","testolin2020_replication","2025-11-28T09:04:21.417Z","13-14 inch laptop","1500","1000","1492","874","2","22","Nov 28, 11:00 pm","true"
"numerosity_discrimination","3","244","229","20","12","0.6","j","97","<div style=""width:100vw;height:100vh;background-color:black;""></div>","f","html-keyboard-response","1240","2.0.0","879638","126097","testolin2020_replication","2025-11-28T09:04:21.417Z","13-14 inch laptop","1500","1000","1492","874","2","22","Nov 28, 11:00 pm","false"
"numerosity_discrimination","3","245","57","22","18","0.8182","j","329","<div style=""width:100vw;height:100vh;background-color:black;""></div>","j","html-keyboard-response","1245","2.0.0","882520","126097","testolin2020_replication","2025-11-28T09:04:21.417Z","13-14 inch laptop","1500","1000","1492","874","2","22","Nov 28, 11:00 pm","true"
"numerosity_discrimination","3","246","227","8","12","0.6667","j","394","<div style=""width:100vw;height:100vh;background-color:black;""></div>","j","html-keyboard-response","1250","2.0.0","885554","126097","testolin2020_replication","2025-11-28T09:04:21.417Z","13-14 inch laptop","1500","1000","1492","874","2","22","Nov 28, 11:00 pm","true"
"numerosity_discrimination","3","247","2","28","25","0.8929","j","410","<div style=""width:100vw;height:100vh;background-color:black;""></div>","j","html-keyboard-response","1255","2.0.0","888219","126097","testolin2020_replication","2025-11-28T09:04:21.417Z","13-14 inch laptop","1500","1000","1492","874","2","22","Nov 28, 11:00 pm","true"
"numerosity_discrimination","3","248","251","20","12","0.6","j","721","<div style=""width:100vw;height:100vh;background-color:black;""></div>","f","html-keyboard-response","1260","2.0.0","891230","126097","testolin2020_replication","2025-11-28T09:04:21.417Z","13-14 inch laptop","1500","1000","1492","874","2","22","Nov 28, 11:00 pm","false"
"numerosity_discrimination","3","249","172","16","22","0.7273","j","730","<div style=""width:100vw;height:100vh;background-color:black;""></div>","j","html-keyboard-response","1265","2.0.0","894425","126097","testolin2020_replication","2025-11-28T09:04:21.417Z","13-14 inch laptop","1500","1000","1492","874","2","22","Nov 28, 11:00 pm","true"
"numerosity_discrimination","3","250","161","28","22","0.7857","j","674","<div style=""width:100vw;height:100vh;background-color:black;""></div>","f","html-keyboard-response","1270","2.0.0","897535","126097","testolin2020_replication","2025-11-28T09:04:21.417Z","13-14 inch laptop","1500","1000","1492","874","2","22","Nov 28, 11:00 pm","false"
"numerosity_discrimination","3","251","218","14","22","0.6364","j","23","<div style=""width:100vw;height:100vh;background-color:black;""></div>","f","html-keyboard-response","1275","2.0.0","899903","126097","testolin2020_replication","2025-11-28T09:04:21.417Z","13-14 inch laptop","1500","1000","1492","874","2","22","Nov 28, 11:00 pm","false"
"numerosity_discrimination","3","252","168","20","14","0.7","j","574","<div style=""width:100vw;height:100vh;background-color:black;""></div>","f","html-keyboard-response","1280","2.0.0","902954","126097","testolin2020_replication","2025-11-28T09:04:21.417Z","13-14 inch laptop","1500","1000","1492","874","2","22","Nov 28, 11:00 pm","false"
"numerosity_discrimination","3","253","155","7","9","0.7778","j","296","<div style=""width:100vw;height:100vh;background-color:black;""></div>","f","html-keyboard-response","1285","2.0.0","905693","126097","testolin2020_replication","2025-11-28T09:04:21.417Z","13-14 inch laptop","1500","1000","1492","874","2","22","Nov 28, 11:00 pm","false"
"numerosity_discrimination","3","254","216","9","14","0.6429","j","426","<div style=""width:100vw;height:100vh;background-color:black;""></div>","f","html-keyboard-response","1290","2.0.0","908674","126097","testolin2020_replication","2025-11-28T09:04:21.417Z","13-14 inch laptop","1500","1000","1492","874","2","22","Nov 28, 11:00 pm","false"
"numerosity_discrimination","3","255","94","22","25","0.88","j","168","<div style=""width:100vw;height:100vh;background-color:black;""></div>","f","html-keyboard-response","1295","2.0.0","911316","126097","testolin2020_replication","2025-11-28T09:04:21.417Z","13-14 inch laptop","1500","1000","1492","874","2","22","Nov 28, 11:00 pm","false"
"numerosity_discrimination","3","256","180","9","7","0.7778","j","554","<div style=""width:100vw;height:100vh;background-color:black;""></div>","j","html-keyboard-response","1300","2.0.0","914187","126097","testolin2020_replication","2025-11-28T09:04:21.417Z","13-14 inch laptop","1500","1000","1492","874","2","22","Nov 28, 11:00 pm","true"
"numerosity_discrimination","3","257","276","16","8","0.5","j","47","<div style=""width:100vw;height:100vh;background-color:black;""></div>","j","html-keyboard-response","1305","2.0.0","916581","126097","testolin2020_replication","2025-11-28T09:04:21.417Z","13-14 inch laptop","1500","1000","1492","874","2","22","Nov 28, 11:00 pm","true"
"numerosity_discrimination","3","258","139","9","7","0.7778","j","201","<div style=""width:100vw;height:100vh;background-color:black;""></div>","f","html-keyboard-response","1310","2.0.0","919382","126097","testolin2020_replication","2025-11-28T09:04:21.417Z","13-14 inch laptop","1500","1000","1492","874","2","22","Nov 28, 11:00 pm","false"
"numerosity_discrimination","3","259","223","28","18","0.6429","j","114","<div style=""width:100vw;height:100vh;background-color:black;""></div>","f","html-keyboard-response","1315","2.0.0","921765","126097","testolin2020_replication","2025-11-28T09:04:21.417Z","13-14 inch laptop","1500","1000","1492","874","2","22","Nov 28, 11:00 pm","false"
"numerosity_discrimination","3","260","118","20","25","0.8","j","180","<div style=""width:100vw;height:100vh;background-color:black;""></div>","j","html-keyboard-response","1320","2.0.0","924500","126097","testolin2020_replication","2025-11-28T09:04:21.417Z","13-14 inch laptop","1500","1000","1492","874","2","22","Nov 28, 11:00 pm","true"
"numerosity_discrimination","3","261","211","8","12","0.6667","j","329","<div style=""width:100vw;height:100vh;background-color:black;""></div>","f","html-keyboard-response","1325","2.0.0","927099","126097","testolin2020_replication","2025-11-28T09:04:21.417Z","13-14 inch laptop","1500","1000","1492","874","2","22","Nov 28, 11:00 pm","false"
"numerosity_discrimination","3","262","97","7","8","0.875","j","285","<div style=""width:100vw;height:100vh;background-color:black;""></div>","f","html-keyboard-response","1330","2.0.0","929841","126097","testolin2020_replication","2025-11-28T09:04:21.417Z","13-14 inch laptop","1500","1000","1492","874","2","22","Nov 28, 11:00 pm","false"
"numerosity_discrimination","3","263","165","14","10","0.7143","j","34","<div style=""width:100vw;height:100vh;background-color:black;""></div>","j","html-keyboard-response","1335","2.0.0","932237","126097","testolin2020_replication","2025-11-28T09:04:21.417Z","13-14 inch laptop","1500","1000","1492","874","2","22","Nov 28, 11:00 pm","true"
"numerosity_discrimination","3","264","298","9","18","0.5","j","31","<div style=""width:100vw;height:100vh;background-color:black;""></div>","f","html-keyboard-response","1340","2.0.0","934620","126097","testolin2020_replication","2025-11-28T09:04:21.417Z","13-14 inch laptop","1500","1000","1492","874","2","22","Nov 28, 11:00 pm","false"
"numerosity_discrimination","3","265","152","16","12","0.75","j","278","<div style=""width:100vw;height:100vh;background-color:black;""></div>","f","html-keyboard-response","1345","2.0.0","937115","126097","testolin2020_replication","2025-11-28T09:04:21.417Z","13-14 inch laptop","1500","1000","1492","874","2","22","Nov 28, 11:00 pm","false"
"numerosity_discrimination","3","266","104","8","7","0.875","j","28","<div style=""width:100vw;height:100vh;background-color:black;""></div>","f","html-keyboard-response","1350","2.0.0","939434","126097","testolin2020_replication","2025-11-28T09:04:21.417Z","13-14 inch laptop","1500","1000","1492","874","2","22","Nov 28, 11:00 pm","false"
"numerosity_discrimination","3","267","262","9","14","0.6429","j","1622","<div style=""width:100vw;height:100vh;background-color:black;""></div>","f","html-keyboard-response","1355","2.0.0","943346","126097","testolin2020_replication","2025-11-28T09:04:21.417Z","13-14 inch laptop","1500","1000","1492","874","2","22","Nov 28, 11:00 pm","false"
"numerosity_discrimination","3","268","269","9","14","0.6429","j","3","<div style=""width:100vw;height:100vh;background-color:black;""></div>","j","html-keyboard-response","1360","2.0.0","946012","126097","testolin2020_replication","2025-11-28T09:04:21.417Z","13-14 inch laptop","1500","1000","1492","874","2","22","Nov 28, 11:00 pm","true"
"numerosity_discrimination","3","269","252","18","28","0.6429","j","3","<div style=""width:100vw;height:100vh;background-color:black;""></div>","j","html-keyboard-response","1365","2.0.0","948345","126097","testolin2020_replication","2025-11-28T09:04:21.417Z","13-14 inch laptop","1500","1000","1492","874","2","22","Nov 28, 11:00 pm","true"
"numerosity_discrimination","3","270","130","22","28","0.7857","j","59","<div style=""width:100vw;height:100vh;background-color:black;""></div>","f","html-keyboard-response","1370","2.0.0","950734","126097","testolin2020_replication","2025-11-28T09:04:21.417Z","13-14 inch laptop","1500","1000","1492","874","2","22","Nov 28, 11:00 pm","false"
"numerosity_discrimination","3","271","1","9","8","0.8889","j","214","<div style=""width:100vw;height:100vh;background-color:black;""></div>","f","html-keyboard-response","1375","2.0.0","953592","126097","testolin2020_replication","2025-11-28T09:04:21.417Z","13-14 inch laptop","1500","1000","1492","874","2","22","Nov 28, 11:00 pm","false"
"numerosity_discrimination","3","272","255","18","28","0.6429","j","598","<div style=""width:100vw;height:100vh;background-color:black;""></div>","j","html-keyboard-response","1380","2.0.0","956791","126097","testolin2020_replication","2025-11-28T09:04:21.417Z","13-14 inch laptop","1500","1000","1492","874","2","22","Nov 28, 11:00 pm","true"
"numerosity_discrimination","3","273","40","10","12","0.8333","j","630","<div style=""width:100vw;height:100vh;background-color:black;""></div>","f","html-keyboard-response","1385","2.0.0","960041","126097","testolin2020_replication","2025-11-28T09:04:21.417Z","13-14 inch laptop","1500","1000","1492","874","2","22","Nov 28, 11:00 pm","false"
"numerosity_discrimination","3","274","277","20","10","0.5","j","269","<div style=""width:100vw;height:100vh;background-color:black;""></div>","f","html-keyboard-response","1390","2.0.0","962648","126097","testolin2020_replication","2025-11-28T09:04:21.417Z","13-14 inch laptop","1500","1000","1492","874","2","22","Nov 28, 11:00 pm","false"
"numerosity_discrimination","3","275","73","14","12","0.8571","j","34","<div style=""width:100vw;height:100vh;background-color:black;""></div>","f","html-keyboard-response","1395","2.0.0","964962","126097","testolin2020_replication","2025-11-28T09:04:21.417Z","13-14 inch laptop","1500","1000","1492","874","2","22","Nov 28, 11:00 pm","false"
"numerosity_discrimination","3","276","81","16","18","0.8889","j","289","<div style=""width:100vw;height:100vh;background-color:black;""></div>","f","html-keyboard-response","1400","2.0.0","967868","126097","testolin2020_replication","2025-11-28T09:04:21.417Z","13-14 inch laptop","1500","1000","1492","874","2","22","Nov 28, 11:00 pm","false"
"numerosity_discrimination","3","277","169","18","25","0.72","j","160","<div style=""width:100vw;height:100vh;background-color:black;""></div>","f","html-keyboard-response","1405","2.0.0","970505","126097","testolin2020_replication","2025-11-28T09:04:21.417Z","13-14 inch laptop","1500","1000","1492","874","2","22","Nov 28, 11:00 pm","false"
"numerosity_discrimination","3","278","296","9","16","0.5625","j","124","<div style=""width:100vw;height:100vh;background-color:black;""></div>","j","html-keyboard-response","1410","2.0.0","973278","126097","testolin2020_replication","2025-11-28T09:04:21.417Z","13-14 inch laptop","1500","1000","1492","874","2","22","Nov 28, 11:00 pm","true"
"numerosity_discrimination","3","279","25","11","9","0.8182","j","287","<div style=""width:100vw;height:100vh;background-color:black;""></div>","j","html-keyboard-response","1415","2.0.0","975803","126097","testolin2020_replication","2025-11-28T09:04:21.417Z","13-14 inch laptop","1500","1000","1492","874","2","22","Nov 28, 11:00 pm","true"
"numerosity_discrimination","3","280","289","22","12","0.5455","j","1912","<div style=""width:100vw;height:100vh;background-color:black;""></div>","f","html-keyboard-response","1420","2.0.0","979978","126097","testolin2020_replication","2025-11-28T09:04:21.417Z","13-14 inch laptop","1500","1000","1492","874","2","22","Nov 28, 11:00 pm","false"
"numerosity_discrimination","3","281","33","8","9","0.8889","j","42","<div style=""width:100vw;height:100vh;background-color:black;""></div>","f","html-keyboard-response","1425","2.0.0","982273","126097","testolin2020_replication","2025-11-28T09:04:21.417Z","13-14 inch laptop","1500","1000","1492","874","2","22","Nov 28, 11:00 pm","false"
"numerosity_discrimination","3","282","43","11","9","0.8182","j","55","<div style=""width:100vw;height:100vh;background-color:black;""></div>","f","html-keyboard-response","1430","2.0.0","984723","126097","testolin2020_replication","2025-11-28T09:04:21.417Z","13-14 inch laptop","1500","1000","1492","874","2","22","Nov 28, 11:00 pm","false"
"numerosity_discrimination","3","283","147","8","11","0.7273","j","89","<div style=""width:100vw;height:100vh;background-color:black;""></div>","j","html-keyboard-response","1435","2.0.0","987258","126097","testolin2020_replication","2025-11-28T09:04:21.417Z","13-14 inch laptop","1500","1000","1492","874","2","22","Nov 28, 11:00 pm","true"
"numerosity_discrimination","3","284","98","25","28","0.8929","j","110","<div style=""width:100vw;height:100vh;background-color:black;""></div>","f","html-keyboard-response","1440","2.0.0","989695","126097","testolin2020_replication","2025-11-28T09:04:21.417Z","13-14 inch laptop","1500","1000","1492","874","2","22","Nov 28, 11:00 pm","false"
"numerosity_discrimination","3","285","39","20","16","0.8","j","99","<div style=""width:100vw;height:100vh;background-color:black;""></div>","j","html-keyboard-response","1445","2.0.0","992320","126097","testolin2020_replication","2025-11-28T09:04:21.417Z","13-14 inch laptop","1500","1000","1492","874","2","22","Nov 28, 11:00 pm","true"
"numerosity_discrimination","3","286","115","25","28","0.8929","j","16","<div style=""width:100vw;height:100vh;background-color:black;""></div>","f","html-keyboard-response","1450","2.0.0","994687","126097","testolin2020_replication","2025-11-28T09:04:21.417Z","13-14 inch laptop","1500","1000","1492","874","2","22","Nov 28, 11:00 pm","false"
"numerosity_discrimination","3","287","80","16","18","0.8889","j","23","<div style=""width:100vw;height:100vh;background-color:black;""></div>","j","html-keyboard-response","1455","2.0.0","997327","126097","testolin2020_replication","2025-11-28T09:04:21.417Z","13-14 inch laptop","1500","1000","1492","874","2","22","Nov 28, 11:00 pm","true"
"numerosity_discrimination","3","288","144","28","20","0.7143","j","23","<div style=""width:100vw;height:100vh;background-color:black;""></div>","j","html-keyboard-response","1460","2.0.0","999745","126097","testolin2020_replication","2025-11-28T09:04:21.417Z","13-14 inch laptop","1500","1000","1492","874","2","22","Nov 28, 11:00 pm","true"
"numerosity_discrimination","3","289","45","25","20","0.8","j","74","<div style=""width:100vw;height:100vh;background-color:black;""></div>","j","html-keyboard-response","1465","2.0.0","1002212","126097","testolin2020_replication","2025-11-28T09:04:21.417Z","13-14 inch laptop","1500","1000","1492","874","2","22","Nov 28, 11:00 pm","true"
"numerosity_discrimination","3","290","200","12","9","0.75","j","80","<div style=""width:100vw;height:100vh;background-color:black;""></div>","f","html-keyboard-response","1470","2.0.0","1004669","126097","testolin2020_replication","2025-11-28T09:04:21.417Z","13-14 inch laptop","1500","1000","1492","874","2","22","Nov 28, 11:00 pm","false"
"numerosity_discrimination","3","291","212","22","14","0.6364","j","59","<div style=""width:100vw;height:100vh;background-color:black;""></div>","j","html-keyboard-response","1475","2.0.0","1006931","126097","testolin2020_replication","2025-11-28T09:04:21.417Z","13-14 inch laptop","1500","1000","1492","874","2","22","Nov 28, 11:00 pm","true"
"numerosity_discrimination","3","292","207","7","9","0.7778","j","90","<div style=""width:100vw;height:100vh;background-color:black;""></div>","f","html-keyboard-response","1480","2.0.0","1009444","126097","testolin2020_replication","2025-11-28T09:04:21.417Z","13-14 inch laptop","1500","1000","1492","874","2","22","Nov 28, 11:00 pm","false"
"numerosity_discrimination","3","293","204","7","9","0.7778","j","90","<div style=""width:100vw;height:100vh;background-color:black;""></div>","f","html-keyboard-response","1485","2.0.0","1011895","126097","testolin2020_replication","2025-11-28T09:04:21.417Z","13-14 inch laptop","1500","1000","1492","874","2","22","Nov 28, 11:00 pm","false"
"numerosity_discrimination","3","294","47","20","25","0.8","j","109","<div style=""width:100vw;height:100vh;background-color:black;""></div>","j","html-keyboard-response","1490","2.0.0","1014350","126097","testolin2020_replication","2025-11-28T09:04:21.417Z","13-14 inch laptop","1500","1000","1492","874","2","22","Nov 28, 11:00 pm","true"
"numerosity_discrimination","3","295","206","9","7","0.7778","j","152","<div style=""width:100vw;height:100vh;background-color:black;""></div>","j","html-keyboard-response","1495","2.0.0","1016776","126097","testolin2020_replication","2025-11-28T09:04:21.417Z","13-14 inch laptop","1500","1000","1492","874","2","22","Nov 28, 11:00 pm","true"
"numerosity_discrimination","3","296","91","12","14","0.8571","j","42","<div style=""width:100vw;height:100vh;background-color:black;""></div>","j","html-keyboard-response","1500","2.0.0","1019403","126097","testolin2020_replication","2025-11-28T09:04:21.417Z","13-14 inch laptop","1500","1000","1492","874","2","22","Nov 28, 11:00 pm","true"
"numerosity_discrimination","3","297","263","22","14","0.6364","j","121","<div style=""width:100vw;height:100vh;background-color:black;""></div>","j","html-keyboard-response","1505","2.0.0","1022147","126097","testolin2020_replication","2025-11-28T09:04:21.417Z","13-14 inch laptop","1500","1000","1492","874","2","22","Nov 28, 11:00 pm","true"
"numerosity_discrimination","3","298","110","7","8","0.875","j","199","<div style=""width:100vw;height:100vh;background-color:black;""></div>","f","html-keyboard-response","1510","2.0.0","1024610","126097","testolin2020_replication","2025-11-28T09:04:21.417Z","13-14 inch laptop","1500","1000","1492","874","2","22","Nov 28, 11:00 pm","false"
"numerosity_discrimination","3","299","222","16","10","0.625","j","69","<div style=""width:100vw;height:100vh;background-color:black;""></div>","f","html-keyboard-response","1515","2.0.0","1027098","126097","testolin2020_replication","2025-11-28T09:04:21.417Z","13-14 inch laptop","1500","1000","1492","874","2","22","Nov 28, 11:00 pm","false"
"numerosity_discrimination","3","300","143","20","28","0.7143","j","18","<div style=""width:100vw;height:100vh;background-color:black;""></div>","f","html-keyboard-response","1520","2.0.0","1029465","126097","testolin2020_replication","2025-11-28T09:04:21.417Z","13-14 inch laptop","1500","1000","1492","874","2","22","Nov 28, 11:00 pm","false"
