"task","block","pair_order","pair_num","left_n","right_n","pair_ratio","correct_key","rt","stimulus","response","trial_type","trial_index","plugin_version","time_elapsed","participant_id","experiment","date","screen_size_category","screen_width_pixels","screen_height_pixels","window_width_pixels","window_height_pixels","pixel_ratio","participant_age","time_slot","correct"
"numerosity_discrimination","1","1","286","18","10","0.5556","j","1448","<div style=""width:100vw;height:100vh;background-color:black;""></div>","f","html-keyboard-response","21","2.0.0","271143","139027","testolin2020_replication","2025-11-21T08:19:02.074Z","13-14 inch laptop","1280","800","1280","678","1.5","21","Nov 21, 12:22 AM","false"
"numerosity_discrimination","1","2","61","8","10","0.8","j","717","<div style=""width:100vw;height:100vh;background-color:black;""></div>","f","html-keyboard-response","26","2.0.0","274070","139027","testolin2020_replication","2025-11-21T08:19:02.074Z","13-14 inch laptop","1280","800","1280","678","1.5","21","Nov 21, 12:22 AM","false"
"numerosity_discrimination","1","3","271","20","11","0.55","j","361","<div style=""width:100vw;height:100vh;background-color:black;""></div>","f","html-keyboard-response","31","2.0.0","276639","139027","testolin2020_replication","2025-11-21T08:19:02.074Z","13-14 inch laptop","1280","800","1280","678","1.5","21","Nov 21, 12:22 AM","false"
"numerosity_discrimination","1","4","128","22","28","0.7857","j","421","<div style=""width:100vw;height:100vh;background-color:black;""></div>","f","html-keyboard-response","36","2.0.0","279533","139027","testolin2020_replication","2025-11-21T08:19:02.074Z","13-14 inch laptop","1280","800","1280","678","1.5","21","Nov 21, 12:22 AM","false"
"numerosity_discrimination","1","5","278","9","18","0.5","j","273","<div style=""width:100vw;height:100vh;background-color:black;""></div>","j","html-keyboard-response","41","2.0.0","282300","139027","testolin2020_replication","2025-11-21T08:19:02.074Z","13-14 inch laptop","1280","800","1280","678","1.5","21","Nov 21, 12:22 AM","true"
"numerosity_discrimination","1","6","51","10","12","0.8333","j","682","<div style=""width:100vw;height:100vh;background-color:black;""></div>","j","html-keyboard-response","46","2.0.0","285619","139027","testolin2020_replication","2025-11-21T08:19:02.074Z","13-14 inch laptop","1280","800","1280","678","1.5","21","Nov 21, 12:22 AM","true"
"numerosity_discrimination","1","7","188","9","12","0.75","j","445","<div style=""width:100vw;height:100vh;background-color:black;""></div>","f","html-keyboard-response","51","2.0.0","288305","139027","testolin2020_replication","2025-11-21T08:19:02.074Z","13-14 inch laptop","1280","800","1280","678","1.5","21","Nov 21, 12:22 AM","false"
"numerosity_discrimination","1","8","236","22","14","0.6364","j","217","<div style=""width:100vw;height:100vh;background-color:black;""></div>","f","html-keyboard-response","56","2.0.0","290978","139027","testolin2020_replication","2025-11-21T08:19:02.074Z","13-14 inch laptop","1280","800","1280","678","1.5","21","Nov 21, 12:22 AM","false"
"numerosity_discrimination","1","9","35","9","8","0.8889","j","255","<div style=""width:100vw;height:100vh;background-color:black;""></div>","f","html-keyboard-response","61","2.0.0","293695","139027","testolin2020_replication","2025-11-21T08:19:02.074Z","13-14 inch laptop","1280","800","1280","678","1.5","21","Nov 21, 12:22 AM","false"
"numerosity_discrimination","1","10","267","18","28","0.6429","j","395","<div style=""width:100vw;height:100vh;background-color:black;""></div>","j","html-keyboard-response","66","2.0.0","296572","139027","testolin2020_replication","2025-11-21T08:19:02.074Z","13-14 inch laptop","1280","800","1280","678","1.5","21","Nov 21, 12:22 AM","true"
"numerosity_discrimination","1","11","280","28","16","0.5714","j","371","<div style=""width:100vw;height:100vh;background-color:black;""></div>","f","html-keyboard-response","71","2.0.0","299524","139027","testolin2020_replication","2025-11-21T08:19:02.074Z","13-14 inch laptop","1280","800","1280","678","1.5","21","Nov 21, 12:22 AM","false"
"numerosity_discrimination","1","12","279","20","11","0.55","j","1331","<div style=""width:100vw;height:100vh;background-color:black;""></div>","f","html-keyboard-response","76","2.0.0","303066","139027","testolin2020_replication","2025-11-21T08:19:02.074Z","13-14 inch laptop","1280","800","1280","678","1.5","21","Nov 21, 12:22 AM","false"
"numerosity_discrimination","1","13","167","9","12","0.75","j","783","<div style=""width:100vw;height:100vh;background-color:black;""></div>","j","html-keyboard-response","81","2.0.0","306402","139027","testolin2020_replication","2025-11-21T08:19:02.074Z","13-14 inch laptop","1280","800","1280","678","1.5","21","Nov 21, 12:22 AM","true"
"numerosity_discrimination","1","14","9","9","8","0.8889","j","588","<div style=""width:100vw;height:100vh;background-color:black;""></div>","f","html-keyboard-response","86","2.0.0","309666","139027","testolin2020_replication","2025-11-21T08:19:02.074Z","13-14 inch laptop","1280","800","1280","678","1.5","21","Nov 21, 12:22 AM","false"
"numerosity_discrimination","1","15","202","9","7","0.7778","j","405","<div style=""width:100vw;height:100vh;background-color:black;""></div>","f","html-keyboard-response","91","2.0.0","312301","139027","testolin2020_replication","2025-11-21T08:19:02.074Z","13-14 inch laptop","1280","800","1280","678","1.5","21","Nov 21, 12:22 AM","false"
"numerosity_discrimination","1","16","272","10","20","0.5","j","338","<div style=""width:100vw;height:100vh;background-color:black;""></div>","j","html-keyboard-response","96","2.0.0","315174","139027","testolin2020_replication","2025-11-21T08:19:02.074Z","13-14 inch laptop","1280","800","1280","678","1.5","21","Nov 21, 12:22 AM","true"
"numerosity_discrimination","1","17","235","14","9","0.6429","j","429","<div style=""width:100vw;height:100vh;background-color:black;""></div>","f","html-keyboard-response","101","2.0.0","318034","139027","testolin2020_replication","2025-11-21T08:19:02.074Z","13-14 inch laptop","1280","800","1280","678","1.5","21","Nov 21, 12:22 AM","false"
"numerosity_discrimination","1","18","67","11","9","0.8182","j","358","<div style=""width:100vw;height:100vh;background-color:black;""></div>","j","html-keyboard-response","106","2.0.0","320779","139027","testolin2020_replication","2025-11-21T08:19:02.074Z","13-14 inch laptop","1280","800","1280","678","1.5","21","Nov 21, 12:22 AM","true"
"numerosity_discrimination","1","19","160","12","16","0.75","j","322","<div style=""width:100vw;height:100vh;background-color:black;""></div>","j","html-keyboard-response","111","2.0.0","323764","139027","testolin2020_replication","2025-11-21T08:19:02.074Z","13-14 inch laptop","1280","800","1280","678","1.5","21","Nov 21, 12:22 AM","true"
"numerosity_discrimination","1","20","31","28","25","0.8929","j","318","<div style=""width:100vw;height:100vh;background-color:black;""></div>","f","html-keyboard-response","116","2.0.0","326487","139027","testolin2020_replication","2025-11-21T08:19:02.074Z","13-14 inch laptop","1280","800","1280","678","1.5","21","Nov 21, 12:22 AM","false"
"numerosity_discrimination","1","21","213","18","11","0.6111","j","366","<div style=""width:100vw;height:100vh;background-color:black;""></div>","f","html-keyboard-response","121","2.0.0","329535","139027","testolin2020_replication","2025-11-21T08:19:02.074Z","13-14 inch laptop","1280","800","1280","678","1.5","21","Nov 21, 12:22 AM","false"
"numerosity_discrimination","1","22","193","25","18","0.72","j","248","<div style=""width:100vw;height:100vh;background-color:black;""></div>","f","html-keyboard-response","126","2.0.0","332457","139027","testolin2020_replication","2025-11-21T08:19:02.074Z","13-14 inch laptop","1280","800","1280","678","1.5","21","Nov 21, 12:22 AM","false"
"numerosity_discrimination","1","23","105","28","25","0.8929","j","315","<div style=""width:100vw;height:100vh;background-color:black;""></div>","f","html-keyboard-response","131","2.0.0","335285","139027","testolin2020_replication","2025-11-21T08:19:02.074Z","13-14 inch laptop","1280","800","1280","678","1.5","21","Nov 21, 12:22 AM","false"
"numerosity_discrimination","1","24","158","18","14","0.7778","j","374","<div style=""width:100vw;height:100vh;background-color:black;""></div>","f","html-keyboard-response","136","2.0.0","338075","139027","testolin2020_replication","2025-11-21T08:19:02.074Z","13-14 inch laptop","1280","800","1280","678","1.5","21","Nov 21, 12:22 AM","false"
"numerosity_discrimination","1","25","175","11","14","0.7857","j","627","<div style=""width:100vw;height:100vh;background-color:black;""></div>","f","html-keyboard-response","141","2.0.0","341156","139027","testolin2020_replication","2025-11-21T08:19:02.074Z","13-14 inch laptop","1280","800","1280","678","1.5","21","Nov 21, 12:22 AM","false"
"numerosity_discrimination","1","26","254","20","12","0.6","j","255","<div style=""width:100vw;height:100vh;background-color:black;""></div>","f","html-keyboard-response","146","2.0.0","343741","139027","testolin2020_replication","2025-11-21T08:19:02.074Z","13-14 inch laptop","1280","800","1280","678","1.5","21","Nov 21, 12:22 AM","false"
"numerosity_discrimination","1","27","221","16","10","0.625","j","324","<div style=""width:100vw;height:100vh;background-color:black;""></div>","f","html-keyboard-response","151","2.0.0","346484","139027","testolin2020_replication","2025-11-21T08:19:02.074Z","13-14 inch laptop","1280","800","1280","678","1.5","21","Nov 21, 12:22 AM","false"
"numerosity_discrimination","1","28","55","18","16","0.8889","j","401","<div style=""width:100vw;height:100vh;background-color:black;""></div>","f","html-keyboard-response","156","2.0.0","349417","139027","testolin2020_replication","2025-11-21T08:19:02.074Z","13-14 inch laptop","1280","800","1280","678","1.5","21","Nov 21, 12:22 AM","false"
"numerosity_discrimination","1","29","120","14","12","0.8571","j","300","<div style=""width:100vw;height:100vh;background-color:black;""></div>","f","html-keyboard-response","161","2.0.0","351984","139027","testolin2020_replication","2025-11-21T08:19:02.074Z","13-14 inch laptop","1280","800","1280","678","1.5","21","Nov 21, 12:22 AM","false"
"numerosity_discrimination","1","30","89","11","9","0.8182","j","432","<div style=""width:100vw;height:100vh;background-color:black;""></div>","f","html-keyboard-response","166","2.0.0","354640","139027","testolin2020_replication","2025-11-21T08:19:02.074Z","13-14 inch laptop","1280","800","1280","678","1.5","21","Nov 21, 12:22 AM","false"
"numerosity_discrimination","1","31","108","8","9","0.8889","j","355","<div style=""width:100vw;height:100vh;background-color:black;""></div>","j","html-keyboard-response","171","2.0.0","357613","139027","testolin2020_replication","2025-11-21T08:19:02.074Z","13-14 inch laptop","1280","800","1280","678","1.5","21","Nov 21, 12:22 AM","true"
"numerosity_discrimination","1","32","23","11","9","0.8182","j","249","<div style=""width:100vw;height:100vh;background-color:black;""></div>","j","html-keyboard-response","176","2.0.0","360200","139027","testolin2020_replication","2025-11-21T08:19:02.074Z","13-14 inch laptop","1280","800","1280","678","1.5","21","Nov 21, 12:22 AM","true"
"numerosity_discrimination","1","33","48","14","16","0.875","j","289","<div style=""width:100vw;height:100vh;background-color:black;""></div>","j","html-keyboard-response","181","2.0.0","362671","139027","testolin2020_replication","2025-11-21T08:19:02.074Z","13-14 inch laptop","1280","800","1280","678","1.5","21","Nov 21, 12:22 AM","true"
"numerosity_discrimination","1","34","177","8","11","0.7273","j","196","<div style=""width:100vw;height:100vh;background-color:black;""></div>","j","html-keyboard-response","186","2.0.0","365288","139027","testolin2020_replication","2025-11-21T08:19:02.074Z","13-14 inch laptop","1280","800","1280","678","1.5","21","Nov 21, 12:22 AM","true"
"numerosity_discrimination","1","35","26","28","25","0.8929","j","286","<div style=""width:100vw;height:100vh;background-color:black;""></div>","j","html-keyboard-response","191","2.0.0","367898","139027","testolin2020_replication","2025-11-21T08:19:02.074Z","13-14 inch laptop","1280","800","1280","678","1.5","21","Nov 21, 12:22 AM","true"
"numerosity_discrimination","1","36","166","20","14","0.7","j","149","<div style=""width:100vw;height:100vh;background-color:black;""></div>","f","html-keyboard-response","196","2.0.0","370522","139027","testolin2020_replication","2025-11-21T08:19:02.074Z","13-14 inch laptop","1280","800","1280","678","1.5","21","Nov 21, 12:22 AM","false"
"numerosity_discrimination","1","37","261","28","18","0.6429","j","68","<div style=""width:100vw;height:100vh;background-color:black;""></div>","f","html-keyboard-response","201","2.0.0","373260","139027","testolin2020_replication","2025-11-21T08:19:02.074Z","13-14 inch laptop","1280","800","1280","678","1.5","21","Nov 21, 12:22 AM","false"
"numerosity_discrimination","1","38","32","16","20","0.8","j","111","<div style=""width:100vw;height:100vh;background-color:black;""></div>","j","html-keyboard-response","206","2.0.0","375568","139027","testolin2020_replication","2025-11-21T08:19:02.074Z","13-14 inch laptop","1280","800","1280","678","1.5","21","Nov 21, 12:22 AM","true"
"numerosity_discrimination","1","39","103","14","12","0.8571","j","89","<div style=""width:100vw;height:100vh;background-color:black;""></div>","f","html-keyboard-response","211","2.0.0","378238","139027","testolin2020_replication","2025-11-21T08:19:02.074Z","13-14 inch laptop","1280","800","1280","678","1.5","21","Nov 21, 12:22 AM","false"
"numerosity_discrimination","1","40","197","12","16","0.75","j","117","<div style=""width:100vw;height:100vh;background-color:black;""></div>","j","html-keyboard-response","216","2.0.0","380699","139027","testolin2020_replication","2025-11-21T08:19:02.074Z","13-14 inch laptop","1280","800","1280","678","1.5","21","Nov 21, 12:22 AM","true"
"numerosity_discrimination","1","41","268","18","11","0.6111","j","41","<div style=""width:100vw;height:100vh;background-color:black;""></div>","f","html-keyboard-response","221","2.0.0","383081","139027","testolin2020_replication","2025-11-21T08:19:02.074Z","13-14 inch laptop","1280","800","1280","678","1.5","21","Nov 21, 12:22 AM","false"
"numerosity_discrimination","1","42","299","20","10","0.5","j","148","<div style=""width:100vw;height:100vh;background-color:black;""></div>","f","html-keyboard-response","226","2.0.0","385894","139027","testolin2020_replication","2025-11-21T08:19:02.074Z","13-14 inch laptop","1280","800","1280","678","1.5","21","Nov 21, 12:22 AM","false"
"numerosity_discrimination","1","43","179","22","16","0.7273","j","244","<div style=""width:100vw;height:100vh;background-color:black;""></div>","f","html-keyboard-response","231","2.0.0","388585","139027","testolin2020_replication","2025-11-21T08:19:02.074Z","13-14 inch laptop","1280","800","1280","678","1.5","21","Nov 21, 12:22 AM","false"
"numerosity_discrimination","1","44","203","11","8","0.7273","j","205","<div style=""width:100vw;height:100vh;background-color:black;""></div>","j","html-keyboard-response","236","2.0.0","391315","139027","testolin2020_replication","2025-11-21T08:19:02.074Z","13-14 inch laptop","1280","800","1280","678","1.5","21","Nov 21, 12:22 AM","true"
"numerosity_discrimination","1","45","245","10","16","0.625","j","1220","<div style=""width:100vw;height:100vh;background-color:black;""></div>","f","html-keyboard-response","241","2.0.0","395035","139027","testolin2020_replication","2025-11-21T08:19:02.074Z","13-14 inch laptop","1280","800","1280","678","1.5","21","Nov 21, 12:22 AM","false"
"numerosity_discrimination","1","46","34","16","18","0.8889","j","285","<div style=""width:100vw;height:100vh;background-color:black;""></div>","f","html-keyboard-response","246","2.0.0","397817","139027","testolin2020_replication","2025-11-21T08:19:02.074Z","13-14 inch laptop","1280","800","1280","678","1.5","21","Nov 21, 12:22 AM","false"
"numerosity_discrimination","1","47","164","20","14","0.7","j","572","<div style=""width:100vw;height:100vh;background-color:black;""></div>","f","html-keyboard-response","251","2.0.0","400671","139027","testolin2020_replication","2025-11-21T08:19:02.074Z","13-14 inch laptop","1280","800","1280","678","1.5","21","Nov 21, 12:22 AM","false"
"numerosity_discrimination","1","48","186","22","28","0.7857","j","303","<div style=""width:100vw;height:100vh;background-color:black;""></div>","j","html-keyboard-response","256","2.0.0","403625","139027","testolin2020_replication","2025-11-21T08:19:02.074Z","13-14 inch laptop","1280","800","1280","678","1.5","21","Nov 21, 12:22 AM","true"
"numerosity_discrimination","1","49","19","18","22","0.8182","j","435","<div style=""width:100vw;height:100vh;background-color:black;""></div>","j","html-keyboard-response","261","2.0.0","406624","139027","testolin2020_replication","2025-11-21T08:19:02.074Z","13-14 inch laptop","1280","800","1280","678","1.5","21","Nov 21, 12:22 AM","true"
"numerosity_discrimination","1","50","22","16","20","0.8","j","663","<div style=""width:100vw;height:100vh;background-color:black;""></div>","f","html-keyboard-response","266","2.0.0","409710","139027","testolin2020_replication","2025-11-21T08:19:02.074Z","13-14 inch laptop","1280","800","1280","678","1.5","21","Nov 21, 12:22 AM","false"
"numerosity_discrimination","1","51","285","11","22","0.5","j","381","<div style=""width:100vw;height:100vh;background-color:black;""></div>","f","html-keyboard-response","271","2.0.0","412653","139027","testolin2020_replication","2025-11-21T08:19:02.074Z","13-14 inch laptop","1280","800","1280","678","1.5","21","Nov 21, 12:22 AM","false"
"numerosity_discrimination","1","52","54","22","18","0.8182","j","389","<div style=""width:100vw;height:100vh;background-color:black;""></div>","j","html-keyboard-response","276","2.0.0","415404","139027","testolin2020_replication","2025-11-21T08:19:02.074Z","13-14 inch laptop","1280","800","1280","678","1.5","21","Nov 21, 12:22 AM","true"
"numerosity_discrimination","1","53","238","20","12","0.6","j","179","<div style=""width:100vw;height:100vh;background-color:black;""></div>","f","html-keyboard-response","281","2.0.0","418143","139027","testolin2020_replication","2025-11-21T08:19:02.074Z","13-14 inch laptop","1280","800","1280","678","1.5","21","Nov 21, 12:22 AM","false"
"numerosity_discrimination","1","54","124","16","12","0.75","j","113","<div style=""width:100vw;height:100vh;background-color:black;""></div>","j","html-keyboard-response","286","2.0.0","420732","139027","testolin2020_replication","2025-11-21T08:19:02.074Z","13-14 inch laptop","1280","800","1280","678","1.5","21","Nov 21, 12:22 AM","true"
"numerosity_discrimination","1","55","18","14","12","0.8571","j","161","<div style=""width:100vw;height:100vh;background-color:black;""></div>","j","html-keyboard-response","291","2.0.0","423483","139027","testolin2020_replication","2025-11-21T08:19:02.074Z","13-14 inch laptop","1280","800","1280","678","1.5","21","Nov 21, 12:22 AM","true"
"numerosity_discrimination","1","56","173","25","18","0.72","j","2684","<div style=""width:100vw;height:100vh;background-color:black;""></div>","f","html-keyboard-response","296","2.0.0","428568","139027","testolin2020_replication","2025-11-21T08:19:02.074Z","13-14 inch laptop","1280","800","1280","678","1.5","21","Nov 21, 12:22 AM","false"
"numerosity_discrimination","1","57","63","9","8","0.8889","j","312","<div style=""width:100vw;height:100vh;background-color:black;""></div>","j","html-keyboard-response","301","2.0.0","431177","139027","testolin2020_replication","2025-11-21T08:19:02.074Z","13-14 inch laptop","1280","800","1280","678","1.5","21","Nov 21, 12:22 AM","true"
"numerosity_discrimination","1","58","159","20","28","0.7143","j","1383","<div style=""width:100vw;height:100vh;background-color:black;""></div>","f","html-keyboard-response","306","2.0.0","434972","139027","testolin2020_replication","2025-11-21T08:19:02.074Z","13-14 inch laptop","1280","800","1280","678","1.5","21","Nov 21, 12:22 AM","false"
"numerosity_discrimination","1","59","265","18","28","0.6429","j","162","<div style=""width:100vw;height:100vh;background-color:black;""></div>","j","html-keyboard-response","311","2.0.0","437659","139027","testolin2020_replication","2025-11-21T08:19:02.074Z","13-14 inch laptop","1280","800","1280","678","1.5","21","Nov 21, 12:22 AM","true"
"numerosity_discrimination","1","60","17","12","14","0.8571","j","535","<div style=""width:100vw;height:100vh;background-color:black;""></div>","f","html-keyboard-response","316","2.0.0","440658","139027","testolin2020_replication","2025-11-21T08:19:02.074Z","13-14 inch laptop","1280","800","1280","678","1.5","21","Nov 21, 12:22 AM","false"
"numerosity_discrimination","1","61","140","11","8","0.7273","j","504","<div style=""width:100vw;height:100vh;background-color:black;""></div>","f","html-keyboard-response","321","2.0.0","443791","139027","testolin2020_replication","2025-11-21T08:19:02.074Z","13-14 inch laptop","1280","800","1280","678","1.5","21","Nov 21, 12:22 AM","false"
"numerosity_discrimination","1","62","208","9","7","0.7778","j","422","<div style=""width:100vw;height:100vh;background-color:black;""></div>","j","html-keyboard-response","326","2.0.0","446600","139027","testolin2020_replication","2025-11-21T08:19:02.074Z","13-14 inch laptop","1280","800","1280","678","1.5","21","Nov 21, 12:22 AM","true"
"numerosity_discrimination","1","63","53","18","22","0.8182","j","148","<div style=""width:100vw;height:100vh;background-color:black;""></div>","j","html-keyboard-response","331","2.0.0","449402","139027","testolin2020_replication","2025-11-21T08:19:02.074Z","13-14 inch laptop","1280","800","1280","678","1.5","21","Nov 21, 12:22 AM","true"
"numerosity_discrimination","1","64","126","9","7","0.7778","j","369","<div style=""width:100vw;height:100vh;background-color:black;""></div>","j","html-keyboard-response","336","2.0.0","452332","139027","testolin2020_replication","2025-11-21T08:19:02.074Z","13-14 inch laptop","1280","800","1280","678","1.5","21","Nov 21, 12:22 AM","true"
"numerosity_discrimination","1","65","88","12","10","0.8333","j","79","<div style=""width:100vw;height:100vh;background-color:black;""></div>","f","html-keyboard-response","341","2.0.0","454687","139027","testolin2020_replication","2025-11-21T08:19:02.074Z","13-14 inch laptop","1280","800","1280","678","1.5","21","Nov 21, 12:22 AM","false"
"numerosity_discrimination","1","66","116","28","25","0.8929","j","741","<div style=""width:100vw;height:100vh;background-color:black;""></div>","j","html-keyboard-response","346","2.0.0","457962","139027","testolin2020_replication","2025-11-21T08:19:02.074Z","13-14 inch laptop","1280","800","1280","678","1.5","21","Nov 21, 12:22 AM","true"
"numerosity_discrimination","1","67","4","12","14","0.8571","j","871","<div style=""width:100vw;height:100vh;background-color:black;""></div>","j","html-keyboard-response","351","2.0.0","461198","139027","testolin2020_replication","2025-11-21T08:19:02.074Z","13-14 inch laptop","1280","800","1280","678","1.5","21","Nov 21, 12:22 AM","true"
"numerosity_discrimination","1","68","287","25","14","0.56","j","267","<div style=""width:100vw;height:100vh;background-color:black;""></div>","j","html-keyboard-response","356","2.0.0","463815","139027","testolin2020_replication","2025-11-21T08:19:02.074Z","13-14 inch laptop","1280","800","1280","678","1.5","21","Nov 21, 12:22 AM","true"
"numerosity_discrimination","1","69","119","12","10","0.8333","j","4036","<div style=""width:100vw;height:100vh;background-color:black;""></div>","f","html-keyboard-response","361","2.0.0","470439","139027","testolin2020_replication","2025-11-21T08:19:02.074Z","13-14 inch laptop","1280","800","1280","678","1.5","21","Nov 21, 12:22 AM","false"
"numerosity_discrimination","1","70","122","8","11","0.7273","j","469","<div style=""width:100vw;height:100vh;background-color:black;""></div>","j","html-keyboard-response","366","2.0.0","473500","139027","testolin2020_replication","2025-11-21T08:19:02.074Z","13-14 inch laptop","1280","800","1280","678","1.5","21","Nov 21, 12:22 AM","true"
"numerosity_discrimination","1","71","194","7","9","0.7778","j","201","<div style=""width:100vw;height:100vh;background-color:black;""></div>","f","html-keyboard-response","371","2.0.0","475984","139027","testolin2020_replication","2025-11-21T08:19:02.074Z","13-14 inch laptop","1280","800","1280","678","1.5","21","Nov 21, 12:22 AM","false"
"numerosity_discrimination","1","72","75","12","14","0.8571","j","328","<div style=""width:100vw;height:100vh;background-color:black;""></div>","f","html-keyboard-response","376","2.0.0","478566","139027","testolin2020_replication","2025-11-21T08:19:02.074Z","13-14 inch laptop","1280","800","1280","678","1.5","21","Nov 21, 12:22 AM","false"
"numerosity_discrimination","1","73","150","16","22","0.7273","j","648","<div style=""width:100vw;height:100vh;background-color:black;""></div>","f","html-keyboard-response","381","2.0.0","481588","139027","testolin2020_replication","2025-11-21T08:19:02.074Z","13-14 inch laptop","1280","800","1280","678","1.5","21","Nov 21, 12:22 AM","false"
"numerosity_discrimination","1","74","70","18","16","0.8889","j","780","<div style=""width:100vw;height:100vh;background-color:black;""></div>","f","html-keyboard-response","386","2.0.0","484984","139027","testolin2020_replication","2025-11-21T08:19:02.074Z","13-14 inch laptop","1280","800","1280","678","1.5","21","Nov 21, 12:22 AM","false"
"numerosity_discrimination","1","75","187","18","14","0.7778","j","180","<div style=""width:100vw;height:100vh;background-color:black;""></div>","j","html-keyboard-response","391","2.0.0","487726","139027","testolin2020_replication","2025-11-21T08:19:02.074Z","13-14 inch laptop","1280","800","1280","678","1.5","21","Nov 21, 12:22 AM","true"
"numerosity_discrimination","1","76","275","14","7","0.5","j","804","<div style=""width:100vw;height:100vh;background-color:black;""></div>","j","html-keyboard-response","396","2.0.0","490998","139027","testolin2020_replication","2025-11-21T08:19:02.074Z","13-14 inch laptop","1280","800","1280","678","1.5","21","Nov 21, 12:22 AM","true"
"numerosity_discrimination","1","77","192","22","28","0.7857","j","4541","<div style=""width:100vw;height:100vh;background-color:black;""></div>","j","html-keyboard-response","401","2.0.0","497867","139027","testolin2020_replication","2025-11-21T08:19:02.074Z","13-14 inch laptop","1280","800","1280","678","1.5","21","Nov 21, 12:22 AM","true"
"numerosity_discrimination","1","78","225","14","22","0.6364","j","59","<div style=""width:100vw;height:100vh;background-color:black;""></div>","f","html-keyboard-response","406","2.0.0","500318","139027","testolin2020_replication","2025-11-21T08:19:02.074Z","13-14 inch laptop","1280","800","1280","678","1.5","21","Nov 21, 12:22 AM","false"
"numerosity_discrimination","1","79","59","14","12","0.8571","j","4809","<div style=""width:100vw;height:100vh;background-color:black;""></div>","f","html-keyboard-response","411","2.0.0","507762","139027","testolin2020_replication","2025-11-21T08:19:02.074Z","13-14 inch laptop","1280","800","1280","678","1.5","21","Nov 21, 12:22 AM","false"
"numerosity_discrimination","1","80","239","22","14","0.6364","j","23","<div style=""width:100vw;height:100vh;background-color:black;""></div>","f","html-keyboard-response","416","2.0.0","510390","139027","testolin2020_replication","2025-11-21T08:19:02.074Z","13-14 inch laptop","1280","800","1280","678","1.5","21","Nov 21, 12:22 AM","false"
"numerosity_discrimination","1","81","226","14","9","0.6429","j","128","<div style=""width:100vw;height:100vh;background-color:black;""></div>","f","html-keyboard-response","421","2.0.0","512905","139027","testolin2020_replication","2025-11-21T08:19:02.074Z","13-14 inch laptop","1280","800","1280","678","1.5","21","Nov 21, 12:22 AM","false"
"numerosity_discrimination","1","82","259","18","11","0.6111","j","137","<div style=""width:100vw;height:100vh;background-color:black;""></div>","j","html-keyboard-response","426","2.0.0","515656","139027","testolin2020_replication","2025-11-21T08:19:02.074Z","13-14 inch laptop","1280","800","1280","678","1.5","21","Nov 21, 12:22 AM","true"
"numerosity_discrimination","1","83","184","18","14","0.7778","j","23","<div style=""width:100vw;height:100vh;background-color:black;""></div>","f","html-keyboard-response","431","2.0.0","518221","139027","testolin2020_replication","2025-11-21T08:19:02.074Z","13-14 inch laptop","1280","800","1280","678","1.5","21","Nov 21, 12:22 AM","false"
"numerosity_discrimination","1","84","100","28","25","0.8929","j","250","<div style=""width:100vw;height:100vh;background-color:black;""></div>","f","html-keyboard-response","436","2.0.0","520950","139027","testolin2020_replication","2025-11-21T08:19:02.074Z","13-14 inch laptop","1280","800","1280","678","1.5","21","Nov 21, 12:22 AM","false"
"numerosity_discrimination","1","85","38","14","16","0.875","j","687","<div style=""width:100vw;height:100vh;background-color:black;""></div>","j","html-keyboard-response","441","2.0.0","524264","139027","testolin2020_replication","2025-11-21T08:19:02.074Z","13-14 inch laptop","1280","800","1280","678","1.5","21","Nov 21, 12:22 AM","true"
"numerosity_discrimination","1","86","109","12","14","0.8571","j","197","<div style=""width:100vw;height:100vh;background-color:black;""></div>","j","html-keyboard-response","446","2.0.0","526965","139027","testolin2020_replication","2025-11-21T08:19:02.074Z","13-14 inch laptop","1280","800","1280","678","1.5","21","Nov 21, 12:22 AM","true"
"numerosity_discrimination","1","87","231","25","16","0.64","j","26","<div style=""width:100vw;height:100vh;background-color:black;""></div>","j","html-keyboard-response","451","2.0.0","529660","139027","testolin2020_replication","2025-11-21T08:19:02.074Z","13-14 inch laptop","1280","800","1280","678","1.5","21","Nov 21, 12:22 AM","true"
"numerosity_discrimination","1","88","282","8","14","0.5714","j","143","<div style=""width:100vw;height:100vh;background-color:black;""></div>","j","html-keyboard-response","456","2.0.0","532191","139027","testolin2020_replication","2025-11-21T08:19:02.074Z","13-14 inch laptop","1280","800","1280","678","1.5","21","Nov 21, 12:22 AM","true"
"numerosity_discrimination","1","89","37","20","16","0.8","j","1185","<div style=""width:100vw;height:100vh;background-color:black;""></div>","f","html-keyboard-response","461","2.0.0","535959","139027","testolin2020_replication","2025-11-21T08:19:02.074Z","13-14 inch laptop","1280","800","1280","678","1.5","21","Nov 21, 12:22 AM","false"
"numerosity_discrimination","1","90","41","16","20","0.8","j","472","<div style=""width:100vw;height:100vh;background-color:black;""></div>","f","html-keyboard-response","466","2.0.0","539054","139027","testolin2020_replication","2025-11-21T08:19:02.074Z","13-14 inch laptop","1280","800","1280","678","1.5","21","Nov 21, 12:22 AM","false"
"numerosity_discrimination","1","91","11","8","10","0.8","j","4236","<div style=""width:100vw;height:100vh;background-color:black;""></div>","j","html-keyboard-response","471","2.0.0","545543","139027","testolin2020_replication","2025-11-21T08:19:02.074Z","13-14 inch laptop","1280","800","1280","678","1.5","21","Nov 21, 12:22 AM","true"
"numerosity_discrimination","1","92","163","18","14","0.7778","j","70","<div style=""width:100vw;height:100vh;background-color:black;""></div>","f","html-keyboard-response","476","2.0.0","548125","139027","testolin2020_replication","2025-11-21T08:19:02.074Z","13-14 inch laptop","1280","800","1280","678","1.5","21","Nov 21, 12:22 AM","false"
"numerosity_discrimination","1","93","243","18","12","0.6667","j","64","<div style=""width:100vw;height:100vh;background-color:black;""></div>","j","html-keyboard-response","481","2.0.0","550680","139027","testolin2020_replication","2025-11-21T08:19:02.074Z","13-14 inch laptop","1280","800","1280","678","1.5","21","Nov 21, 12:22 AM","true"
"numerosity_discrimination","1","94","290","12","22","0.5455","j","340","<div style=""width:100vw;height:100vh;background-color:black;""></div>","f","html-keyboard-response","486","2.0.0","553269","139027","testolin2020_replication","2025-11-21T08:19:02.074Z","13-14 inch laptop","1280","800","1280","678","1.5","21","Nov 21, 12:22 AM","false"
"numerosity_discrimination","1","95","281","12","7","0.5833","j","4652","<div style=""width:100vw;height:100vh;background-color:black;""></div>","j","html-keyboard-response","491","2.0.0","560394","139027","testolin2020_replication","2025-11-21T08:19:02.074Z","13-14 inch laptop","1280","800","1280","678","1.5","21","Nov 21, 12:22 AM","true"
"numerosity_discrimination","1","96","134","16","12","0.75","j","297","<div style=""width:100vw;height:100vh;background-color:black;""></div>","f","html-keyboard-response","496","2.0.0","563339","139027","testolin2020_replication","2025-11-21T08:19:02.074Z","13-14 inch laptop","1280","800","1280","678","1.5","21","Nov 21, 12:22 AM","false"
"numerosity_discrimination","1","97","123","12","16","0.75","j","92","<div style=""width:100vw;height:100vh;background-color:black;""></div>","j","html-keyboard-response","501","2.0.0","565653","139027","testolin2020_replication","2025-11-21T08:19:02.074Z","13-14 inch laptop","1280","800","1280","678","1.5","21","Nov 21, 12:22 AM","true"
"numerosity_discrimination","1","98","274","18","9","0.5","j","160","<div style=""width:100vw;height:100vh;background-color:black;""></div>","f","html-keyboard-response","506","2.0.0","568149","139027","testolin2020_replication","2025-11-21T08:19:02.074Z","13-14 inch laptop","1280","800","1280","678","1.5","21","Nov 21, 12:22 AM","false"
"numerosity_discrimination","1","99","112","28","25","0.8929","j","94","<div style=""width:100vw;height:100vh;background-color:black;""></div>","j","html-keyboard-response","511","2.0.0","570817","139027","testolin2020_replication","2025-11-21T08:19:02.074Z","13-14 inch laptop","1280","800","1280","678","1.5","21","Nov 21, 12:22 AM","true"
"numerosity_discrimination","1","100","295","20","10","0.5","j","545","<div style=""width:100vw;height:100vh;background-color:black;""></div>","f","html-keyboard-response","516","2.0.0","573901","139027","testolin2020_replication","2025-11-21T08:19:02.074Z","13-14 inch laptop","1280","800","1280","678","1.5","21","Nov 21, 12:22 AM","false"
"numerosity_discrimination","2","101","46","18","22","0.8182","j","233","<div style=""width:100vw;height:100vh;background-color:black;""></div>","f","html-keyboard-response","523","2.0.0","579506","139027","testolin2020_replication","2025-11-21T08:19:02.074Z","13-14 inch laptop","1280","800","1280","678","1.5","21","Nov 21, 12:22 AM","false"
"numerosity_discrimination","2","102","77","7","8","0.875","j","4404","<div style=""width:100vw;height:100vh;background-color:black;""></div>","j","html-keyboard-response","528","2.0.0","586187","139027","testolin2020_replication","2025-11-21T08:19:02.074Z","13-14 inch laptop","1280","800","1280","678","1.5","21","Nov 21, 12:22 AM","true"
"numerosity_discrimination","2","103","68","11","9","0.8182","j","194","<div style=""width:100vw;height:100vh;background-color:black;""></div>","j","html-keyboard-response","533","2.0.0","588719","139027","testolin2020_replication","2025-11-21T08:19:02.074Z","13-14 inch laptop","1280","800","1280","678","1.5","21","Nov 21, 12:22 AM","true"
"numerosity_discrimination","2","104","178","14","11","0.7857","j","158","<div style=""width:100vw;height:100vh;background-color:black;""></div>","j","html-keyboard-response","538","2.0.0","591515","139027","testolin2020_replication","2025-11-21T08:19:02.074Z","13-14 inch laptop","1280","800","1280","678","1.5","21","Nov 21, 12:22 AM","true"
"numerosity_discrimination","2","105","30","11","9","0.8182","j","392","<div style=""width:100vw;height:100vh;background-color:black;""></div>","f","html-keyboard-response","543","2.0.0","594304","139027","testolin2020_replication","2025-11-21T08:19:02.074Z","13-14 inch laptop","1280","800","1280","678","1.5","21","Nov 21, 12:22 AM","false"
"numerosity_discrimination","2","106","86","22","25","0.88","j","92","<div style=""width:100vw;height:100vh;background-color:black;""></div>","f","html-keyboard-response","548","2.0.0","596981","139027","testolin2020_replication","2025-11-21T08:19:02.074Z","13-14 inch laptop","1280","800","1280","678","1.5","21","Nov 21, 12:22 AM","false"
"numerosity_discrimination","2","107","244","8","12","0.6667","j","196","<div style=""width:100vw;height:100vh;background-color:black;""></div>","j","html-keyboard-response","553","2.0.0","599743","139027","testolin2020_replication","2025-11-21T08:19:02.074Z","13-14 inch laptop","1280","800","1280","678","1.5","21","Nov 21, 12:22 AM","true"
"numerosity_discrimination","2","108","195","16","12","0.75","j","565","<div style=""width:100vw;height:100vh;background-color:black;""></div>","f","html-keyboard-response","558","2.0.0","602536","139027","testolin2020_replication","2025-11-21T08:19:02.074Z","13-14 inch laptop","1280","800","1280","678","1.5","21","Nov 21, 12:22 AM","false"
"numerosity_discrimination","2","109","78","11","9","0.8182","j","949","<div style=""width:100vw;height:100vh;background-color:black;""></div>","f","html-keyboard-response","563","2.0.0","606044","139027","testolin2020_replication","2025-11-21T08:19:02.074Z","13-14 inch laptop","1280","800","1280","678","1.5","21","Nov 21, 12:22 AM","false"
"numerosity_discrimination","2","110","6","16","18","0.8889","j","388","<div style=""width:100vw;height:100vh;background-color:black;""></div>","j","html-keyboard-response","568","2.0.0","609041","139027","testolin2020_replication","2025-11-21T08:19:02.074Z","13-14 inch laptop","1280","800","1280","678","1.5","21","Nov 21, 12:22 AM","true"
"numerosity_discrimination","2","111","185","20","28","0.7143","j","165","<div style=""width:100vw;height:100vh;background-color:black;""></div>","f","html-keyboard-response","573","2.0.0","611686","139027","testolin2020_replication","2025-11-21T08:19:02.074Z","13-14 inch laptop","1280","800","1280","678","1.5","21","Nov 21, 12:22 AM","false"
"numerosity_discrimination","2","112","148","25","18","0.72","j","1723","<div style=""width:100vw;height:100vh;background-color:black;""></div>","j","html-keyboard-response","578","2.0.0","615709","139027","testolin2020_replication","2025-11-21T08:19:02.074Z","13-14 inch laptop","1280","800","1280","678","1.5","21","Nov 21, 12:22 AM","true"
"numerosity_discrimination","2","113","157","7","10","0.7","j","326","<div style=""width:100vw;height:100vh;background-color:black;""></div>","f","html-keyboard-response","583","2.0.0","618689","139027","testolin2020_replication","2025-11-21T08:19:02.074Z","13-14 inch laptop","1280","800","1280","678","1.5","21","Nov 21, 12:22 AM","false"
"numerosity_discrimination","2","114","141","20","14","0.7","j","497","<div style=""width:100vw;height:100vh;background-color:black;""></div>","j","html-keyboard-response","588","2.0.0","621576","139027","testolin2020_replication","2025-11-21T08:19:02.074Z","13-14 inch laptop","1280","800","1280","678","1.5","21","Nov 21, 12:22 AM","true"
"numerosity_discrimination","2","115","253","22","14","0.6364","j","216","<div style=""width:100vw;height:100vh;background-color:black;""></div>","j","html-keyboard-response","593","2.0.0","624070","139027","testolin2020_replication","2025-11-21T08:19:02.074Z","13-14 inch laptop","1280","800","1280","678","1.5","21","Nov 21, 12:22 AM","true"
"numerosity_discrimination","2","116","214","20","12","0.6","j","108","<div style=""width:100vw;height:100vh;background-color:black;""></div>","j","html-keyboard-response","598","2.0.0","626702","139027","testolin2020_replication","2025-11-21T08:19:02.074Z","13-14 inch laptop","1280","800","1280","678","1.5","21","Nov 21, 12:22 AM","true"
"numerosity_discrimination","2","117","102","8","7","0.875","j","4575","<div style=""width:100vw;height:100vh;background-color:black;""></div>","f","html-keyboard-response","603","2.0.0","633891","139027","testolin2020_replication","2025-11-21T08:19:02.074Z","13-14 inch laptop","1280","800","1280","678","1.5","21","Nov 21, 12:22 AM","false"
"numerosity_discrimination","2","118","96","12","10","0.8333","j","66","<div style=""width:100vw;height:100vh;background-color:black;""></div>","j","html-keyboard-response","608","2.0.0","636651","139027","testolin2020_replication","2025-11-21T08:19:02.074Z","13-14 inch laptop","1280","800","1280","678","1.5","21","Nov 21, 12:22 AM","true"
"numerosity_discrimination","2","119","220","28","18","0.6429","j","210","<div style=""width:100vw;height:100vh;background-color:black;""></div>","j","html-keyboard-response","613","2.0.0","639039","139027","testolin2020_replication","2025-11-21T08:19:02.074Z","13-14 inch laptop","1280","800","1280","678","1.5","21","Nov 21, 12:22 AM","true"
"numerosity_discrimination","2","120","142","11","14","0.7857","j","78","<div style=""width:100vw;height:100vh;background-color:black;""></div>","f","html-keyboard-response","618","2.0.0","641630","139027","testolin2020_replication","2025-11-21T08:19:02.074Z","13-14 inch laptop","1280","800","1280","678","1.5","21","Nov 21, 12:22 AM","false"
"numerosity_discrimination","2","121","183","14","20","0.7","j","82","<div style=""width:100vw;height:100vh;background-color:black;""></div>","j","html-keyboard-response","623","2.0.0","643921","139027","testolin2020_replication","2025-11-21T08:19:02.074Z","13-14 inch laptop","1280","800","1280","678","1.5","21","Nov 21, 12:22 AM","true"
"numerosity_discrimination","2","122","291","11","20","0.55","j","2651","<div style=""width:100vw;height:100vh;background-color:black;""></div>","f","html-keyboard-response","628","2.0.0","648940","139027","testolin2020_replication","2025-11-21T08:19:02.074Z","13-14 inch laptop","1280","800","1280","678","1.5","21","Nov 21, 12:22 AM","false"
"numerosity_discrimination","2","123","248","22","14","0.6364","j","4007","<div style=""width:100vw;height:100vh;background-color:black;""></div>","f","html-keyboard-response","633","2.0.0","655187","139027","testolin2020_replication","2025-11-21T08:19:02.074Z","13-14 inch laptop","1280","800","1280","678","1.5","21","Nov 21, 12:22 AM","false"
"numerosity_discrimination","2","124","230","10","16","0.625","j","179","<div style=""width:100vw;height:100vh;background-color:black;""></div>","j","html-keyboard-response","638","2.0.0","657809","139027","testolin2020_replication","2025-11-21T08:19:02.074Z","13-14 inch laptop","1280","800","1280","678","1.5","21","Nov 21, 12:22 AM","true"
"numerosity_discrimination","2","125","283","20","11","0.55","j","432","<div style=""width:100vw;height:100vh;background-color:black;""></div>","j","html-keyboard-response","643","2.0.0","660891","139027","testolin2020_replication","2025-11-21T08:19:02.074Z","13-14 inch laptop","1280","800","1280","678","1.5","21","Nov 21, 12:22 AM","true"
"numerosity_discrimination","2","126","14","8","7","0.875","j","4835","<div style=""width:100vw;height:100vh;background-color:black;""></div>","f","html-keyboard-response","648","2.0.0","668422","139027","testolin2020_replication","2025-11-21T08:19:02.074Z","13-14 inch laptop","1280","800","1280","678","1.5","21","Nov 21, 12:22 AM","false"
"numerosity_discrimination","2","127","297","18","10","0.5556","j","601","<div style=""width:100vw;height:100vh;background-color:black;""></div>","j","html-keyboard-response","653","2.0.0","671349","139027","testolin2020_replication","2025-11-21T08:19:02.074Z","13-14 inch laptop","1280","800","1280","678","1.5","21","Nov 21, 12:22 AM","true"
"numerosity_discrimination","2","128","250","18","12","0.6667","j","191","<div style=""width:100vw;height:100vh;background-color:black;""></div>","j","html-keyboard-response","658","2.0.0","673901","139027","testolin2020_replication","2025-11-21T08:19:02.074Z","13-14 inch laptop","1280","800","1280","678","1.5","21","Nov 21, 12:22 AM","true"
"numerosity_discrimination","2","129","79","16","18","0.8889","j","246","<div style=""width:100vw;height:100vh;background-color:black;""></div>","f","html-keyboard-response","663","2.0.0","676823","139027","testolin2020_replication","2025-11-21T08:19:02.074Z","13-14 inch laptop","1280","800","1280","678","1.5","21","Nov 21, 12:22 AM","false"
"numerosity_discrimination","2","130","171","12","9","0.75","j","2803","<div style=""width:100vw;height:100vh;background-color:black;""></div>","j","html-keyboard-response","668","2.0.0","682272","139027","testolin2020_replication","2025-11-21T08:19:02.074Z","13-14 inch laptop","1280","800","1280","678","1.5","21","Nov 21, 12:22 AM","true"
"numerosity_discrimination","2","131","8","16","14","0.875","j","67","<div style=""width:100vw;height:100vh;background-color:black;""></div>","j","html-keyboard-response","673","2.0.0","684620","139027","testolin2020_replication","2025-11-21T08:19:02.074Z","13-14 inch laptop","1280","800","1280","678","1.5","21","Nov 21, 12:22 AM","true"
"numerosity_discrimination","2","132","107","16","18","0.8889","j","381","<div style=""width:100vw;height:100vh;background-color:black;""></div>","f","html-keyboard-response","678","2.0.0","687566","139027","testolin2020_replication","2025-11-21T08:19:02.074Z","13-14 inch laptop","1280","800","1280","678","1.5","21","Nov 21, 12:22 AM","false"
"numerosity_discrimination","2","133","99","22","18","0.8182","j","292","<div style=""width:100vw;height:100vh;background-color:black;""></div>","f","html-keyboard-response","683","2.0.0","690351","139027","testolin2020_replication","2025-11-21T08:19:02.074Z","13-14 inch laptop","1280","800","1280","678","1.5","21","Nov 21, 12:22 AM","false"
"numerosity_discrimination","2","134","224","9","14","0.6429","j","593","<div style=""width:100vw;height:100vh;background-color:black;""></div>","f","html-keyboard-response","688","2.0.0","693335","139027","testolin2020_replication","2025-11-21T08:19:02.074Z","13-14 inch laptop","1280","800","1280","678","1.5","21","Nov 21, 12:22 AM","false"
"numerosity_discrimination","2","135","151","9","7","0.7778","j","73","<div style=""width:100vw;height:100vh;background-color:black;""></div>","f","html-keyboard-response","693","2.0.0","695781","139027","testolin2020_replication","2025-11-21T08:19:02.074Z","13-14 inch laptop","1280","800","1280","678","1.5","21","Nov 21, 12:22 AM","false"
"numerosity_discrimination","2","136","133","10","14","0.7143","j","339","<div style=""width:100vw;height:100vh;background-color:black;""></div>","f","html-keyboard-response","698","2.0.0","698812","139027","testolin2020_replication","2025-11-21T08:19:02.074Z","13-14 inch laptop","1280","800","1280","678","1.5","21","Nov 21, 12:22 AM","false"
"numerosity_discrimination","2","137","258","14","22","0.6364","j","240","<div style=""width:100vw;height:100vh;background-color:black;""></div>","f","html-keyboard-response","703","2.0.0","701636","139027","testolin2020_replication","2025-11-21T08:19:02.074Z","13-14 inch laptop","1280","800","1280","678","1.5","21","Nov 21, 12:22 AM","false"
"numerosity_discrimination","2","138","82","16","14","0.875","j","284","<div style=""width:100vw;height:100vh;background-color:black;""></div>","f","html-keyboard-response","708","2.0.0","704439","139027","testolin2020_replication","2025-11-21T08:19:02.074Z","13-14 inch laptop","1280","800","1280","678","1.5","21","Nov 21, 12:22 AM","false"
"numerosity_discrimination","2","139","146","10","14","0.7143","j","49","<div style=""width:100vw;height:100vh;background-color:black;""></div>","f","html-keyboard-response","713","2.0.0","706891","139027","testolin2020_replication","2025-11-21T08:19:02.074Z","13-14 inch laptop","1280","800","1280","678","1.5","21","Nov 21, 12:22 AM","false"
"numerosity_discrimination","2","140","215","16","11","0.6875","j","130","<div style=""width:100vw;height:100vh;background-color:black;""></div>","f","html-keyboard-response","718","2.0.0","709437","139027","testolin2020_replication","2025-11-21T08:19:02.074Z","13-14 inch laptop","1280","800","1280","678","1.5","21","Nov 21, 12:22 AM","false"
"numerosity_discrimination","2","141","209","9","7","0.7778","j","316","<div style=""width:100vw;height:100vh;background-color:black;""></div>","f","html-keyboard-response","723","2.0.0","712189","139027","testolin2020_replication","2025-11-21T08:19:02.074Z","13-14 inch laptop","1280","800","1280","678","1.5","21","Nov 21, 12:22 AM","false"
"numerosity_discrimination","2","142","156","12","16","0.75","j","264","<div style=""width:100vw;height:100vh;background-color:black;""></div>","f","html-keyboard-response","728","2.0.0","714822","139027","testolin2020_replication","2025-11-21T08:19:02.074Z","13-14 inch laptop","1280","800","1280","678","1.5","21","Nov 21, 12:22 AM","false"
"numerosity_discrimination","2","143","181","10","14","0.7143","j","293","<div style=""width:100vw;height:100vh;background-color:black;""></div>","j","html-keyboard-response","733","2.0.0","717483","139027","testolin2020_replication","2025-11-21T08:19:02.074Z","13-14 inch laptop","1280","800","1280","678","1.5","21","Nov 21, 12:22 AM","true"
"numerosity_discrimination","2","144","270","14","22","0.6364","j","338","<div style=""width:100vw;height:100vh;background-color:black;""></div>","f","html-keyboard-response","738","2.0.0","720489","139027","testolin2020_replication","2025-11-21T08:19:02.074Z","13-14 inch laptop","1280","800","1280","678","1.5","21","Nov 21, 12:22 AM","false"
"numerosity_discrimination","2","145","293","7","12","0.5833","j","4019","<div style=""width:100vw;height:100vh;background-color:black;""></div>","f","html-keyboard-response","743","2.0.0","726901","139027","testolin2020_replication","2025-11-21T08:19:02.074Z","13-14 inch laptop","1280","800","1280","678","1.5","21","Nov 21, 12:22 AM","false"
"numerosity_discrimination","2","146","154","11","14","0.7857","j","351","<div style=""width:100vw;height:100vh;background-color:black;""></div>","f","html-keyboard-response","748","2.0.0","729523","139027","testolin2020_replication","2025-11-21T08:19:02.074Z","13-14 inch laptop","1280","800","1280","678","1.5","21","Nov 21, 12:22 AM","false"
"numerosity_discrimination","2","147","137","10","7","0.7","j","200","<div style=""width:100vw;height:100vh;background-color:black;""></div>","f","html-keyboard-response","753","2.0.0","732241","139027","testolin2020_replication","2025-11-21T08:19:02.074Z","13-14 inch laptop","1280","800","1280","678","1.5","21","Nov 21, 12:22 AM","false"
"numerosity_discrimination","2","148","95","9","8","0.8889","j","153","<div style=""width:100vw;height:100vh;background-color:black;""></div>","j","html-keyboard-response","758","2.0.0","734929","139027","testolin2020_replication","2025-11-21T08:19:02.074Z","13-14 inch laptop","1280","800","1280","678","1.5","21","Nov 21, 12:22 AM","true"
"numerosity_discrimination","2","149","240","20","12","0.6","j","266","<div style=""width:100vw;height:100vh;background-color:black;""></div>","f","html-keyboard-response","763","2.0.0","737608","139027","testolin2020_replication","2025-11-21T08:19:02.074Z","13-14 inch laptop","1280","800","1280","678","1.5","21","Nov 21, 12:22 AM","false"
"numerosity_discrimination","2","150","191","28","20","0.7143","j","328","<div style=""width:100vw;height:100vh;background-color:black;""></div>","f","html-keyboard-response","768","2.0.0","740551","139027","testolin2020_replication","2025-11-21T08:19:02.074Z","13-14 inch laptop","1280","800","1280","678","1.5","21","Nov 21, 12:22 AM","false"
"numerosity_discrimination","2","151","162","16","22","0.7273","j","384","<div style=""width:100vw;height:100vh;background-color:black;""></div>","f","html-keyboard-response","773","2.0.0","743184","139027","testolin2020_replication","2025-11-21T08:19:02.074Z","13-14 inch laptop","1280","800","1280","678","1.5","21","Nov 21, 12:22 AM","false"
"numerosity_discrimination","2","152","64","9","11","0.8182","j","321","<div style=""width:100vw;height:100vh;background-color:black;""></div>","j","html-keyboard-response","778","2.0.0","745761","139027","testolin2020_replication","2025-11-21T08:19:02.074Z","13-14 inch laptop","1280","800","1280","678","1.5","21","Nov 21, 12:22 AM","true"
"numerosity_discrimination","2","153","58","18","22","0.8182","j","400","<div style=""width:100vw;height:100vh;background-color:black;""></div>","f","html-keyboard-response","783","2.0.0","748657","139027","testolin2020_replication","2025-11-21T08:19:02.074Z","13-14 inch laptop","1280","800","1280","678","1.5","21","Nov 21, 12:22 AM","false"
"numerosity_discrimination","2","154","66","9","11","0.8182","j","339","<div style=""width:100vw;height:100vh;background-color:black;""></div>","f","html-keyboard-response","788","2.0.0","751471","139027","testolin2020_replication","2025-11-21T08:19:02.074Z","13-14 inch laptop","1280","800","1280","678","1.5","21","Nov 21, 12:22 AM","false"
"numerosity_discrimination","2","155","266","7","11","0.6364","j","297","<div style=""width:100vw;height:100vh;background-color:black;""></div>","j","html-keyboard-response","793","2.0.0","754270","139027","testolin2020_replication","2025-11-21T08:19:02.074Z","13-14 inch laptop","1280","800","1280","678","1.5","21","Nov 21, 12:22 AM","true"
"numerosity_discrimination","2","156","90","7","8","0.875","j","512","<div style=""width:100vw;height:100vh;background-color:black;""></div>","f","html-keyboard-response","798","2.0.0","757195","139027","testolin2020_replication","2025-11-21T08:19:02.074Z","13-14 inch laptop","1280","800","1280","678","1.5","21","Nov 21, 12:22 AM","false"
"numerosity_discrimination","2","157","74","12","10","0.8333","j","410","<div style=""width:100vw;height:100vh;background-color:black;""></div>","j","html-keyboard-response","803","2.0.0","760030","139027","testolin2020_replication","2025-11-21T08:19:02.074Z","13-14 inch laptop","1280","800","1280","678","1.5","21","Nov 21, 12:22 AM","true"
"numerosity_discrimination","2","158","288","18","10","0.5556","j","113","<div style=""width:100vw;height:100vh;background-color:black;""></div>","f","html-keyboard-response","808","2.0.0","762630","139027","testolin2020_replication","2025-11-21T08:19:02.074Z","13-14 inch laptop","1280","800","1280","678","1.5","21","Nov 21, 12:22 AM","false"
"numerosity_discrimination","2","159","85","7","8","0.875","j","705","<div style=""width:100vw;height:100vh;background-color:black;""></div>","f","html-keyboard-response","813","2.0.0","765694","139027","testolin2020_replication","2025-11-21T08:19:02.074Z","13-14 inch laptop","1280","800","1280","678","1.5","21","Nov 21, 12:22 AM","false"
"numerosity_discrimination","2","160","87","14","16","0.875","j","229","<div style=""width:100vw;height:100vh;background-color:black;""></div>","f","html-keyboard-response","818","2.0.0","768444","139027","testolin2020_replication","2025-11-21T08:19:02.074Z","13-14 inch laptop","1280","800","1280","678","1.5","21","Nov 21, 12:22 AM","false"
"numerosity_discrimination","2","161","205","14","11","0.7857","j","173","<div style=""width:100vw;height:100vh;background-color:black;""></div>","f","html-keyboard-response","823","2.0.0","770861","139027","testolin2020_replication","2025-11-21T08:19:02.074Z","13-14 inch laptop","1280","800","1280","678","1.5","21","Nov 21, 12:22 AM","false"
"numerosity_discrimination","2","162","83","7","8","0.875","j","322","<div style=""width:100vw;height:100vh;background-color:black;""></div>","f","html-keyboard-response","828","2.0.0","773519","139027","testolin2020_replication","2025-11-21T08:19:02.074Z","13-14 inch laptop","1280","800","1280","678","1.5","21","Nov 21, 12:22 AM","false"
"numerosity_discrimination","2","163","292","8","14","0.5714","j","684","<div style=""width:100vw;height:100vh;background-color:black;""></div>","f","html-keyboard-response","833","2.0.0","776480","139027","testolin2020_replication","2025-11-21T08:19:02.074Z","13-14 inch laptop","1280","800","1280","678","1.5","21","Nov 21, 12:22 AM","false"
"numerosity_discrimination","2","164","24","12","10","0.8333","j","353","<div style=""width:100vw;height:100vh;background-color:black;""></div>","f","html-keyboard-response","838","2.0.0","779302","139027","testolin2020_replication","2025-11-21T08:19:02.074Z","13-14 inch laptop","1280","800","1280","678","1.5","21","Nov 21, 12:22 AM","false"
"numerosity_discrimination","2","165","114","20","16","0.8","j","1811","<div style=""width:100vw;height:100vh;background-color:black;""></div>","f","html-keyboard-response","843","2.0.0","783311","139027","testolin2020_replication","2025-11-21T08:19:02.074Z","13-14 inch laptop","1280","800","1280","678","1.5","21","Nov 21, 12:22 AM","false"
"numerosity_discrimination","2","166","20","7","8","0.875","j","330","<div style=""width:100vw;height:100vh;background-color:black;""></div>","f","html-keyboard-response","848","2.0.0","785885","139027","testolin2020_replication","2025-11-21T08:19:02.074Z","13-14 inch laptop","1280","800","1280","678","1.5","21","Nov 21, 12:22 AM","false"
"numerosity_discrimination","2","167","36","9","11","0.8182","j","1322","<div style=""width:100vw;height:100vh;background-color:black;""></div>","f","html-keyboard-response","853","2.0.0","789841","139027","testolin2020_replication","2025-11-21T08:19:02.074Z","13-14 inch laptop","1280","800","1280","678","1.5","21","Nov 21, 12:22 AM","false"
"numerosity_discrimination","2","168","131","11","14","0.7857","j","57","<div style=""width:100vw;height:100vh;background-color:black;""></div>","f","html-keyboard-response","858","2.0.0","792222","139027","testolin2020_replication","2025-11-21T08:19:02.074Z","13-14 inch laptop","1280","800","1280","678","1.5","21","Nov 21, 12:22 AM","false"
"numerosity_discrimination","2","169","190","18","14","0.7778","j","427","<div style=""width:100vw;height:100vh;background-color:black;""></div>","f","html-keyboard-response","863","2.0.0","795310","139027","testolin2020_replication","2025-11-21T08:19:02.074Z","13-14 inch laptop","1280","800","1280","678","1.5","21","Nov 21, 12:22 AM","false"
"numerosity_discrimination","2","170","129","12","9","0.75","j","160","<div style=""width:100vw;height:100vh;background-color:black;""></div>","f","html-keyboard-response","868","2.0.0","797697","139027","testolin2020_replication","2025-11-21T08:19:02.074Z","13-14 inch laptop","1280","800","1280","678","1.5","21","Nov 21, 12:22 AM","false"
"numerosity_discrimination","2","171","12","20","16","0.8","j","262","<div style=""width:100vw;height:100vh;background-color:black;""></div>","f","html-keyboard-response","873","2.0.0","800319","139027","testolin2020_replication","2025-11-21T08:19:02.074Z","13-14 inch laptop","1280","800","1280","678","1.5","21","Nov 21, 12:22 AM","false"
"numerosity_discrimination","2","172","42","22","25","0.88","j","501","<div style=""width:100vw;height:100vh;background-color:black;""></div>","f","html-keyboard-response","878","2.0.0","803283","139027","testolin2020_replication","2025-11-21T08:19:02.074Z","13-14 inch laptop","1280","800","1280","678","1.5","21","Nov 21, 12:22 AM","false"
"numerosity_discrimination","2","173","127","14","10","0.7143","j","432","<div style=""width:100vw;height:100vh;background-color:black;""></div>","f","html-keyboard-response","883","2.0.0","805917","139027","testolin2020_replication","2025-11-21T08:19:02.074Z","13-14 inch laptop","1280","800","1280","678","1.5","21","Nov 21, 12:22 AM","false"
"numerosity_discrimination","2","174","13","7","8","0.875","j","778","<div style=""width:100vw;height:100vh;background-color:black;""></div>","f","html-keyboard-response","888","2.0.0","808994","139027","testolin2020_replication","2025-11-21T08:19:02.074Z","13-14 inch laptop","1280","800","1280","678","1.5","21","Nov 21, 12:22 AM","false"
"numerosity_discrimination","2","175","196","12","16","0.75","j","338","<div style=""width:100vw;height:100vh;background-color:black;""></div>","j","html-keyboard-response","893","2.0.0","811592","139027","testolin2020_replication","2025-11-21T08:19:02.074Z","13-14 inch laptop","1280","800","1280","678","1.5","21","Nov 21, 12:22 AM","true"
"numerosity_discrimination","2","176","210","14","11","0.7857","j","962","<div style=""width:100vw;height:100vh;background-color:black;""></div>","f","html-keyboard-response","898","2.0.0","815125","139027","testolin2020_replication","2025-11-21T08:19:02.074Z","13-14 inch laptop","1280","800","1280","678","1.5","21","Nov 21, 12:22 AM","false"
"numerosity_discrimination","2","177","65","12","14","0.8571","j","797","<div style=""width:100vw;height:100vh;background-color:black;""></div>","f","html-keyboard-response","903","2.0.0","818234","139027","testolin2020_replication","2025-11-21T08:19:02.074Z","13-14 inch laptop","1280","800","1280","678","1.5","21","Nov 21, 12:22 AM","false"
"numerosity_discrimination","2","178","121","12","16","0.75","j","403","<div style=""width:100vw;height:100vh;background-color:black;""></div>","j","html-keyboard-response","908","2.0.0","820846","139027","testolin2020_replication","2025-11-21T08:19:02.074Z","13-14 inch laptop","1280","800","1280","678","1.5","21","Nov 21, 12:22 AM","true"
"numerosity_discrimination","2","179","76","8","7","0.875","j","75","<div style=""width:100vw;height:100vh;background-color:black;""></div>","f","html-keyboard-response","913","2.0.0","823274","139027","testolin2020_replication","2025-11-21T08:19:02.074Z","13-14 inch laptop","1280","800","1280","678","1.5","21","Nov 21, 12:22 AM","false"
"numerosity_discrimination","2","180","174","22","16","0.7273","j","73","<div style=""width:100vw;height:100vh;background-color:black;""></div>","f","html-keyboard-response","918","2.0.0","825826","139027","testolin2020_replication","2025-11-21T08:19:02.074Z","13-14 inch laptop","1280","800","1280","678","1.5","21","Nov 21, 12:22 AM","false"
"numerosity_discrimination","2","181","273","18","9","0.5","j","850","<div style=""width:100vw;height:100vh;background-color:black;""></div>","f","html-keyboard-response","923","2.0.0","829061","139027","testolin2020_replication","2025-11-21T08:19:02.074Z","13-14 inch laptop","1280","800","1280","678","1.5","21","Nov 21, 12:22 AM","false"
"numerosity_discrimination","2","182","176","10","14","0.7143","j","524","<div style=""width:100vw;height:100vh;background-color:black;""></div>","j","html-keyboard-response","928","2.0.0","832110","139027","testolin2020_replication","2025-11-21T08:19:02.074Z","13-14 inch laptop","1280","800","1280","678","1.5","21","Nov 21, 12:22 AM","true"
"numerosity_discrimination","2","183","50","14","16","0.875","j","489","<div style=""width:100vw;height:100vh;background-color:black;""></div>","f","html-keyboard-response","933","2.0.0","835174","139027","testolin2020_replication","2025-11-21T08:19:02.074Z","13-14 inch laptop","1280","800","1280","678","1.5","21","Nov 21, 12:22 AM","false"
"numerosity_discrimination","2","184","145","12","9","0.75","j","1253","<div style=""width:100vw;height:100vh;background-color:black;""></div>","f","html-keyboard-response","938","2.0.0","838690","139027","testolin2020_replication","2025-11-21T08:19:02.074Z","13-14 inch laptop","1280","800","1280","678","1.5","21","Nov 21, 12:22 AM","false"
"numerosity_discrimination","2","185","219","9","14","0.6429","j","743","<div style=""width:100vw;height:100vh;background-color:black;""></div>","j","html-keyboard-response","943","2.0.0","841689","139027","testolin2020_replication","2025-11-21T08:19:02.074Z","13-14 inch laptop","1280","800","1280","678","1.5","21","Nov 21, 12:22 AM","true"
"numerosity_discrimination","2","186","3","16","14","0.875","j","335","<div style=""width:100vw;height:100vh;background-color:black;""></div>","f","html-keyboard-response","948","2.0.0","844515","139027","testolin2020_replication","2025-11-21T08:19:02.074Z","13-14 inch laptop","1280","800","1280","678","1.5","21","Nov 21, 12:22 AM","false"
"numerosity_discrimination","2","187","201","20","14","0.7","j","293","<div style=""width:100vw;height:100vh;background-color:black;""></div>","f","html-keyboard-response","953","2.0.0","847063","139027","testolin2020_replication","2025-11-21T08:19:02.074Z","13-14 inch laptop","1280","800","1280","678","1.5","21","Nov 21, 12:22 AM","false"
"numerosity_discrimination","2","188","44","20","16","0.8","j","466","<div style=""width:100vw;height:100vh;background-color:black;""></div>","f","html-keyboard-response","958","2.0.0","849909","139027","testolin2020_replication","2025-11-21T08:19:02.074Z","13-14 inch laptop","1280","800","1280","678","1.5","21","Nov 21, 12:22 AM","false"
"numerosity_discrimination","2","189","136","10","14","0.7143","j","443","<div style=""width:100vw;height:100vh;background-color:black;""></div>","f","html-keyboard-response","963","2.0.0","852579","139027","testolin2020_replication","2025-11-21T08:19:02.074Z","13-14 inch laptop","1280","800","1280","678","1.5","21","Nov 21, 12:22 AM","false"
"numerosity_discrimination","2","190","237","20","12","0.6","j","467","<div style=""width:100vw;height:100vh;background-color:black;""></div>","f","html-keyboard-response","968","2.0.0","855371","139027","testolin2020_replication","2025-11-21T08:19:02.074Z","13-14 inch laptop","1280","800","1280","678","1.5","21","Nov 21, 12:22 AM","false"
"numerosity_discrimination","2","191","294","7","12","0.5833","j","417","<div style=""width:100vw;height:100vh;background-color:black;""></div>","j","html-keyboard-response","973","2.0.0","858371","139027","testolin2020_replication","2025-11-21T08:19:02.074Z","13-14 inch laptop","1280","800","1280","678","1.5","21","Nov 21, 12:22 AM","true"
"numerosity_discrimination","2","192","21","22","18","0.8182","j","348","<div style=""width:100vw;height:100vh;background-color:black;""></div>","f","html-keyboard-response","978","2.0.0","861050","139027","testolin2020_replication","2025-11-21T08:19:02.074Z","13-14 inch laptop","1280","800","1280","678","1.5","21","Nov 21, 12:22 AM","false"
"numerosity_discrimination","2","193","125","11","14","0.7857","j","2931","<div style=""width:100vw;height:100vh;background-color:black;""></div>","f","html-keyboard-response","983","2.0.0","866429","139027","testolin2020_replication","2025-11-21T08:19:02.074Z","13-14 inch laptop","1280","800","1280","678","1.5","21","Nov 21, 12:22 AM","false"
"numerosity_discrimination","2","194","228","11","16","0.6875","j","170","<div style=""width:100vw;height:100vh;background-color:black;""></div>","f","html-keyboard-response","988","2.0.0","868932","139027","testolin2020_replication","2025-11-21T08:19:02.074Z","13-14 inch laptop","1280","800","1280","678","1.5","21","Nov 21, 12:22 AM","false"
"numerosity_discrimination","2","195","111","11","9","0.8182","j","69","<div style=""width:100vw;height:100vh;background-color:black;""></div>","f","html-keyboard-response","993","2.0.0","871395","139027","testolin2020_replication","2025-11-21T08:19:02.074Z","13-14 inch laptop","1280","800","1280","678","1.5","21","Nov 21, 12:22 AM","false"
"numerosity_discrimination","2","196","62","12","14","0.8571","j","438","<div style=""width:100vw;height:100vh;background-color:black;""></div>","f","html-keyboard-response","998","2.0.0","874397","139027","testolin2020_replication","2025-11-21T08:19:02.074Z","13-14 inch laptop","1280","800","1280","678","1.5","21","Nov 21, 12:22 AM","false"
"numerosity_discrimination","2","197","153","16","22","0.7273","j","165","<div style=""width:100vw;height:100vh;background-color:black;""></div>","j","html-keyboard-response","1003","2.0.0","877149","139027","testolin2020_replication","2025-11-21T08:19:02.074Z","13-14 inch laptop","1280","800","1280","678","1.5","21","Nov 21, 12:22 AM","true"
"numerosity_discrimination","2","198","199","20","28","0.7143","j","1981","<div style=""width:100vw;height:100vh;background-color:black;""></div>","f","html-keyboard-response","1008","2.0.0","881381","139027","testolin2020_replication","2025-11-21T08:19:02.074Z","13-14 inch laptop","1280","800","1280","678","1.5","21","Nov 21, 12:22 AM","false"
"numerosity_discrimination","2","199","132","20","14","0.7","j","166","<div style=""width:100vw;height:100vh;background-color:black;""></div>","j","html-keyboard-response","1013","2.0.0","884054","139027","testolin2020_replication","2025-11-21T08:19:02.074Z","13-14 inch laptop","1280","800","1280","678","1.5","21","Nov 21, 12:22 AM","true"
"numerosity_discrimination","2","200","84","7","8","0.875","j","3378","<div style=""width:100vw;height:100vh;background-color:black;""></div>","f","html-keyboard-response","1018","2.0.0","890115","139027","testolin2020_replication","2025-11-21T08:19:02.074Z","13-14 inch laptop","1280","800","1280","678","1.5","21","Nov 21, 12:22 AM","false"
"numerosity_discrimination","3","201","300","9","16","0.5625","j","369","<div style=""width:100vw;height:100vh;background-color:black;""></div>","j","html-keyboard-response","1025","2.0.0","900430","139027","testolin2020_replication","2025-11-21T08:19:02.074Z","13-14 inch laptop","1280","800","1280","678","1.5","21","Nov 21, 12:22 AM","true"
"numerosity_discrimination","3","202","234","14","9","0.6429","j","59","<div style=""width:100vw;height:100vh;background-color:black;""></div>","f","html-keyboard-response","1030","2.0.0","902805","139027","testolin2020_replication","2025-11-21T08:19:02.074Z","13-14 inch laptop","1280","800","1280","678","1.5","21","Nov 21, 12:22 AM","false"
"numerosity_discrimination","3","203","5","22","18","0.8182","j","416","<div style=""width:100vw;height:100vh;background-color:black;""></div>","f","html-keyboard-response","1035","2.0.0","905592","139027","testolin2020_replication","2025-11-21T08:19:02.074Z","13-14 inch laptop","1280","800","1280","678","1.5","21","Nov 21, 12:22 AM","false"
"numerosity_discrimination","3","204","170","12","16","0.75","j","378","<div style=""width:100vw;height:100vh;background-color:black;""></div>","j","html-keyboard-response","1040","2.0.0","908590","139027","testolin2020_replication","2025-11-21T08:19:02.074Z","13-14 inch laptop","1280","800","1280","678","1.5","21","Nov 21, 12:22 AM","true"
"numerosity_discrimination","3","205","28","8","9","0.8889","j","409","<div style=""width:100vw;height:100vh;background-color:black;""></div>","f","html-keyboard-response","1045","2.0.0","911655","139027","testolin2020_replication","2025-11-21T08:19:02.074Z","13-14 inch laptop","1280","800","1280","678","1.5","21","Nov 21, 12:22 AM","false"
"numerosity_discrimination","3","206","284","14","28","0.5","j","402","<div style=""width:100vw;height:100vh;background-color:black;""></div>","j","html-keyboard-response","1050","2.0.0","914451","139027","testolin2020_replication","2025-11-21T08:19:02.074Z","13-14 inch laptop","1280","800","1280","678","1.5","21","Nov 21, 12:22 AM","true"
"numerosity_discrimination","3","207","29","12","14","0.8571","j","193","<div style=""width:100vw;height:100vh;background-color:black;""></div>","f","html-keyboard-response","1055","2.0.0","917119","139027","testolin2020_replication","2025-11-21T08:19:02.074Z","13-14 inch laptop","1280","800","1280","678","1.5","21","Nov 21, 12:22 AM","false"
"numerosity_discrimination","3","208","93","8","10","0.8","j","732","<div style=""width:100vw;height:100vh;background-color:black;""></div>","f","html-keyboard-response","1060","2.0.0","920250","139027","testolin2020_replication","2025-11-21T08:19:02.074Z","13-14 inch laptop","1280","800","1280","678","1.5","21","Nov 21, 12:22 AM","false"
"numerosity_discrimination","3","209","257","10","16","0.625","j","389","<div style=""width:100vw;height:100vh;background-color:black;""></div>","j","html-keyboard-response","1065","2.0.0","922940","139027","testolin2020_replication","2025-11-21T08:19:02.074Z","13-14 inch laptop","1280","800","1280","678","1.5","21","Nov 21, 12:22 AM","true"
"numerosity_discrimination","3","210","16","20","16","0.8","j","671","<div style=""width:100vw;height:100vh;background-color:black;""></div>","f","html-keyboard-response","1070","2.0.0","925913","139027","testolin2020_replication","2025-11-21T08:19:02.074Z","13-14 inch laptop","1280","800","1280","678","1.5","21","Nov 21, 12:22 AM","false"
"numerosity_discrimination","3","211","189","16","22","0.7273","j","635","<div style=""width:100vw;height:100vh;background-color:black;""></div>","f","html-keyboard-response","1075","2.0.0","929091","139027","testolin2020_replication","2025-11-21T08:19:02.074Z","13-14 inch laptop","1280","800","1280","678","1.5","21","Nov 21, 12:22 AM","false"
"numerosity_discrimination","3","212","135","9","12","0.75","j","521","<div style=""width:100vw;height:100vh;background-color:black;""></div>","j","html-keyboard-response","1080","2.0.0","932168","139027","testolin2020_replication","2025-11-21T08:19:02.074Z","13-14 inch laptop","1280","800","1280","678","1.5","21","Nov 21, 12:22 AM","true"
"numerosity_discrimination","3","213","260","25","16","0.64","j","130","<div style=""width:100vw;height:100vh;background-color:black;""></div>","f","html-keyboard-response","1085","2.0.0","934912","139027","testolin2020_replication","2025-11-21T08:19:02.074Z","13-14 inch laptop","1280","800","1280","678","1.5","21","Nov 21, 12:22 AM","false"
"numerosity_discrimination","3","214","241","7","11","0.6364","j","1534","<div style=""width:100vw;height:100vh;background-color:black;""></div>","f","html-keyboard-response","1090","2.0.0","938774","139027","testolin2020_replication","2025-11-21T08:19:02.074Z","13-14 inch laptop","1280","800","1280","678","1.5","21","Nov 21, 12:22 AM","false"
"numerosity_discrimination","3","215","182","12","9","0.75","j","365","<div style=""width:100vw;height:100vh;background-color:black;""></div>","j","html-keyboard-response","1095","2.0.0","941529","139027","testolin2020_replication","2025-11-21T08:19:02.074Z","13-14 inch laptop","1280","800","1280","678","1.5","21","Nov 21, 12:22 AM","true"
"numerosity_discrimination","3","216","15","20","25","0.8","j","666","<div style=""width:100vw;height:100vh;background-color:black;""></div>","f","html-keyboard-response","1100","2.0.0","944572","139027","testolin2020_replication","2025-11-21T08:19:02.074Z","13-14 inch laptop","1280","800","1280","678","1.5","21","Nov 21, 12:22 AM","false"
"numerosity_discrimination","3","217","247","11","16","0.6875","j","67","<div style=""width:100vw;height:100vh;background-color:black;""></div>","f","html-keyboard-response","1105","2.0.0","947301","139027","testolin2020_replication","2025-11-21T08:19:02.074Z","13-14 inch laptop","1280","800","1280","678","1.5","21","Nov 21, 12:22 AM","false"
"numerosity_discrimination","3","218","117","22","18","0.8182","j","640","<div style=""width:100vw;height:100vh;background-color:black;""></div>","f","html-keyboard-response","1110","2.0.0","950213","139027","testolin2020_replication","2025-11-21T08:19:02.074Z","13-14 inch laptop","1280","800","1280","678","1.5","21","Nov 21, 12:22 AM","false"
"numerosity_discrimination","3","219","249","14","22","0.6364","j","426","<div style=""width:100vw;height:100vh;background-color:black;""></div>","j","html-keyboard-response","1115","2.0.0","953100","139027","testolin2020_replication","2025-11-21T08:19:02.074Z","13-14 inch laptop","1280","800","1280","678","1.5","21","Nov 21, 12:22 AM","true"
"numerosity_discrimination","3","220","217","25","16","0.64","j","504","<div style=""width:100vw;height:100vh;background-color:black;""></div>","f","html-keyboard-response","1120","2.0.0","956275","139027","testolin2020_replication","2025-11-21T08:19:02.074Z","13-14 inch laptop","1280","800","1280","678","1.5","21","Nov 21, 12:22 AM","false"
"numerosity_discrimination","3","221","242","28","18","0.6429","j","391","<div style=""width:100vw;height:100vh;background-color:black;""></div>","f","html-keyboard-response","1125","2.0.0","959221","139027","testolin2020_replication","2025-11-21T08:19:02.074Z","13-14 inch laptop","1280","800","1280","678","1.5","21","Nov 21, 12:22 AM","false"
"numerosity_discrimination","3","222","106","25","22","0.88","j","471","<div style=""width:100vw;height:100vh;background-color:black;""></div>","f","html-keyboard-response","1130","2.0.0","962042","139027","testolin2020_replication","2025-11-21T08:19:02.074Z","13-14 inch laptop","1280","800","1280","678","1.5","21","Nov 21, 12:22 AM","false"
"numerosity_discrimination","3","223","101","20","25","0.8","j","314","<div style=""width:100vw;height:100vh;background-color:black;""></div>","j","html-keyboard-response","1135","2.0.0","964716","139027","testolin2020_replication","2025-11-21T08:19:02.074Z","13-14 inch laptop","1280","800","1280","678","1.5","21","Nov 21, 12:22 AM","true"
"numerosity_discrimination","3","224","113","20","16","0.8","j","49","<div style=""width:100vw;height:100vh;background-color:black;""></div>","f","html-keyboard-response","1140","2.0.0","967286","139027","testolin2020_replication","2025-11-21T08:19:02.074Z","13-14 inch laptop","1280","800","1280","678","1.5","21","Nov 21, 12:22 AM","false"
"numerosity_discrimination","3","225","71","22","18","0.8182","j","758","<div style=""width:100vw;height:100vh;background-color:black;""></div>","f","html-keyboard-response","1145","2.0.0","970413","139027","testolin2020_replication","2025-11-21T08:19:02.074Z","13-14 inch laptop","1280","800","1280","678","1.5","21","Nov 21, 12:22 AM","false"
"numerosity_discrimination","3","226","52","25","28","0.8929","j","3923","<div style=""width:100vw;height:100vh;background-color:black;""></div>","f","html-keyboard-response","1150","2.0.0","976937","139027","testolin2020_replication","2025-11-21T08:19:02.074Z","13-14 inch laptop","1280","800","1280","678","1.5","21","Nov 21, 12:22 AM","false"
"numerosity_discrimination","3","227","7","14","16","0.875","j","353","<div style=""width:100vw;height:100vh;background-color:black;""></div>","f","html-keyboard-response","1155","2.0.0","979758","139027","testolin2020_replication","2025-11-21T08:19:02.074Z","13-14 inch laptop","1280","800","1280","678","1.5","21","Nov 21, 12:22 AM","false"
"numerosity_discrimination","3","228","56","25","22","0.88","j","277","<div style=""width:100vw;height:100vh;background-color:black;""></div>","f","html-keyboard-response","1160","2.0.0","982633","139027","testolin2020_replication","2025-11-21T08:19:02.074Z","13-14 inch laptop","1280","800","1280","678","1.5","21","Nov 21, 12:22 AM","false"
"numerosity_discrimination","3","229","138","16","12","0.75","j","337","<div style=""width:100vw;height:100vh;background-color:black;""></div>","j","html-keyboard-response","1165","2.0.0","985466","139027","testolin2020_replication","2025-11-21T08:19:02.074Z","13-14 inch laptop","1280","800","1280","678","1.5","21","Nov 21, 12:22 AM","true"
"numerosity_discrimination","3","230","198","16","12","0.75","j","845","<div style=""width:100vw;height:100vh;background-color:black;""></div>","f","html-keyboard-response","1170","2.0.0","988874","139027","testolin2020_replication","2025-11-21T08:19:02.074Z","13-14 inch laptop","1280","800","1280","678","1.5","21","Nov 21, 12:22 AM","false"
"numerosity_discrimination","3","231","233","8","12","0.6667","j","137","<div style=""width:100vw;height:100vh;background-color:black;""></div>","f","html-keyboard-response","1175","2.0.0","991556","139027","testolin2020_replication","2025-11-21T08:19:02.074Z","13-14 inch laptop","1280","800","1280","678","1.5","21","Nov 21, 12:22 AM","false"
"numerosity_discrimination","3","232","264","25","16","0.64","j","373","<div style=""width:100vw;height:100vh;background-color:black;""></div>","f","html-keyboard-response","1180","2.0.0","994596","139027","testolin2020_replication","2025-11-21T08:19:02.074Z","13-14 inch laptop","1280","800","1280","678","1.5","21","Nov 21, 12:22 AM","false"
"numerosity_discrimination","3","233","27","14","12","0.8571","j","123","<div style=""width:100vw;height:100vh;background-color:black;""></div>","f","html-keyboard-response","1185","2.0.0","997135","139027","testolin2020_replication","2025-11-21T08:19:02.074Z","13-14 inch laptop","1280","800","1280","678","1.5","21","Nov 21, 12:22 AM","false"
"numerosity_discrimination","3","234","49","8","10","0.8","j","361","<div style=""width:100vw;height:100vh;background-color:black;""></div>","f","html-keyboard-response","1190","2.0.0","1000107","139027","testolin2020_replication","2025-11-21T08:19:02.074Z","13-14 inch laptop","1280","800","1280","678","1.5","21","Nov 21, 12:22 AM","false"
"numerosity_discrimination","3","235","10","9","11","0.8182","j","354","<div style=""width:100vw;height:100vh;background-color:black;""></div>","j","html-keyboard-response","1195","2.0.0","1002654","139027","testolin2020_replication","2025-11-21T08:19:02.074Z","13-14 inch laptop","1280","800","1280","678","1.5","21","Nov 21, 12:22 AM","true"
"numerosity_discrimination","3","236","232","8","12","0.6667","j","538","<div style=""width:100vw;height:100vh;background-color:black;""></div>","f","html-keyboard-response","1200","2.0.0","1005708","139027","testolin2020_replication","2025-11-21T08:19:02.074Z","13-14 inch laptop","1280","800","1280","678","1.5","21","Nov 21, 12:22 AM","false"
"numerosity_discrimination","3","237","69","10","8","0.8","j","297","<div style=""width:100vw;height:100vh;background-color:black;""></div>","f","html-keyboard-response","1205","2.0.0","1008209","139027","testolin2020_replication","2025-11-21T08:19:02.074Z","13-14 inch laptop","1280","800","1280","678","1.5","21","Nov 21, 12:22 AM","false"
"numerosity_discrimination","3","238","92","18","22","0.8182","j","1698","<div style=""width:100vw;height:100vh;background-color:black;""></div>","f","html-keyboard-response","1210","2.0.0","1012525","139027","testolin2020_replication","2025-11-21T08:19:02.074Z","13-14 inch laptop","1280","800","1280","678","1.5","21","Nov 21, 12:22 AM","false"
"numerosity_discrimination","3","239","60","18","22","0.8182","j","336","<div style=""width:100vw;height:100vh;background-color:black;""></div>","f","html-keyboard-response","1215","2.0.0","1015096","139027","testolin2020_replication","2025-11-21T08:19:02.074Z","13-14 inch laptop","1280","800","1280","678","1.5","21","Nov 21, 12:22 AM","false"
"numerosity_discrimination","3","240","72","11","9","0.8182","j","1003","<div style=""width:100vw;height:100vh;background-color:black;""></div>","f","html-keyboard-response","1220","2.0.0","1018579","139027","testolin2020_replication","2025-11-21T08:19:02.074Z","13-14 inch laptop","1280","800","1280","678","1.5","21","Nov 21, 12:22 AM","false"
"numerosity_discrimination","3","241","256","7","11","0.6364","j","792","<div style=""width:100vw;height:100vh;background-color:black;""></div>","f","html-keyboard-response","1225","2.0.0","1021856","139027","testolin2020_replication","2025-11-21T08:19:02.074Z","13-14 inch laptop","1280","800","1280","678","1.5","21","Nov 21, 12:22 AM","false"
"numerosity_discrimination","3","242","246","20","12","0.6","j","1235","<div style=""width:100vw;height:100vh;background-color:black;""></div>","f","html-keyboard-response","1230","2.0.0","1025721","139027","testolin2020_replication","2025-11-21T08:19:02.074Z","13-14 inch laptop","1280","800","1280","678","1.5","21","Nov 21, 12:22 AM","false"
"numerosity_discrimination","3","243","149","18","14","0.7778","j","1274","<div style=""width:100vw;height:100vh;background-color:black;""></div>","f","html-keyboard-response","1235","2.0.0","1029286","139027","testolin2020_replication","2025-11-21T08:19:02.074Z","13-14 inch laptop","1280","800","1280","678","1.5","21","Nov 21, 12:22 AM","false"
"numerosity_discrimination","3","244","229","20","12","0.6","j","1145","<div style=""width:100vw;height:100vh;background-color:black;""></div>","f","html-keyboard-response","1240","2.0.0","1032921","139027","testolin2020_replication","2025-11-21T08:19:02.074Z","13-14 inch laptop","1280","800","1280","678","1.5","21","Nov 21, 12:22 AM","false"
"numerosity_discrimination","3","245","57","22","18","0.8182","j","328","<div style=""width:100vw;height:100vh;background-color:black;""></div>","f","html-keyboard-response","1245","2.0.0","1035797","139027","testolin2020_replication","2025-11-21T08:19:02.074Z","13-14 inch laptop","1280","800","1280","678","1.5","21","Nov 21, 12:22 AM","false"
"numerosity_discrimination","3","246","227","8","12","0.6667","j","317","<div style=""width:100vw;height:100vh;background-color:black;""></div>","f","html-keyboard-response","1250","2.0.0","1038761","139027","testolin2020_replication","2025-11-21T08:19:02.074Z","13-14 inch laptop","1280","800","1280","678","1.5","21","Nov 21, 12:22 AM","false"
"numerosity_discrimination","3","247","2","28","25","0.8929","j","403","<div style=""width:100vw;height:100vh;background-color:black;""></div>","f","html-keyboard-response","1255","2.0.0","1041425","139027","testolin2020_replication","2025-11-21T08:19:02.074Z","13-14 inch laptop","1280","800","1280","678","1.5","21","Nov 21, 12:22 AM","false"
"numerosity_discrimination","3","248","251","20","12","0.6","j","1778","<div style=""width:100vw;height:100vh;background-color:black;""></div>","f","html-keyboard-response","1260","2.0.0","1045482","139027","testolin2020_replication","2025-11-21T08:19:02.074Z","13-14 inch laptop","1280","800","1280","678","1.5","21","Nov 21, 12:22 AM","false"
"numerosity_discrimination","3","249","172","16","22","0.7273","j","111","<div style=""width:100vw;height:100vh;background-color:black;""></div>","j","html-keyboard-response","1265","2.0.0","1048063","139027","testolin2020_replication","2025-11-21T08:19:02.074Z","13-14 inch laptop","1280","800","1280","678","1.5","21","Nov 21, 12:22 AM","true"
"numerosity_discrimination","3","250","161","28","22","0.7857","j","118","<div style=""width:100vw;height:100vh;background-color:black;""></div>","f","html-keyboard-response","1270","2.0.0","1050594","139027","testolin2020_replication","2025-11-21T08:19:02.074Z","13-14 inch laptop","1280","800","1280","678","1.5","21","Nov 21, 12:22 AM","false"
"numerosity_discrimination","3","251","218","14","22","0.6364","j","141","<div style=""width:100vw;height:100vh;background-color:black;""></div>","f","html-keyboard-response","1275","2.0.0","1053090","139027","testolin2020_replication","2025-11-21T08:19:02.074Z","13-14 inch laptop","1280","800","1280","678","1.5","21","Nov 21, 12:22 AM","false"
"numerosity_discrimination","3","252","168","20","14","0.7","j","986","<div style=""width:100vw;height:100vh;background-color:black;""></div>","f","html-keyboard-response","1280","2.0.0","1056578","139027","testolin2020_replication","2025-11-21T08:19:02.074Z","13-14 inch laptop","1280","800","1280","678","1.5","21","Nov 21, 12:22 AM","false"
"numerosity_discrimination","3","253","155","7","9","0.7778","j","220","<div style=""width:100vw;height:100vh;background-color:black;""></div>","f","html-keyboard-response","1285","2.0.0","1059238","139027","testolin2020_replication","2025-11-21T08:19:02.074Z","13-14 inch laptop","1280","800","1280","678","1.5","21","Nov 21, 12:22 AM","false"
"numerosity_discrimination","3","254","216","9","14","0.6429","j","2648","<div style=""width:100vw;height:100vh;background-color:black;""></div>","f","html-keyboard-response","1290","2.0.0","1064414","139027","testolin2020_replication","2025-11-21T08:19:02.074Z","13-14 inch laptop","1280","800","1280","678","1.5","21","Nov 21, 12:22 AM","false"
"numerosity_discrimination","3","255","94","22","25","0.88","j","132","<div style=""width:100vw;height:100vh;background-color:black;""></div>","f","html-keyboard-response","1295","2.0.0","1067023","139027","testolin2020_replication","2025-11-21T08:19:02.074Z","13-14 inch laptop","1280","800","1280","678","1.5","21","Nov 21, 12:22 AM","false"
"numerosity_discrimination","3","256","180","9","7","0.7778","j","229","<div style=""width:100vw;height:100vh;background-color:black;""></div>","j","html-keyboard-response","1300","2.0.0","1069583","139027","testolin2020_replication","2025-11-21T08:19:02.074Z","13-14 inch laptop","1280","800","1280","678","1.5","21","Nov 21, 12:22 AM","true"
"numerosity_discrimination","3","257","276","16","8","0.5","j","756","<div style=""width:100vw;height:100vh;background-color:black;""></div>","f","html-keyboard-response","1305","2.0.0","1072698","139027","testolin2020_replication","2025-11-21T08:19:02.074Z","13-14 inch laptop","1280","800","1280","678","1.5","21","Nov 21, 12:22 AM","false"
"numerosity_discrimination","3","258","139","9","7","0.7778","j","342","<div style=""width:100vw;height:100vh;background-color:black;""></div>","j","html-keyboard-response","1310","2.0.0","1075646","139027","testolin2020_replication","2025-11-21T08:19:02.074Z","13-14 inch laptop","1280","800","1280","678","1.5","21","Nov 21, 12:22 AM","true"
"numerosity_discrimination","3","259","223","28","18","0.6429","j","398","<div style=""width:100vw;height:100vh;background-color:black;""></div>","f","html-keyboard-response","1315","2.0.0","1078317","139027","testolin2020_replication","2025-11-21T08:19:02.074Z","13-14 inch laptop","1280","800","1280","678","1.5","21","Nov 21, 12:22 AM","false"
"numerosity_discrimination","3","260","118","20","25","0.8","j","152","<div style=""width:100vw;height:100vh;background-color:black;""></div>","j","html-keyboard-response","1320","2.0.0","1081033","139027","testolin2020_replication","2025-11-21T08:19:02.074Z","13-14 inch laptop","1280","800","1280","678","1.5","21","Nov 21, 12:22 AM","true"
"numerosity_discrimination","3","261","211","8","12","0.6667","j","549","<div style=""width:100vw;height:100vh;background-color:black;""></div>","f","html-keyboard-response","1325","2.0.0","1083840","139027","testolin2020_replication","2025-11-21T08:19:02.074Z","13-14 inch laptop","1280","800","1280","678","1.5","21","Nov 21, 12:22 AM","false"
"numerosity_discrimination","3","262","97","7","8","0.875","j","225","<div style=""width:100vw;height:100vh;background-color:black;""></div>","j","html-keyboard-response","1330","2.0.0","1086517","139027","testolin2020_replication","2025-11-21T08:19:02.074Z","13-14 inch laptop","1280","800","1280","678","1.5","21","Nov 21, 12:22 AM","true"
"numerosity_discrimination","3","263","165","14","10","0.7143","j","71","<div style=""width:100vw;height:100vh;background-color:black;""></div>","f","html-keyboard-response","1335","2.0.0","1088957","139027","testolin2020_replication","2025-11-21T08:19:02.074Z","13-14 inch laptop","1280","800","1280","678","1.5","21","Nov 21, 12:22 AM","false"
"numerosity_discrimination","3","264","298","9","18","0.5","j","341","<div style=""width:100vw;height:100vh;background-color:black;""></div>","j","html-keyboard-response","1340","2.0.0","1091633","139027","testolin2020_replication","2025-11-21T08:19:02.074Z","13-14 inch laptop","1280","800","1280","678","1.5","21","Nov 21, 12:22 AM","true"
"numerosity_discrimination","3","265","152","16","12","0.75","j","411","<div style=""width:100vw;height:100vh;background-color:black;""></div>","f","html-keyboard-response","1345","2.0.0","1094262","139027","testolin2020_replication","2025-11-21T08:19:02.074Z","13-14 inch laptop","1280","800","1280","678","1.5","21","Nov 21, 12:22 AM","false"
"numerosity_discrimination","3","266","104","8","7","0.875","j","246","<div style=""width:100vw;height:100vh;background-color:black;""></div>","j","html-keyboard-response","1350","2.0.0","1096787","139027","testolin2020_replication","2025-11-21T08:19:02.074Z","13-14 inch laptop","1280","800","1280","678","1.5","21","Nov 21, 12:22 AM","true"
"numerosity_discrimination","3","267","262","9","14","0.6429","j","302","<div style=""width:100vw;height:100vh;background-color:black;""></div>","f","html-keyboard-response","1355","2.0.0","1099369","139027","testolin2020_replication","2025-11-21T08:19:02.074Z","13-14 inch laptop","1280","800","1280","678","1.5","21","Nov 21, 12:22 AM","false"
"numerosity_discrimination","3","268","269","9","14","0.6429","j","140","<div style=""width:100vw;height:100vh;background-color:black;""></div>","j","html-keyboard-response","1360","2.0.0","1102172","139027","testolin2020_replication","2025-11-21T08:19:02.074Z","13-14 inch laptop","1280","800","1280","678","1.5","21","Nov 21, 12:22 AM","true"
"numerosity_discrimination","3","269","252","18","28","0.6429","j","252","<div style=""width:100vw;height:100vh;background-color:black;""></div>","f","html-keyboard-response","1365","2.0.0","1104754","139027","testolin2020_replication","2025-11-21T08:19:02.074Z","13-14 inch laptop","1280","800","1280","678","1.5","21","Nov 21, 12:22 AM","false"
"numerosity_discrimination","3","270","130","22","28","0.7857","j","351","<div style=""width:100vw;height:100vh;background-color:black;""></div>","j","html-keyboard-response","1370","2.0.0","1107420","139027","testolin2020_replication","2025-11-21T08:19:02.074Z","13-14 inch laptop","1280","800","1280","678","1.5","21","Nov 21, 12:22 AM","true"
"numerosity_discrimination","3","271","1","9","8","0.8889","j","411","<div style=""width:100vw;height:100vh;background-color:black;""></div>","f","html-keyboard-response","1375","2.0.0","1110484","139027","testolin2020_replication","2025-11-21T08:19:02.074Z","13-14 inch laptop","1280","800","1280","678","1.5","21","Nov 21, 12:22 AM","false"
"numerosity_discrimination","3","272","255","18","28","0.6429","j","164","<div style=""width:100vw;height:100vh;background-color:black;""></div>","j","html-keyboard-response","1380","2.0.0","1113220","139027","testolin2020_replication","2025-11-21T08:19:02.074Z","13-14 inch laptop","1280","800","1280","678","1.5","21","Nov 21, 12:22 AM","true"
"numerosity_discrimination","3","273","40","10","12","0.8333","j","291","<div style=""width:100vw;height:100vh;background-color:black;""></div>","f","html-keyboard-response","1385","2.0.0","1116116","139027","testolin2020_replication","2025-11-21T08:19:02.074Z","13-14 inch laptop","1280","800","1280","678","1.5","21","Nov 21, 12:22 AM","false"
"numerosity_discrimination","3","274","277","20","10","0.5","j","179","<div style=""width:100vw;height:100vh;background-color:black;""></div>","f","html-keyboard-response","1390","2.0.0","1118636","139027","testolin2020_replication","2025-11-21T08:19:02.074Z","13-14 inch laptop","1280","800","1280","678","1.5","21","Nov 21, 12:22 AM","false"
"numerosity_discrimination","3","275","73","14","12","0.8571","j","391","<div style=""width:100vw;height:100vh;background-color:black;""></div>","f","html-keyboard-response","1395","2.0.0","1121312","139027","testolin2020_replication","2025-11-21T08:19:02.074Z","13-14 inch laptop","1280","800","1280","678","1.5","21","Nov 21, 12:22 AM","false"
"numerosity_discrimination","3","276","81","16","18","0.8889","j","271","<div style=""width:100vw;height:100vh;background-color:black;""></div>","f","html-keyboard-response","1400","2.0.0","1124202","139027","testolin2020_replication","2025-11-21T08:19:02.074Z","13-14 inch laptop","1280","800","1280","678","1.5","21","Nov 21, 12:22 AM","false"
"numerosity_discrimination","3","277","169","18","25","0.72","j","539","<div style=""width:100vw;height:100vh;background-color:black;""></div>","j","html-keyboard-response","1405","2.0.0","1127235","139027","testolin2020_replication","2025-11-21T08:19:02.074Z","13-14 inch laptop","1280","800","1280","678","1.5","21","Nov 21, 12:22 AM","true"
"numerosity_discrimination","3","278","296","9","16","0.5625","j","820","<div style=""width:100vw;height:100vh;background-color:black;""></div>","f","html-keyboard-response","1410","2.0.0","1130716","139027","testolin2020_replication","2025-11-21T08:19:02.074Z","13-14 inch laptop","1280","800","1280","678","1.5","21","Nov 21, 12:22 AM","false"
"numerosity_discrimination","3","279","25","11","9","0.8182","j","466","<div style=""width:100vw;height:100vh;background-color:black;""></div>","f","html-keyboard-response","1415","2.0.0","1133429","139027","testolin2020_replication","2025-11-21T08:19:02.074Z","13-14 inch laptop","1280","800","1280","678","1.5","21","Nov 21, 12:22 AM","false"
"numerosity_discrimination","3","280","289","22","12","0.5455","j","949","<div style=""width:100vw;height:100vh;background-color:black;""></div>","f","html-keyboard-response","1420","2.0.0","1136645","139027","testolin2020_replication","2025-11-21T08:19:02.074Z","13-14 inch laptop","1280","800","1280","678","1.5","21","Nov 21, 12:22 AM","false"
"numerosity_discrimination","3","281","33","8","9","0.8889","j","267","<div style=""width:100vw;height:100vh;background-color:black;""></div>","f","html-keyboard-response","1425","2.0.0","1139172","139027","testolin2020_replication","2025-11-21T08:19:02.074Z","13-14 inch laptop","1280","800","1280","678","1.5","21","Nov 21, 12:22 AM","false"
"numerosity_discrimination","3","282","43","11","9","0.8182","j","507","<div style=""width:100vw;height:100vh;background-color:black;""></div>","j","html-keyboard-response","1430","2.0.0","1142064","139027","testolin2020_replication","2025-11-21T08:19:02.074Z","13-14 inch laptop","1280","800","1280","678","1.5","21","Nov 21, 12:22 AM","true"
"numerosity_discrimination","3","283","147","8","11","0.7273","j","365","<div style=""width:100vw;height:100vh;background-color:black;""></div>","f","html-keyboard-response","1435","2.0.0","1144869","139027","testolin2020_replication","2025-11-21T08:19:02.074Z","13-14 inch laptop","1280","800","1280","678","1.5","21","Nov 21, 12:22 AM","false"
"numerosity_discrimination","3","284","98","25","28","0.8929","j","679","<div style=""width:100vw;height:100vh;background-color:black;""></div>","f","html-keyboard-response","1440","2.0.0","1147894","139027","testolin2020_replication","2025-11-21T08:19:02.074Z","13-14 inch laptop","1280","800","1280","678","1.5","21","Nov 21, 12:22 AM","false"
"numerosity_discrimination","3","285","39","20","16","0.8","j","388","<div style=""width:100vw;height:100vh;background-color:black;""></div>","j","html-keyboard-response","1445","2.0.0","1150828","139027","testolin2020_replication","2025-11-21T08:19:02.074Z","13-14 inch laptop","1280","800","1280","678","1.5","21","Nov 21, 12:22 AM","true"
"numerosity_discrimination","3","286","115","25","28","0.8929","j","557","<div style=""width:100vw;height:100vh;background-color:black;""></div>","j","html-keyboard-response","1450","2.0.0","1153738","139027","testolin2020_replication","2025-11-21T08:19:02.074Z","13-14 inch laptop","1280","800","1280","678","1.5","21","Nov 21, 12:22 AM","true"
"numerosity_discrimination","3","287","80","16","18","0.8889","j","1327","<div style=""width:100vw;height:100vh;background-color:black;""></div>","j","html-keyboard-response","1455","2.0.0","1157682","139027","testolin2020_replication","2025-11-21T08:19:02.074Z","13-14 inch laptop","1280","800","1280","678","1.5","21","Nov 21, 12:22 AM","true"
"numerosity_discrimination","3","288","144","28","20","0.7143","j","686","<div style=""width:100vw;height:100vh;background-color:black;""></div>","f","html-keyboard-response","1460","2.0.0","1160780","139027","testolin2020_replication","2025-11-21T08:19:02.074Z","13-14 inch laptop","1280","800","1280","678","1.5","21","Nov 21, 12:22 AM","false"
"numerosity_discrimination","3","289","45","25","20","0.8","j","1867","<div style=""width:100vw;height:100vh;background-color:black;""></div>","f","html-keyboard-response","1465","2.0.0","1165030","139027","testolin2020_replication","2025-11-21T08:19:02.074Z","13-14 inch laptop","1280","800","1280","678","1.5","21","Nov 21, 12:22 AM","false"
"numerosity_discrimination","3","290","200","12","9","0.75","j","2266","<div style=""width:100vw;height:100vh;background-color:black;""></div>","f","html-keyboard-response","1470","2.0.0","1169678","139027","testolin2020_replication","2025-11-21T08:19:02.074Z","13-14 inch laptop","1280","800","1280","678","1.5","21","Nov 21, 12:22 AM","false"
"numerosity_discrimination","3","291","212","22","14","0.6364","j","1513","<div style=""width:100vw;height:100vh;background-color:black;""></div>","f","html-keyboard-response","1475","2.0.0","1173412","139027","testolin2020_replication","2025-11-21T08:19:02.074Z","13-14 inch laptop","1280","800","1280","678","1.5","21","Nov 21, 12:22 AM","false"
"numerosity_discrimination","3","292","207","7","9","0.7778","j","484","<div style=""width:100vw;height:100vh;background-color:black;""></div>","f","html-keyboard-response","1480","2.0.0","1176304","139027","testolin2020_replication","2025-11-21T08:19:02.074Z","13-14 inch laptop","1280","800","1280","678","1.5","21","Nov 21, 12:22 AM","false"
"numerosity_discrimination","3","293","204","7","9","0.7778","j","470","<div style=""width:100vw;height:100vh;background-color:black;""></div>","j","html-keyboard-response","1485","2.0.0","1179131","139027","testolin2020_replication","2025-11-21T08:19:02.074Z","13-14 inch laptop","1280","800","1280","678","1.5","21","Nov 21, 12:22 AM","true"
"numerosity_discrimination","3","294","47","20","25","0.8","j","373","<div style=""width:100vw;height:100vh;background-color:black;""></div>","f","html-keyboard-response","1490","2.0.0","1181857","139027","testolin2020_replication","2025-11-21T08:19:02.074Z","13-14 inch laptop","1280","800","1280","678","1.5","21","Nov 21, 12:22 AM","false"
"numerosity_discrimination","3","295","206","9","7","0.7778","j","997","<div style=""width:100vw;height:100vh;background-color:black;""></div>","f","html-keyboard-response","1495","2.0.0","1185150","139027","testolin2020_replication","2025-11-21T08:19:02.074Z","13-14 inch laptop","1280","800","1280","678","1.5","21","Nov 21, 12:22 AM","false"
"numerosity_discrimination","3","296","91","12","14","0.8571","j","327","<div style=""width:100vw;height:100vh;background-color:black;""></div>","f","html-keyboard-response","1500","2.0.0","1188045","139027","testolin2020_replication","2025-11-21T08:19:02.074Z","13-14 inch laptop","1280","800","1280","678","1.5","21","Nov 21, 12:22 AM","false"
"numerosity_discrimination","3","297","263","22","14","0.6364","j","88","<div style=""width:100vw;height:100vh;background-color:black;""></div>","f","html-keyboard-response","1505","2.0.0","1190742","139027","testolin2020_replication","2025-11-21T08:19:02.074Z","13-14 inch laptop","1280","800","1280","678","1.5","21","Nov 21, 12:22 AM","false"
"numerosity_discrimination","3","298","110","7","8","0.875","j","340","<div style=""width:100vw;height:100vh;background-color:black;""></div>","f","html-keyboard-response","1510","2.0.0","1193375","139027","testolin2020_replication","2025-11-21T08:19:02.074Z","13-14 inch laptop","1280","800","1280","678","1.5","21","Nov 21, 12:22 AM","false"
"numerosity_discrimination","3","299","222","16","10","0.625","j","176","<div style=""width:100vw;height:100vh;background-color:black;""></div>","f","html-keyboard-response","1515","2.0.0","1195978","139027","testolin2020_replication","2025-11-21T08:19:02.074Z","13-14 inch laptop","1280","800","1280","678","1.5","21","Nov 21, 12:22 AM","false"
"numerosity_discrimination","3","300","143","20","28","0.7143","j","304","<div style=""width:100vw;height:100vh;background-color:black;""></div>","f","html-keyboard-response","1520","2.0.0","1198657","139027","testolin2020_replication","2025-11-21T08:19:02.074Z","13-14 inch laptop","1280","800","1280","678","1.5","21","Nov 21, 12:22 AM","false"
