"task","block","pair_order","pair_num","left_n","right_n","pair_ratio","correct_key","rt","stimulus","response","trial_type","trial_index","plugin_version","time_elapsed","participant_id","experiment","date","screen_size_category","screen_width_pixels","screen_height_pixels","window_width_pixels","window_height_pixels","pixel_ratio","participant_age","time_slot","correct"
"numerosity_discrimination","1","1","286","18","10","0.5556","j","502","<div style=""width:100vw;height:100vh;background-color:black;""></div>","f","html-keyboard-response","21","2.0.0","1346254","142318","testolin2020_replication","2025-11-28T03:28:32.324Z","15-16 inch laptop","1280","800","1240","622","2","24","Nov 27th 7:39","false"
"numerosity_discrimination","1","2","61","8","10","0.8","j","508","<div style=""width:100vw;height:100vh;background-color:black;""></div>","f","html-keyboard-response","26","2.0.0","1348934","142318","testolin2020_replication","2025-11-28T03:28:32.324Z","15-16 inch laptop","1280","800","1240","622","2","24","Nov 27th 7:39","false"
"numerosity_discrimination","1","3","271","20","11","0.55","j","627","<div style=""width:100vw;height:100vh;background-color:black;""></div>","j","html-keyboard-response","31","2.0.0","1351731","142318","testolin2020_replication","2025-11-28T03:28:32.324Z","15-16 inch laptop","1280","800","1240","622","2","24","Nov 27th 7:39","true"
"numerosity_discrimination","1","4","128","22","28","0.7857","j","1792","<div style=""width:100vw;height:100vh;background-color:black;""></div>","f","html-keyboard-response","36","2.0.0","1355956","142318","testolin2020_replication","2025-11-28T03:28:32.324Z","15-16 inch laptop","1280","800","1240","622","2","24","Nov 27th 7:39","false"
"numerosity_discrimination","1","5","278","9","18","0.5","j","3096","<div style=""width:100vw;height:100vh;background-color:black;""></div>","f","html-keyboard-response","41","2.0.0","1361532","142318","testolin2020_replication","2025-11-28T03:28:32.324Z","15-16 inch laptop","1280","800","1240","622","2","24","Nov 27th 7:39","false"
"numerosity_discrimination","1","6","51","10","12","0.8333","j","680","<div style=""width:100vw;height:100vh;background-color:black;""></div>","f","html-keyboard-response","46","2.0.0","1364826","142318","testolin2020_replication","2025-11-28T03:28:32.324Z","15-16 inch laptop","1280","800","1240","622","2","24","Nov 27th 7:39","false"
"numerosity_discrimination","1","7","188","9","12","0.75","j","628","<div style=""width:100vw;height:100vh;background-color:black;""></div>","f","html-keyboard-response","51","2.0.0","1367671","142318","testolin2020_replication","2025-11-28T03:28:32.324Z","15-16 inch laptop","1280","800","1240","622","2","24","Nov 27th 7:39","false"
"numerosity_discrimination","1","8","236","22","14","0.6364","j","999","<div style=""width:100vw;height:100vh;background-color:black;""></div>","f","html-keyboard-response","56","2.0.0","1371079","142318","testolin2020_replication","2025-11-28T03:28:32.324Z","15-16 inch laptop","1280","800","1240","622","2","24","Nov 27th 7:39","false"
"numerosity_discrimination","1","9","35","9","8","0.8889","j","687","<div style=""width:100vw;height:100vh;background-color:black;""></div>","f","html-keyboard-response","61","2.0.0","1374199","142318","testolin2020_replication","2025-11-28T03:28:32.324Z","15-16 inch laptop","1280","800","1240","622","2","24","Nov 27th 7:39","false"
"numerosity_discrimination","1","10","267","18","28","0.6429","j","357","<div style=""width:100vw;height:100vh;background-color:black;""></div>","f","html-keyboard-response","66","2.0.0","1377012","142318","testolin2020_replication","2025-11-28T03:28:32.324Z","15-16 inch laptop","1280","800","1240","622","2","24","Nov 27th 7:39","false"
"numerosity_discrimination","1","11","280","28","16","0.5714","j","237","<div style=""width:100vw;height:100vh;background-color:black;""></div>","f","html-keyboard-response","71","2.0.0","1379802","142318","testolin2020_replication","2025-11-28T03:28:32.324Z","15-16 inch laptop","1280","800","1240","622","2","24","Nov 27th 7:39","false"
"numerosity_discrimination","1","12","279","20","11","0.55","j","294","<div style=""width:100vw;height:100vh;background-color:black;""></div>","f","html-keyboard-response","76","2.0.0","1382276","142318","testolin2020_replication","2025-11-28T03:28:32.324Z","15-16 inch laptop","1280","800","1240","622","2","24","Nov 27th 7:39","false"
"numerosity_discrimination","1","13","167","9","12","0.75","j","426","<div style=""width:100vw;height:100vh;background-color:black;""></div>","j","html-keyboard-response","81","2.0.0","1385234","142318","testolin2020_replication","2025-11-28T03:28:32.324Z","15-16 inch laptop","1280","800","1240","622","2","24","Nov 27th 7:39","true"
"numerosity_discrimination","1","14","9","9","8","0.8889","j","321","<div style=""width:100vw;height:100vh;background-color:black;""></div>","f","html-keyboard-response","86","2.0.0","1388198","142318","testolin2020_replication","2025-11-28T03:28:32.324Z","15-16 inch laptop","1280","800","1240","622","2","24","Nov 27th 7:39","false"
"numerosity_discrimination","1","15","202","9","7","0.7778","j","438","<div style=""width:100vw;height:100vh;background-color:black;""></div>","f","html-keyboard-response","91","2.0.0","1390832","142318","testolin2020_replication","2025-11-28T03:28:32.324Z","15-16 inch laptop","1280","800","1240","622","2","24","Nov 27th 7:39","false"
"numerosity_discrimination","1","16","272","10","20","0.5","j","744","<div style=""width:100vw;height:100vh;background-color:black;""></div>","j","html-keyboard-response","96","2.0.0","1394084","142318","testolin2020_replication","2025-11-28T03:28:32.324Z","15-16 inch laptop","1280","800","1240","622","2","24","Nov 27th 7:39","true"
"numerosity_discrimination","1","17","235","14","9","0.6429","j","257","<div style=""width:100vw;height:100vh;background-color:black;""></div>","f","html-keyboard-response","101","2.0.0","1396732","142318","testolin2020_replication","2025-11-28T03:28:32.324Z","15-16 inch laptop","1280","800","1240","622","2","24","Nov 27th 7:39","false"
"numerosity_discrimination","1","18","67","11","9","0.8182","j","454","<div style=""width:100vw;height:100vh;background-color:black;""></div>","f","html-keyboard-response","106","2.0.0","1399546","142318","testolin2020_replication","2025-11-28T03:28:32.324Z","15-16 inch laptop","1280","800","1240","622","2","24","Nov 27th 7:39","false"
"numerosity_discrimination","1","19","160","12","16","0.75","j","558","<div style=""width:100vw;height:100vh;background-color:black;""></div>","j","html-keyboard-response","111","2.0.0","1402745","142318","testolin2020_replication","2025-11-28T03:28:32.324Z","15-16 inch laptop","1280","800","1240","622","2","24","Nov 27th 7:39","true"
"numerosity_discrimination","1","20","31","28","25","0.8929","j","284","<div style=""width:100vw;height:100vh;background-color:black;""></div>","f","html-keyboard-response","116","2.0.0","1405392","142318","testolin2020_replication","2025-11-28T03:28:32.324Z","15-16 inch laptop","1280","800","1240","622","2","24","Nov 27th 7:39","false"
"numerosity_discrimination","1","21","213","18","11","0.6111","j","294","<div style=""width:100vw;height:100vh;background-color:black;""></div>","f","html-keyboard-response","121","2.0.0","1408323","142318","testolin2020_replication","2025-11-28T03:28:32.324Z","15-16 inch laptop","1280","800","1240","622","2","24","Nov 27th 7:39","false"
"numerosity_discrimination","1","22","193","25","18","0.72","j","365","<div style=""width:100vw;height:100vh;background-color:black;""></div>","f","html-keyboard-response","126","2.0.0","1411344","142318","testolin2020_replication","2025-11-28T03:28:32.324Z","15-16 inch laptop","1280","800","1240","622","2","24","Nov 27th 7:39","false"
"numerosity_discrimination","1","23","105","28","25","0.8929","j","221","<div style=""width:100vw;height:100vh;background-color:black;""></div>","f","html-keyboard-response","131","2.0.0","1414056","142318","testolin2020_replication","2025-11-28T03:28:32.324Z","15-16 inch laptop","1280","800","1240","622","2","24","Nov 27th 7:39","false"
"numerosity_discrimination","1","24","158","18","14","0.7778","j","7311","<div style=""width:100vw;height:100vh;background-color:black;""></div>","j","html-keyboard-response","136","2.0.0","1423737","142318","testolin2020_replication","2025-11-28T03:28:32.324Z","15-16 inch laptop","1280","800","1240","622","2","24","Nov 27th 7:39","true"
"numerosity_discrimination","1","25","175","11","14","0.7857","j","589","<div style=""width:100vw;height:100vh;background-color:black;""></div>","f","html-keyboard-response","141","2.0.0","1426734","142318","testolin2020_replication","2025-11-28T03:28:32.324Z","15-16 inch laptop","1280","800","1240","622","2","24","Nov 27th 7:39","false"
"numerosity_discrimination","1","26","254","20","12","0.6","j","417","<div style=""width:100vw;height:100vh;background-color:black;""></div>","f","html-keyboard-response","146","2.0.0","1429455","142318","testolin2020_replication","2025-11-28T03:28:32.324Z","15-16 inch laptop","1280","800","1240","622","2","24","Nov 27th 7:39","false"
"numerosity_discrimination","1","27","221","16","10","0.625","j","1917","<div style=""width:100vw;height:100vh;background-color:black;""></div>","f","html-keyboard-response","151","2.0.0","1433745","142318","testolin2020_replication","2025-11-28T03:28:32.324Z","15-16 inch laptop","1280","800","1240","622","2","24","Nov 27th 7:39","false"
"numerosity_discrimination","1","28","55","18","16","0.8889","j","362","<div style=""width:100vw;height:100vh;background-color:black;""></div>","f","html-keyboard-response","156","2.0.0","1436606","142318","testolin2020_replication","2025-11-28T03:28:32.324Z","15-16 inch laptop","1280","800","1240","622","2","24","Nov 27th 7:39","false"
"numerosity_discrimination","1","29","120","14","12","0.8571","j","3306","<div style=""width:100vw;height:100vh;background-color:black;""></div>","j","html-keyboard-response","161","2.0.0","1442150","142318","testolin2020_replication","2025-11-28T03:28:32.324Z","15-16 inch laptop","1280","800","1240","622","2","24","Nov 27th 7:39","true"
"numerosity_discrimination","1","30","89","11","9","0.8182","j","610","<div style=""width:100vw;height:100vh;background-color:black;""></div>","f","html-keyboard-response","166","2.0.0","1444963","142318","testolin2020_replication","2025-11-28T03:28:32.324Z","15-16 inch laptop","1280","800","1240","622","2","24","Nov 27th 7:39","false"
"numerosity_discrimination","1","31","108","8","9","0.8889","j","617","<div style=""width:100vw;height:100vh;background-color:black;""></div>","f","html-keyboard-response","171","2.0.0","1448167","142318","testolin2020_replication","2025-11-28T03:28:32.324Z","15-16 inch laptop","1280","800","1240","622","2","24","Nov 27th 7:39","false"
"numerosity_discrimination","1","32","23","11","9","0.8182","j","1364","<div style=""width:100vw;height:100vh;background-color:black;""></div>","f","html-keyboard-response","176","2.0.0","1451845","142318","testolin2020_replication","2025-11-28T03:28:32.324Z","15-16 inch laptop","1280","800","1240","622","2","24","Nov 27th 7:39","false"
"numerosity_discrimination","1","33","48","14","16","0.875","j","675","<div style=""width:100vw;height:100vh;background-color:black;""></div>","f","html-keyboard-response","181","2.0.0","1454680","142318","testolin2020_replication","2025-11-28T03:28:32.324Z","15-16 inch laptop","1280","800","1240","622","2","24","Nov 27th 7:39","false"
"numerosity_discrimination","1","34","177","8","11","0.7273","j","360","<div style=""width:100vw;height:100vh;background-color:black;""></div>","f","html-keyboard-response","186","2.0.0","1457431","142318","testolin2020_replication","2025-11-28T03:28:32.324Z","15-16 inch laptop","1280","800","1240","622","2","24","Nov 27th 7:39","false"
"numerosity_discrimination","1","35","26","28","25","0.8929","j","378","<div style=""width:100vw;height:100vh;background-color:black;""></div>","f","html-keyboard-response","191","2.0.0","1460113","142318","testolin2020_replication","2025-11-28T03:28:32.324Z","15-16 inch laptop","1280","800","1240","622","2","24","Nov 27th 7:39","false"
"numerosity_discrimination","1","36","166","20","14","0.7","j","388","<div style=""width:100vw;height:100vh;background-color:black;""></div>","f","html-keyboard-response","196","2.0.0","1462947","142318","testolin2020_replication","2025-11-28T03:28:32.324Z","15-16 inch laptop","1280","800","1240","622","2","24","Nov 27th 7:39","false"
"numerosity_discrimination","1","37","261","28","18","0.6429","j","276","<div style=""width:100vw;height:100vh;background-color:black;""></div>","f","html-keyboard-response","201","2.0.0","1465866","142318","testolin2020_replication","2025-11-28T03:28:32.324Z","15-16 inch laptop","1280","800","1240","622","2","24","Nov 27th 7:39","false"
"numerosity_discrimination","1","38","32","16","20","0.8","j","288","<div style=""width:100vw;height:100vh;background-color:black;""></div>","f","html-keyboard-response","206","2.0.0","1468320","142318","testolin2020_replication","2025-11-28T03:28:32.324Z","15-16 inch laptop","1280","800","1240","622","2","24","Nov 27th 7:39","false"
"numerosity_discrimination","1","39","103","14","12","0.8571","j","270","<div style=""width:100vw;height:100vh;background-color:black;""></div>","f","html-keyboard-response","211","2.0.0","1471141","142318","testolin2020_replication","2025-11-28T03:28:32.324Z","15-16 inch laptop","1280","800","1240","622","2","24","Nov 27th 7:39","false"
"numerosity_discrimination","1","40","197","12","16","0.75","j","279","<div style=""width:100vw;height:100vh;background-color:black;""></div>","f","html-keyboard-response","216","2.0.0","1473730","142318","testolin2020_replication","2025-11-28T03:28:32.324Z","15-16 inch laptop","1280","800","1240","622","2","24","Nov 27th 7:39","false"
"numerosity_discrimination","1","41","268","18","11","0.6111","j","102","<div style=""width:100vw;height:100vh;background-color:black;""></div>","f","html-keyboard-response","221","2.0.0","1476151","142318","testolin2020_replication","2025-11-28T03:28:32.324Z","15-16 inch laptop","1280","800","1240","622","2","24","Nov 27th 7:39","false"
"numerosity_discrimination","1","42","299","20","10","0.5","j","122","<div style=""width:100vw;height:100vh;background-color:black;""></div>","f","html-keyboard-response","226","2.0.0","1478911","142318","testolin2020_replication","2025-11-28T03:28:32.324Z","15-16 inch laptop","1280","800","1240","622","2","24","Nov 27th 7:39","false"
"numerosity_discrimination","1","43","179","22","16","0.7273","j","460","<div style=""width:100vw;height:100vh;background-color:black;""></div>","f","html-keyboard-response","231","2.0.0","1481802","142318","testolin2020_replication","2025-11-28T03:28:32.324Z","15-16 inch laptop","1280","800","1240","622","2","24","Nov 27th 7:39","false"
"numerosity_discrimination","1","44","203","11","8","0.7273","j","660","<div style=""width:100vw;height:100vh;background-color:black;""></div>","f","html-keyboard-response","236","2.0.0","1484956","142318","testolin2020_replication","2025-11-28T03:28:32.324Z","15-16 inch laptop","1280","800","1240","622","2","24","Nov 27th 7:39","false"
"numerosity_discrimination","1","45","245","10","16","0.625","j","462","<div style=""width:100vw;height:100vh;background-color:black;""></div>","j","html-keyboard-response","241","2.0.0","1487905","142318","testolin2020_replication","2025-11-28T03:28:32.324Z","15-16 inch laptop","1280","800","1240","622","2","24","Nov 27th 7:39","true"
"numerosity_discrimination","1","46","34","16","18","0.8889","j","549","<div style=""width:100vw;height:100vh;background-color:black;""></div>","f","html-keyboard-response","246","2.0.0","1490927","142318","testolin2020_replication","2025-11-28T03:28:32.324Z","15-16 inch laptop","1280","800","1240","622","2","24","Nov 27th 7:39","false"
"numerosity_discrimination","1","47","164","20","14","0.7","j","453","<div style=""width:100vw;height:100vh;background-color:black;""></div>","f","html-keyboard-response","251","2.0.0","1493620","142318","testolin2020_replication","2025-11-28T03:28:32.324Z","15-16 inch laptop","1280","800","1240","622","2","24","Nov 27th 7:39","false"
"numerosity_discrimination","1","48","186","22","28","0.7857","j","2428","<div style=""width:100vw;height:100vh;background-color:black;""></div>","j","html-keyboard-response","256","2.0.0","1498672","142318","testolin2020_replication","2025-11-28T03:28:32.324Z","15-16 inch laptop","1280","800","1240","622","2","24","Nov 27th 7:39","true"
"numerosity_discrimination","1","49","19","18","22","0.8182","j","513","<div style=""width:100vw;height:100vh;background-color:black;""></div>","f","html-keyboard-response","261","2.0.0","1501729","142318","testolin2020_replication","2025-11-28T03:28:32.324Z","15-16 inch laptop","1280","800","1240","622","2","24","Nov 27th 7:39","false"
"numerosity_discrimination","1","50","22","16","20","0.8","j","413","<div style=""width:100vw;height:100vh;background-color:black;""></div>","f","html-keyboard-response","266","2.0.0","1504530","142318","testolin2020_replication","2025-11-28T03:28:32.324Z","15-16 inch laptop","1280","800","1240","622","2","24","Nov 27th 7:39","false"
"numerosity_discrimination","1","51","285","11","22","0.5","j","335","<div style=""width:100vw;height:100vh;background-color:black;""></div>","f","html-keyboard-response","271","2.0.0","1507387","142318","testolin2020_replication","2025-11-28T03:28:32.324Z","15-16 inch laptop","1280","800","1240","622","2","24","Nov 27th 7:39","false"
"numerosity_discrimination","1","52","54","22","18","0.8182","j","502","<div style=""width:100vw;height:100vh;background-color:black;""></div>","f","html-keyboard-response","276","2.0.0","1510214","142318","testolin2020_replication","2025-11-28T03:28:32.324Z","15-16 inch laptop","1280","800","1240","622","2","24","Nov 27th 7:39","false"
"numerosity_discrimination","1","53","238","20","12","0.6","j","439","<div style=""width:100vw;height:100vh;background-color:black;""></div>","f","html-keyboard-response","281","2.0.0","1513169","142318","testolin2020_replication","2025-11-28T03:28:32.324Z","15-16 inch laptop","1280","800","1240","622","2","24","Nov 27th 7:39","false"
"numerosity_discrimination","1","54","124","16","12","0.75","j","845","<div style=""width:100vw;height:100vh;background-color:black;""></div>","j","html-keyboard-response","286","2.0.0","1516460","142318","testolin2020_replication","2025-11-28T03:28:32.324Z","15-16 inch laptop","1280","800","1240","622","2","24","Nov 27th 7:39","true"
"numerosity_discrimination","1","55","18","14","12","0.8571","j","360","<div style=""width:100vw;height:100vh;background-color:black;""></div>","f","html-keyboard-response","291","2.0.0","1519361","142318","testolin2020_replication","2025-11-28T03:28:32.324Z","15-16 inch laptop","1280","800","1240","622","2","24","Nov 27th 7:39","false"
"numerosity_discrimination","1","56","173","25","18","0.72","j","598","<div style=""width:100vw;height:100vh;background-color:black;""></div>","f","html-keyboard-response","296","2.0.0","1522339","142318","testolin2020_replication","2025-11-28T03:28:32.324Z","15-16 inch laptop","1280","800","1240","622","2","24","Nov 27th 7:39","false"
"numerosity_discrimination","1","57","63","9","8","0.8889","j","712","<div style=""width:100vw;height:100vh;background-color:black;""></div>","j","html-keyboard-response","301","2.0.0","1525312","142318","testolin2020_replication","2025-11-28T03:28:32.324Z","15-16 inch laptop","1280","800","1240","622","2","24","Nov 27th 7:39","true"
"numerosity_discrimination","1","58","159","20","28","0.7143","j","576","<div style=""width:100vw;height:100vh;background-color:black;""></div>","f","html-keyboard-response","306","2.0.0","1528274","142318","testolin2020_replication","2025-11-28T03:28:32.324Z","15-16 inch laptop","1280","800","1240","622","2","24","Nov 27th 7:39","false"
"numerosity_discrimination","1","59","265","18","28","0.6429","j","332","<div style=""width:100vw;height:100vh;background-color:black;""></div>","f","html-keyboard-response","311","2.0.0","1531102","142318","testolin2020_replication","2025-11-28T03:28:32.324Z","15-16 inch laptop","1280","800","1240","622","2","24","Nov 27th 7:39","false"
"numerosity_discrimination","1","60","17","12","14","0.8571","j","752","<div style=""width:100vw;height:100vh;background-color:black;""></div>","f","html-keyboard-response","316","2.0.0","1534273","142318","testolin2020_replication","2025-11-28T03:28:32.324Z","15-16 inch laptop","1280","800","1240","622","2","24","Nov 27th 7:39","false"
"numerosity_discrimination","1","61","140","11","8","0.7273","j","836","<div style=""width:100vw;height:100vh;background-color:black;""></div>","f","html-keyboard-response","321","2.0.0","1537705","142318","testolin2020_replication","2025-11-28T03:28:32.324Z","15-16 inch laptop","1280","800","1240","622","2","24","Nov 27th 7:39","false"
"numerosity_discrimination","1","62","208","9","7","0.7778","j","666","<div style=""width:100vw;height:100vh;background-color:black;""></div>","j","html-keyboard-response","326","2.0.0","1540725","142318","testolin2020_replication","2025-11-28T03:28:32.324Z","15-16 inch laptop","1280","800","1240","622","2","24","Nov 27th 7:39","true"
"numerosity_discrimination","1","63","53","18","22","0.8182","j","436","<div style=""width:100vw;height:100vh;background-color:black;""></div>","f","html-keyboard-response","331","2.0.0","1543783","142318","testolin2020_replication","2025-11-28T03:28:32.324Z","15-16 inch laptop","1280","800","1240","622","2","24","Nov 27th 7:39","false"
"numerosity_discrimination","1","64","126","9","7","0.7778","j","560","<div style=""width:100vw;height:100vh;background-color:black;""></div>","j","html-keyboard-response","336","2.0.0","1546874","142318","testolin2020_replication","2025-11-28T03:28:32.324Z","15-16 inch laptop","1280","800","1240","622","2","24","Nov 27th 7:39","true"
"numerosity_discrimination","1","65","88","12","10","0.8333","j","452","<div style=""width:100vw;height:100vh;background-color:black;""></div>","f","html-keyboard-response","341","2.0.0","1549556","142318","testolin2020_replication","2025-11-28T03:28:32.324Z","15-16 inch laptop","1280","800","1240","622","2","24","Nov 27th 7:39","false"
"numerosity_discrimination","1","66","116","28","25","0.8929","j","511","<div style=""width:100vw;height:100vh;background-color:black;""></div>","f","html-keyboard-response","346","2.0.0","1552568","142318","testolin2020_replication","2025-11-28T03:28:32.324Z","15-16 inch laptop","1280","800","1240","622","2","24","Nov 27th 7:39","false"
"numerosity_discrimination","1","67","4","12","14","0.8571","j","2143","<div style=""width:100vw;height:100vh;background-color:black;""></div>","f","html-keyboard-response","351","2.0.0","1557046","142318","testolin2020_replication","2025-11-28T03:28:32.324Z","15-16 inch laptop","1280","800","1240","622","2","24","Nov 27th 7:39","false"
"numerosity_discrimination","1","68","287","25","14","0.56","j","360","<div style=""width:100vw;height:100vh;background-color:black;""></div>","f","html-keyboard-response","356","2.0.0","1559744","142318","testolin2020_replication","2025-11-28T03:28:32.324Z","15-16 inch laptop","1280","800","1240","622","2","24","Nov 27th 7:39","false"
"numerosity_discrimination","1","69","119","12","10","0.8333","j","973","<div style=""width:100vw;height:100vh;background-color:black;""></div>","f","html-keyboard-response","361","2.0.0","1563273","142318","testolin2020_replication","2025-11-28T03:28:32.324Z","15-16 inch laptop","1280","800","1240","622","2","24","Nov 27th 7:39","false"
"numerosity_discrimination","1","70","122","8","11","0.7273","j","493","<div style=""width:100vw;height:100vh;background-color:black;""></div>","j","html-keyboard-response","366","2.0.0","1566324","142318","testolin2020_replication","2025-11-28T03:28:32.324Z","15-16 inch laptop","1280","800","1240","622","2","24","Nov 27th 7:39","true"
"numerosity_discrimination","1","71","194","7","9","0.7778","j","4859","<div style=""width:100vw;height:100vh;background-color:black;""></div>","j","html-keyboard-response","371","2.0.0","1573429","142318","testolin2020_replication","2025-11-28T03:28:32.324Z","15-16 inch laptop","1280","800","1240","622","2","24","Nov 27th 7:39","true"
"numerosity_discrimination","1","72","75","12","14","0.8571","j","394","<div style=""width:100vw;height:100vh;background-color:black;""></div>","f","html-keyboard-response","376","2.0.0","1576041","142318","testolin2020_replication","2025-11-28T03:28:32.324Z","15-16 inch laptop","1280","800","1240","622","2","24","Nov 27th 7:39","false"
"numerosity_discrimination","1","73","150","16","22","0.7273","j","886","<div style=""width:100vw;height:100vh;background-color:black;""></div>","f","html-keyboard-response","381","2.0.0","1579288","142318","testolin2020_replication","2025-11-28T03:28:32.324Z","15-16 inch laptop","1280","800","1240","622","2","24","Nov 27th 7:39","false"
"numerosity_discrimination","1","74","70","18","16","0.8889","j","11841","<div style=""width:100vw;height:100vh;background-color:black;""></div>","f","html-keyboard-response","386","2.0.0","1593728","142318","testolin2020_replication","2025-11-28T03:28:32.324Z","15-16 inch laptop","1280","800","1240","622","2","24","Nov 27th 7:39","false"
"numerosity_discrimination","1","75","187","18","14","0.7778","j","407","<div style=""width:100vw;height:100vh;background-color:black;""></div>","j","html-keyboard-response","391","2.0.0","1596657","142318","testolin2020_replication","2025-11-28T03:28:32.324Z","15-16 inch laptop","1280","800","1240","622","2","24","Nov 27th 7:39","true"
"numerosity_discrimination","1","76","275","14","7","0.5","j","294","<div style=""width:100vw;height:100vh;background-color:black;""></div>","f","html-keyboard-response","396","2.0.0","1599378","142318","testolin2020_replication","2025-11-28T03:28:32.324Z","15-16 inch laptop","1280","800","1240","622","2","24","Nov 27th 7:39","false"
"numerosity_discrimination","1","77","192","22","28","0.7857","j","556","<div style=""width:100vw;height:100vh;background-color:black;""></div>","j","html-keyboard-response","401","2.0.0","1602218","142318","testolin2020_replication","2025-11-28T03:28:32.324Z","15-16 inch laptop","1280","800","1240","622","2","24","Nov 27th 7:39","true"
"numerosity_discrimination","1","78","225","14","22","0.6364","j","290","<div style=""width:100vw;height:100vh;background-color:black;""></div>","j","html-keyboard-response","406","2.0.0","1604862","142318","testolin2020_replication","2025-11-28T03:28:32.324Z","15-16 inch laptop","1280","800","1240","622","2","24","Nov 27th 7:39","true"
"numerosity_discrimination","1","79","59","14","12","0.8571","j","367","<div style=""width:100vw;height:100vh;background-color:black;""></div>","f","html-keyboard-response","411","2.0.0","1607823","142318","testolin2020_replication","2025-11-28T03:28:32.324Z","15-16 inch laptop","1280","800","1240","622","2","24","Nov 27th 7:39","false"
"numerosity_discrimination","1","80","239","22","14","0.6364","j","230","<div style=""width:100vw;height:100vh;background-color:black;""></div>","f","html-keyboard-response","416","2.0.0","1610618","142318","testolin2020_replication","2025-11-28T03:28:32.324Z","15-16 inch laptop","1280","800","1240","622","2","24","Nov 27th 7:39","false"
"numerosity_discrimination","1","81","226","14","9","0.6429","j","835","<div style=""width:100vw;height:100vh;background-color:black;""></div>","j","html-keyboard-response","421","2.0.0","1613798","142318","testolin2020_replication","2025-11-28T03:28:32.324Z","15-16 inch laptop","1280","800","1240","622","2","24","Nov 27th 7:39","true"
"numerosity_discrimination","1","82","259","18","11","0.6111","j","231","<div style=""width:100vw;height:100vh;background-color:black;""></div>","f","html-keyboard-response","426","2.0.0","1616607","142318","testolin2020_replication","2025-11-28T03:28:32.324Z","15-16 inch laptop","1280","800","1240","622","2","24","Nov 27th 7:39","false"
"numerosity_discrimination","1","83","184","18","14","0.7778","j","373","<div style=""width:100vw;height:100vh;background-color:black;""></div>","f","html-keyboard-response","431","2.0.0","1619485","142318","testolin2020_replication","2025-11-28T03:28:32.324Z","15-16 inch laptop","1280","800","1240","622","2","24","Nov 27th 7:39","false"
"numerosity_discrimination","1","84","100","28","25","0.8929","j","483","<div style=""width:100vw;height:100vh;background-color:black;""></div>","f","html-keyboard-response","436","2.0.0","1622392","142318","testolin2020_replication","2025-11-28T03:28:32.324Z","15-16 inch laptop","1280","800","1240","622","2","24","Nov 27th 7:39","false"
"numerosity_discrimination","1","85","38","14","16","0.875","j","506","<div style=""width:100vw;height:100vh;background-color:black;""></div>","f","html-keyboard-response","441","2.0.0","1625506","142318","testolin2020_replication","2025-11-28T03:28:32.324Z","15-16 inch laptop","1280","800","1240","622","2","24","Nov 27th 7:39","false"
"numerosity_discrimination","1","86","109","12","14","0.8571","j","369","<div style=""width:100vw;height:100vh;background-color:black;""></div>","j","html-keyboard-response","446","2.0.0","1628349","142318","testolin2020_replication","2025-11-28T03:28:32.324Z","15-16 inch laptop","1280","800","1240","622","2","24","Nov 27th 7:39","true"
"numerosity_discrimination","1","87","231","25","16","0.64","j","10749","<div style=""width:100vw;height:100vh;background-color:black;""></div>","j","html-keyboard-response","451","2.0.0","1641720","142318","testolin2020_replication","2025-11-28T03:28:32.324Z","15-16 inch laptop","1280","800","1240","622","2","24","Nov 27th 7:39","true"
"numerosity_discrimination","1","88","282","8","14","0.5714","j","1023","<div style=""width:100vw;height:100vh;background-color:black;""></div>","f","html-keyboard-response","456","2.0.0","1645091","142318","testolin2020_replication","2025-11-28T03:28:32.324Z","15-16 inch laptop","1280","800","1240","622","2","24","Nov 27th 7:39","false"
"numerosity_discrimination","1","89","37","20","16","0.8","j","281","<div style=""width:100vw;height:100vh;background-color:black;""></div>","f","html-keyboard-response","461","2.0.0","1647924","142318","testolin2020_replication","2025-11-28T03:28:32.324Z","15-16 inch laptop","1280","800","1240","622","2","24","Nov 27th 7:39","false"
"numerosity_discrimination","1","90","41","16","20","0.8","j","296","<div style=""width:100vw;height:100vh;background-color:black;""></div>","f","html-keyboard-response","466","2.0.0","1650793","142318","testolin2020_replication","2025-11-28T03:28:32.324Z","15-16 inch laptop","1280","800","1240","622","2","24","Nov 27th 7:39","false"
"numerosity_discrimination","1","91","11","8","10","0.8","j","222","<div style=""width:100vw;height:100vh;background-color:black;""></div>","j","html-keyboard-response","471","2.0.0","1653223","142318","testolin2020_replication","2025-11-28T03:28:32.324Z","15-16 inch laptop","1280","800","1240","622","2","24","Nov 27th 7:39","true"
"numerosity_discrimination","1","92","163","18","14","0.7778","j","342","<div style=""width:100vw;height:100vh;background-color:black;""></div>","f","html-keyboard-response","476","2.0.0","1656031","142318","testolin2020_replication","2025-11-28T03:28:32.324Z","15-16 inch laptop","1280","800","1240","622","2","24","Nov 27th 7:39","false"
"numerosity_discrimination","1","93","243","18","12","0.6667","j","230","<div style=""width:100vw;height:100vh;background-color:black;""></div>","f","html-keyboard-response","481","2.0.0","1658728","142318","testolin2020_replication","2025-11-28T03:28:32.324Z","15-16 inch laptop","1280","800","1240","622","2","24","Nov 27th 7:39","false"
"numerosity_discrimination","1","94","290","12","22","0.5455","j","512","<div style=""width:100vw;height:100vh;background-color:black;""></div>","j","html-keyboard-response","486","2.0.0","1661455","142318","testolin2020_replication","2025-11-28T03:28:32.324Z","15-16 inch laptop","1280","800","1240","622","2","24","Nov 27th 7:39","true"
"numerosity_discrimination","1","95","281","12","7","0.5833","j","232","<div style=""width:100vw;height:100vh;background-color:black;""></div>","f","html-keyboard-response","491","2.0.0","1664136","142318","testolin2020_replication","2025-11-28T03:28:32.324Z","15-16 inch laptop","1280","800","1240","622","2","24","Nov 27th 7:39","false"
"numerosity_discrimination","1","96","134","16","12","0.75","j","200","<div style=""width:100vw;height:100vh;background-color:black;""></div>","f","html-keyboard-response","496","2.0.0","1666941","142318","testolin2020_replication","2025-11-28T03:28:32.324Z","15-16 inch laptop","1280","800","1240","622","2","24","Nov 27th 7:39","false"
"numerosity_discrimination","1","97","123","12","16","0.75","j","204","<div style=""width:100vw;height:100vh;background-color:black;""></div>","j","html-keyboard-response","501","2.0.0","1669350","142318","testolin2020_replication","2025-11-28T03:28:32.324Z","15-16 inch laptop","1280","800","1240","622","2","24","Nov 27th 7:39","true"
"numerosity_discrimination","1","98","274","18","9","0.5","j","178","<div style=""width:100vw;height:100vh;background-color:black;""></div>","f","html-keyboard-response","506","2.0.0","1671824","142318","testolin2020_replication","2025-11-28T03:28:32.324Z","15-16 inch laptop","1280","800","1240","622","2","24","Nov 27th 7:39","false"
"numerosity_discrimination","1","99","112","28","25","0.8929","j","289","<div style=""width:100vw;height:100vh;background-color:black;""></div>","f","html-keyboard-response","511","2.0.0","1674662","142318","testolin2020_replication","2025-11-28T03:28:32.324Z","15-16 inch laptop","1280","800","1240","622","2","24","Nov 27th 7:39","false"
"numerosity_discrimination","1","100","295","20","10","0.5","j","206","<div style=""width:100vw;height:100vh;background-color:black;""></div>","f","html-keyboard-response","516","2.0.0","1677393","142318","testolin2020_replication","2025-11-28T03:28:32.324Z","15-16 inch laptop","1280","800","1240","622","2","24","Nov 27th 7:39","false"
"numerosity_discrimination","2","101","46","18","22","0.8182","j","623","<div style=""width:100vw;height:100vh;background-color:black;""></div>","f","html-keyboard-response","523","2.0.0","2232767","142318","testolin2020_replication","2025-11-28T03:28:32.324Z","15-16 inch laptop","1280","800","1240","622","2","24","Nov 27th 7:39","false"
"numerosity_discrimination","2","102","77","7","8","0.875","j","778","<div style=""width:100vw;height:100vh;background-color:black;""></div>","f","html-keyboard-response","528","2.0.0","2235795","142318","testolin2020_replication","2025-11-28T03:28:32.324Z","15-16 inch laptop","1280","800","1240","622","2","24","Nov 27th 7:39","false"
"numerosity_discrimination","2","103","68","11","9","0.8182","j","223","<div style=""width:100vw;height:100vh;background-color:black;""></div>","f","html-keyboard-response","533","2.0.0","2238320","142318","testolin2020_replication","2025-11-28T03:28:32.324Z","15-16 inch laptop","1280","800","1240","622","2","24","Nov 27th 7:39","false"
"numerosity_discrimination","2","104","178","14","11","0.7857","j","329","<div style=""width:100vw;height:100vh;background-color:black;""></div>","f","html-keyboard-response","538","2.0.0","2241251","142318","testolin2020_replication","2025-11-28T03:28:32.324Z","15-16 inch laptop","1280","800","1240","622","2","24","Nov 27th 7:39","false"
"numerosity_discrimination","2","105","30","11","9","0.8182","j","451","<div style=""width:100vw;height:100vh;background-color:black;""></div>","f","html-keyboard-response","543","2.0.0","2244060","142318","testolin2020_replication","2025-11-28T03:28:32.324Z","15-16 inch laptop","1280","800","1240","622","2","24","Nov 27th 7:39","false"
"numerosity_discrimination","2","106","86","22","25","0.88","j","591","<div style=""width:100vw;height:100vh;background-color:black;""></div>","f","html-keyboard-response","548","2.0.0","2247199","142318","testolin2020_replication","2025-11-28T03:28:32.324Z","15-16 inch laptop","1280","800","1240","622","2","24","Nov 27th 7:39","false"
"numerosity_discrimination","2","107","244","8","12","0.6667","j","456","<div style=""width:100vw;height:100vh;background-color:black;""></div>","f","html-keyboard-response","553","2.0.0","2250177","142318","testolin2020_replication","2025-11-28T03:28:32.324Z","15-16 inch laptop","1280","800","1240","622","2","24","Nov 27th 7:39","false"
"numerosity_discrimination","2","108","195","16","12","0.75","j","434","<div style=""width:100vw;height:100vh;background-color:black;""></div>","f","html-keyboard-response","558","2.0.0","2252818","142318","testolin2020_replication","2025-11-28T03:28:32.324Z","15-16 inch laptop","1280","800","1240","622","2","24","Nov 27th 7:39","false"
"numerosity_discrimination","2","109","78","11","9","0.8182","j","452","<div style=""width:100vw;height:100vh;background-color:black;""></div>","f","html-keyboard-response","563","2.0.0","2255799","142318","testolin2020_replication","2025-11-28T03:28:32.324Z","15-16 inch laptop","1280","800","1240","622","2","24","Nov 27th 7:39","false"
"numerosity_discrimination","2","110","6","16","18","0.8889","j","1171","<div style=""width:100vw;height:100vh;background-color:black;""></div>","j","html-keyboard-response","568","2.0.0","2259552","142318","testolin2020_replication","2025-11-28T03:28:32.324Z","15-16 inch laptop","1280","800","1240","622","2","24","Nov 27th 7:39","true"
"numerosity_discrimination","2","111","185","20","28","0.7143","j","1702","<div style=""width:100vw;height:100vh;background-color:black;""></div>","f","html-keyboard-response","573","2.0.0","2263694","142318","testolin2020_replication","2025-11-28T03:28:32.324Z","15-16 inch laptop","1280","800","1240","622","2","24","Nov 27th 7:39","false"
"numerosity_discrimination","2","112","148","25","18","0.72","j","2960","<div style=""width:100vw;height:100vh;background-color:black;""></div>","j","html-keyboard-response","578","2.0.0","2268921","142318","testolin2020_replication","2025-11-28T03:28:32.324Z","15-16 inch laptop","1280","800","1240","622","2","24","Nov 27th 7:39","true"
"numerosity_discrimination","2","113","157","7","10","0.7","j","736","<div style=""width:100vw;height:100vh;background-color:black;""></div>","j","html-keyboard-response","583","2.0.0","2272268","142318","testolin2020_replication","2025-11-28T03:28:32.324Z","15-16 inch laptop","1280","800","1240","622","2","24","Nov 27th 7:39","true"
"numerosity_discrimination","2","114","141","20","14","0.7","j","710","<div style=""width:100vw;height:100vh;background-color:black;""></div>","f","html-keyboard-response","588","2.0.0","2275338","142318","testolin2020_replication","2025-11-28T03:28:32.324Z","15-16 inch laptop","1280","800","1240","622","2","24","Nov 27th 7:39","false"
"numerosity_discrimination","2","115","253","22","14","0.6364","j","726","<div style=""width:100vw;height:100vh;background-color:black;""></div>","f","html-keyboard-response","593","2.0.0","2278326","142318","testolin2020_replication","2025-11-28T03:28:32.324Z","15-16 inch laptop","1280","800","1240","622","2","24","Nov 27th 7:39","false"
"numerosity_discrimination","2","116","214","20","12","0.6","j","18375","<div style=""width:100vw;height:100vh;background-color:black;""></div>","j","html-keyboard-response","598","2.0.0","2299202","142318","testolin2020_replication","2025-11-28T03:28:32.324Z","15-16 inch laptop","1280","800","1240","622","2","24","Nov 27th 7:39","true"
"numerosity_discrimination","2","117","102","8","7","0.875","j","206","<div style=""width:100vw;height:100vh;background-color:black;""></div>","f","html-keyboard-response","603","2.0.0","2301979","142318","testolin2020_replication","2025-11-28T03:28:32.324Z","15-16 inch laptop","1280","800","1240","622","2","24","Nov 27th 7:39","false"
"numerosity_discrimination","2","118","96","12","10","0.8333","j","268","<div style=""width:100vw;height:100vh;background-color:black;""></div>","f","html-keyboard-response","608","2.0.0","2304908","142318","testolin2020_replication","2025-11-28T03:28:32.324Z","15-16 inch laptop","1280","800","1240","622","2","24","Nov 27th 7:39","false"
"numerosity_discrimination","2","119","220","28","18","0.6429","j","362","<div style=""width:100vw;height:100vh;background-color:black;""></div>","f","html-keyboard-response","613","2.0.0","2307431","142318","testolin2020_replication","2025-11-28T03:28:32.324Z","15-16 inch laptop","1280","800","1240","622","2","24","Nov 27th 7:39","false"
"numerosity_discrimination","2","120","142","11","14","0.7857","j","668","<div style=""width:100vw;height:100vh;background-color:black;""></div>","j","html-keyboard-response","618","2.0.0","2310589","142318","testolin2020_replication","2025-11-28T03:28:32.324Z","15-16 inch laptop","1280","800","1240","622","2","24","Nov 27th 7:39","true"
"numerosity_discrimination","2","121","183","14","20","0.7","j","348","<div style=""width:100vw;height:100vh;background-color:black;""></div>","f","html-keyboard-response","623","2.0.0","2313108","142318","testolin2020_replication","2025-11-28T03:28:32.324Z","15-16 inch laptop","1280","800","1240","622","2","24","Nov 27th 7:39","false"
"numerosity_discrimination","2","122","291","11","20","0.55","j","333","<div style=""width:100vw;height:100vh;background-color:black;""></div>","f","html-keyboard-response","628","2.0.0","2315775","142318","testolin2020_replication","2025-11-28T03:28:32.324Z","15-16 inch laptop","1280","800","1240","622","2","24","Nov 27th 7:39","false"
"numerosity_discrimination","2","123","248","22","14","0.6364","j","335","<div style=""width:100vw;height:100vh;background-color:black;""></div>","f","html-keyboard-response","633","2.0.0","2318323","142318","testolin2020_replication","2025-11-28T03:28:32.324Z","15-16 inch laptop","1280","800","1240","622","2","24","Nov 27th 7:39","false"
"numerosity_discrimination","2","124","230","10","16","0.625","j","1029","<div style=""width:100vw;height:100vh;background-color:black;""></div>","j","html-keyboard-response","638","2.0.0","2321766","142318","testolin2020_replication","2025-11-28T03:28:32.324Z","15-16 inch laptop","1280","800","1240","622","2","24","Nov 27th 7:39","true"
"numerosity_discrimination","2","125","283","20","11","0.55","j","270","<div style=""width:100vw;height:100vh;background-color:black;""></div>","f","html-keyboard-response","643","2.0.0","2324651","142318","testolin2020_replication","2025-11-28T03:28:32.324Z","15-16 inch laptop","1280","800","1240","622","2","24","Nov 27th 7:39","false"
"numerosity_discrimination","2","126","14","8","7","0.875","j","520","<div style=""width:100vw;height:100vh;background-color:black;""></div>","f","html-keyboard-response","648","2.0.0","2327824","142318","testolin2020_replication","2025-11-28T03:28:32.324Z","15-16 inch laptop","1280","800","1240","622","2","24","Nov 27th 7:39","false"
"numerosity_discrimination","2","127","297","18","10","0.5556","j","224","<div style=""width:100vw;height:100vh;background-color:black;""></div>","f","html-keyboard-response","653","2.0.0","2330360","142318","testolin2020_replication","2025-11-28T03:28:32.324Z","15-16 inch laptop","1280","800","1240","622","2","24","Nov 27th 7:39","false"
"numerosity_discrimination","2","128","250","18","12","0.6667","j","880","<div style=""width:100vw;height:100vh;background-color:black;""></div>","f","html-keyboard-response","658","2.0.0","2333569","142318","testolin2020_replication","2025-11-28T03:28:32.324Z","15-16 inch laptop","1280","800","1240","622","2","24","Nov 27th 7:39","false"
"numerosity_discrimination","2","129","79","16","18","0.8889","j","336","<div style=""width:100vw;height:100vh;background-color:black;""></div>","f","html-keyboard-response","663","2.0.0","2336529","142318","testolin2020_replication","2025-11-28T03:28:32.324Z","15-16 inch laptop","1280","800","1240","622","2","24","Nov 27th 7:39","false"
"numerosity_discrimination","2","130","171","12","9","0.75","j","703","<div style=""width:100vw;height:100vh;background-color:black;""></div>","j","html-keyboard-response","668","2.0.0","2339842","142318","testolin2020_replication","2025-11-28T03:28:32.324Z","15-16 inch laptop","1280","800","1240","622","2","24","Nov 27th 7:39","true"
"numerosity_discrimination","2","131","8","16","14","0.875","j","253","<div style=""width:100vw;height:100vh;background-color:black;""></div>","f","html-keyboard-response","673","2.0.0","2342347","142318","testolin2020_replication","2025-11-28T03:28:32.324Z","15-16 inch laptop","1280","800","1240","622","2","24","Nov 27th 7:39","false"
"numerosity_discrimination","2","132","107","16","18","0.8889","j","363","<div style=""width:100vw;height:100vh;background-color:black;""></div>","f","html-keyboard-response","678","2.0.0","2345233","142318","testolin2020_replication","2025-11-28T03:28:32.324Z","15-16 inch laptop","1280","800","1240","622","2","24","Nov 27th 7:39","false"
"numerosity_discrimination","2","133","99","22","18","0.8182","j","246","<div style=""width:100vw;height:100vh;background-color:black;""></div>","f","html-keyboard-response","683","2.0.0","2347940","142318","testolin2020_replication","2025-11-28T03:28:32.324Z","15-16 inch laptop","1280","800","1240","622","2","24","Nov 27th 7:39","false"
"numerosity_discrimination","2","134","224","9","14","0.6429","j","482","<div style=""width:100vw;height:100vh;background-color:black;""></div>","j","html-keyboard-response","688","2.0.0","2350792","142318","testolin2020_replication","2025-11-28T03:28:32.324Z","15-16 inch laptop","1280","800","1240","622","2","24","Nov 27th 7:39","true"
"numerosity_discrimination","2","135","151","9","7","0.7778","j","375","<div style=""width:100vw;height:100vh;background-color:black;""></div>","f","html-keyboard-response","693","2.0.0","2353498","142318","testolin2020_replication","2025-11-28T03:28:32.324Z","15-16 inch laptop","1280","800","1240","622","2","24","Nov 27th 7:39","false"
"numerosity_discrimination","2","136","133","10","14","0.7143","j","350","<div style=""width:100vw;height:100vh;background-color:black;""></div>","f","html-keyboard-response","698","2.0.0","2356498","142318","testolin2020_replication","2025-11-28T03:28:32.324Z","15-16 inch laptop","1280","800","1240","622","2","24","Nov 27th 7:39","false"
"numerosity_discrimination","2","137","258","14","22","0.6364","j","169","<div style=""width:100vw;height:100vh;background-color:black;""></div>","f","html-keyboard-response","703","2.0.0","2359209","142318","testolin2020_replication","2025-11-28T03:28:32.324Z","15-16 inch laptop","1280","800","1240","622","2","24","Nov 27th 7:39","false"
"numerosity_discrimination","2","138","82","16","14","0.875","j","272","<div style=""width:100vw;height:100vh;background-color:black;""></div>","f","html-keyboard-response","708","2.0.0","2361969","142318","testolin2020_replication","2025-11-28T03:28:32.324Z","15-16 inch laptop","1280","800","1240","622","2","24","Nov 27th 7:39","false"
"numerosity_discrimination","2","139","146","10","14","0.7143","j","10361","<div style=""width:100vw;height:100vh;background-color:black;""></div>","f","html-keyboard-response","713","2.0.0","2374715","142318","testolin2020_replication","2025-11-28T03:28:32.324Z","15-16 inch laptop","1280","800","1240","622","2","24","Nov 27th 7:39","false"
"numerosity_discrimination","2","140","215","16","11","0.6875","j","548","<div style=""width:100vw;height:100vh;background-color:black;""></div>","f","html-keyboard-response","718","2.0.0","2377661","142318","testolin2020_replication","2025-11-28T03:28:32.324Z","15-16 inch laptop","1280","800","1240","622","2","24","Nov 27th 7:39","false"
"numerosity_discrimination","2","141","209","9","7","0.7778","j","4270","<div style=""width:100vw;height:100vh;background-color:black;""></div>","j","html-keyboard-response","723","2.0.0","2384337","142318","testolin2020_replication","2025-11-28T03:28:32.324Z","15-16 inch laptop","1280","800","1240","622","2","24","Nov 27th 7:39","true"
"numerosity_discrimination","2","142","156","12","16","0.75","j","4930","<div style=""width:100vw;height:100vh;background-color:black;""></div>","j","html-keyboard-response","728","2.0.0","2391611","142318","testolin2020_replication","2025-11-28T03:28:32.324Z","15-16 inch laptop","1280","800","1240","622","2","24","Nov 27th 7:39","true"
"numerosity_discrimination","2","143","181","10","14","0.7143","j","1219","<div style=""width:100vw;height:100vh;background-color:black;""></div>","f","html-keyboard-response","733","2.0.0","2395167","142318","testolin2020_replication","2025-11-28T03:28:32.324Z","15-16 inch laptop","1280","800","1240","622","2","24","Nov 27th 7:39","false"
"numerosity_discrimination","2","144","270","14","22","0.6364","j","9704","<div style=""width:100vw;height:100vh;background-color:black;""></div>","f","html-keyboard-response","738","2.0.0","2407503","142318","testolin2020_replication","2025-11-28T03:28:32.324Z","15-16 inch laptop","1280","800","1240","622","2","24","Nov 27th 7:39","false"
"numerosity_discrimination","2","145","293","7","12","0.5833","j","446","<div style=""width:100vw;height:100vh;background-color:black;""></div>","j","html-keyboard-response","743","2.0.0","2410299","142318","testolin2020_replication","2025-11-28T03:28:32.324Z","15-16 inch laptop","1280","800","1240","622","2","24","Nov 27th 7:39","true"
"numerosity_discrimination","2","146","154","11","14","0.7857","j","3244","<div style=""width:100vw;height:100vh;background-color:black;""></div>","f","html-keyboard-response","748","2.0.0","2415760","142318","testolin2020_replication","2025-11-28T03:28:32.324Z","15-16 inch laptop","1280","800","1240","622","2","24","Nov 27th 7:39","false"
"numerosity_discrimination","2","147","137","10","7","0.7","j","34375","<div style=""width:100vw;height:100vh;background-color:black;""></div>","j","html-keyboard-response","753","2.0.0","2452607","142318","testolin2020_replication","2025-11-28T03:28:32.324Z","15-16 inch laptop","1280","800","1240","622","2","24","Nov 27th 7:39","true"
"numerosity_discrimination","2","148","95","9","8","0.8889","j","6539","<div style=""width:100vw;height:100vh;background-color:black;""></div>","f","html-keyboard-response","758","2.0.0","2461642","142318","testolin2020_replication","2025-11-28T03:28:32.324Z","15-16 inch laptop","1280","800","1240","622","2","24","Nov 27th 7:39","false"
"numerosity_discrimination","2","149","240","20","12","0.6","j","966","<div style=""width:100vw;height:100vh;background-color:black;""></div>","j","html-keyboard-response","763","2.0.0","2464990","142318","testolin2020_replication","2025-11-28T03:28:32.324Z","15-16 inch laptop","1280","800","1240","622","2","24","Nov 27th 7:39","true"
"numerosity_discrimination","2","150","191","28","20","0.7143","j","2802","<div style=""width:100vw;height:100vh;background-color:black;""></div>","f","html-keyboard-response","768","2.0.0","2470377","142318","testolin2020_replication","2025-11-28T03:28:32.324Z","15-16 inch laptop","1280","800","1240","622","2","24","Nov 27th 7:39","false"
"numerosity_discrimination","2","151","162","16","22","0.7273","j","1121","<div style=""width:100vw;height:100vh;background-color:black;""></div>","j","html-keyboard-response","773","2.0.0","2473729","142318","testolin2020_replication","2025-11-28T03:28:32.324Z","15-16 inch laptop","1280","800","1240","622","2","24","Nov 27th 7:39","true"
"numerosity_discrimination","2","152","64","9","11","0.8182","j","3631","<div style=""width:100vw;height:100vh;background-color:black;""></div>","f","html-keyboard-response","778","2.0.0","2479585","142318","testolin2020_replication","2025-11-28T03:28:32.324Z","15-16 inch laptop","1280","800","1240","622","2","24","Nov 27th 7:39","false"
"numerosity_discrimination","2","153","58","18","22","0.8182","j","417","<div style=""width:100vw;height:100vh;background-color:black;""></div>","f","html-keyboard-response","783","2.0.0","2482464","142318","testolin2020_replication","2025-11-28T03:28:32.324Z","15-16 inch laptop","1280","800","1240","622","2","24","Nov 27th 7:39","false"
"numerosity_discrimination","2","154","66","9","11","0.8182","j","2207","<div style=""width:100vw;height:100vh;background-color:black;""></div>","j","html-keyboard-response","788","2.0.0","2487118","142318","testolin2020_replication","2025-11-28T03:28:32.324Z","15-16 inch laptop","1280","800","1240","622","2","24","Nov 27th 7:39","true"
"numerosity_discrimination","2","155","266","7","11","0.6364","j","706","<div style=""width:100vw;height:100vh;background-color:black;""></div>","f","html-keyboard-response","793","2.0.0","2490301","142318","testolin2020_replication","2025-11-28T03:28:32.324Z","15-16 inch laptop","1280","800","1240","622","2","24","Nov 27th 7:39","false"
"numerosity_discrimination","2","156","90","7","8","0.875","j","364","<div style=""width:100vw;height:100vh;background-color:black;""></div>","j","html-keyboard-response","798","2.0.0","2493050","142318","testolin2020_replication","2025-11-28T03:28:32.324Z","15-16 inch laptop","1280","800","1240","622","2","24","Nov 27th 7:39","true"
"numerosity_discrimination","2","157","74","12","10","0.8333","j","18618","<div style=""width:100vw;height:100vh;background-color:black;""></div>","j","html-keyboard-response","803","2.0.0","2514059","142318","testolin2020_replication","2025-11-28T03:28:32.324Z","15-16 inch laptop","1280","800","1240","622","2","24","Nov 27th 7:39","true"
"numerosity_discrimination","2","158","288","18","10","0.5556","j","393","<div style=""width:100vw;height:100vh;background-color:black;""></div>","f","html-keyboard-response","808","2.0.0","2516899","142318","testolin2020_replication","2025-11-28T03:28:32.324Z","15-16 inch laptop","1280","800","1240","622","2","24","Nov 27th 7:39","false"
"numerosity_discrimination","2","159","85","7","8","0.875","j","310","<div style=""width:100vw;height:100vh;background-color:black;""></div>","f","html-keyboard-response","813","2.0.0","2519549","142318","testolin2020_replication","2025-11-28T03:28:32.324Z","15-16 inch laptop","1280","800","1240","622","2","24","Nov 27th 7:39","false"
"numerosity_discrimination","2","160","87","14","16","0.875","j","187","<div style=""width:100vw;height:100vh;background-color:black;""></div>","f","html-keyboard-response","818","2.0.0","2522213","142318","testolin2020_replication","2025-11-28T03:28:32.324Z","15-16 inch laptop","1280","800","1240","622","2","24","Nov 27th 7:39","false"
"numerosity_discrimination","2","161","205","14","11","0.7857","j","402","<div style=""width:100vw;height:100vh;background-color:black;""></div>","f","html-keyboard-response","823","2.0.0","2524833","142318","testolin2020_replication","2025-11-28T03:28:32.324Z","15-16 inch laptop","1280","800","1240","622","2","24","Nov 27th 7:39","false"
"numerosity_discrimination","2","162","83","7","8","0.875","j","1036","<div style=""width:100vw;height:100vh;background-color:black;""></div>","f","html-keyboard-response","828","2.0.0","2528184","142318","testolin2020_replication","2025-11-28T03:28:32.324Z","15-16 inch laptop","1280","800","1240","622","2","24","Nov 27th 7:39","false"
"numerosity_discrimination","2","163","292","8","14","0.5714","j","7804","<div style=""width:100vw;height:100vh;background-color:black;""></div>","f","html-keyboard-response","833","2.0.0","2538240","142318","testolin2020_replication","2025-11-28T03:28:32.324Z","15-16 inch laptop","1280","800","1240","622","2","24","Nov 27th 7:39","false"
"numerosity_discrimination","2","164","24","12","10","0.8333","j","387","<div style=""width:100vw;height:100vh;background-color:black;""></div>","f","html-keyboard-response","838","2.0.0","2541075","142318","testolin2020_replication","2025-11-28T03:28:32.324Z","15-16 inch laptop","1280","800","1240","622","2","24","Nov 27th 7:39","false"
"numerosity_discrimination","2","165","114","20","16","0.8","j","627","<div style=""width:100vw;height:100vh;background-color:black;""></div>","f","html-keyboard-response","843","2.0.0","2543862","142318","testolin2020_replication","2025-11-28T03:28:32.324Z","15-16 inch laptop","1280","800","1240","622","2","24","Nov 27th 7:39","false"
"numerosity_discrimination","2","166","20","7","8","0.875","j","706","<div style=""width:100vw;height:100vh;background-color:black;""></div>","j","html-keyboard-response","848","2.0.0","2546775","142318","testolin2020_replication","2025-11-28T03:28:32.324Z","15-16 inch laptop","1280","800","1240","622","2","24","Nov 27th 7:39","true"
"numerosity_discrimination","2","167","36","9","11","0.8182","j","494","<div style=""width:100vw;height:100vh;background-color:black;""></div>","j","html-keyboard-response","853","2.0.0","2549865","142318","testolin2020_replication","2025-11-28T03:28:32.324Z","15-16 inch laptop","1280","800","1240","622","2","24","Nov 27th 7:39","true"
"numerosity_discrimination","2","168","131","11","14","0.7857","j","272","<div style=""width:100vw;height:100vh;background-color:black;""></div>","f","html-keyboard-response","858","2.0.0","2552420","142318","testolin2020_replication","2025-11-28T03:28:32.324Z","15-16 inch laptop","1280","800","1240","622","2","24","Nov 27th 7:39","false"
"numerosity_discrimination","2","169","190","18","14","0.7778","j","452","<div style=""width:100vw;height:100vh;background-color:black;""></div>","f","html-keyboard-response","863","2.0.0","2555489","142318","testolin2020_replication","2025-11-28T03:28:32.324Z","15-16 inch laptop","1280","800","1240","622","2","24","Nov 27th 7:39","false"
"numerosity_discrimination","2","170","129","12","9","0.75","j","3714","<div style=""width:100vw;height:100vh;background-color:black;""></div>","f","html-keyboard-response","868","2.0.0","2561410","142318","testolin2020_replication","2025-11-28T03:28:32.324Z","15-16 inch laptop","1280","800","1240","622","2","24","Nov 27th 7:39","false"
"numerosity_discrimination","2","171","12","20","16","0.8","j","366","<div style=""width:100vw;height:100vh;background-color:black;""></div>","f","html-keyboard-response","873","2.0.0","2564114","142318","testolin2020_replication","2025-11-28T03:28:32.324Z","15-16 inch laptop","1280","800","1240","622","2","24","Nov 27th 7:39","false"
"numerosity_discrimination","2","172","42","22","25","0.88","j","341","<div style=""width:100vw;height:100vh;background-color:black;""></div>","f","html-keyboard-response","878","2.0.0","2566891","142318","testolin2020_replication","2025-11-28T03:28:32.324Z","15-16 inch laptop","1280","800","1240","622","2","24","Nov 27th 7:39","false"
"numerosity_discrimination","2","173","127","14","10","0.7143","j","271","<div style=""width:100vw;height:100vh;background-color:black;""></div>","f","html-keyboard-response","883","2.0.0","2569325","142318","testolin2020_replication","2025-11-28T03:28:32.324Z","15-16 inch laptop","1280","800","1240","622","2","24","Nov 27th 7:39","false"
"numerosity_discrimination","2","174","13","7","8","0.875","j","471","<div style=""width:100vw;height:100vh;background-color:black;""></div>","f","html-keyboard-response","888","2.0.0","2572063","142318","testolin2020_replication","2025-11-28T03:28:32.324Z","15-16 inch laptop","1280","800","1240","622","2","24","Nov 27th 7:39","false"
"numerosity_discrimination","2","175","196","12","16","0.75","j","368","<div style=""width:100vw;height:100vh;background-color:black;""></div>","j","html-keyboard-response","893","2.0.0","2574665","142318","testolin2020_replication","2025-11-28T03:28:32.324Z","15-16 inch laptop","1280","800","1240","622","2","24","Nov 27th 7:39","true"
"numerosity_discrimination","2","176","210","14","11","0.7857","j","371","<div style=""width:100vw;height:100vh;background-color:black;""></div>","f","html-keyboard-response","898","2.0.0","2577578","142318","testolin2020_replication","2025-11-28T03:28:32.324Z","15-16 inch laptop","1280","800","1240","622","2","24","Nov 27th 7:39","false"
"numerosity_discrimination","2","177","65","12","14","0.8571","j","443","<div style=""width:100vw;height:100vh;background-color:black;""></div>","f","html-keyboard-response","903","2.0.0","2580290","142318","testolin2020_replication","2025-11-28T03:28:32.324Z","15-16 inch laptop","1280","800","1240","622","2","24","Nov 27th 7:39","false"
"numerosity_discrimination","2","178","121","12","16","0.75","j","345","<div style=""width:100vw;height:100vh;background-color:black;""></div>","f","html-keyboard-response","908","2.0.0","2582801","142318","testolin2020_replication","2025-11-28T03:28:32.324Z","15-16 inch laptop","1280","800","1240","622","2","24","Nov 27th 7:39","false"
"numerosity_discrimination","2","179","76","8","7","0.875","j","9496","<div style=""width:100vw;height:100vh;background-color:black;""></div>","f","html-keyboard-response","913","2.0.0","2594623","142318","testolin2020_replication","2025-11-28T03:28:32.324Z","15-16 inch laptop","1280","800","1240","622","2","24","Nov 27th 7:39","false"
"numerosity_discrimination","2","180","174","22","16","0.7273","j","296","<div style=""width:100vw;height:100vh;background-color:black;""></div>","f","html-keyboard-response","918","2.0.0","2597376","142318","testolin2020_replication","2025-11-28T03:28:32.324Z","15-16 inch laptop","1280","800","1240","622","2","24","Nov 27th 7:39","false"
"numerosity_discrimination","2","181","273","18","9","0.5","j","1127","<div style=""width:100vw;height:100vh;background-color:black;""></div>","j","html-keyboard-response","923","2.0.0","2600857","142318","testolin2020_replication","2025-11-28T03:28:32.324Z","15-16 inch laptop","1280","800","1240","622","2","24","Nov 27th 7:39","true"
"numerosity_discrimination","2","182","176","10","14","0.7143","j","548","<div style=""width:100vw;height:100vh;background-color:black;""></div>","f","html-keyboard-response","928","2.0.0","2603907","142318","testolin2020_replication","2025-11-28T03:28:32.324Z","15-16 inch laptop","1280","800","1240","622","2","24","Nov 27th 7:39","false"
"numerosity_discrimination","2","183","50","14","16","0.875","j","877","<div style=""width:100vw;height:100vh;background-color:black;""></div>","f","html-keyboard-response","933","2.0.0","2607307","142318","testolin2020_replication","2025-11-28T03:28:32.324Z","15-16 inch laptop","1280","800","1240","622","2","24","Nov 27th 7:39","false"
"numerosity_discrimination","2","184","145","12","9","0.75","j","1068","<div style=""width:100vw;height:100vh;background-color:black;""></div>","j","html-keyboard-response","938","2.0.0","2610592","142318","testolin2020_replication","2025-11-28T03:28:32.324Z","15-16 inch laptop","1280","800","1240","622","2","24","Nov 27th 7:39","true"
"numerosity_discrimination","2","185","219","9","14","0.6429","j","801","<div style=""width:100vw;height:100vh;background-color:black;""></div>","f","html-keyboard-response","943","2.0.0","2613600","142318","testolin2020_replication","2025-11-28T03:28:32.324Z","15-16 inch laptop","1280","800","1240","622","2","24","Nov 27th 7:39","false"
"numerosity_discrimination","2","186","3","16","14","0.875","j","434","<div style=""width:100vw;height:100vh;background-color:black;""></div>","j","html-keyboard-response","948","2.0.0","2616499","142318","testolin2020_replication","2025-11-28T03:28:32.324Z","15-16 inch laptop","1280","800","1240","622","2","24","Nov 27th 7:39","true"
"numerosity_discrimination","2","187","201","20","14","0.7","j","880","<div style=""width:100vw;height:100vh;background-color:black;""></div>","f","html-keyboard-response","953","2.0.0","2619607","142318","testolin2020_replication","2025-11-28T03:28:32.324Z","15-16 inch laptop","1280","800","1240","622","2","24","Nov 27th 7:39","false"
"numerosity_discrimination","2","188","44","20","16","0.8","j","4669","<div style=""width:100vw;height:100vh;background-color:black;""></div>","j","html-keyboard-response","958","2.0.0","2626632","142318","testolin2020_replication","2025-11-28T03:28:32.324Z","15-16 inch laptop","1280","800","1240","622","2","24","Nov 27th 7:39","true"
"numerosity_discrimination","2","189","136","10","14","0.7143","j","557","<div style=""width:100vw;height:100vh;background-color:black;""></div>","f","html-keyboard-response","963","2.0.0","2629386","142318","testolin2020_replication","2025-11-28T03:28:32.324Z","15-16 inch laptop","1280","800","1240","622","2","24","Nov 27th 7:39","false"
"numerosity_discrimination","2","190","237","20","12","0.6","j","1604","<div style=""width:100vw;height:100vh;background-color:black;""></div>","j","html-keyboard-response","968","2.0.0","2633286","142318","testolin2020_replication","2025-11-28T03:28:32.324Z","15-16 inch laptop","1280","800","1240","622","2","24","Nov 27th 7:39","true"
"numerosity_discrimination","2","191","294","7","12","0.5833","j","2235","<div style=""width:100vw;height:100vh;background-color:black;""></div>","f","html-keyboard-response","973","2.0.0","2638065","142318","testolin2020_replication","2025-11-28T03:28:32.324Z","15-16 inch laptop","1280","800","1240","622","2","24","Nov 27th 7:39","false"
"numerosity_discrimination","2","192","21","22","18","0.8182","j","1317","<div style=""width:100vw;height:100vh;background-color:black;""></div>","f","html-keyboard-response","978","2.0.0","2641675","142318","testolin2020_replication","2025-11-28T03:28:32.324Z","15-16 inch laptop","1280","800","1240","622","2","24","Nov 27th 7:39","false"
"numerosity_discrimination","2","193","125","11","14","0.7857","j","293","<div style=""width:100vw;height:100vh;background-color:black;""></div>","f","html-keyboard-response","983","2.0.0","2644390","142318","testolin2020_replication","2025-11-28T03:28:32.324Z","15-16 inch laptop","1280","800","1240","622","2","24","Nov 27th 7:39","false"
"numerosity_discrimination","2","194","228","11","16","0.6875","j","771","<div style=""width:100vw;height:100vh;background-color:black;""></div>","j","html-keyboard-response","988","2.0.0","2647481","142318","testolin2020_replication","2025-11-28T03:28:32.324Z","15-16 inch laptop","1280","800","1240","622","2","24","Nov 27th 7:39","true"
"numerosity_discrimination","2","195","111","11","9","0.8182","j","780","<div style=""width:100vw;height:100vh;background-color:black;""></div>","f","html-keyboard-response","993","2.0.0","2650626","142318","testolin2020_replication","2025-11-28T03:28:32.324Z","15-16 inch laptop","1280","800","1240","622","2","24","Nov 27th 7:39","false"
"numerosity_discrimination","2","196","62","12","14","0.8571","j","861","<div style=""width:100vw;height:100vh;background-color:black;""></div>","j","html-keyboard-response","998","2.0.0","2654015","142318","testolin2020_replication","2025-11-28T03:28:32.324Z","15-16 inch laptop","1280","800","1240","622","2","24","Nov 27th 7:39","true"
"numerosity_discrimination","2","197","153","16","22","0.7273","j","968","<div style=""width:100vw;height:100vh;background-color:black;""></div>","f","html-keyboard-response","1003","2.0.0","2657516","142318","testolin2020_replication","2025-11-28T03:28:32.324Z","15-16 inch laptop","1280","800","1240","622","2","24","Nov 27th 7:39","false"
"numerosity_discrimination","2","198","199","20","28","0.7143","j","724","<div style=""width:100vw;height:100vh;background-color:black;""></div>","j","html-keyboard-response","1008","2.0.0","2660464","142318","testolin2020_replication","2025-11-28T03:28:32.324Z","15-16 inch laptop","1280","800","1240","622","2","24","Nov 27th 7:39","true"
"numerosity_discrimination","2","199","132","20","14","0.7","j","668","<div style=""width:100vw;height:100vh;background-color:black;""></div>","f","html-keyboard-response","1013","2.0.0","2663617","142318","testolin2020_replication","2025-11-28T03:28:32.324Z","15-16 inch laptop","1280","800","1240","622","2","24","Nov 27th 7:39","false"
"numerosity_discrimination","2","200","84","7","8","0.875","j","819","<div style=""width:100vw;height:100vh;background-color:black;""></div>","j","html-keyboard-response","1018","2.0.0","2667091","142318","testolin2020_replication","2025-11-28T03:28:32.324Z","15-16 inch laptop","1280","800","1240","622","2","24","Nov 27th 7:39","true"
"numerosity_discrimination","3","201","300","9","16","0.5625","j","943","<div style=""width:100vw;height:100vh;background-color:black;""></div>","f","html-keyboard-response","1025","2.0.0","2934653","142318","testolin2020_replication","2025-11-28T03:28:32.324Z","15-16 inch laptop","1280","800","1240","622","2","24","Nov 27th 7:39","false"
"numerosity_discrimination","3","202","234","14","9","0.6429","j","507","<div style=""width:100vw;height:100vh;background-color:black;""></div>","f","html-keyboard-response","1030","2.0.0","2937442","142318","testolin2020_replication","2025-11-28T03:28:32.324Z","15-16 inch laptop","1280","800","1240","622","2","24","Nov 27th 7:39","false"
"numerosity_discrimination","3","203","5","22","18","0.8182","j","622","<div style=""width:100vw;height:100vh;background-color:black;""></div>","f","html-keyboard-response","1035","2.0.0","2940414","142318","testolin2020_replication","2025-11-28T03:28:32.324Z","15-16 inch laptop","1280","800","1240","622","2","24","Nov 27th 7:39","false"
"numerosity_discrimination","3","204","170","12","16","0.75","j","1248","<div style=""width:100vw;height:100vh;background-color:black;""></div>","j","html-keyboard-response","1040","2.0.0","2944256","142318","testolin2020_replication","2025-11-28T03:28:32.324Z","15-16 inch laptop","1280","800","1240","622","2","24","Nov 27th 7:39","true"
"numerosity_discrimination","3","205","28","8","9","0.8889","j","773","<div style=""width:100vw;height:100vh;background-color:black;""></div>","j","html-keyboard-response","1045","2.0.0","2947653","142318","testolin2020_replication","2025-11-28T03:28:32.324Z","15-16 inch laptop","1280","800","1240","622","2","24","Nov 27th 7:39","true"
"numerosity_discrimination","3","206","284","14","28","0.5","j","448","<div style=""width:100vw;height:100vh;background-color:black;""></div>","f","html-keyboard-response","1050","2.0.0","2950468","142318","testolin2020_replication","2025-11-28T03:28:32.324Z","15-16 inch laptop","1280","800","1240","622","2","24","Nov 27th 7:39","false"
"numerosity_discrimination","3","207","29","12","14","0.8571","j","1003","<div style=""width:100vw;height:100vh;background-color:black;""></div>","f","html-keyboard-response","1055","2.0.0","2953927","142318","testolin2020_replication","2025-11-28T03:28:32.324Z","15-16 inch laptop","1280","800","1240","622","2","24","Nov 27th 7:39","false"
"numerosity_discrimination","3","208","93","8","10","0.8","j","719","<div style=""width:100vw;height:100vh;background-color:black;""></div>","f","html-keyboard-response","1060","2.0.0","2957013","142318","testolin2020_replication","2025-11-28T03:28:32.324Z","15-16 inch laptop","1280","800","1240","622","2","24","Nov 27th 7:39","false"
"numerosity_discrimination","3","209","257","10","16","0.625","j","502","<div style=""width:100vw;height:100vh;background-color:black;""></div>","f","html-keyboard-response","1065","2.0.0","2959786","142318","testolin2020_replication","2025-11-28T03:28:32.324Z","15-16 inch laptop","1280","800","1240","622","2","24","Nov 27th 7:39","false"
"numerosity_discrimination","3","210","16","20","16","0.8","j","571","<div style=""width:100vw;height:100vh;background-color:black;""></div>","f","html-keyboard-response","1070","2.0.0","2962619","142318","testolin2020_replication","2025-11-28T03:28:32.324Z","15-16 inch laptop","1280","800","1240","622","2","24","Nov 27th 7:39","false"
"numerosity_discrimination","3","211","189","16","22","0.7273","j","507","<div style=""width:100vw;height:100vh;background-color:black;""></div>","f","html-keyboard-response","1075","2.0.0","2965643","142318","testolin2020_replication","2025-11-28T03:28:32.324Z","15-16 inch laptop","1280","800","1240","622","2","24","Nov 27th 7:39","false"
"numerosity_discrimination","3","212","135","9","12","0.75","j","394","<div style=""width:100vw;height:100vh;background-color:black;""></div>","j","html-keyboard-response","1080","2.0.0","2968564","142318","testolin2020_replication","2025-11-28T03:28:32.324Z","15-16 inch laptop","1280","800","1240","622","2","24","Nov 27th 7:39","true"
"numerosity_discrimination","3","213","260","25","16","0.64","j","5144","<div style=""width:100vw;height:100vh;background-color:black;""></div>","f","html-keyboard-response","1085","2.0.0","2976295","142318","testolin2020_replication","2025-11-28T03:28:32.324Z","15-16 inch laptop","1280","800","1240","622","2","24","Nov 27th 7:39","false"
"numerosity_discrimination","3","214","241","7","11","0.6364","j","10589","<div style=""width:100vw;height:100vh;background-color:black;""></div>","f","html-keyboard-response","1090","2.0.0","2989200","142318","testolin2020_replication","2025-11-28T03:28:32.324Z","15-16 inch laptop","1280","800","1240","622","2","24","Nov 27th 7:39","false"
"numerosity_discrimination","3","215","182","12","9","0.75","j","286","<div style=""width:100vw;height:100vh;background-color:black;""></div>","f","html-keyboard-response","1095","2.0.0","2991856","142318","testolin2020_replication","2025-11-28T03:28:32.324Z","15-16 inch laptop","1280","800","1240","622","2","24","Nov 27th 7:39","false"
"numerosity_discrimination","3","216","15","20","25","0.8","j","1634","<div style=""width:100vw;height:100vh;background-color:black;""></div>","j","html-keyboard-response","1100","2.0.0","2995846","142318","testolin2020_replication","2025-11-28T03:28:32.324Z","15-16 inch laptop","1280","800","1240","622","2","24","Nov 27th 7:39","true"
"numerosity_discrimination","3","217","247","11","16","0.6875","j","383","<div style=""width:100vw;height:100vh;background-color:black;""></div>","f","html-keyboard-response","1105","2.0.0","2998872","142318","testolin2020_replication","2025-11-28T03:28:32.324Z","15-16 inch laptop","1280","800","1240","622","2","24","Nov 27th 7:39","false"
"numerosity_discrimination","3","218","117","22","18","0.8182","j","370","<div style=""width:100vw;height:100vh;background-color:black;""></div>","f","html-keyboard-response","1110","2.0.0","3001475","142318","testolin2020_replication","2025-11-28T03:28:32.324Z","15-16 inch laptop","1280","800","1240","622","2","24","Nov 27th 7:39","false"
"numerosity_discrimination","3","219","249","14","22","0.6364","j","707","<div style=""width:100vw;height:100vh;background-color:black;""></div>","f","html-keyboard-response","1115","2.0.0","3004609","142318","testolin2020_replication","2025-11-28T03:28:32.324Z","15-16 inch laptop","1280","800","1240","622","2","24","Nov 27th 7:39","false"
"numerosity_discrimination","3","220","217","25","16","0.64","j","204","<div style=""width:100vw;height:100vh;background-color:black;""></div>","f","html-keyboard-response","1120","2.0.0","3007468","142318","testolin2020_replication","2025-11-28T03:28:32.324Z","15-16 inch laptop","1280","800","1240","622","2","24","Nov 27th 7:39","false"
"numerosity_discrimination","3","221","242","28","18","0.6429","j","191","<div style=""width:100vw;height:100vh;background-color:black;""></div>","f","html-keyboard-response","1125","2.0.0","3010182","142318","testolin2020_replication","2025-11-28T03:28:32.324Z","15-16 inch laptop","1280","800","1240","622","2","24","Nov 27th 7:39","false"
"numerosity_discrimination","3","222","106","25","22","0.88","j","1842","<div style=""width:100vw;height:100vh;background-color:black;""></div>","f","html-keyboard-response","1130","2.0.0","3014333","142318","testolin2020_replication","2025-11-28T03:28:32.324Z","15-16 inch laptop","1280","800","1240","622","2","24","Nov 27th 7:39","false"
"numerosity_discrimination","3","223","101","20","25","0.8","j","3060","<div style=""width:100vw;height:100vh;background-color:black;""></div>","j","html-keyboard-response","1135","2.0.0","3019716","142318","testolin2020_replication","2025-11-28T03:28:32.324Z","15-16 inch laptop","1280","800","1240","622","2","24","Nov 27th 7:39","true"
"numerosity_discrimination","3","224","113","20","16","0.8","j","4293","<div style=""width:100vw;height:100vh;background-color:black;""></div>","f","html-keyboard-response","1140","2.0.0","3026513","142318","testolin2020_replication","2025-11-28T03:28:32.324Z","15-16 inch laptop","1280","800","1240","622","2","24","Nov 27th 7:39","false"
"numerosity_discrimination","3","225","71","22","18","0.8182","j","3033","<div style=""width:100vw;height:100vh;background-color:black;""></div>","f","html-keyboard-response","1145","2.0.0","3031899","142318","testolin2020_replication","2025-11-28T03:28:32.324Z","15-16 inch laptop","1280","800","1240","622","2","24","Nov 27th 7:39","false"
"numerosity_discrimination","3","226","52","25","28","0.8929","j","1127","<div style=""width:100vw;height:100vh;background-color:black;""></div>","j","html-keyboard-response","1150","2.0.0","3035603","142318","testolin2020_replication","2025-11-28T03:28:32.324Z","15-16 inch laptop","1280","800","1240","622","2","24","Nov 27th 7:39","true"
"numerosity_discrimination","3","227","7","14","16","0.875","j","428","<div style=""width:100vw;height:100vh;background-color:black;""></div>","j","html-keyboard-response","1155","2.0.0","3038451","142318","testolin2020_replication","2025-11-28T03:28:32.324Z","15-16 inch laptop","1280","800","1240","622","2","24","Nov 27th 7:39","true"
"numerosity_discrimination","3","228","56","25","22","0.88","j","439","<div style=""width:100vw;height:100vh;background-color:black;""></div>","f","html-keyboard-response","1160","2.0.0","3041467","142318","testolin2020_replication","2025-11-28T03:28:32.324Z","15-16 inch laptop","1280","800","1240","622","2","24","Nov 27th 7:39","false"
"numerosity_discrimination","3","229","138","16","12","0.75","j","414","<div style=""width:100vw;height:100vh;background-color:black;""></div>","f","html-keyboard-response","1165","2.0.0","3044361","142318","testolin2020_replication","2025-11-28T03:28:32.324Z","15-16 inch laptop","1280","800","1240","622","2","24","Nov 27th 7:39","false"
"numerosity_discrimination","3","230","198","16","12","0.75","j","172","<div style=""width:100vw;height:100vh;background-color:black;""></div>","f","html-keyboard-response","1170","2.0.0","3047066","142318","testolin2020_replication","2025-11-28T03:28:32.324Z","15-16 inch laptop","1280","800","1240","622","2","24","Nov 27th 7:39","false"
"numerosity_discrimination","3","231","233","8","12","0.6667","j","329","<div style=""width:100vw;height:100vh;background-color:black;""></div>","f","html-keyboard-response","1175","2.0.0","3049911","142318","testolin2020_replication","2025-11-28T03:28:32.324Z","15-16 inch laptop","1280","800","1240","622","2","24","Nov 27th 7:39","false"
"numerosity_discrimination","3","232","264","25","16","0.64","j","148","<div style=""width:100vw;height:100vh;background-color:black;""></div>","f","html-keyboard-response","1180","2.0.0","3052693","142318","testolin2020_replication","2025-11-28T03:28:32.324Z","15-16 inch laptop","1280","800","1240","622","2","24","Nov 27th 7:39","false"
"numerosity_discrimination","3","233","27","14","12","0.8571","j","162","<div style=""width:100vw;height:100vh;background-color:black;""></div>","f","html-keyboard-response","1185","2.0.0","3055245","142318","testolin2020_replication","2025-11-28T03:28:32.324Z","15-16 inch laptop","1280","800","1240","622","2","24","Nov 27th 7:39","false"
"numerosity_discrimination","3","234","49","8","10","0.8","j","247","<div style=""width:100vw;height:100vh;background-color:black;""></div>","j","html-keyboard-response","1190","2.0.0","3058069","142318","testolin2020_replication","2025-11-28T03:28:32.324Z","15-16 inch laptop","1280","800","1240","622","2","24","Nov 27th 7:39","true"
"numerosity_discrimination","3","235","10","9","11","0.8182","j","407","<div style=""width:100vw;height:100vh;background-color:black;""></div>","j","html-keyboard-response","1195","2.0.0","3060638","142318","testolin2020_replication","2025-11-28T03:28:32.324Z","15-16 inch laptop","1280","800","1240","622","2","24","Nov 27th 7:39","true"
"numerosity_discrimination","3","236","232","8","12","0.6667","j","535","<div style=""width:100vw;height:100vh;background-color:black;""></div>","j","html-keyboard-response","1200","2.0.0","3063672","142318","testolin2020_replication","2025-11-28T03:28:32.324Z","15-16 inch laptop","1280","800","1240","622","2","24","Nov 27th 7:39","true"
"numerosity_discrimination","3","237","69","10","8","0.8","j","272","<div style=""width:100vw;height:100vh;background-color:black;""></div>","f","html-keyboard-response","1205","2.0.0","3066128","142318","testolin2020_replication","2025-11-28T03:28:32.324Z","15-16 inch laptop","1280","800","1240","622","2","24","Nov 27th 7:39","false"
"numerosity_discrimination","3","238","92","18","22","0.8182","j","226","<div style=""width:100vw;height:100vh;background-color:black;""></div>","f","html-keyboard-response","1210","2.0.0","3068945","142318","testolin2020_replication","2025-11-28T03:28:32.324Z","15-16 inch laptop","1280","800","1240","622","2","24","Nov 27th 7:39","false"
"numerosity_discrimination","3","239","60","18","22","0.8182","j","118","<div style=""width:100vw;height:100vh;background-color:black;""></div>","f","html-keyboard-response","1215","2.0.0","3071278","142318","testolin2020_replication","2025-11-28T03:28:32.324Z","15-16 inch laptop","1280","800","1240","622","2","24","Nov 27th 7:39","false"
"numerosity_discrimination","3","240","72","11","9","0.8182","j","460","<div style=""width:100vw;height:100vh;background-color:black;""></div>","f","html-keyboard-response","1220","2.0.0","3074173","142318","testolin2020_replication","2025-11-28T03:28:32.324Z","15-16 inch laptop","1280","800","1240","622","2","24","Nov 27th 7:39","false"
"numerosity_discrimination","3","241","256","7","11","0.6364","j","263","<div style=""width:100vw;height:100vh;background-color:black;""></div>","j","html-keyboard-response","1225","2.0.0","3076883","142318","testolin2020_replication","2025-11-28T03:28:32.324Z","15-16 inch laptop","1280","800","1240","622","2","24","Nov 27th 7:39","true"
"numerosity_discrimination","3","242","246","20","12","0.6","j","651","<div style=""width:100vw;height:100vh;background-color:black;""></div>","f","html-keyboard-response","1230","2.0.0","3080134","142318","testolin2020_replication","2025-11-28T03:28:32.324Z","15-16 inch laptop","1280","800","1240","622","2","24","Nov 27th 7:39","false"
"numerosity_discrimination","3","243","149","18","14","0.7778","j","6000","<div style=""width:100vw;height:100vh;background-color:black;""></div>","f","html-keyboard-response","1235","2.0.0","3088385","142318","testolin2020_replication","2025-11-28T03:28:32.324Z","15-16 inch laptop","1280","800","1240","622","2","24","Nov 27th 7:39","false"
"numerosity_discrimination","3","244","229","20","12","0.6","j","618","<div style=""width:100vw;height:100vh;background-color:black;""></div>","f","html-keyboard-response","1240","2.0.0","3091460","142318","testolin2020_replication","2025-11-28T03:28:32.324Z","15-16 inch laptop","1280","800","1240","622","2","24","Nov 27th 7:39","false"
"numerosity_discrimination","3","245","57","22","18","0.8182","j","451","<div style=""width:100vw;height:100vh;background-color:black;""></div>","f","html-keyboard-response","1245","2.0.0","3094450","142318","testolin2020_replication","2025-11-28T03:28:32.324Z","15-16 inch laptop","1280","800","1240","622","2","24","Nov 27th 7:39","false"
"numerosity_discrimination","3","246","227","8","12","0.6667","j","440","<div style=""width:100vw;height:100vh;background-color:black;""></div>","j","html-keyboard-response","1250","2.0.0","3097501","142318","testolin2020_replication","2025-11-28T03:28:32.324Z","15-16 inch laptop","1280","800","1240","622","2","24","Nov 27th 7:39","true"
"numerosity_discrimination","3","247","2","28","25","0.8929","j","19","<div style=""width:100vw;height:100vh;background-color:black;""></div>","f","html-keyboard-response","1255","2.0.0","3099752","142318","testolin2020_replication","2025-11-28T03:28:32.324Z","15-16 inch laptop","1280","800","1240","622","2","24","Nov 27th 7:39","false"
"numerosity_discrimination","3","248","251","20","12","0.6","j","246","<div style=""width:100vw;height:100vh;background-color:black;""></div>","f","html-keyboard-response","1260","2.0.0","3102247","142318","testolin2020_replication","2025-11-28T03:28:32.324Z","15-16 inch laptop","1280","800","1240","622","2","24","Nov 27th 7:39","false"
"numerosity_discrimination","3","249","172","16","22","0.7273","j","314","<div style=""width:100vw;height:100vh;background-color:black;""></div>","f","html-keyboard-response","1265","2.0.0","3105005","142318","testolin2020_replication","2025-11-28T03:28:32.324Z","15-16 inch laptop","1280","800","1240","622","2","24","Nov 27th 7:39","false"
"numerosity_discrimination","3","250","161","28","22","0.7857","j","119","<div style=""width:100vw;height:100vh;background-color:black;""></div>","f","html-keyboard-response","1270","2.0.0","3107517","142318","testolin2020_replication","2025-11-28T03:28:32.324Z","15-16 inch laptop","1280","800","1240","622","2","24","Nov 27th 7:39","false"
"numerosity_discrimination","3","251","218","14","22","0.6364","j","216","<div style=""width:100vw;height:100vh;background-color:black;""></div>","f","html-keyboard-response","1275","2.0.0","3110058","142318","testolin2020_replication","2025-11-28T03:28:32.324Z","15-16 inch laptop","1280","800","1240","622","2","24","Nov 27th 7:39","false"
"numerosity_discrimination","3","252","168","20","14","0.7","j","173","<div style=""width:100vw;height:100vh;background-color:black;""></div>","f","html-keyboard-response","1280","2.0.0","3112690","142318","testolin2020_replication","2025-11-28T03:28:32.324Z","15-16 inch laptop","1280","800","1240","622","2","24","Nov 27th 7:39","false"
"numerosity_discrimination","3","253","155","7","9","0.7778","j","1086","<div style=""width:100vw;height:100vh;background-color:black;""></div>","j","html-keyboard-response","1285","2.0.0","3116192","142318","testolin2020_replication","2025-11-28T03:28:32.324Z","15-16 inch laptop","1280","800","1240","622","2","24","Nov 27th 7:39","true"
"numerosity_discrimination","3","254","216","9","14","0.6429","j","392","<div style=""width:100vw;height:100vh;background-color:black;""></div>","f","html-keyboard-response","1290","2.0.0","3119091","142318","testolin2020_replication","2025-11-28T03:28:32.324Z","15-16 inch laptop","1280","800","1240","622","2","24","Nov 27th 7:39","false"
"numerosity_discrimination","3","255","94","22","25","0.88","j","170","<div style=""width:100vw;height:100vh;background-color:black;""></div>","f","html-keyboard-response","1295","2.0.0","3121709","142318","testolin2020_replication","2025-11-28T03:28:32.324Z","15-16 inch laptop","1280","800","1240","622","2","24","Nov 27th 7:39","false"
"numerosity_discrimination","3","256","180","9","7","0.7778","j","375","<div style=""width:100vw;height:100vh;background-color:black;""></div>","f","html-keyboard-response","1300","2.0.0","3124387","142318","testolin2020_replication","2025-11-28T03:28:32.324Z","15-16 inch laptop","1280","800","1240","622","2","24","Nov 27th 7:39","false"
"numerosity_discrimination","3","257","276","16","8","0.5","j","213","<div style=""width:100vw;height:100vh;background-color:black;""></div>","f","html-keyboard-response","1305","2.0.0","3126933","142318","testolin2020_replication","2025-11-28T03:28:32.324Z","15-16 inch laptop","1280","800","1240","622","2","24","Nov 27th 7:39","false"
"numerosity_discrimination","3","258","139","9","7","0.7778","j","397","<div style=""width:100vw;height:100vh;background-color:black;""></div>","f","html-keyboard-response","1310","2.0.0","3129905","142318","testolin2020_replication","2025-11-28T03:28:32.324Z","15-16 inch laptop","1280","800","1240","622","2","24","Nov 27th 7:39","false"
"numerosity_discrimination","3","259","223","28","18","0.6429","j","121","<div style=""width:100vw;height:100vh;background-color:black;""></div>","f","html-keyboard-response","1315","2.0.0","3132273","142318","testolin2020_replication","2025-11-28T03:28:32.324Z","15-16 inch laptop","1280","800","1240","622","2","24","Nov 27th 7:39","false"
"numerosity_discrimination","3","260","118","20","25","0.8","j","595","<div style=""width:100vw;height:100vh;background-color:black;""></div>","j","html-keyboard-response","1320","2.0.0","3135390","142318","testolin2020_replication","2025-11-28T03:28:32.324Z","15-16 inch laptop","1280","800","1240","622","2","24","Nov 27th 7:39","true"
"numerosity_discrimination","3","261","211","8","12","0.6667","j","316","<div style=""width:100vw;height:100vh;background-color:black;""></div>","j","html-keyboard-response","1325","2.0.0","3137939","142318","testolin2020_replication","2025-11-28T03:28:32.324Z","15-16 inch laptop","1280","800","1240","622","2","24","Nov 27th 7:39","true"
"numerosity_discrimination","3","262","97","7","8","0.875","j","331","<div style=""width:100vw;height:100vh;background-color:black;""></div>","j","html-keyboard-response","1330","2.0.0","3140689","142318","testolin2020_replication","2025-11-28T03:28:32.324Z","15-16 inch laptop","1280","800","1240","622","2","24","Nov 27th 7:39","true"
"numerosity_discrimination","3","263","165","14","10","0.7143","j","190","<div style=""width:100vw;height:100vh;background-color:black;""></div>","f","html-keyboard-response","1335","2.0.0","3143223","142318","testolin2020_replication","2025-11-28T03:28:32.324Z","15-16 inch laptop","1280","800","1240","622","2","24","Nov 27th 7:39","false"
"numerosity_discrimination","3","264","298","9","18","0.5","j","234","<div style=""width:100vw;height:100vh;background-color:black;""></div>","j","html-keyboard-response","1340","2.0.0","3145779","142318","testolin2020_replication","2025-11-28T03:28:32.324Z","15-16 inch laptop","1280","800","1240","622","2","24","Nov 27th 7:39","true"
"numerosity_discrimination","3","265","152","16","12","0.75","j","359","<div style=""width:100vw;height:100vh;background-color:black;""></div>","f","html-keyboard-response","1345","2.0.0","3148333","142318","testolin2020_replication","2025-11-28T03:28:32.324Z","15-16 inch laptop","1280","800","1240","622","2","24","Nov 27th 7:39","false"
"numerosity_discrimination","3","266","104","8","7","0.875","j","516","<div style=""width:100vw;height:100vh;background-color:black;""></div>","f","html-keyboard-response","1350","2.0.0","3151100","142318","testolin2020_replication","2025-11-28T03:28:32.324Z","15-16 inch laptop","1280","800","1240","622","2","24","Nov 27th 7:39","false"
"numerosity_discrimination","3","267","262","9","14","0.6429","j","341","<div style=""width:100vw;height:100vh;background-color:black;""></div>","f","html-keyboard-response","1355","2.0.0","3153701","142318","testolin2020_replication","2025-11-28T03:28:32.324Z","15-16 inch laptop","1280","800","1240","622","2","24","Nov 27th 7:39","false"
"numerosity_discrimination","3","268","269","9","14","0.6429","j","461","<div style=""width:100vw;height:100vh;background-color:black;""></div>","j","html-keyboard-response","1360","2.0.0","3156793","142318","testolin2020_replication","2025-11-28T03:28:32.324Z","15-16 inch laptop","1280","800","1240","622","2","24","Nov 27th 7:39","true"
"numerosity_discrimination","3","269","252","18","28","0.6429","j","279","<div style=""width:100vw;height:100vh;background-color:black;""></div>","f","html-keyboard-response","1365","2.0.0","3159375","142318","testolin2020_replication","2025-11-28T03:28:32.324Z","15-16 inch laptop","1280","800","1240","622","2","24","Nov 27th 7:39","false"
"numerosity_discrimination","3","270","130","22","28","0.7857","j","459","<div style=""width:100vw;height:100vh;background-color:black;""></div>","f","html-keyboard-response","1370","2.0.0","3162128","142318","testolin2020_replication","2025-11-28T03:28:32.324Z","15-16 inch laptop","1280","800","1240","622","2","24","Nov 27th 7:39","false"
"numerosity_discrimination","3","271","1","9","8","0.8889","j","4906","<div style=""width:100vw;height:100vh;background-color:black;""></div>","f","html-keyboard-response","1375","2.0.0","3169640","142318","testolin2020_replication","2025-11-28T03:28:32.324Z","15-16 inch laptop","1280","800","1240","622","2","24","Nov 27th 7:39","false"
"numerosity_discrimination","3","272","255","18","28","0.6429","j","346","<div style=""width:100vw;height:100vh;background-color:black;""></div>","j","html-keyboard-response","1380","2.0.0","3172548","142318","testolin2020_replication","2025-11-28T03:28:32.324Z","15-16 inch laptop","1280","800","1240","622","2","24","Nov 27th 7:39","true"
"numerosity_discrimination","3","273","40","10","12","0.8333","j","924","<div style=""width:100vw;height:100vh;background-color:black;""></div>","f","html-keyboard-response","1385","2.0.0","3176063","142318","testolin2020_replication","2025-11-28T03:28:32.324Z","15-16 inch laptop","1280","800","1240","622","2","24","Nov 27th 7:39","false"
"numerosity_discrimination","3","274","277","20","10","0.5","j","269","<div style=""width:100vw;height:100vh;background-color:black;""></div>","f","html-keyboard-response","1390","2.0.0","3178644","142318","testolin2020_replication","2025-11-28T03:28:32.324Z","15-16 inch laptop","1280","800","1240","622","2","24","Nov 27th 7:39","false"
"numerosity_discrimination","3","275","73","14","12","0.8571","j","435","<div style=""width:100vw;height:100vh;background-color:black;""></div>","f","html-keyboard-response","1395","2.0.0","3181318","142318","testolin2020_replication","2025-11-28T03:28:32.324Z","15-16 inch laptop","1280","800","1240","622","2","24","Nov 27th 7:39","false"
"numerosity_discrimination","3","276","81","16","18","0.8889","j","300","<div style=""width:100vw;height:100vh;background-color:black;""></div>","f","html-keyboard-response","1400","2.0.0","3184215","142318","testolin2020_replication","2025-11-28T03:28:32.324Z","15-16 inch laptop","1280","800","1240","622","2","24","Nov 27th 7:39","false"
"numerosity_discrimination","3","277","169","18","25","0.72","j","1290","<div style=""width:100vw;height:100vh;background-color:black;""></div>","f","html-keyboard-response","1405","2.0.0","3187966","142318","testolin2020_replication","2025-11-28T03:28:32.324Z","15-16 inch laptop","1280","800","1240","622","2","24","Nov 27th 7:39","false"
"numerosity_discrimination","3","278","296","9","16","0.5625","j","380","<div style=""width:100vw;height:100vh;background-color:black;""></div>","f","html-keyboard-response","1410","2.0.0","3190969","142318","testolin2020_replication","2025-11-28T03:28:32.324Z","15-16 inch laptop","1280","800","1240","622","2","24","Nov 27th 7:39","false"
"numerosity_discrimination","3","279","25","11","9","0.8182","j","4442","<div style=""width:100vw;height:100vh;background-color:black;""></div>","j","html-keyboard-response","1415","2.0.0","3197621","142318","testolin2020_replication","2025-11-28T03:28:32.324Z","15-16 inch laptop","1280","800","1240","622","2","24","Nov 27th 7:39","true"
"numerosity_discrimination","3","280","289","22","12","0.5455","j","415","<div style=""width:100vw;height:100vh;background-color:black;""></div>","f","html-keyboard-response","1420","2.0.0","3200274","142318","testolin2020_replication","2025-11-28T03:28:32.324Z","15-16 inch laptop","1280","800","1240","622","2","24","Nov 27th 7:39","false"
"numerosity_discrimination","3","281","33","8","9","0.8889","j","550","<div style=""width:100vw;height:100vh;background-color:black;""></div>","f","html-keyboard-response","1425","2.0.0","3203052","142318","testolin2020_replication","2025-11-28T03:28:32.324Z","15-16 inch laptop","1280","800","1240","622","2","24","Nov 27th 7:39","false"
"numerosity_discrimination","3","282","43","11","9","0.8182","j","234","<div style=""width:100vw;height:100vh;background-color:black;""></div>","f","html-keyboard-response","1430","2.0.0","3205651","142318","testolin2020_replication","2025-11-28T03:28:32.324Z","15-16 inch laptop","1280","800","1240","622","2","24","Nov 27th 7:39","false"
"numerosity_discrimination","3","283","147","8","11","0.7273","j","495","<div style=""width:100vw;height:100vh;background-color:black;""></div>","f","html-keyboard-response","1435","2.0.0","3208566","142318","testolin2020_replication","2025-11-28T03:28:32.324Z","15-16 inch laptop","1280","800","1240","622","2","24","Nov 27th 7:39","false"
"numerosity_discrimination","3","284","98","25","28","0.8929","j","144","<div style=""width:100vw;height:100vh;background-color:black;""></div>","f","html-keyboard-response","1440","2.0.0","3211012","142318","testolin2020_replication","2025-11-28T03:28:32.324Z","15-16 inch laptop","1280","800","1240","622","2","24","Nov 27th 7:39","false"
"numerosity_discrimination","3","285","39","20","16","0.8","j","302","<div style=""width:100vw;height:100vh;background-color:black;""></div>","f","html-keyboard-response","1445","2.0.0","3213815","142318","testolin2020_replication","2025-11-28T03:28:32.324Z","15-16 inch laptop","1280","800","1240","622","2","24","Nov 27th 7:39","false"
"numerosity_discrimination","3","286","115","25","28","0.8929","j","103","<div style=""width:100vw;height:100vh;background-color:black;""></div>","f","html-keyboard-response","1450","2.0.0","3216248","142318","testolin2020_replication","2025-11-28T03:28:32.324Z","15-16 inch laptop","1280","800","1240","622","2","24","Nov 27th 7:39","false"
"numerosity_discrimination","3","287","80","16","18","0.8889","j","182","<div style=""width:100vw;height:100vh;background-color:black;""></div>","f","html-keyboard-response","1455","2.0.0","3219012","142318","testolin2020_replication","2025-11-28T03:28:32.324Z","15-16 inch laptop","1280","800","1240","622","2","24","Nov 27th 7:39","false"
"numerosity_discrimination","3","288","144","28","20","0.7143","j","173","<div style=""width:100vw;height:100vh;background-color:black;""></div>","f","html-keyboard-response","1460","2.0.0","3221559","142318","testolin2020_replication","2025-11-28T03:28:32.324Z","15-16 inch laptop","1280","800","1240","622","2","24","Nov 27th 7:39","false"
"numerosity_discrimination","3","289","45","25","20","0.8","j","225","<div style=""width:100vw;height:100vh;background-color:black;""></div>","f","html-keyboard-response","1465","2.0.0","3224158","142318","testolin2020_replication","2025-11-28T03:28:32.324Z","15-16 inch laptop","1280","800","1240","622","2","24","Nov 27th 7:39","false"
"numerosity_discrimination","3","290","200","12","9","0.75","j","321","<div style=""width:100vw;height:100vh;background-color:black;""></div>","f","html-keyboard-response","1470","2.0.0","3226822","142318","testolin2020_replication","2025-11-28T03:28:32.324Z","15-16 inch laptop","1280","800","1240","622","2","24","Nov 27th 7:39","false"
"numerosity_discrimination","3","291","212","22","14","0.6364","j","456","<div style=""width:100vw;height:100vh;background-color:black;""></div>","f","html-keyboard-response","1475","2.0.0","3229463","142318","testolin2020_replication","2025-11-28T03:28:32.324Z","15-16 inch laptop","1280","800","1240","622","2","24","Nov 27th 7:39","false"
"numerosity_discrimination","3","292","207","7","9","0.7778","j","289","<div style=""width:100vw;height:100vh;background-color:black;""></div>","f","html-keyboard-response","1480","2.0.0","3232142","142318","testolin2020_replication","2025-11-28T03:28:32.324Z","15-16 inch laptop","1280","800","1240","622","2","24","Nov 27th 7:39","false"
"numerosity_discrimination","3","293","204","7","9","0.7778","j","398","<div style=""width:100vw;height:100vh;background-color:black;""></div>","f","html-keyboard-response","1485","2.0.0","3234876","142318","testolin2020_replication","2025-11-28T03:28:32.324Z","15-16 inch laptop","1280","800","1240","622","2","24","Nov 27th 7:39","false"
"numerosity_discrimination","3","294","47","20","25","0.8","j","103","<div style=""width:100vw;height:100vh;background-color:black;""></div>","f","html-keyboard-response","1490","2.0.0","3237308","142318","testolin2020_replication","2025-11-28T03:28:32.324Z","15-16 inch laptop","1280","800","1240","622","2","24","Nov 27th 7:39","false"
"numerosity_discrimination","3","295","206","9","7","0.7778","j","256","<div style=""width:100vw;height:100vh;background-color:black;""></div>","f","html-keyboard-response","1495","2.0.0","3239825","142318","testolin2020_replication","2025-11-28T03:28:32.324Z","15-16 inch laptop","1280","800","1240","622","2","24","Nov 27th 7:39","false"
"numerosity_discrimination","3","296","91","12","14","0.8571","j","140","<div style=""width:100vw;height:100vh;background-color:black;""></div>","f","html-keyboard-response","1500","2.0.0","3242512","142318","testolin2020_replication","2025-11-28T03:28:32.324Z","15-16 inch laptop","1280","800","1240","622","2","24","Nov 27th 7:39","false"
"numerosity_discrimination","3","297","263","22","14","0.6364","j","162","<div style=""width:100vw;height:100vh;background-color:black;""></div>","f","html-keyboard-response","1505","2.0.0","3245262","142318","testolin2020_replication","2025-11-28T03:28:32.324Z","15-16 inch laptop","1280","800","1240","622","2","24","Nov 27th 7:39","false"
"numerosity_discrimination","3","298","110","7","8","0.875","j","439","<div style=""width:100vw;height:100vh;background-color:black;""></div>","f","html-keyboard-response","1510","2.0.0","3247948","142318","testolin2020_replication","2025-11-28T03:28:32.324Z","15-16 inch laptop","1280","800","1240","622","2","24","Nov 27th 7:39","false"
"numerosity_discrimination","3","299","222","16","10","0.625","j","129","<div style=""width:100vw;height:100vh;background-color:black;""></div>","f","html-keyboard-response","1515","2.0.0","3250473","142318","testolin2020_replication","2025-11-28T03:28:32.324Z","15-16 inch laptop","1280","800","1240","622","2","24","Nov 27th 7:39","false"
"numerosity_discrimination","3","300","143","20","28","0.7143","j","68","<div style=""width:100vw;height:100vh;background-color:black;""></div>","f","html-keyboard-response","1520","2.0.0","3252869","142318","testolin2020_replication","2025-11-28T03:28:32.324Z","15-16 inch laptop","1280","800","1240","622","2","24","Nov 27th 7:39","false"
