"task","block","pair_order","pair_num","left_n","right_n","pair_ratio","correct_key","rt","stimulus","response","trial_type","trial_index","plugin_version","time_elapsed","participant_id","experiment","date","screen_size_category","screen_width_pixels","screen_height_pixels","window_width_pixels","window_height_pixels","pixel_ratio","participant_age","time_slot","correct"
"numerosity_discrimination","1","1","286","18","10","0.5556","j","746","<div style=""width:100vw;height:100vh;background-color:black;""></div>","f","html-keyboard-response","21","2.0.0","1203052","143062","testolin2020_replication","2025-11-29T04:47:20.746Z","13-14 inch laptop","1470","956","1406","781","2","21","Nov. 28, 11pm","false"
"numerosity_discrimination","1","2","61","8","10","0.8","j","487","<div style=""width:100vw;height:100vh;background-color:black;""></div>","j","html-keyboard-response","26","2.0.0","1205712","143062","testolin2020_replication","2025-11-29T04:47:20.746Z","13-14 inch laptop","1470","956","1406","781","2","21","Nov. 28, 11pm","true"
"numerosity_discrimination","1","3","271","20","11","0.55","j","792","<div style=""width:100vw;height:100vh;background-color:black;""></div>","f","html-keyboard-response","31","2.0.0","1208677","143062","testolin2020_replication","2025-11-29T04:47:20.746Z","13-14 inch laptop","1470","956","1406","781","2","21","Nov. 28, 11pm","false"
"numerosity_discrimination","1","4","128","22","28","0.7857","j","443","<div style=""width:100vw;height:100vh;background-color:black;""></div>","j","html-keyboard-response","36","2.0.0","1211554","143062","testolin2020_replication","2025-11-29T04:47:20.746Z","13-14 inch laptop","1470","956","1406","781","2","21","Nov. 28, 11pm","true"
"numerosity_discrimination","1","5","278","9","18","0.5","j","422","<div style=""width:100vw;height:100vh;background-color:black;""></div>","j","html-keyboard-response","41","2.0.0","1214457","143062","testolin2020_replication","2025-11-29T04:47:20.746Z","13-14 inch laptop","1470","956","1406","781","2","21","Nov. 28, 11pm","true"
"numerosity_discrimination","1","6","51","10","12","0.8333","j","381","<div style=""width:100vw;height:100vh;background-color:black;""></div>","j","html-keyboard-response","46","2.0.0","1217457","143062","testolin2020_replication","2025-11-29T04:47:20.746Z","13-14 inch laptop","1470","956","1406","781","2","21","Nov. 28, 11pm","true"
"numerosity_discrimination","1","7","188","9","12","0.75","j","607","<div style=""width:100vw;height:100vh;background-color:black;""></div>","j","html-keyboard-response","51","2.0.0","1220283","143062","testolin2020_replication","2025-11-29T04:47:20.746Z","13-14 inch laptop","1470","956","1406","781","2","21","Nov. 28, 11pm","true"
"numerosity_discrimination","1","8","236","22","14","0.6364","j","450","<div style=""width:100vw;height:100vh;background-color:black;""></div>","f","html-keyboard-response","56","2.0.0","1223144","143062","testolin2020_replication","2025-11-29T04:47:20.746Z","13-14 inch laptop","1470","956","1406","781","2","21","Nov. 28, 11pm","false"
"numerosity_discrimination","1","9","35","9","8","0.8889","j","412","<div style=""width:100vw;height:100vh;background-color:black;""></div>","j","html-keyboard-response","61","2.0.0","1225993","143062","testolin2020_replication","2025-11-29T04:47:20.746Z","13-14 inch laptop","1470","956","1406","781","2","21","Nov. 28, 11pm","true"
"numerosity_discrimination","1","10","267","18","28","0.6429","j","578","<div style=""width:100vw;height:100vh;background-color:black;""></div>","j","html-keyboard-response","66","2.0.0","1229031","143062","testolin2020_replication","2025-11-29T04:47:20.746Z","13-14 inch laptop","1470","956","1406","781","2","21","Nov. 28, 11pm","true"
"numerosity_discrimination","1","11","280","28","16","0.5714","j","407","<div style=""width:100vw;height:100vh;background-color:black;""></div>","f","html-keyboard-response","71","2.0.0","1231993","143062","testolin2020_replication","2025-11-29T04:47:20.746Z","13-14 inch laptop","1470","956","1406","781","2","21","Nov. 28, 11pm","false"
"numerosity_discrimination","1","12","279","20","11","0.55","j","475","<div style=""width:100vw;height:100vh;background-color:black;""></div>","f","html-keyboard-response","76","2.0.0","1234651","143062","testolin2020_replication","2025-11-29T04:47:20.746Z","13-14 inch laptop","1470","956","1406","781","2","21","Nov. 28, 11pm","false"
"numerosity_discrimination","1","13","167","9","12","0.75","j","394","<div style=""width:100vw;height:100vh;background-color:black;""></div>","j","html-keyboard-response","81","2.0.0","1237581","143062","testolin2020_replication","2025-11-29T04:47:20.746Z","13-14 inch laptop","1470","956","1406","781","2","21","Nov. 28, 11pm","true"
"numerosity_discrimination","1","14","9","9","8","0.8889","j","360","<div style=""width:100vw;height:100vh;background-color:black;""></div>","f","html-keyboard-response","86","2.0.0","1240586","143062","testolin2020_replication","2025-11-29T04:47:20.746Z","13-14 inch laptop","1470","956","1406","781","2","21","Nov. 28, 11pm","false"
"numerosity_discrimination","1","15","202","9","7","0.7778","j","387","<div style=""width:100vw;height:100vh;background-color:black;""></div>","j","html-keyboard-response","91","2.0.0","1243172","143062","testolin2020_replication","2025-11-29T04:47:20.746Z","13-14 inch laptop","1470","956","1406","781","2","21","Nov. 28, 11pm","true"
"numerosity_discrimination","1","16","272","10","20","0.5","j","270","<div style=""width:100vw;height:100vh;background-color:black;""></div>","j","html-keyboard-response","96","2.0.0","1245955","143062","testolin2020_replication","2025-11-29T04:47:20.746Z","13-14 inch laptop","1470","956","1406","781","2","21","Nov. 28, 11pm","true"
"numerosity_discrimination","1","17","235","14","9","0.6429","j","313","<div style=""width:100vw;height:100vh;background-color:black;""></div>","f","html-keyboard-response","101","2.0.0","1248659","143062","testolin2020_replication","2025-11-29T04:47:20.746Z","13-14 inch laptop","1470","956","1406","781","2","21","Nov. 28, 11pm","false"
"numerosity_discrimination","1","18","67","11","9","0.8182","j","553","<div style=""width:100vw;height:100vh;background-color:black;""></div>","j","html-keyboard-response","106","2.0.0","1251571","143062","testolin2020_replication","2025-11-29T04:47:20.746Z","13-14 inch laptop","1470","956","1406","781","2","21","Nov. 28, 11pm","true"
"numerosity_discrimination","1","19","160","12","16","0.75","j","552","<div style=""width:100vw;height:100vh;background-color:black;""></div>","j","html-keyboard-response","111","2.0.0","1254765","143062","testolin2020_replication","2025-11-29T04:47:20.746Z","13-14 inch laptop","1470","956","1406","781","2","21","Nov. 28, 11pm","true"
"numerosity_discrimination","1","20","31","28","25","0.8929","j","322","<div style=""width:100vw;height:100vh;background-color:black;""></div>","f","html-keyboard-response","116","2.0.0","1257454","143062","testolin2020_replication","2025-11-29T04:47:20.746Z","13-14 inch laptop","1470","956","1406","781","2","21","Nov. 28, 11pm","false"
"numerosity_discrimination","1","21","213","18","11","0.6111","j","412","<div style=""width:100vw;height:100vh;background-color:black;""></div>","f","html-keyboard-response","121","2.0.0","1260506","143062","testolin2020_replication","2025-11-29T04:47:20.746Z","13-14 inch laptop","1470","956","1406","781","2","21","Nov. 28, 11pm","false"
"numerosity_discrimination","1","22","193","25","18","0.72","j","484","<div style=""width:100vw;height:100vh;background-color:black;""></div>","f","html-keyboard-response","126","2.0.0","1263650","143062","testolin2020_replication","2025-11-29T04:47:20.746Z","13-14 inch laptop","1470","956","1406","781","2","21","Nov. 28, 11pm","false"
"numerosity_discrimination","1","23","105","28","25","0.8929","j","669","<div style=""width:100vw;height:100vh;background-color:black;""></div>","f","html-keyboard-response","131","2.0.0","1266814","143062","testolin2020_replication","2025-11-29T04:47:20.746Z","13-14 inch laptop","1470","956","1406","781","2","21","Nov. 28, 11pm","false"
"numerosity_discrimination","1","24","158","18","14","0.7778","j","521","<div style=""width:100vw;height:100vh;background-color:black;""></div>","j","html-keyboard-response","136","2.0.0","1269708","143062","testolin2020_replication","2025-11-29T04:47:20.746Z","13-14 inch laptop","1470","956","1406","781","2","21","Nov. 28, 11pm","true"
"numerosity_discrimination","1","25","175","11","14","0.7857","j","395","<div style=""width:100vw;height:100vh;background-color:black;""></div>","j","html-keyboard-response","141","2.0.0","1272519","143062","testolin2020_replication","2025-11-29T04:47:20.746Z","13-14 inch laptop","1470","956","1406","781","2","21","Nov. 28, 11pm","true"
"numerosity_discrimination","1","26","254","20","12","0.6","j","400","<div style=""width:100vw;height:100vh;background-color:black;""></div>","f","html-keyboard-response","146","2.0.0","1275226","143062","testolin2020_replication","2025-11-29T04:47:20.746Z","13-14 inch laptop","1470","956","1406","781","2","21","Nov. 28, 11pm","false"
"numerosity_discrimination","1","27","221","16","10","0.625","j","459","<div style=""width:100vw;height:100vh;background-color:black;""></div>","f","html-keyboard-response","151","2.0.0","1278061","143062","testolin2020_replication","2025-11-29T04:47:20.746Z","13-14 inch laptop","1470","956","1406","781","2","21","Nov. 28, 11pm","false"
"numerosity_discrimination","1","28","55","18","16","0.8889","j","547","<div style=""width:100vw;height:100vh;background-color:black;""></div>","f","html-keyboard-response","156","2.0.0","1281107","143062","testolin2020_replication","2025-11-29T04:47:20.746Z","13-14 inch laptop","1470","956","1406","781","2","21","Nov. 28, 11pm","false"
"numerosity_discrimination","1","29","120","14","12","0.8571","j","348","<div style=""width:100vw;height:100vh;background-color:black;""></div>","j","html-keyboard-response","161","2.0.0","1283693","143062","testolin2020_replication","2025-11-29T04:47:20.746Z","13-14 inch laptop","1470","956","1406","781","2","21","Nov. 28, 11pm","true"
"numerosity_discrimination","1","30","89","11","9","0.8182","j","376","<div style=""width:100vw;height:100vh;background-color:black;""></div>","j","html-keyboard-response","166","2.0.0","1286277","143062","testolin2020_replication","2025-11-29T04:47:20.746Z","13-14 inch laptop","1470","956","1406","781","2","21","Nov. 28, 11pm","true"
"numerosity_discrimination","1","31","108","8","9","0.8889","j","341","<div style=""width:100vw;height:100vh;background-color:black;""></div>","j","html-keyboard-response","171","2.0.0","1289208","143062","testolin2020_replication","2025-11-29T04:47:20.746Z","13-14 inch laptop","1470","956","1406","781","2","21","Nov. 28, 11pm","true"
"numerosity_discrimination","1","32","23","11","9","0.8182","j","269","<div style=""width:100vw;height:100vh;background-color:black;""></div>","j","html-keyboard-response","176","2.0.0","1291794","143062","testolin2020_replication","2025-11-29T04:47:20.746Z","13-14 inch laptop","1470","956","1406","781","2","21","Nov. 28, 11pm","true"
"numerosity_discrimination","1","33","48","14","16","0.875","j","292","<div style=""width:100vw;height:100vh;background-color:black;""></div>","j","html-keyboard-response","181","2.0.0","1294251","143062","testolin2020_replication","2025-11-29T04:47:20.746Z","13-14 inch laptop","1470","956","1406","781","2","21","Nov. 28, 11pm","true"
"numerosity_discrimination","1","34","177","8","11","0.7273","j","376","<div style=""width:100vw;height:100vh;background-color:black;""></div>","j","html-keyboard-response","186","2.0.0","1297020","143062","testolin2020_replication","2025-11-29T04:47:20.746Z","13-14 inch laptop","1470","956","1406","781","2","21","Nov. 28, 11pm","true"
"numerosity_discrimination","1","35","26","28","25","0.8929","j","1458","<div style=""width:100vw;height:100vh;background-color:black;""></div>","f","html-keyboard-response","191","2.0.0","1300786","143062","testolin2020_replication","2025-11-29T04:47:20.746Z","13-14 inch laptop","1470","956","1406","781","2","21","Nov. 28, 11pm","false"
"numerosity_discrimination","1","36","166","20","14","0.7","j","503","<div style=""width:100vw;height:100vh;background-color:black;""></div>","f","html-keyboard-response","196","2.0.0","1303739","143062","testolin2020_replication","2025-11-29T04:47:20.746Z","13-14 inch laptop","1470","956","1406","781","2","21","Nov. 28, 11pm","false"
"numerosity_discrimination","1","37","261","28","18","0.6429","j","168","<div style=""width:100vw;height:100vh;background-color:black;""></div>","f","html-keyboard-response","201","2.0.0","1306550","143062","testolin2020_replication","2025-11-29T04:47:20.746Z","13-14 inch laptop","1470","956","1406","781","2","21","Nov. 28, 11pm","false"
"numerosity_discrimination","1","38","32","16","20","0.8","j","139","<div style=""width:100vw;height:100vh;background-color:black;""></div>","j","html-keyboard-response","206","2.0.0","1308859","143062","testolin2020_replication","2025-11-29T04:47:20.746Z","13-14 inch laptop","1470","956","1406","781","2","21","Nov. 28, 11pm","true"
"numerosity_discrimination","1","39","103","14","12","0.8571","j","418","<div style=""width:100vw;height:100vh;background-color:black;""></div>","j","html-keyboard-response","211","2.0.0","1311829","143062","testolin2020_replication","2025-11-29T04:47:20.746Z","13-14 inch laptop","1470","956","1406","781","2","21","Nov. 28, 11pm","true"
"numerosity_discrimination","1","40","197","12","16","0.75","j","297","<div style=""width:100vw;height:100vh;background-color:black;""></div>","j","html-keyboard-response","216","2.0.0","1314438","143062","testolin2020_replication","2025-11-29T04:47:20.746Z","13-14 inch laptop","1470","956","1406","781","2","21","Nov. 28, 11pm","true"
"numerosity_discrimination","1","41","268","18","11","0.6111","j","52","<div style=""width:100vw;height:100vh;background-color:black;""></div>","f","html-keyboard-response","221","2.0.0","1316812","143062","testolin2020_replication","2025-11-29T04:47:20.746Z","13-14 inch laptop","1470","956","1406","781","2","21","Nov. 28, 11pm","false"
"numerosity_discrimination","1","42","299","20","10","0.5","j","184","<div style=""width:100vw;height:100vh;background-color:black;""></div>","f","html-keyboard-response","226","2.0.0","1319635","143062","testolin2020_replication","2025-11-29T04:47:20.746Z","13-14 inch laptop","1470","956","1406","781","2","21","Nov. 28, 11pm","false"
"numerosity_discrimination","1","43","179","22","16","0.7273","j","422","<div style=""width:100vw;height:100vh;background-color:black;""></div>","f","html-keyboard-response","231","2.0.0","1322493","143062","testolin2020_replication","2025-11-29T04:47:20.746Z","13-14 inch laptop","1470","956","1406","781","2","21","Nov. 28, 11pm","false"
"numerosity_discrimination","1","44","203","11","8","0.7273","j","222","<div style=""width:100vw;height:100vh;background-color:black;""></div>","f","html-keyboard-response","236","2.0.0","1325211","143062","testolin2020_replication","2025-11-29T04:47:20.746Z","13-14 inch laptop","1470","956","1406","781","2","21","Nov. 28, 11pm","false"
"numerosity_discrimination","1","45","245","10","16","0.625","j","401","<div style=""width:100vw;height:100vh;background-color:black;""></div>","j","html-keyboard-response","241","2.0.0","1328102","143062","testolin2020_replication","2025-11-29T04:47:20.746Z","13-14 inch laptop","1470","956","1406","781","2","21","Nov. 28, 11pm","true"
"numerosity_discrimination","1","46","34","16","18","0.8889","j","443","<div style=""width:100vw;height:100vh;background-color:black;""></div>","j","html-keyboard-response","246","2.0.0","1331018","143062","testolin2020_replication","2025-11-29T04:47:20.746Z","13-14 inch laptop","1470","956","1406","781","2","21","Nov. 28, 11pm","true"
"numerosity_discrimination","1","47","164","20","14","0.7","j","266","<div style=""width:100vw;height:100vh;background-color:black;""></div>","f","html-keyboard-response","251","2.0.0","1333526","143062","testolin2020_replication","2025-11-29T04:47:20.746Z","13-14 inch laptop","1470","956","1406","781","2","21","Nov. 28, 11pm","false"
"numerosity_discrimination","1","48","186","22","28","0.7857","j","74","<div style=""width:100vw;height:100vh;background-color:black;""></div>","j","html-keyboard-response","256","2.0.0","1336227","143062","testolin2020_replication","2025-11-29T04:47:20.746Z","13-14 inch laptop","1470","956","1406","781","2","21","Nov. 28, 11pm","true"
"numerosity_discrimination","1","49","19","18","22","0.8182","j","173","<div style=""width:100vw;height:100vh;background-color:black;""></div>","j","html-keyboard-response","261","2.0.0","1338946","143062","testolin2020_replication","2025-11-29T04:47:20.746Z","13-14 inch laptop","1470","956","1406","781","2","21","Nov. 28, 11pm","true"
"numerosity_discrimination","1","50","22","16","20","0.8","j","309","<div style=""width:100vw;height:100vh;background-color:black;""></div>","j","html-keyboard-response","266","2.0.0","1341645","143062","testolin2020_replication","2025-11-29T04:47:20.746Z","13-14 inch laptop","1470","956","1406","781","2","21","Nov. 28, 11pm","true"
"numerosity_discrimination","1","51","285","11","22","0.5","j","282","<div style=""width:100vw;height:100vh;background-color:black;""></div>","j","html-keyboard-response","271","2.0.0","1344452","143062","testolin2020_replication","2025-11-29T04:47:20.746Z","13-14 inch laptop","1470","956","1406","781","2","21","Nov. 28, 11pm","true"
"numerosity_discrimination","1","52","54","22","18","0.8182","j","329","<div style=""width:100vw;height:100vh;background-color:black;""></div>","j","html-keyboard-response","276","2.0.0","1347111","143062","testolin2020_replication","2025-11-29T04:47:20.746Z","13-14 inch laptop","1470","956","1406","781","2","21","Nov. 28, 11pm","true"
"numerosity_discrimination","1","53","238","20","12","0.6","j","188","<div style=""width:100vw;height:100vh;background-color:black;""></div>","f","html-keyboard-response","281","2.0.0","1349819","143062","testolin2020_replication","2025-11-29T04:47:20.746Z","13-14 inch laptop","1470","956","1406","781","2","21","Nov. 28, 11pm","false"
"numerosity_discrimination","1","54","124","16","12","0.75","j","219","<div style=""width:100vw;height:100vh;background-color:black;""></div>","f","html-keyboard-response","286","2.0.0","1352489","143062","testolin2020_replication","2025-11-29T04:47:20.746Z","13-14 inch laptop","1470","956","1406","781","2","21","Nov. 28, 11pm","false"
"numerosity_discrimination","1","55","18","14","12","0.8571","j","859","<div style=""width:100vw;height:100vh;background-color:black;""></div>","f","html-keyboard-response","291","2.0.0","1355892","143062","testolin2020_replication","2025-11-29T04:47:20.746Z","13-14 inch laptop","1470","956","1406","781","2","21","Nov. 28, 11pm","false"
"numerosity_discrimination","1","56","173","25","18","0.72","j","318","<div style=""width:100vw;height:100vh;background-color:black;""></div>","f","html-keyboard-response","296","2.0.0","1358593","143062","testolin2020_replication","2025-11-29T04:47:20.746Z","13-14 inch laptop","1470","956","1406","781","2","21","Nov. 28, 11pm","false"
"numerosity_discrimination","1","57","63","9","8","0.8889","j","398","<div style=""width:100vw;height:100vh;background-color:black;""></div>","j","html-keyboard-response","301","2.0.0","1361255","143062","testolin2020_replication","2025-11-29T04:47:20.746Z","13-14 inch laptop","1470","956","1406","781","2","21","Nov. 28, 11pm","true"
"numerosity_discrimination","1","58","159","20","28","0.7143","j","391","<div style=""width:100vw;height:100vh;background-color:black;""></div>","j","html-keyboard-response","306","2.0.0","1364036","143062","testolin2020_replication","2025-11-29T04:47:20.746Z","13-14 inch laptop","1470","956","1406","781","2","21","Nov. 28, 11pm","true"
"numerosity_discrimination","1","59","265","18","28","0.6429","j","326","<div style=""width:100vw;height:100vh;background-color:black;""></div>","j","html-keyboard-response","311","2.0.0","1366860","143062","testolin2020_replication","2025-11-29T04:47:20.746Z","13-14 inch laptop","1470","956","1406","781","2","21","Nov. 28, 11pm","true"
"numerosity_discrimination","1","60","17","12","14","0.8571","j","252","<div style=""width:100vw;height:100vh;background-color:black;""></div>","j","html-keyboard-response","316","2.0.0","1369536","143062","testolin2020_replication","2025-11-29T04:47:20.746Z","13-14 inch laptop","1470","956","1406","781","2","21","Nov. 28, 11pm","true"
"numerosity_discrimination","1","61","140","11","8","0.7273","j","263","<div style=""width:100vw;height:100vh;background-color:black;""></div>","f","html-keyboard-response","321","2.0.0","1372398","143062","testolin2020_replication","2025-11-29T04:47:20.746Z","13-14 inch laptop","1470","956","1406","781","2","21","Nov. 28, 11pm","false"
"numerosity_discrimination","1","62","208","9","7","0.7778","j","684","<div style=""width:100vw;height:100vh;background-color:black;""></div>","f","html-keyboard-response","326","2.0.0","1375440","143062","testolin2020_replication","2025-11-29T04:47:20.746Z","13-14 inch laptop","1470","956","1406","781","2","21","Nov. 28, 11pm","false"
"numerosity_discrimination","1","63","53","18","22","0.8182","j","432","<div style=""width:100vw;height:100vh;background-color:black;""></div>","j","html-keyboard-response","331","2.0.0","1378498","143062","testolin2020_replication","2025-11-29T04:47:20.746Z","13-14 inch laptop","1470","956","1406","781","2","21","Nov. 28, 11pm","true"
"numerosity_discrimination","1","64","126","9","7","0.7778","j","405","<div style=""width:100vw;height:100vh;background-color:black;""></div>","f","html-keyboard-response","336","2.0.0","1381436","143062","testolin2020_replication","2025-11-29T04:47:20.746Z","13-14 inch laptop","1470","956","1406","781","2","21","Nov. 28, 11pm","false"
"numerosity_discrimination","1","65","88","12","10","0.8333","j","397","<div style=""width:100vw;height:100vh;background-color:black;""></div>","f","html-keyboard-response","341","2.0.0","1384067","143062","testolin2020_replication","2025-11-29T04:47:20.746Z","13-14 inch laptop","1470","956","1406","781","2","21","Nov. 28, 11pm","false"
"numerosity_discrimination","1","66","116","28","25","0.8929","j","1379","<div style=""width:100vw;height:100vh;background-color:black;""></div>","j","html-keyboard-response","346","2.0.0","1387952","143062","testolin2020_replication","2025-11-29T04:47:20.746Z","13-14 inch laptop","1470","956","1406","781","2","21","Nov. 28, 11pm","true"
"numerosity_discrimination","1","67","4","12","14","0.8571","j","365","<div style=""width:100vw;height:100vh;background-color:black;""></div>","j","html-keyboard-response","351","2.0.0","1390655","143062","testolin2020_replication","2025-11-29T04:47:20.746Z","13-14 inch laptop","1470","956","1406","781","2","21","Nov. 28, 11pm","true"
"numerosity_discrimination","1","68","287","25","14","0.56","j","362","<div style=""width:100vw;height:100vh;background-color:black;""></div>","f","html-keyboard-response","356","2.0.0","1393359","143062","testolin2020_replication","2025-11-29T04:47:20.746Z","13-14 inch laptop","1470","956","1406","781","2","21","Nov. 28, 11pm","false"
"numerosity_discrimination","1","69","119","12","10","0.8333","j","236","<div style=""width:100vw;height:100vh;background-color:black;""></div>","j","html-keyboard-response","361","2.0.0","1396154","143062","testolin2020_replication","2025-11-29T04:47:20.746Z","13-14 inch laptop","1470","956","1406","781","2","21","Nov. 28, 11pm","true"
"numerosity_discrimination","1","70","122","8","11","0.7273","j","601","<div style=""width:100vw;height:100vh;background-color:black;""></div>","j","html-keyboard-response","366","2.0.0","1399316","143062","testolin2020_replication","2025-11-29T04:47:20.746Z","13-14 inch laptop","1470","956","1406","781","2","21","Nov. 28, 11pm","true"
"numerosity_discrimination","1","71","194","7","9","0.7778","j","667","<div style=""width:100vw;height:100vh;background-color:black;""></div>","j","html-keyboard-response","371","2.0.0","1402233","143062","testolin2020_replication","2025-11-29T04:47:20.746Z","13-14 inch laptop","1470","956","1406","781","2","21","Nov. 28, 11pm","true"
"numerosity_discrimination","1","72","75","12","14","0.8571","j","672","<div style=""width:100vw;height:100vh;background-color:black;""></div>","j","html-keyboard-response","376","2.0.0","1405127","143062","testolin2020_replication","2025-11-29T04:47:20.746Z","13-14 inch laptop","1470","956","1406","781","2","21","Nov. 28, 11pm","true"
"numerosity_discrimination","1","73","150","16","22","0.7273","j","134","<div style=""width:100vw;height:100vh;background-color:black;""></div>","j","html-keyboard-response","381","2.0.0","1407627","143062","testolin2020_replication","2025-11-29T04:47:20.746Z","13-14 inch laptop","1470","956","1406","781","2","21","Nov. 28, 11pm","true"
"numerosity_discrimination","1","74","70","18","16","0.8889","j","445","<div style=""width:100vw;height:100vh;background-color:black;""></div>","f","html-keyboard-response","386","2.0.0","1410673","143062","testolin2020_replication","2025-11-29T04:47:20.746Z","13-14 inch laptop","1470","956","1406","781","2","21","Nov. 28, 11pm","false"
"numerosity_discrimination","1","75","187","18","14","0.7778","j","785","<div style=""width:100vw;height:100vh;background-color:black;""></div>","f","html-keyboard-response","391","2.0.0","1413984","143062","testolin2020_replication","2025-11-29T04:47:20.746Z","13-14 inch laptop","1470","956","1406","781","2","21","Nov. 28, 11pm","false"
"numerosity_discrimination","1","76","275","14","7","0.5","j","589","<div style=""width:100vw;height:100vh;background-color:black;""></div>","f","html-keyboard-response","396","2.0.0","1417002","143062","testolin2020_replication","2025-11-29T04:47:20.746Z","13-14 inch laptop","1470","956","1406","781","2","21","Nov. 28, 11pm","false"
"numerosity_discrimination","1","77","192","22","28","0.7857","j","313","<div style=""width:100vw;height:100vh;background-color:black;""></div>","j","html-keyboard-response","401","2.0.0","1419602","143062","testolin2020_replication","2025-11-29T04:47:20.746Z","13-14 inch laptop","1470","956","1406","781","2","21","Nov. 28, 11pm","true"
"numerosity_discrimination","1","78","225","14","22","0.6364","j","441","<div style=""width:100vw;height:100vh;background-color:black;""></div>","j","html-keyboard-response","406","2.0.0","1422401","143062","testolin2020_replication","2025-11-29T04:47:20.746Z","13-14 inch laptop","1470","956","1406","781","2","21","Nov. 28, 11pm","true"
"numerosity_discrimination","1","79","59","14","12","0.8571","j","672","<div style=""width:100vw;height:100vh;background-color:black;""></div>","j","html-keyboard-response","411","2.0.0","1425671","143062","testolin2020_replication","2025-11-29T04:47:20.746Z","13-14 inch laptop","1470","956","1406","781","2","21","Nov. 28, 11pm","true"
"numerosity_discrimination","1","80","239","22","14","0.6364","j","1114","<div style=""width:100vw;height:100vh;background-color:black;""></div>","f","html-keyboard-response","416","2.0.0","1429354","143062","testolin2020_replication","2025-11-29T04:47:20.746Z","13-14 inch laptop","1470","956","1406","781","2","21","Nov. 28, 11pm","false"
"numerosity_discrimination","1","81","226","14","9","0.6429","j","392","<div style=""width:100vw;height:100vh;background-color:black;""></div>","f","html-keyboard-response","421","2.0.0","1432093","143062","testolin2020_replication","2025-11-29T04:47:20.746Z","13-14 inch laptop","1470","956","1406","781","2","21","Nov. 28, 11pm","false"
"numerosity_discrimination","1","82","259","18","11","0.6111","j","379","<div style=""width:100vw;height:100vh;background-color:black;""></div>","f","html-keyboard-response","426","2.0.0","1435050","143062","testolin2020_replication","2025-11-29T04:47:20.746Z","13-14 inch laptop","1470","956","1406","781","2","21","Nov. 28, 11pm","false"
"numerosity_discrimination","1","83","184","18","14","0.7778","j","376","<div style=""width:100vw;height:100vh;background-color:black;""></div>","j","html-keyboard-response","431","2.0.0","1437935","143062","testolin2020_replication","2025-11-29T04:47:20.746Z","13-14 inch laptop","1470","956","1406","781","2","21","Nov. 28, 11pm","true"
"numerosity_discrimination","1","84","100","28","25","0.8929","j","649","<div style=""width:100vw;height:100vh;background-color:black;""></div>","j","html-keyboard-response","436","2.0.0","1441009","143062","testolin2020_replication","2025-11-29T04:47:20.746Z","13-14 inch laptop","1470","956","1406","781","2","21","Nov. 28, 11pm","true"
"numerosity_discrimination","1","85","38","14","16","0.875","j","177","<div style=""width:100vw;height:100vh;background-color:black;""></div>","j","html-keyboard-response","441","2.0.0","1443795","143062","testolin2020_replication","2025-11-29T04:47:20.746Z","13-14 inch laptop","1470","956","1406","781","2","21","Nov. 28, 11pm","true"
"numerosity_discrimination","1","86","109","12","14","0.8571","j","329","<div style=""width:100vw;height:100vh;background-color:black;""></div>","j","html-keyboard-response","446","2.0.0","1446602","143062","testolin2020_replication","2025-11-29T04:47:20.746Z","13-14 inch laptop","1470","956","1406","781","2","21","Nov. 28, 11pm","true"
"numerosity_discrimination","1","87","231","25","16","0.64","j","256","<div style=""width:100vw;height:100vh;background-color:black;""></div>","f","html-keyboard-response","451","2.0.0","1449481","143062","testolin2020_replication","2025-11-29T04:47:20.746Z","13-14 inch laptop","1470","956","1406","781","2","21","Nov. 28, 11pm","false"
"numerosity_discrimination","1","88","282","8","14","0.5714","j","909","<div style=""width:100vw;height:100vh;background-color:black;""></div>","j","html-keyboard-response","456","2.0.0","1452743","143062","testolin2020_replication","2025-11-29T04:47:20.746Z","13-14 inch laptop","1470","956","1406","781","2","21","Nov. 28, 11pm","true"
"numerosity_discrimination","1","89","37","20","16","0.8","j","346","<div style=""width:100vw;height:100vh;background-color:black;""></div>","f","html-keyboard-response","461","2.0.0","1455642","143062","testolin2020_replication","2025-11-29T04:47:20.746Z","13-14 inch laptop","1470","956","1406","781","2","21","Nov. 28, 11pm","false"
"numerosity_discrimination","1","90","41","16","20","0.8","j","122","<div style=""width:100vw;height:100vh;background-color:black;""></div>","j","html-keyboard-response","466","2.0.0","1458339","143062","testolin2020_replication","2025-11-29T04:47:20.746Z","13-14 inch laptop","1470","956","1406","781","2","21","Nov. 28, 11pm","true"
"numerosity_discrimination","1","91","11","8","10","0.8","j","182","<div style=""width:100vw;height:100vh;background-color:black;""></div>","j","html-keyboard-response","471","2.0.0","1460730","143062","testolin2020_replication","2025-11-29T04:47:20.746Z","13-14 inch laptop","1470","956","1406","781","2","21","Nov. 28, 11pm","true"
"numerosity_discrimination","1","92","163","18","14","0.7778","j","212","<div style=""width:100vw;height:100vh;background-color:black;""></div>","f","html-keyboard-response","476","2.0.0","1463412","143062","testolin2020_replication","2025-11-29T04:47:20.746Z","13-14 inch laptop","1470","956","1406","781","2","21","Nov. 28, 11pm","false"
"numerosity_discrimination","1","93","243","18","12","0.6667","j","229","<div style=""width:100vw;height:100vh;background-color:black;""></div>","f","html-keyboard-response","481","2.0.0","1466108","143062","testolin2020_replication","2025-11-29T04:47:20.746Z","13-14 inch laptop","1470","956","1406","781","2","21","Nov. 28, 11pm","false"
"numerosity_discrimination","1","94","290","12","22","0.5455","j","1264","<div style=""width:100vw;height:100vh;background-color:black;""></div>","j","html-keyboard-response","486","2.0.0","1469591","143062","testolin2020_replication","2025-11-29T04:47:20.746Z","13-14 inch laptop","1470","956","1406","781","2","21","Nov. 28, 11pm","true"
"numerosity_discrimination","1","95","281","12","7","0.5833","j","361","<div style=""width:100vw;height:100vh;background-color:black;""></div>","f","html-keyboard-response","491","2.0.0","1472404","143062","testolin2020_replication","2025-11-29T04:47:20.746Z","13-14 inch laptop","1470","956","1406","781","2","21","Nov. 28, 11pm","false"
"numerosity_discrimination","1","96","134","16","12","0.75","j","454","<div style=""width:100vw;height:100vh;background-color:black;""></div>","f","html-keyboard-response","496","2.0.0","1475464","143062","testolin2020_replication","2025-11-29T04:47:20.746Z","13-14 inch laptop","1470","956","1406","781","2","21","Nov. 28, 11pm","false"
"numerosity_discrimination","1","97","123","12","16","0.75","j","387","<div style=""width:100vw;height:100vh;background-color:black;""></div>","j","html-keyboard-response","501","2.0.0","1478058","143062","testolin2020_replication","2025-11-29T04:47:20.746Z","13-14 inch laptop","1470","956","1406","781","2","21","Nov. 28, 11pm","true"
"numerosity_discrimination","1","98","274","18","9","0.5","j","387","<div style=""width:100vw;height:100vh;background-color:black;""></div>","j","html-keyboard-response","506","2.0.0","1480744","143062","testolin2020_replication","2025-11-29T04:47:20.746Z","13-14 inch laptop","1470","956","1406","781","2","21","Nov. 28, 11pm","true"
"numerosity_discrimination","1","99","112","28","25","0.8929","j","429","<div style=""width:100vw;height:100vh;background-color:black;""></div>","j","html-keyboard-response","511","2.0.0","1483725","143062","testolin2020_replication","2025-11-29T04:47:20.746Z","13-14 inch laptop","1470","956","1406","781","2","21","Nov. 28, 11pm","true"
"numerosity_discrimination","1","100","295","20","10","0.5","j","458","<div style=""width:100vw;height:100vh;background-color:black;""></div>","f","html-keyboard-response","516","2.0.0","1486711","143062","testolin2020_replication","2025-11-29T04:47:20.746Z","13-14 inch laptop","1470","956","1406","781","2","21","Nov. 28, 11pm","false"
"numerosity_discrimination","2","101","46","18","22","0.8182","j","194","<div style=""width:100vw;height:100vh;background-color:black;""></div>","j","html-keyboard-response","523","2.0.0","1507664","143062","testolin2020_replication","2025-11-29T04:47:20.746Z","13-14 inch laptop","1470","956","1406","781","2","21","Nov. 28, 11pm","true"
"numerosity_discrimination","2","102","77","7","8","0.875","j","275","<div style=""width:100vw;height:100vh;background-color:black;""></div>","j","html-keyboard-response","528","2.0.0","1510191","143062","testolin2020_replication","2025-11-29T04:47:20.746Z","13-14 inch laptop","1470","956","1406","781","2","21","Nov. 28, 11pm","true"
"numerosity_discrimination","2","103","68","11","9","0.8182","j","329","<div style=""width:100vw;height:100vh;background-color:black;""></div>","f","html-keyboard-response","533","2.0.0","1512823","143062","testolin2020_replication","2025-11-29T04:47:20.746Z","13-14 inch laptop","1470","956","1406","781","2","21","Nov. 28, 11pm","false"
"numerosity_discrimination","2","104","178","14","11","0.7857","j","314","<div style=""width:100vw;height:100vh;background-color:black;""></div>","f","html-keyboard-response","538","2.0.0","1515741","143062","testolin2020_replication","2025-11-29T04:47:20.746Z","13-14 inch laptop","1470","956","1406","781","2","21","Nov. 28, 11pm","false"
"numerosity_discrimination","2","105","30","11","9","0.8182","j","195","<div style=""width:100vw;height:100vh;background-color:black;""></div>","f","html-keyboard-response","543","2.0.0","1518293","143062","testolin2020_replication","2025-11-29T04:47:20.746Z","13-14 inch laptop","1470","956","1406","781","2","21","Nov. 28, 11pm","false"
"numerosity_discrimination","2","106","86","22","25","0.88","j","303","<div style=""width:100vw;height:100vh;background-color:black;""></div>","j","html-keyboard-response","548","2.0.0","1521146","143062","testolin2020_replication","2025-11-29T04:47:20.746Z","13-14 inch laptop","1470","956","1406","781","2","21","Nov. 28, 11pm","true"
"numerosity_discrimination","2","107","244","8","12","0.6667","j","176","<div style=""width:100vw;height:100vh;background-color:black;""></div>","j","html-keyboard-response","553","2.0.0","1523843","143062","testolin2020_replication","2025-11-29T04:47:20.746Z","13-14 inch laptop","1470","956","1406","781","2","21","Nov. 28, 11pm","true"
"numerosity_discrimination","2","108","195","16","12","0.75","j","210","<div style=""width:100vw;height:100vh;background-color:black;""></div>","f","html-keyboard-response","558","2.0.0","1526260","143062","testolin2020_replication","2025-11-29T04:47:20.746Z","13-14 inch laptop","1470","956","1406","781","2","21","Nov. 28, 11pm","false"
"numerosity_discrimination","2","109","78","11","9","0.8182","j","211","<div style=""width:100vw;height:100vh;background-color:black;""></div>","f","html-keyboard-response","563","2.0.0","1529002","143062","testolin2020_replication","2025-11-29T04:47:20.746Z","13-14 inch laptop","1470","956","1406","781","2","21","Nov. 28, 11pm","false"
"numerosity_discrimination","2","110","6","16","18","0.8889","j","149","<div style=""width:100vw;height:100vh;background-color:black;""></div>","j","html-keyboard-response","568","2.0.0","1531735","143062","testolin2020_replication","2025-11-29T04:47:20.746Z","13-14 inch laptop","1470","956","1406","781","2","21","Nov. 28, 11pm","true"
"numerosity_discrimination","2","111","185","20","28","0.7143","j","132","<div style=""width:100vw;height:100vh;background-color:black;""></div>","j","html-keyboard-response","573","2.0.0","1534309","143062","testolin2020_replication","2025-11-29T04:47:20.746Z","13-14 inch laptop","1470","956","1406","781","2","21","Nov. 28, 11pm","true"
"numerosity_discrimination","2","112","148","25","18","0.72","j","300","<div style=""width:100vw;height:100vh;background-color:black;""></div>","f","html-keyboard-response","578","2.0.0","1536877","143062","testolin2020_replication","2025-11-29T04:47:20.746Z","13-14 inch laptop","1470","956","1406","781","2","21","Nov. 28, 11pm","false"
"numerosity_discrimination","2","113","157","7","10","0.7","j","251","<div style=""width:100vw;height:100vh;background-color:black;""></div>","j","html-keyboard-response","583","2.0.0","1539742","143062","testolin2020_replication","2025-11-29T04:47:20.746Z","13-14 inch laptop","1470","956","1406","781","2","21","Nov. 28, 11pm","true"
"numerosity_discrimination","2","114","141","20","14","0.7","j","152","<div style=""width:100vw;height:100vh;background-color:black;""></div>","j","html-keyboard-response","588","2.0.0","1542256","143062","testolin2020_replication","2025-11-29T04:47:20.746Z","13-14 inch laptop","1470","956","1406","781","2","21","Nov. 28, 11pm","true"
"numerosity_discrimination","2","115","253","22","14","0.6364","j","526","<div style=""width:100vw;height:100vh;background-color:black;""></div>","j","html-keyboard-response","593","2.0.0","1545045","143062","testolin2020_replication","2025-11-29T04:47:20.746Z","13-14 inch laptop","1470","956","1406","781","2","21","Nov. 28, 11pm","true"
"numerosity_discrimination","2","116","214","20","12","0.6","j","197","<div style=""width:100vw;height:100vh;background-color:black;""></div>","j","html-keyboard-response","598","2.0.0","1547744","143062","testolin2020_replication","2025-11-29T04:47:20.746Z","13-14 inch laptop","1470","956","1406","781","2","21","Nov. 28, 11pm","true"
"numerosity_discrimination","2","117","102","8","7","0.875","j","272","<div style=""width:100vw;height:100vh;background-color:black;""></div>","j","html-keyboard-response","603","2.0.0","1550589","143062","testolin2020_replication","2025-11-29T04:47:20.746Z","13-14 inch laptop","1470","956","1406","781","2","21","Nov. 28, 11pm","true"
"numerosity_discrimination","2","118","96","12","10","0.8333","j","167","<div style=""width:100vw;height:100vh;background-color:black;""></div>","j","html-keyboard-response","608","2.0.0","1553418","143062","testolin2020_replication","2025-11-29T04:47:20.746Z","13-14 inch laptop","1470","956","1406","781","2","21","Nov. 28, 11pm","true"
"numerosity_discrimination","2","119","220","28","18","0.6429","j","305","<div style=""width:100vw;height:100vh;background-color:black;""></div>","f","html-keyboard-response","613","2.0.0","1555887","143062","testolin2020_replication","2025-11-29T04:47:20.746Z","13-14 inch laptop","1470","956","1406","781","2","21","Nov. 28, 11pm","false"
"numerosity_discrimination","2","120","142","11","14","0.7857","j","338","<div style=""width:100vw;height:100vh;background-color:black;""></div>","j","html-keyboard-response","618","2.0.0","1558717","143062","testolin2020_replication","2025-11-29T04:47:20.746Z","13-14 inch laptop","1470","956","1406","781","2","21","Nov. 28, 11pm","true"
"numerosity_discrimination","2","121","183","14","20","0.7","j","196","<div style=""width:100vw;height:100vh;background-color:black;""></div>","j","html-keyboard-response","623","2.0.0","1561084","143062","testolin2020_replication","2025-11-29T04:47:20.746Z","13-14 inch laptop","1470","956","1406","781","2","21","Nov. 28, 11pm","true"
"numerosity_discrimination","2","122","291","11","20","0.55","j","1133","<div style=""width:100vw;height:100vh;background-color:black;""></div>","f","html-keyboard-response","628","2.0.0","1564556","143062","testolin2020_replication","2025-11-29T04:47:20.746Z","13-14 inch laptop","1470","956","1406","781","2","21","Nov. 28, 11pm","false"
"numerosity_discrimination","2","123","248","22","14","0.6364","j","557","<div style=""width:100vw;height:100vh;background-color:black;""></div>","f","html-keyboard-response","633","2.0.0","1567328","143062","testolin2020_replication","2025-11-29T04:47:20.746Z","13-14 inch laptop","1470","956","1406","781","2","21","Nov. 28, 11pm","false"
"numerosity_discrimination","2","124","230","10","16","0.625","j","404","<div style=""width:100vw;height:100vh;background-color:black;""></div>","j","html-keyboard-response","638","2.0.0","1570151","143062","testolin2020_replication","2025-11-29T04:47:20.746Z","13-14 inch laptop","1470","956","1406","781","2","21","Nov. 28, 11pm","true"
"numerosity_discrimination","2","125","283","20","11","0.55","j","386","<div style=""width:100vw;height:100vh;background-color:black;""></div>","f","html-keyboard-response","643","2.0.0","1573156","143062","testolin2020_replication","2025-11-29T04:47:20.746Z","13-14 inch laptop","1470","956","1406","781","2","21","Nov. 28, 11pm","false"
"numerosity_discrimination","2","126","14","8","7","0.875","j","554","<div style=""width:100vw;height:100vh;background-color:black;""></div>","f","html-keyboard-response","648","2.0.0","1576365","143062","testolin2020_replication","2025-11-29T04:47:20.746Z","13-14 inch laptop","1470","956","1406","781","2","21","Nov. 28, 11pm","false"
"numerosity_discrimination","2","127","297","18","10","0.5556","j","350","<div style=""width:100vw;height:100vh;background-color:black;""></div>","f","html-keyboard-response","653","2.0.0","1579029","143062","testolin2020_replication","2025-11-29T04:47:20.746Z","13-14 inch laptop","1470","956","1406","781","2","21","Nov. 28, 11pm","false"
"numerosity_discrimination","2","128","250","18","12","0.6667","j","351","<div style=""width:100vw;height:100vh;background-color:black;""></div>","f","html-keyboard-response","658","2.0.0","1581713","143062","testolin2020_replication","2025-11-29T04:47:20.746Z","13-14 inch laptop","1470","956","1406","781","2","21","Nov. 28, 11pm","false"
"numerosity_discrimination","2","129","79","16","18","0.8889","j","145","<div style=""width:100vw;height:100vh;background-color:black;""></div>","j","html-keyboard-response","663","2.0.0","1584485","143062","testolin2020_replication","2025-11-29T04:47:20.746Z","13-14 inch laptop","1470","956","1406","781","2","21","Nov. 28, 11pm","true"
"numerosity_discrimination","2","130","171","12","9","0.75","j","198","<div style=""width:100vw;height:100vh;background-color:black;""></div>","j","html-keyboard-response","668","2.0.0","1587298","143062","testolin2020_replication","2025-11-29T04:47:20.746Z","13-14 inch laptop","1470","956","1406","781","2","21","Nov. 28, 11pm","true"
"numerosity_discrimination","2","131","8","16","14","0.875","j","275","<div style=""width:100vw;height:100vh;background-color:black;""></div>","j","html-keyboard-response","673","2.0.0","1589826","143062","testolin2020_replication","2025-11-29T04:47:20.746Z","13-14 inch laptop","1470","956","1406","781","2","21","Nov. 28, 11pm","true"
"numerosity_discrimination","2","132","107","16","18","0.8889","j","4667","<div style=""width:100vw;height:100vh;background-color:black;""></div>","j","html-keyboard-response","678","2.0.0","1597018","143062","testolin2020_replication","2025-11-29T04:47:20.746Z","13-14 inch laptop","1470","956","1406","781","2","21","Nov. 28, 11pm","true"
"numerosity_discrimination","2","133","99","22","18","0.8182","j","458","<div style=""width:100vw;height:100vh;background-color:black;""></div>","f","html-keyboard-response","683","2.0.0","1599940","143062","testolin2020_replication","2025-11-29T04:47:20.746Z","13-14 inch laptop","1470","956","1406","781","2","21","Nov. 28, 11pm","false"
"numerosity_discrimination","2","134","224","9","14","0.6429","j","295","<div style=""width:100vw;height:100vh;background-color:black;""></div>","j","html-keyboard-response","688","2.0.0","1602608","143062","testolin2020_replication","2025-11-29T04:47:20.746Z","13-14 inch laptop","1470","956","1406","781","2","21","Nov. 28, 11pm","true"
"numerosity_discrimination","2","135","151","9","7","0.7778","j","627","<div style=""width:100vw;height:100vh;background-color:black;""></div>","j","html-keyboard-response","693","2.0.0","1605568","143062","testolin2020_replication","2025-11-29T04:47:20.746Z","13-14 inch laptop","1470","956","1406","781","2","21","Nov. 28, 11pm","true"
"numerosity_discrimination","2","136","133","10","14","0.7143","j","413","<div style=""width:100vw;height:100vh;background-color:black;""></div>","j","html-keyboard-response","698","2.0.0","1608632","143062","testolin2020_replication","2025-11-29T04:47:20.746Z","13-14 inch laptop","1470","956","1406","781","2","21","Nov. 28, 11pm","true"
"numerosity_discrimination","2","137","258","14","22","0.6364","j","267","<div style=""width:100vw;height:100vh;background-color:black;""></div>","j","html-keyboard-response","703","2.0.0","1611446","143062","testolin2020_replication","2025-11-29T04:47:20.746Z","13-14 inch laptop","1470","956","1406","781","2","21","Nov. 28, 11pm","true"
"numerosity_discrimination","2","138","82","16","14","0.875","j","343","<div style=""width:100vw;height:100vh;background-color:black;""></div>","j","html-keyboard-response","708","2.0.0","1614280","143062","testolin2020_replication","2025-11-29T04:47:20.746Z","13-14 inch laptop","1470","956","1406","781","2","21","Nov. 28, 11pm","true"
"numerosity_discrimination","2","139","146","10","14","0.7143","j","288","<div style=""width:100vw;height:100vh;background-color:black;""></div>","j","html-keyboard-response","713","2.0.0","1616956","143062","testolin2020_replication","2025-11-29T04:47:20.746Z","13-14 inch laptop","1470","956","1406","781","2","21","Nov. 28, 11pm","true"
"numerosity_discrimination","2","140","215","16","11","0.6875","j","311","<div style=""width:100vw;height:100vh;background-color:black;""></div>","f","html-keyboard-response","718","2.0.0","1619668","143062","testolin2020_replication","2025-11-29T04:47:20.746Z","13-14 inch laptop","1470","956","1406","781","2","21","Nov. 28, 11pm","false"
"numerosity_discrimination","2","141","209","9","7","0.7778","j","287","<div style=""width:100vw;height:100vh;background-color:black;""></div>","j","html-keyboard-response","723","2.0.0","1622363","143062","testolin2020_replication","2025-11-29T04:47:20.746Z","13-14 inch laptop","1470","956","1406","781","2","21","Nov. 28, 11pm","true"
"numerosity_discrimination","2","142","156","12","16","0.75","j","118","<div style=""width:100vw;height:100vh;background-color:black;""></div>","j","html-keyboard-response","728","2.0.0","1624831","143062","testolin2020_replication","2025-11-29T04:47:20.746Z","13-14 inch laptop","1470","956","1406","781","2","21","Nov. 28, 11pm","true"
"numerosity_discrimination","2","143","181","10","14","0.7143","j","434","<div style=""width:100vw;height:100vh;background-color:black;""></div>","j","html-keyboard-response","733","2.0.0","1627604","143062","testolin2020_replication","2025-11-29T04:47:20.746Z","13-14 inch laptop","1470","956","1406","781","2","21","Nov. 28, 11pm","true"
"numerosity_discrimination","2","144","270","14","22","0.6364","j","373","<div style=""width:100vw;height:100vh;background-color:black;""></div>","j","html-keyboard-response","738","2.0.0","1630611","143062","testolin2020_replication","2025-11-29T04:47:20.746Z","13-14 inch laptop","1470","956","1406","781","2","21","Nov. 28, 11pm","true"
"numerosity_discrimination","2","145","293","7","12","0.5833","j","352","<div style=""width:100vw;height:100vh;background-color:black;""></div>","j","html-keyboard-response","743","2.0.0","1633317","143062","testolin2020_replication","2025-11-29T04:47:20.746Z","13-14 inch laptop","1470","956","1406","781","2","21","Nov. 28, 11pm","true"
"numerosity_discrimination","2","146","154","11","14","0.7857","j","318","<div style=""width:100vw;height:100vh;background-color:black;""></div>","j","html-keyboard-response","748","2.0.0","1635855","143062","testolin2020_replication","2025-11-29T04:47:20.746Z","13-14 inch laptop","1470","956","1406","781","2","21","Nov. 28, 11pm","true"
"numerosity_discrimination","2","147","137","10","7","0.7","j","373","<div style=""width:100vw;height:100vh;background-color:black;""></div>","j","html-keyboard-response","753","2.0.0","1638703","143062","testolin2020_replication","2025-11-29T04:47:20.746Z","13-14 inch laptop","1470","956","1406","781","2","21","Nov. 28, 11pm","true"
"numerosity_discrimination","2","148","95","9","8","0.8889","j","367","<div style=""width:100vw;height:100vh;background-color:black;""></div>","j","html-keyboard-response","758","2.0.0","1641567","143062","testolin2020_replication","2025-11-29T04:47:20.746Z","13-14 inch laptop","1470","956","1406","781","2","21","Nov. 28, 11pm","true"
"numerosity_discrimination","2","149","240","20","12","0.6","j","361","<div style=""width:100vw;height:100vh;background-color:black;""></div>","f","html-keyboard-response","763","2.0.0","1644315","143062","testolin2020_replication","2025-11-29T04:47:20.746Z","13-14 inch laptop","1470","956","1406","781","2","21","Nov. 28, 11pm","false"
"numerosity_discrimination","2","150","191","28","20","0.7143","j","428","<div style=""width:100vw;height:100vh;background-color:black;""></div>","f","html-keyboard-response","768","2.0.0","1647333","143062","testolin2020_replication","2025-11-29T04:47:20.746Z","13-14 inch laptop","1470","956","1406","781","2","21","Nov. 28, 11pm","false"
"numerosity_discrimination","2","151","162","16","22","0.7273","j","231","<div style=""width:100vw;height:100vh;background-color:black;""></div>","j","html-keyboard-response","773","2.0.0","1649797","143062","testolin2020_replication","2025-11-29T04:47:20.746Z","13-14 inch laptop","1470","956","1406","781","2","21","Nov. 28, 11pm","true"
"numerosity_discrimination","2","152","64","9","11","0.8182","j","295","<div style=""width:100vw;height:100vh;background-color:black;""></div>","j","html-keyboard-response","778","2.0.0","1652319","143062","testolin2020_replication","2025-11-29T04:47:20.746Z","13-14 inch laptop","1470","956","1406","781","2","21","Nov. 28, 11pm","true"
"numerosity_discrimination","2","153","58","18","22","0.8182","j","238","<div style=""width:100vw;height:100vh;background-color:black;""></div>","j","html-keyboard-response","783","2.0.0","1655022","143062","testolin2020_replication","2025-11-29T04:47:20.746Z","13-14 inch laptop","1470","956","1406","781","2","21","Nov. 28, 11pm","true"
"numerosity_discrimination","2","154","66","9","11","0.8182","j","548","<div style=""width:100vw;height:100vh;background-color:black;""></div>","j","html-keyboard-response","788","2.0.0","1658019","143062","testolin2020_replication","2025-11-29T04:47:20.746Z","13-14 inch laptop","1470","956","1406","781","2","21","Nov. 28, 11pm","true"
"numerosity_discrimination","2","155","266","7","11","0.6364","j","202","<div style=""width:100vw;height:100vh;background-color:black;""></div>","j","html-keyboard-response","793","2.0.0","1660702","143062","testolin2020_replication","2025-11-29T04:47:20.746Z","13-14 inch laptop","1470","956","1406","781","2","21","Nov. 28, 11pm","true"
"numerosity_discrimination","2","156","90","7","8","0.875","j","452","<div style=""width:100vw;height:100vh;background-color:black;""></div>","j","html-keyboard-response","798","2.0.0","1663542","143062","testolin2020_replication","2025-11-29T04:47:20.746Z","13-14 inch laptop","1470","956","1406","781","2","21","Nov. 28, 11pm","true"
"numerosity_discrimination","2","157","74","12","10","0.8333","j","363","<div style=""width:100vw;height:100vh;background-color:black;""></div>","f","html-keyboard-response","803","2.0.0","1666298","143062","testolin2020_replication","2025-11-29T04:47:20.746Z","13-14 inch laptop","1470","956","1406","781","2","21","Nov. 28, 11pm","false"
"numerosity_discrimination","2","158","288","18","10","0.5556","j","222","<div style=""width:100vw;height:100vh;background-color:black;""></div>","f","html-keyboard-response","808","2.0.0","1668969","143062","testolin2020_replication","2025-11-29T04:47:20.746Z","13-14 inch laptop","1470","956","1406","781","2","21","Nov. 28, 11pm","false"
"numerosity_discrimination","2","159","85","7","8","0.875","j","325","<div style=""width:100vw;height:100vh;background-color:black;""></div>","f","html-keyboard-response","813","2.0.0","1671638","143062","testolin2020_replication","2025-11-29T04:47:20.746Z","13-14 inch laptop","1470","956","1406","781","2","21","Nov. 28, 11pm","false"
"numerosity_discrimination","2","160","87","14","16","0.875","j","385","<div style=""width:100vw;height:100vh;background-color:black;""></div>","j","html-keyboard-response","818","2.0.0","1674502","143062","testolin2020_replication","2025-11-29T04:47:20.746Z","13-14 inch laptop","1470","956","1406","781","2","21","Nov. 28, 11pm","true"
"numerosity_discrimination","2","161","205","14","11","0.7857","j","370","<div style=""width:100vw;height:100vh;background-color:black;""></div>","f","html-keyboard-response","823","2.0.0","1677096","143062","testolin2020_replication","2025-11-29T04:47:20.746Z","13-14 inch laptop","1470","956","1406","781","2","21","Nov. 28, 11pm","false"
"numerosity_discrimination","2","162","83","7","8","0.875","j","765","<div style=""width:100vw;height:100vh;background-color:black;""></div>","j","html-keyboard-response","828","2.0.0","1680179","143062","testolin2020_replication","2025-11-29T04:47:20.746Z","13-14 inch laptop","1470","956","1406","781","2","21","Nov. 28, 11pm","true"
"numerosity_discrimination","2","163","292","8","14","0.5714","j","534","<div style=""width:100vw;height:100vh;background-color:black;""></div>","j","html-keyboard-response","833","2.0.0","1682968","143062","testolin2020_replication","2025-11-29T04:47:20.746Z","13-14 inch laptop","1470","956","1406","781","2","21","Nov. 28, 11pm","true"
"numerosity_discrimination","2","164","24","12","10","0.8333","j","334","<div style=""width:100vw;height:100vh;background-color:black;""></div>","f","html-keyboard-response","838","2.0.0","1685753","143062","testolin2020_replication","2025-11-29T04:47:20.746Z","13-14 inch laptop","1470","956","1406","781","2","21","Nov. 28, 11pm","false"
"numerosity_discrimination","2","165","114","20","16","0.8","j","328","<div style=""width:100vw;height:100vh;background-color:black;""></div>","f","html-keyboard-response","843","2.0.0","1688243","143062","testolin2020_replication","2025-11-29T04:47:20.746Z","13-14 inch laptop","1470","956","1406","781","2","21","Nov. 28, 11pm","false"
"numerosity_discrimination","2","166","20","7","8","0.875","j","380","<div style=""width:100vw;height:100vh;background-color:black;""></div>","j","html-keyboard-response","848","2.0.0","1690833","143062","testolin2020_replication","2025-11-29T04:47:20.746Z","13-14 inch laptop","1470","956","1406","781","2","21","Nov. 28, 11pm","true"
"numerosity_discrimination","2","167","36","9","11","0.8182","j","200","<div style=""width:100vw;height:100vh;background-color:black;""></div>","j","html-keyboard-response","853","2.0.0","1693630","143062","testolin2020_replication","2025-11-29T04:47:20.746Z","13-14 inch laptop","1470","956","1406","781","2","21","Nov. 28, 11pm","true"
"numerosity_discrimination","2","168","131","11","14","0.7857","j","317","<div style=""width:100vw;height:100vh;background-color:black;""></div>","j","html-keyboard-response","858","2.0.0","1696234","143062","testolin2020_replication","2025-11-29T04:47:20.746Z","13-14 inch laptop","1470","956","1406","781","2","21","Nov. 28, 11pm","true"
"numerosity_discrimination","2","169","190","18","14","0.7778","j","421","<div style=""width:100vw;height:100vh;background-color:black;""></div>","f","html-keyboard-response","863","2.0.0","1699272","143062","testolin2020_replication","2025-11-29T04:47:20.746Z","13-14 inch laptop","1470","956","1406","781","2","21","Nov. 28, 11pm","false"
"numerosity_discrimination","2","170","129","12","9","0.75","j","201","<div style=""width:100vw;height:100vh;background-color:black;""></div>","f","html-keyboard-response","868","2.0.0","1701679","143062","testolin2020_replication","2025-11-29T04:47:20.746Z","13-14 inch laptop","1470","956","1406","781","2","21","Nov. 28, 11pm","false"
"numerosity_discrimination","2","171","12","20","16","0.8","j","309","<div style=""width:100vw;height:100vh;background-color:black;""></div>","f","html-keyboard-response","873","2.0.0","1704329","143062","testolin2020_replication","2025-11-29T04:47:20.746Z","13-14 inch laptop","1470","956","1406","781","2","21","Nov. 28, 11pm","false"
"numerosity_discrimination","2","172","42","22","25","0.88","j","325","<div style=""width:100vw;height:100vh;background-color:black;""></div>","j","html-keyboard-response","878","2.0.0","1707093","143062","testolin2020_replication","2025-11-29T04:47:20.746Z","13-14 inch laptop","1470","956","1406","781","2","21","Nov. 28, 11pm","true"
"numerosity_discrimination","2","173","127","14","10","0.7143","j","224","<div style=""width:100vw;height:100vh;background-color:black;""></div>","f","html-keyboard-response","883","2.0.0","1709482","143062","testolin2020_replication","2025-11-29T04:47:20.746Z","13-14 inch laptop","1470","956","1406","781","2","21","Nov. 28, 11pm","false"
"numerosity_discrimination","2","174","13","7","8","0.875","j","104","<div style=""width:100vw;height:100vh;background-color:black;""></div>","j","html-keyboard-response","888","2.0.0","1711855","143062","testolin2020_replication","2025-11-29T04:47:20.746Z","13-14 inch laptop","1470","956","1406","781","2","21","Nov. 28, 11pm","true"
"numerosity_discrimination","2","175","196","12","16","0.75","j","3954","<div style=""width:100vw;height:100vh;background-color:black;""></div>","j","html-keyboard-response","893","2.0.0","1718043","143062","testolin2020_replication","2025-11-29T04:47:20.746Z","13-14 inch laptop","1470","956","1406","781","2","21","Nov. 28, 11pm","true"
"numerosity_discrimination","2","176","210","14","11","0.7857","j","403","<div style=""width:100vw;height:100vh;background-color:black;""></div>","j","html-keyboard-response","898","2.0.0","1720995","143062","testolin2020_replication","2025-11-29T04:47:20.746Z","13-14 inch laptop","1470","956","1406","781","2","21","Nov. 28, 11pm","true"
"numerosity_discrimination","2","177","65","12","14","0.8571","j","165","<div style=""width:100vw;height:100vh;background-color:black;""></div>","j","html-keyboard-response","903","2.0.0","1723432","143062","testolin2020_replication","2025-11-29T04:47:20.746Z","13-14 inch laptop","1470","956","1406","781","2","21","Nov. 28, 11pm","true"
"numerosity_discrimination","2","178","121","12","16","0.75","j","1062","<div style=""width:100vw;height:100vh;background-color:black;""></div>","j","html-keyboard-response","908","2.0.0","1726662","143062","testolin2020_replication","2025-11-29T04:47:20.746Z","13-14 inch laptop","1470","956","1406","781","2","21","Nov. 28, 11pm","true"
"numerosity_discrimination","2","179","76","8","7","0.875","j","349","<div style=""width:100vw;height:100vh;background-color:black;""></div>","f","html-keyboard-response","913","2.0.0","1729338","143062","testolin2020_replication","2025-11-29T04:47:20.746Z","13-14 inch laptop","1470","956","1406","781","2","21","Nov. 28, 11pm","false"
"numerosity_discrimination","2","180","174","22","16","0.7273","j","440","<div style=""width:100vw;height:100vh;background-color:black;""></div>","f","html-keyboard-response","918","2.0.0","1732236","143062","testolin2020_replication","2025-11-29T04:47:20.746Z","13-14 inch laptop","1470","956","1406","781","2","21","Nov. 28, 11pm","false"
"numerosity_discrimination","2","181","273","18","9","0.5","j","478","<div style=""width:100vw;height:100vh;background-color:black;""></div>","f","html-keyboard-response","923","2.0.0","1735066","143062","testolin2020_replication","2025-11-29T04:47:20.746Z","13-14 inch laptop","1470","956","1406","781","2","21","Nov. 28, 11pm","false"
"numerosity_discrimination","2","182","176","10","14","0.7143","j","448","<div style=""width:100vw;height:100vh;background-color:black;""></div>","j","html-keyboard-response","928","2.0.0","1738017","143062","testolin2020_replication","2025-11-29T04:47:20.746Z","13-14 inch laptop","1470","956","1406","781","2","21","Nov. 28, 11pm","true"
"numerosity_discrimination","2","183","50","14","16","0.875","j","388","<div style=""width:100vw;height:100vh;background-color:black;""></div>","f","html-keyboard-response","933","2.0.0","1740931","143062","testolin2020_replication","2025-11-29T04:47:20.746Z","13-14 inch laptop","1470","956","1406","781","2","21","Nov. 28, 11pm","false"
"numerosity_discrimination","2","184","145","12","9","0.75","j","562","<div style=""width:100vw;height:100vh;background-color:black;""></div>","j","html-keyboard-response","938","2.0.0","1743715","143062","testolin2020_replication","2025-11-29T04:47:20.746Z","13-14 inch laptop","1470","956","1406","781","2","21","Nov. 28, 11pm","true"
"numerosity_discrimination","2","185","219","9","14","0.6429","j","530","<div style=""width:100vw;height:100vh;background-color:black;""></div>","j","html-keyboard-response","943","2.0.0","1746456","143062","testolin2020_replication","2025-11-29T04:47:20.746Z","13-14 inch laptop","1470","956","1406","781","2","21","Nov. 28, 11pm","true"
"numerosity_discrimination","2","186","3","16","14","0.875","j","387","<div style=""width:100vw;height:100vh;background-color:black;""></div>","f","html-keyboard-response","948","2.0.0","1749310","143062","testolin2020_replication","2025-11-29T04:47:20.746Z","13-14 inch laptop","1470","956","1406","781","2","21","Nov. 28, 11pm","false"
"numerosity_discrimination","2","187","201","20","14","0.7","j","324","<div style=""width:100vw;height:100vh;background-color:black;""></div>","f","html-keyboard-response","953","2.0.0","1751861","143062","testolin2020_replication","2025-11-29T04:47:20.746Z","13-14 inch laptop","1470","956","1406","781","2","21","Nov. 28, 11pm","false"
"numerosity_discrimination","2","188","44","20","16","0.8","j","332","<div style=""width:100vw;height:100vh;background-color:black;""></div>","j","html-keyboard-response","958","2.0.0","1754551","143062","testolin2020_replication","2025-11-29T04:47:20.746Z","13-14 inch laptop","1470","956","1406","781","2","21","Nov. 28, 11pm","true"
"numerosity_discrimination","2","189","136","10","14","0.7143","j","251","<div style=""width:100vw;height:100vh;background-color:black;""></div>","j","html-keyboard-response","963","2.0.0","1757002","143062","testolin2020_replication","2025-11-29T04:47:20.746Z","13-14 inch laptop","1470","956","1406","781","2","21","Nov. 28, 11pm","true"
"numerosity_discrimination","2","190","237","20","12","0.6","j","167","<div style=""width:100vw;height:100vh;background-color:black;""></div>","f","html-keyboard-response","968","2.0.0","1759465","143062","testolin2020_replication","2025-11-29T04:47:20.746Z","13-14 inch laptop","1470","956","1406","781","2","21","Nov. 28, 11pm","false"
"numerosity_discrimination","2","191","294","7","12","0.5833","j","253","<div style=""width:100vw;height:100vh;background-color:black;""></div>","j","html-keyboard-response","973","2.0.0","1762267","143062","testolin2020_replication","2025-11-29T04:47:20.746Z","13-14 inch laptop","1470","956","1406","781","2","21","Nov. 28, 11pm","true"
"numerosity_discrimination","2","192","21","22","18","0.8182","j","263","<div style=""width:100vw;height:100vh;background-color:black;""></div>","f","html-keyboard-response","978","2.0.0","1764826","143062","testolin2020_replication","2025-11-29T04:47:20.746Z","13-14 inch laptop","1470","956","1406","781","2","21","Nov. 28, 11pm","false"
"numerosity_discrimination","2","193","125","11","14","0.7857","j","331","<div style=""width:100vw;height:100vh;background-color:black;""></div>","j","html-keyboard-response","983","2.0.0","1767583","143062","testolin2020_replication","2025-11-29T04:47:20.746Z","13-14 inch laptop","1470","956","1406","781","2","21","Nov. 28, 11pm","true"
"numerosity_discrimination","2","194","228","11","16","0.6875","j","155","<div style=""width:100vw;height:100vh;background-color:black;""></div>","j","html-keyboard-response","988","2.0.0","1770062","143062","testolin2020_replication","2025-11-29T04:47:20.746Z","13-14 inch laptop","1470","956","1406","781","2","21","Nov. 28, 11pm","true"
"numerosity_discrimination","2","195","111","11","9","0.8182","j","292","<div style=""width:100vw;height:100vh;background-color:black;""></div>","j","html-keyboard-response","993","2.0.0","1772723","143062","testolin2020_replication","2025-11-29T04:47:20.746Z","13-14 inch laptop","1470","956","1406","781","2","21","Nov. 28, 11pm","true"
"numerosity_discrimination","2","196","62","12","14","0.8571","j","170","<div style=""width:100vw;height:100vh;background-color:black;""></div>","j","html-keyboard-response","998","2.0.0","1775423","143062","testolin2020_replication","2025-11-29T04:47:20.746Z","13-14 inch laptop","1470","956","1406","781","2","21","Nov. 28, 11pm","true"
"numerosity_discrimination","2","197","153","16","22","0.7273","j","160","<div style=""width:100vw;height:100vh;background-color:black;""></div>","j","html-keyboard-response","1003","2.0.0","1778117","143062","testolin2020_replication","2025-11-29T04:47:20.746Z","13-14 inch laptop","1470","956","1406","781","2","21","Nov. 28, 11pm","true"
"numerosity_discrimination","2","198","199","20","28","0.7143","j","214","<div style=""width:100vw;height:100vh;background-color:black;""></div>","j","html-keyboard-response","1008","2.0.0","1780556","143062","testolin2020_replication","2025-11-29T04:47:20.746Z","13-14 inch laptop","1470","956","1406","781","2","21","Nov. 28, 11pm","true"
"numerosity_discrimination","2","199","132","20","14","0.7","j","181","<div style=""width:100vw;height:100vh;background-color:black;""></div>","j","html-keyboard-response","1013","2.0.0","1783223","143062","testolin2020_replication","2025-11-29T04:47:20.746Z","13-14 inch laptop","1470","956","1406","781","2","21","Nov. 28, 11pm","true"
"numerosity_discrimination","2","200","84","7","8","0.875","j","3714","<div style=""width:100vw;height:100vh;background-color:black;""></div>","j","html-keyboard-response","1018","2.0.0","1789596","143062","testolin2020_replication","2025-11-29T04:47:20.746Z","13-14 inch laptop","1470","956","1406","781","2","21","Nov. 28, 11pm","true"
"numerosity_discrimination","3","201","300","9","16","0.5625","j","1109","<div style=""width:100vw;height:100vh;background-color:black;""></div>","j","html-keyboard-response","1025","2.0.0","1901461","143062","testolin2020_replication","2025-11-29T04:47:20.746Z","13-14 inch laptop","1470","956","1406","781","2","21","Nov. 28, 11pm","true"
"numerosity_discrimination","3","202","234","14","9","0.6429","j","353","<div style=""width:100vw;height:100vh;background-color:black;""></div>","f","html-keyboard-response","1030","2.0.0","1904099","143062","testolin2020_replication","2025-11-29T04:47:20.746Z","13-14 inch laptop","1470","956","1406","781","2","21","Nov. 28, 11pm","false"
"numerosity_discrimination","3","203","5","22","18","0.8182","j","267","<div style=""width:100vw;height:100vh;background-color:black;""></div>","f","html-keyboard-response","1035","2.0.0","1906720","143062","testolin2020_replication","2025-11-29T04:47:20.746Z","13-14 inch laptop","1470","956","1406","781","2","21","Nov. 28, 11pm","false"
"numerosity_discrimination","3","204","170","12","16","0.75","j","167","<div style=""width:100vw;height:100vh;background-color:black;""></div>","j","html-keyboard-response","1040","2.0.0","1909480","143062","testolin2020_replication","2025-11-29T04:47:20.746Z","13-14 inch laptop","1470","956","1406","781","2","21","Nov. 28, 11pm","true"
"numerosity_discrimination","3","205","28","8","9","0.8889","j","247","<div style=""width:100vw;height:100vh;background-color:black;""></div>","j","html-keyboard-response","1045","2.0.0","1912355","143062","testolin2020_replication","2025-11-29T04:47:20.746Z","13-14 inch laptop","1470","956","1406","781","2","21","Nov. 28, 11pm","true"
"numerosity_discrimination","3","206","284","14","28","0.5","j","178","<div style=""width:100vw;height:100vh;background-color:black;""></div>","j","html-keyboard-response","1050","2.0.0","1914904","143062","testolin2020_replication","2025-11-29T04:47:20.746Z","13-14 inch laptop","1470","956","1406","781","2","21","Nov. 28, 11pm","true"
"numerosity_discrimination","3","207","29","12","14","0.8571","j","321","<div style=""width:100vw;height:100vh;background-color:black;""></div>","f","html-keyboard-response","1055","2.0.0","1917682","143062","testolin2020_replication","2025-11-29T04:47:20.746Z","13-14 inch laptop","1470","956","1406","781","2","21","Nov. 28, 11pm","false"
"numerosity_discrimination","3","208","93","8","10","0.8","j","214","<div style=""width:100vw;height:100vh;background-color:black;""></div>","j","html-keyboard-response","1060","2.0.0","1920266","143062","testolin2020_replication","2025-11-29T04:47:20.746Z","13-14 inch laptop","1470","956","1406","781","2","21","Nov. 28, 11pm","true"
"numerosity_discrimination","3","209","257","10","16","0.625","j","363","<div style=""width:100vw;height:100vh;background-color:black;""></div>","j","html-keyboard-response","1065","2.0.0","1922902","143062","testolin2020_replication","2025-11-29T04:47:20.746Z","13-14 inch laptop","1470","956","1406","781","2","21","Nov. 28, 11pm","true"
"numerosity_discrimination","3","210","16","20","16","0.8","j","179","<div style=""width:100vw;height:100vh;background-color:black;""></div>","f","html-keyboard-response","1070","2.0.0","1925347","143062","testolin2020_replication","2025-11-29T04:47:20.746Z","13-14 inch laptop","1470","956","1406","781","2","21","Nov. 28, 11pm","false"
"numerosity_discrimination","3","211","189","16","22","0.7273","j","266","<div style=""width:100vw;height:100vh;background-color:black;""></div>","j","html-keyboard-response","1075","2.0.0","1928132","143062","testolin2020_replication","2025-11-29T04:47:20.746Z","13-14 inch laptop","1470","956","1406","781","2","21","Nov. 28, 11pm","true"
"numerosity_discrimination","3","212","135","9","12","0.75","j","195","<div style=""width:100vw;height:100vh;background-color:black;""></div>","j","html-keyboard-response","1080","2.0.0","1930856","143062","testolin2020_replication","2025-11-29T04:47:20.746Z","13-14 inch laptop","1470","956","1406","781","2","21","Nov. 28, 11pm","true"
"numerosity_discrimination","3","213","260","25","16","0.64","j","254","<div style=""width:100vw;height:100vh;background-color:black;""></div>","f","html-keyboard-response","1085","2.0.0","1933700","143062","testolin2020_replication","2025-11-29T04:47:20.746Z","13-14 inch laptop","1470","956","1406","781","2","21","Nov. 28, 11pm","false"
"numerosity_discrimination","3","214","241","7","11","0.6364","j","148","<div style=""width:100vw;height:100vh;background-color:black;""></div>","j","html-keyboard-response","1090","2.0.0","1936166","143062","testolin2020_replication","2025-11-29T04:47:20.746Z","13-14 inch laptop","1470","956","1406","781","2","21","Nov. 28, 11pm","true"
"numerosity_discrimination","3","215","182","12","9","0.75","j","156","<div style=""width:100vw;height:100vh;background-color:black;""></div>","f","html-keyboard-response","1095","2.0.0","1938694","143062","testolin2020_replication","2025-11-29T04:47:20.746Z","13-14 inch laptop","1470","956","1406","781","2","21","Nov. 28, 11pm","false"
"numerosity_discrimination","3","216","15","20","25","0.8","j","68","<div style=""width:100vw;height:100vh;background-color:black;""></div>","j","html-keyboard-response","1100","2.0.0","1941122","143062","testolin2020_replication","2025-11-29T04:47:20.746Z","13-14 inch laptop","1470","956","1406","781","2","21","Nov. 28, 11pm","true"
"numerosity_discrimination","3","217","247","11","16","0.6875","j","181","<div style=""width:100vw;height:100vh;background-color:black;""></div>","j","html-keyboard-response","1105","2.0.0","1943949","143062","testolin2020_replication","2025-11-29T04:47:20.746Z","13-14 inch laptop","1470","956","1406","781","2","21","Nov. 28, 11pm","true"
"numerosity_discrimination","3","218","117","22","18","0.8182","j","111","<div style=""width:100vw;height:100vh;background-color:black;""></div>","f","html-keyboard-response","1110","2.0.0","1946300","143062","testolin2020_replication","2025-11-29T04:47:20.746Z","13-14 inch laptop","1470","956","1406","781","2","21","Nov. 28, 11pm","false"
"numerosity_discrimination","3","219","249","14","22","0.6364","j","138","<div style=""width:100vw;height:100vh;background-color:black;""></div>","j","html-keyboard-response","1115","2.0.0","1948870","143062","testolin2020_replication","2025-11-29T04:47:20.746Z","13-14 inch laptop","1470","956","1406","781","2","21","Nov. 28, 11pm","true"
"numerosity_discrimination","3","220","217","25","16","0.64","j","121","<div style=""width:100vw;height:100vh;background-color:black;""></div>","f","html-keyboard-response","1120","2.0.0","1951648","143062","testolin2020_replication","2025-11-29T04:47:20.746Z","13-14 inch laptop","1470","956","1406","781","2","21","Nov. 28, 11pm","false"
"numerosity_discrimination","3","221","242","28","18","0.6429","j","170","<div style=""width:100vw;height:100vh;background-color:black;""></div>","f","html-keyboard-response","1125","2.0.0","1954342","143062","testolin2020_replication","2025-11-29T04:47:20.746Z","13-14 inch laptop","1470","956","1406","781","2","21","Nov. 28, 11pm","false"
"numerosity_discrimination","3","222","106","25","22","0.88","j","116","<div style=""width:100vw;height:100vh;background-color:black;""></div>","j","html-keyboard-response","1130","2.0.0","1956766","143062","testolin2020_replication","2025-11-29T04:47:20.746Z","13-14 inch laptop","1470","956","1406","781","2","21","Nov. 28, 11pm","true"
"numerosity_discrimination","3","223","101","20","25","0.8","j","157","<div style=""width:100vw;height:100vh;background-color:black;""></div>","j","html-keyboard-response","1135","2.0.0","1959248","143062","testolin2020_replication","2025-11-29T04:47:20.746Z","13-14 inch laptop","1470","956","1406","781","2","21","Nov. 28, 11pm","true"
"numerosity_discrimination","3","224","113","20","16","0.8","j","191","<div style=""width:100vw;height:100vh;background-color:black;""></div>","j","html-keyboard-response","1140","2.0.0","1961944","143062","testolin2020_replication","2025-11-29T04:47:20.746Z","13-14 inch laptop","1470","956","1406","781","2","21","Nov. 28, 11pm","true"
"numerosity_discrimination","3","225","71","22","18","0.8182","j","218","<div style=""width:100vw;height:100vh;background-color:black;""></div>","j","html-keyboard-response","1145","2.0.0","1964518","143062","testolin2020_replication","2025-11-29T04:47:20.746Z","13-14 inch laptop","1470","956","1406","781","2","21","Nov. 28, 11pm","true"
"numerosity_discrimination","3","226","52","25","28","0.8929","j","190","<div style=""width:100vw;height:100vh;background-color:black;""></div>","j","html-keyboard-response","1150","2.0.0","1967288","143062","testolin2020_replication","2025-11-29T04:47:20.746Z","13-14 inch laptop","1470","956","1406","781","2","21","Nov. 28, 11pm","true"
"numerosity_discrimination","3","227","7","14","16","0.875","j","193","<div style=""width:100vw;height:100vh;background-color:black;""></div>","j","html-keyboard-response","1155","2.0.0","1969904","143062","testolin2020_replication","2025-11-29T04:47:20.746Z","13-14 inch laptop","1470","956","1406","781","2","21","Nov. 28, 11pm","true"
"numerosity_discrimination","3","228","56","25","22","0.88","j","232","<div style=""width:100vw;height:100vh;background-color:black;""></div>","j","html-keyboard-response","1160","2.0.0","1972716","143062","testolin2020_replication","2025-11-29T04:47:20.746Z","13-14 inch laptop","1470","956","1406","781","2","21","Nov. 28, 11pm","true"
"numerosity_discrimination","3","229","138","16","12","0.75","j","274","<div style=""width:100vw;height:100vh;background-color:black;""></div>","f","html-keyboard-response","1165","2.0.0","1975474","143062","testolin2020_replication","2025-11-29T04:47:20.746Z","13-14 inch laptop","1470","956","1406","781","2","21","Nov. 28, 11pm","false"
"numerosity_discrimination","3","230","198","16","12","0.75","j","190","<div style=""width:100vw;height:100vh;background-color:black;""></div>","j","html-keyboard-response","1170","2.0.0","1978198","143062","testolin2020_replication","2025-11-29T04:47:20.746Z","13-14 inch laptop","1470","956","1406","781","2","21","Nov. 28, 11pm","true"
"numerosity_discrimination","3","231","233","8","12","0.6667","j","3471","<div style=""width:100vw;height:100vh;background-color:black;""></div>","j","html-keyboard-response","1175","2.0.0","1984187","143062","testolin2020_replication","2025-11-29T04:47:20.746Z","13-14 inch laptop","1470","956","1406","781","2","21","Nov. 28, 11pm","true"
"numerosity_discrimination","3","232","264","25","16","0.64","j","123","<div style=""width:100vw;height:100vh;background-color:black;""></div>","f","html-keyboard-response","1180","2.0.0","1986947","143062","testolin2020_replication","2025-11-29T04:47:20.746Z","13-14 inch laptop","1470","956","1406","781","2","21","Nov. 28, 11pm","false"
"numerosity_discrimination","3","233","27","14","12","0.8571","j","192","<div style=""width:100vw;height:100vh;background-color:black;""></div>","j","html-keyboard-response","1185","2.0.0","1989532","143062","testolin2020_replication","2025-11-29T04:47:20.746Z","13-14 inch laptop","1470","956","1406","781","2","21","Nov. 28, 11pm","true"
"numerosity_discrimination","3","234","49","8","10","0.8","j","425","<div style=""width:100vw;height:100vh;background-color:black;""></div>","j","html-keyboard-response","1190","2.0.0","1992537","143062","testolin2020_replication","2025-11-29T04:47:20.746Z","13-14 inch laptop","1470","956","1406","781","2","21","Nov. 28, 11pm","true"
"numerosity_discrimination","3","235","10","9","11","0.8182","j","387","<div style=""width:100vw;height:100vh;background-color:black;""></div>","f","html-keyboard-response","1195","2.0.0","1995089","143062","testolin2020_replication","2025-11-29T04:47:20.746Z","13-14 inch laptop","1470","956","1406","781","2","21","Nov. 28, 11pm","false"
"numerosity_discrimination","3","236","232","8","12","0.6667","j","71","<div style=""width:100vw;height:100vh;background-color:black;""></div>","j","html-keyboard-response","1200","2.0.0","1997661","143062","testolin2020_replication","2025-11-29T04:47:20.746Z","13-14 inch laptop","1470","956","1406","781","2","21","Nov. 28, 11pm","true"
"numerosity_discrimination","3","237","69","10","8","0.8","j","258","<div style=""width:100vw;height:100vh;background-color:black;""></div>","f","html-keyboard-response","1205","2.0.0","2000105","143062","testolin2020_replication","2025-11-29T04:47:20.746Z","13-14 inch laptop","1470","956","1406","781","2","21","Nov. 28, 11pm","false"
"numerosity_discrimination","3","238","92","18","22","0.8182","j","1269","<div style=""width:100vw;height:100vh;background-color:black;""></div>","j","html-keyboard-response","1210","2.0.0","2003969","143062","testolin2020_replication","2025-11-29T04:47:20.746Z","13-14 inch laptop","1470","956","1406","781","2","21","Nov. 28, 11pm","true"
"numerosity_discrimination","3","239","60","18","22","0.8182","j","511","<div style=""width:100vw;height:100vh;background-color:black;""></div>","f","html-keyboard-response","1215","2.0.0","2006698","143062","testolin2020_replication","2025-11-29T04:47:20.746Z","13-14 inch laptop","1470","956","1406","781","2","21","Nov. 28, 11pm","false"
"numerosity_discrimination","3","240","72","11","9","0.8182","j","459","<div style=""width:100vw;height:100vh;background-color:black;""></div>","f","html-keyboard-response","1220","2.0.0","2009595","143062","testolin2020_replication","2025-11-29T04:47:20.746Z","13-14 inch laptop","1470","956","1406","781","2","21","Nov. 28, 11pm","false"
"numerosity_discrimination","3","241","256","7","11","0.6364","j","355","<div style=""width:100vw;height:100vh;background-color:black;""></div>","j","html-keyboard-response","1225","2.0.0","2012400","143062","testolin2020_replication","2025-11-29T04:47:20.746Z","13-14 inch laptop","1470","956","1406","781","2","21","Nov. 28, 11pm","true"
"numerosity_discrimination","3","242","246","20","12","0.6","j","380","<div style=""width:100vw;height:100vh;background-color:black;""></div>","f","html-keyboard-response","1230","2.0.0","2015383","143062","testolin2020_replication","2025-11-29T04:47:20.746Z","13-14 inch laptop","1470","956","1406","781","2","21","Nov. 28, 11pm","false"
"numerosity_discrimination","3","243","149","18","14","0.7778","j","412","<div style=""width:100vw;height:100vh;background-color:black;""></div>","f","html-keyboard-response","1235","2.0.0","2018049","143062","testolin2020_replication","2025-11-29T04:47:20.746Z","13-14 inch laptop","1470","956","1406","781","2","21","Nov. 28, 11pm","false"
"numerosity_discrimination","3","244","229","20","12","0.6","j","280","<div style=""width:100vw;height:100vh;background-color:black;""></div>","f","html-keyboard-response","1240","2.0.0","2020788","143062","testolin2020_replication","2025-11-29T04:47:20.746Z","13-14 inch laptop","1470","956","1406","781","2","21","Nov. 28, 11pm","false"
"numerosity_discrimination","3","245","57","22","18","0.8182","j","151","<div style=""width:100vw;height:100vh;background-color:black;""></div>","j","html-keyboard-response","1245","2.0.0","2023479","143062","testolin2020_replication","2025-11-29T04:47:20.746Z","13-14 inch laptop","1470","956","1406","781","2","21","Nov. 28, 11pm","true"
"numerosity_discrimination","3","246","227","8","12","0.6667","j","160","<div style=""width:100vw;height:100vh;background-color:black;""></div>","j","html-keyboard-response","1250","2.0.0","2026251","143062","testolin2020_replication","2025-11-29T04:47:20.746Z","13-14 inch laptop","1470","956","1406","781","2","21","Nov. 28, 11pm","true"
"numerosity_discrimination","3","247","2","28","25","0.8929","j","227","<div style=""width:100vw;height:100vh;background-color:black;""></div>","j","html-keyboard-response","1255","2.0.0","2028716","143062","testolin2020_replication","2025-11-29T04:47:20.746Z","13-14 inch laptop","1470","956","1406","781","2","21","Nov. 28, 11pm","true"
"numerosity_discrimination","3","248","251","20","12","0.6","j","226","<div style=""width:100vw;height:100vh;background-color:black;""></div>","f","html-keyboard-response","1260","2.0.0","2031194","143062","testolin2020_replication","2025-11-29T04:47:20.746Z","13-14 inch laptop","1470","956","1406","781","2","21","Nov. 28, 11pm","false"
"numerosity_discrimination","3","249","172","16","22","0.7273","j","100","<div style=""width:100vw;height:100vh;background-color:black;""></div>","j","html-keyboard-response","1265","2.0.0","2033739","143062","testolin2020_replication","2025-11-29T04:47:20.746Z","13-14 inch laptop","1470","956","1406","781","2","21","Nov. 28, 11pm","true"
"numerosity_discrimination","3","250","161","28","22","0.7857","j","212","<div style=""width:100vw;height:100vh;background-color:black;""></div>","f","html-keyboard-response","1270","2.0.0","2036348","143062","testolin2020_replication","2025-11-29T04:47:20.746Z","13-14 inch laptop","1470","956","1406","781","2","21","Nov. 28, 11pm","false"
"numerosity_discrimination","3","251","218","14","22","0.6364","j","82","<div style=""width:100vw;height:100vh;background-color:black;""></div>","j","html-keyboard-response","1275","2.0.0","2038760","143062","testolin2020_replication","2025-11-29T04:47:20.746Z","13-14 inch laptop","1470","956","1406","781","2","21","Nov. 28, 11pm","true"
"numerosity_discrimination","3","252","168","20","14","0.7","j","117","<div style=""width:100vw;height:100vh;background-color:black;""></div>","j","html-keyboard-response","1280","2.0.0","2041339","143062","testolin2020_replication","2025-11-29T04:47:20.746Z","13-14 inch laptop","1470","956","1406","781","2","21","Nov. 28, 11pm","true"
"numerosity_discrimination","3","253","155","7","9","0.7778","j","156","<div style=""width:100vw;height:100vh;background-color:black;""></div>","j","html-keyboard-response","1285","2.0.0","2043913","143062","testolin2020_replication","2025-11-29T04:47:20.746Z","13-14 inch laptop","1470","956","1406","781","2","21","Nov. 28, 11pm","true"
"numerosity_discrimination","3","254","216","9","14","0.6429","j","4","<div style=""width:100vw;height:100vh;background-color:black;""></div>","j","html-keyboard-response","1290","2.0.0","2046427","143062","testolin2020_replication","2025-11-29T04:47:20.746Z","13-14 inch laptop","1470","956","1406","781","2","21","Nov. 28, 11pm","true"
"numerosity_discrimination","3","255","94","22","25","0.88","j","17","<div style=""width:100vw;height:100vh;background-color:black;""></div>","j","html-keyboard-response","1295","2.0.0","2048894","143062","testolin2020_replication","2025-11-29T04:47:20.746Z","13-14 inch laptop","1470","956","1406","781","2","21","Nov. 28, 11pm","true"
"numerosity_discrimination","3","256","180","9","7","0.7778","j","226","<div style=""width:100vw;height:100vh;background-color:black;""></div>","j","html-keyboard-response","1300","2.0.0","2051427","143062","testolin2020_replication","2025-11-29T04:47:20.746Z","13-14 inch laptop","1470","956","1406","781","2","21","Nov. 28, 11pm","true"
"numerosity_discrimination","3","257","276","16","8","0.5","j","150","<div style=""width:100vw;height:100vh;background-color:black;""></div>","f","html-keyboard-response","1305","2.0.0","2053913","143062","testolin2020_replication","2025-11-29T04:47:20.746Z","13-14 inch laptop","1470","956","1406","781","2","21","Nov. 28, 11pm","false"
"numerosity_discrimination","3","258","139","9","7","0.7778","j","558","<div style=""width:100vw;height:100vh;background-color:black;""></div>","f","html-keyboard-response","1310","2.0.0","2057049","143062","testolin2020_replication","2025-11-29T04:47:20.746Z","13-14 inch laptop","1470","956","1406","781","2","21","Nov. 28, 11pm","false"
"numerosity_discrimination","3","259","223","28","18","0.6429","j","157","<div style=""width:100vw;height:100vh;background-color:black;""></div>","f","html-keyboard-response","1315","2.0.0","2059454","143062","testolin2020_replication","2025-11-29T04:47:20.746Z","13-14 inch laptop","1470","956","1406","781","2","21","Nov. 28, 11pm","false"
"numerosity_discrimination","3","260","118","20","25","0.8","j","203","<div style=""width:100vw;height:100vh;background-color:black;""></div>","j","html-keyboard-response","1320","2.0.0","2062182","143062","testolin2020_replication","2025-11-29T04:47:20.746Z","13-14 inch laptop","1470","956","1406","781","2","21","Nov. 28, 11pm","true"
"numerosity_discrimination","3","261","211","8","12","0.6667","j","233","<div style=""width:100vw;height:100vh;background-color:black;""></div>","j","html-keyboard-response","1325","2.0.0","2064652","143062","testolin2020_replication","2025-11-29T04:47:20.746Z","13-14 inch laptop","1470","956","1406","781","2","21","Nov. 28, 11pm","true"
"numerosity_discrimination","3","262","97","7","8","0.875","j","1069","<div style=""width:100vw;height:100vh;background-color:black;""></div>","j","html-keyboard-response","1330","2.0.0","2068144","143062","testolin2020_replication","2025-11-29T04:47:20.746Z","13-14 inch laptop","1470","956","1406","781","2","21","Nov. 28, 11pm","true"
"numerosity_discrimination","3","263","165","14","10","0.7143","j","485","<div style=""width:100vw;height:100vh;background-color:black;""></div>","f","html-keyboard-response","1335","2.0.0","2070976","143062","testolin2020_replication","2025-11-29T04:47:20.746Z","13-14 inch laptop","1470","956","1406","781","2","21","Nov. 28, 11pm","false"
"numerosity_discrimination","3","264","298","9","18","0.5","j","314","<div style=""width:100vw;height:100vh;background-color:black;""></div>","j","html-keyboard-response","1340","2.0.0","2073616","143062","testolin2020_replication","2025-11-29T04:47:20.746Z","13-14 inch laptop","1470","956","1406","781","2","21","Nov. 28, 11pm","true"
"numerosity_discrimination","3","265","152","16","12","0.75","j","351","<div style=""width:100vw;height:100vh;background-color:black;""></div>","f","html-keyboard-response","1345","2.0.0","2076165","143062","testolin2020_replication","2025-11-29T04:47:20.746Z","13-14 inch laptop","1470","956","1406","781","2","21","Nov. 28, 11pm","false"
"numerosity_discrimination","3","266","104","8","7","0.875","j","316","<div style=""width:100vw;height:100vh;background-color:black;""></div>","j","html-keyboard-response","1350","2.0.0","2078735","143062","testolin2020_replication","2025-11-29T04:47:20.746Z","13-14 inch laptop","1470","956","1406","781","2","21","Nov. 28, 11pm","true"
"numerosity_discrimination","3","267","262","9","14","0.6429","j","120","<div style=""width:100vw;height:100vh;background-color:black;""></div>","j","html-keyboard-response","1355","2.0.0","2081119","143062","testolin2020_replication","2025-11-29T04:47:20.746Z","13-14 inch laptop","1470","956","1406","781","2","21","Nov. 28, 11pm","true"
"numerosity_discrimination","3","268","269","9","14","0.6429","j","212","<div style=""width:100vw;height:100vh;background-color:black;""></div>","j","html-keyboard-response","1360","2.0.0","2083969","143062","testolin2020_replication","2025-11-29T04:47:20.746Z","13-14 inch laptop","1470","956","1406","781","2","21","Nov. 28, 11pm","true"
"numerosity_discrimination","3","269","252","18","28","0.6429","j","229","<div style=""width:100vw;height:100vh;background-color:black;""></div>","j","html-keyboard-response","1365","2.0.0","2086502","143062","testolin2020_replication","2025-11-29T04:47:20.746Z","13-14 inch laptop","1470","956","1406","781","2","21","Nov. 28, 11pm","true"
"numerosity_discrimination","3","270","130","22","28","0.7857","j","260","<div style=""width:100vw;height:100vh;background-color:black;""></div>","j","html-keyboard-response","1370","2.0.0","2089061","143062","testolin2020_replication","2025-11-29T04:47:20.746Z","13-14 inch laptop","1470","956","1406","781","2","21","Nov. 28, 11pm","true"
"numerosity_discrimination","3","271","1","9","8","0.8889","j","389","<div style=""width:100vw;height:100vh;background-color:black;""></div>","f","html-keyboard-response","1375","2.0.0","2092060","143062","testolin2020_replication","2025-11-29T04:47:20.746Z","13-14 inch laptop","1470","956","1406","781","2","21","Nov. 28, 11pm","false"
"numerosity_discrimination","3","272","255","18","28","0.6429","j","190","<div style=""width:100vw;height:100vh;background-color:black;""></div>","j","html-keyboard-response","1380","2.0.0","2094816","143062","testolin2020_replication","2025-11-29T04:47:20.746Z","13-14 inch laptop","1470","956","1406","781","2","21","Nov. 28, 11pm","true"
"numerosity_discrimination","3","273","40","10","12","0.8333","j","245","<div style=""width:100vw;height:100vh;background-color:black;""></div>","j","html-keyboard-response","1385","2.0.0","2097656","143062","testolin2020_replication","2025-11-29T04:47:20.746Z","13-14 inch laptop","1470","956","1406","781","2","21","Nov. 28, 11pm","true"
"numerosity_discrimination","3","274","277","20","10","0.5","j","295","<div style=""width:100vw;height:100vh;background-color:black;""></div>","f","html-keyboard-response","1390","2.0.0","2100267","143062","testolin2020_replication","2025-11-29T04:47:20.746Z","13-14 inch laptop","1470","956","1406","781","2","21","Nov. 28, 11pm","false"
"numerosity_discrimination","3","275","73","14","12","0.8571","j","273","<div style=""width:100vw;height:100vh;background-color:black;""></div>","j","html-keyboard-response","1395","2.0.0","2102783","143062","testolin2020_replication","2025-11-29T04:47:20.746Z","13-14 inch laptop","1470","956","1406","781","2","21","Nov. 28, 11pm","true"
"numerosity_discrimination","3","276","81","16","18","0.8889","j","265","<div style=""width:100vw;height:100vh;background-color:black;""></div>","j","html-keyboard-response","1400","2.0.0","2105648","143062","testolin2020_replication","2025-11-29T04:47:20.746Z","13-14 inch laptop","1470","956","1406","781","2","21","Nov. 28, 11pm","true"
"numerosity_discrimination","3","277","169","18","25","0.72","j","163","<div style=""width:100vw;height:100vh;background-color:black;""></div>","j","html-keyboard-response","1405","2.0.0","2108277","143062","testolin2020_replication","2025-11-29T04:47:20.746Z","13-14 inch laptop","1470","956","1406","781","2","21","Nov. 28, 11pm","true"
"numerosity_discrimination","3","278","296","9","16","0.5625","j","90","<div style=""width:100vw;height:100vh;background-color:black;""></div>","j","html-keyboard-response","1410","2.0.0","2110994","143062","testolin2020_replication","2025-11-29T04:47:20.746Z","13-14 inch laptop","1470","956","1406","781","2","21","Nov. 28, 11pm","true"
"numerosity_discrimination","3","279","25","11","9","0.8182","j","421","<div style=""width:100vw;height:100vh;background-color:black;""></div>","j","html-keyboard-response","1415","2.0.0","2113628","143062","testolin2020_replication","2025-11-29T04:47:20.746Z","13-14 inch laptop","1470","956","1406","781","2","21","Nov. 28, 11pm","true"
"numerosity_discrimination","3","280","289","22","12","0.5455","j","293","<div style=""width:100vw;height:100vh;background-color:black;""></div>","f","html-keyboard-response","1420","2.0.0","2116161","143062","testolin2020_replication","2025-11-29T04:47:20.746Z","13-14 inch laptop","1470","956","1406","781","2","21","Nov. 28, 11pm","false"
"numerosity_discrimination","3","281","33","8","9","0.8889","j","81","<div style=""width:100vw;height:100vh;background-color:black;""></div>","j","html-keyboard-response","1425","2.0.0","2118472","143062","testolin2020_replication","2025-11-29T04:47:20.746Z","13-14 inch laptop","1470","956","1406","781","2","21","Nov. 28, 11pm","true"
"numerosity_discrimination","3","282","43","11","9","0.8182","j","122","<div style=""width:100vw;height:100vh;background-color:black;""></div>","f","html-keyboard-response","1430","2.0.0","2120963","143062","testolin2020_replication","2025-11-29T04:47:20.746Z","13-14 inch laptop","1470","956","1406","781","2","21","Nov. 28, 11pm","false"
"numerosity_discrimination","3","283","147","8","11","0.7273","j","232","<div style=""width:100vw;height:100vh;background-color:black;""></div>","j","html-keyboard-response","1435","2.0.0","2123620","143062","testolin2020_replication","2025-11-29T04:47:20.746Z","13-14 inch laptop","1470","956","1406","781","2","21","Nov. 28, 11pm","true"
"numerosity_discrimination","3","284","98","25","28","0.8929","j","533","<div style=""width:100vw;height:100vh;background-color:black;""></div>","j","html-keyboard-response","1440","2.0.0","2126461","143062","testolin2020_replication","2025-11-29T04:47:20.746Z","13-14 inch laptop","1470","956","1406","781","2","21","Nov. 28, 11pm","true"
"numerosity_discrimination","3","285","39","20","16","0.8","j","326","<div style=""width:100vw;height:100vh;background-color:black;""></div>","j","html-keyboard-response","1445","2.0.0","2129290","143062","testolin2020_replication","2025-11-29T04:47:20.746Z","13-14 inch laptop","1470","956","1406","781","2","21","Nov. 28, 11pm","true"
"numerosity_discrimination","3","286","115","25","28","0.8929","j","119","<div style=""width:100vw;height:100vh;background-color:black;""></div>","j","html-keyboard-response","1450","2.0.0","2131742","143062","testolin2020_replication","2025-11-29T04:47:20.746Z","13-14 inch laptop","1470","956","1406","781","2","21","Nov. 28, 11pm","true"
"numerosity_discrimination","3","287","80","16","18","0.8889","j","22","<div style=""width:100vw;height:100vh;background-color:black;""></div>","j","html-keyboard-response","1455","2.0.0","2134349","143062","testolin2020_replication","2025-11-29T04:47:20.746Z","13-14 inch laptop","1470","956","1406","781","2","21","Nov. 28, 11pm","true"
"numerosity_discrimination","3","288","144","28","20","0.7143","j","403","<div style=""width:100vw;height:100vh;background-color:black;""></div>","f","html-keyboard-response","1460","2.0.0","2137129","143062","testolin2020_replication","2025-11-29T04:47:20.746Z","13-14 inch laptop","1470","956","1406","781","2","21","Nov. 28, 11pm","false"
"numerosity_discrimination","3","289","45","25","20","0.8","j","327","<div style=""width:100vw;height:100vh;background-color:black;""></div>","j","html-keyboard-response","1465","2.0.0","2139832","143062","testolin2020_replication","2025-11-29T04:47:20.746Z","13-14 inch laptop","1470","956","1406","781","2","21","Nov. 28, 11pm","true"
"numerosity_discrimination","3","290","200","12","9","0.75","j","195","<div style=""width:100vw;height:100vh;background-color:black;""></div>","f","html-keyboard-response","1470","2.0.0","2142374","143062","testolin2020_replication","2025-11-29T04:47:20.746Z","13-14 inch laptop","1470","956","1406","781","2","21","Nov. 28, 11pm","false"
"numerosity_discrimination","3","291","212","22","14","0.6364","j","195","<div style=""width:100vw;height:100vh;background-color:black;""></div>","f","html-keyboard-response","1475","2.0.0","2144760","143062","testolin2020_replication","2025-11-29T04:47:20.746Z","13-14 inch laptop","1470","956","1406","781","2","21","Nov. 28, 11pm","false"
"numerosity_discrimination","3","292","207","7","9","0.7778","j","52","<div style=""width:100vw;height:100vh;background-color:black;""></div>","j","html-keyboard-response","1480","2.0.0","2147203","143062","testolin2020_replication","2025-11-29T04:47:20.746Z","13-14 inch laptop","1470","956","1406","781","2","21","Nov. 28, 11pm","true"
"numerosity_discrimination","3","293","204","7","9","0.7778","j","160","<div style=""width:100vw;height:100vh;background-color:black;""></div>","j","html-keyboard-response","1485","2.0.0","2149703","143062","testolin2020_replication","2025-11-29T04:47:20.746Z","13-14 inch laptop","1470","956","1406","781","2","21","Nov. 28, 11pm","true"
"numerosity_discrimination","3","294","47","20","25","0.8","j","96","<div style=""width:100vw;height:100vh;background-color:black;""></div>","j","html-keyboard-response","1490","2.0.0","2152132","143062","testolin2020_replication","2025-11-29T04:47:20.746Z","13-14 inch laptop","1470","956","1406","781","2","21","Nov. 28, 11pm","true"
"numerosity_discrimination","3","295","206","9","7","0.7778","j","368","<div style=""width:100vw;height:100vh;background-color:black;""></div>","j","html-keyboard-response","1495","2.0.0","2154763","143062","testolin2020_replication","2025-11-29T04:47:20.746Z","13-14 inch laptop","1470","956","1406","781","2","21","Nov. 28, 11pm","true"
"numerosity_discrimination","3","296","91","12","14","0.8571","j","244","<div style=""width:100vw;height:100vh;background-color:black;""></div>","j","html-keyboard-response","1500","2.0.0","2157557","143062","testolin2020_replication","2025-11-29T04:47:20.746Z","13-14 inch laptop","1470","956","1406","781","2","21","Nov. 28, 11pm","true"
"numerosity_discrimination","3","297","263","22","14","0.6364","j","185","<div style=""width:100vw;height:100vh;background-color:black;""></div>","f","html-keyboard-response","1505","2.0.0","2160332","143062","testolin2020_replication","2025-11-29T04:47:20.746Z","13-14 inch laptop","1470","956","1406","781","2","21","Nov. 28, 11pm","false"
"numerosity_discrimination","3","298","110","7","8","0.875","j","171","<div style=""width:100vw;height:100vh;background-color:black;""></div>","j","html-keyboard-response","1510","2.0.0","2162754","143062","testolin2020_replication","2025-11-29T04:47:20.746Z","13-14 inch laptop","1470","956","1406","781","2","21","Nov. 28, 11pm","true"
"numerosity_discrimination","3","299","222","16","10","0.625","j","184","<div style=""width:100vw;height:100vh;background-color:black;""></div>","f","html-keyboard-response","1515","2.0.0","2165335","143062","testolin2020_replication","2025-11-29T04:47:20.746Z","13-14 inch laptop","1470","956","1406","781","2","21","Nov. 28, 11pm","false"
"numerosity_discrimination","3","300","143","20","28","0.7143","j","65","<div style=""width:100vw;height:100vh;background-color:black;""></div>","j","html-keyboard-response","1520","2.0.0","2167731","143062","testolin2020_replication","2025-11-29T04:47:20.746Z","13-14 inch laptop","1470","956","1406","781","2","21","Nov. 28, 11pm","true"
