"task","block","pair_order","pair_num","left_n","right_n","pair_ratio","correct_key","rt","stimulus","response","trial_type","trial_index","plugin_version","time_elapsed","participant_id","experiment","date","screen_size_category","screen_width_pixels","screen_height_pixels","window_width_pixels","window_height_pixels","pixel_ratio","participant_age","time_slot","correct"
"numerosity_discrimination","1","1","286","18","10","0.5556","j","145","<div style=""width:100vw;height:100vh;background-color:black;""></div>","f","html-keyboard-response","21","2.0.0","323515","151774","testolin2020_replication","2025-11-24T07:42:59.520Z","13-14 inch laptop","1512","982","1512","859","2","20","Nov 28, 11:00 pm","false"
"numerosity_discrimination","1","2","61","8","10","0.8","j","41","<div style=""width:100vw;height:100vh;background-color:black;""></div>","f","html-keyboard-response","26","2.0.0","325732","151774","testolin2020_replication","2025-11-24T07:42:59.520Z","13-14 inch laptop","1512","982","1512","859","2","20","Nov 28, 11:00 pm","false"
"numerosity_discrimination","1","3","271","20","11","0.55","j","6514","<div style=""width:100vw;height:100vh;background-color:black;""></div>","f","html-keyboard-response","31","2.0.0","334417","151774","testolin2020_replication","2025-11-24T07:42:59.520Z","13-14 inch laptop","1512","982","1512","859","2","20","Nov 28, 11:00 pm","false"
"numerosity_discrimination","1","4","128","22","28","0.7857","j","331","<div style=""width:100vw;height:100vh;background-color:black;""></div>","f","html-keyboard-response","36","2.0.0","337184","151774","testolin2020_replication","2025-11-24T07:42:59.520Z","13-14 inch laptop","1512","982","1512","859","2","20","Nov 28, 11:00 pm","false"
"numerosity_discrimination","1","5","278","9","18","0.5","j","83","<div style=""width:100vw;height:100vh;background-color:black;""></div>","f","html-keyboard-response","41","2.0.0","339750","151774","testolin2020_replication","2025-11-24T07:42:59.520Z","13-14 inch laptop","1512","982","1512","859","2","20","Nov 28, 11:00 pm","false"
"numerosity_discrimination","1","6","51","10","12","0.8333","j","178","<div style=""width:100vw;height:100vh;background-color:black;""></div>","f","html-keyboard-response","46","2.0.0","342549","151774","testolin2020_replication","2025-11-24T07:42:59.520Z","13-14 inch laptop","1512","982","1512","859","2","20","Nov 28, 11:00 pm","false"
"numerosity_discrimination","1","7","188","9","12","0.75","j","2989","<div style=""width:100vw;height:100vh;background-color:black;""></div>","f","html-keyboard-response","51","2.0.0","347758","151774","testolin2020_replication","2025-11-24T07:42:59.520Z","13-14 inch laptop","1512","982","1512","859","2","20","Nov 28, 11:00 pm","false"
"numerosity_discrimination","1","8","236","22","14","0.6364","j","71","<div style=""width:100vw;height:100vh;background-color:black;""></div>","f","html-keyboard-response","56","2.0.0","350237","151774","testolin2020_replication","2025-11-24T07:42:59.520Z","13-14 inch laptop","1512","982","1512","859","2","20","Nov 28, 11:00 pm","false"
"numerosity_discrimination","1","9","35","9","8","0.8889","j","4","<div style=""width:100vw;height:100vh;background-color:black;""></div>","f","html-keyboard-response","61","2.0.0","352670","151774","testolin2020_replication","2025-11-24T07:42:59.520Z","13-14 inch laptop","1512","982","1512","859","2","20","Nov 28, 11:00 pm","false"
"numerosity_discrimination","1","10","267","18","28","0.6429","j","367","<div style=""width:100vw;height:100vh;background-color:black;""></div>","j","html-keyboard-response","66","2.0.0","355492","151774","testolin2020_replication","2025-11-24T07:42:59.520Z","13-14 inch laptop","1512","982","1512","859","2","20","Nov 28, 11:00 pm","true"
"numerosity_discrimination","1","11","280","28","16","0.5714","j","42404","<div style=""width:100vw;height:100vh;background-color:black;""></div>","f","html-keyboard-response","71","2.0.0","400446","151774","testolin2020_replication","2025-11-24T07:42:59.520Z","13-14 inch laptop","1512","982","1512","859","2","20","Nov 28, 11:00 pm","false"
"numerosity_discrimination","1","12","279","20","11","0.55","j","252","<div style=""width:100vw;height:100vh;background-color:black;""></div>","f","html-keyboard-response","76","2.0.0","402881","151774","testolin2020_replication","2025-11-24T07:42:59.520Z","13-14 inch laptop","1512","982","1512","859","2","20","Nov 28, 11:00 pm","false"
"numerosity_discrimination","1","13","167","9","12","0.75","j","25629","<div style=""width:100vw;height:100vh;background-color:black;""></div>","f","html-keyboard-response","81","2.0.0","431046","151774","testolin2020_replication","2025-11-24T07:42:59.520Z","13-14 inch laptop","1512","982","1512","859","2","20","Nov 28, 11:00 pm","false"
"numerosity_discrimination","1","14","9","9","8","0.8889","j","187801","<div style=""width:100vw;height:100vh;background-color:black;""></div>","f","html-keyboard-response","86","2.0.0","621495","151774","testolin2020_replication","2025-11-24T07:42:59.520Z","13-14 inch laptop","1512","982","1512","859","2","20","Nov 28, 11:00 pm","false"
"numerosity_discrimination","1","15","202","9","7","0.7778","j","21501","<div style=""width:100vw;height:100vh;background-color:black;""></div>","f","html-keyboard-response","91","2.0.0","645198","151774","testolin2020_replication","2025-11-24T07:42:59.520Z","13-14 inch laptop","1512","982","1512","859","2","20","Nov 28, 11:00 pm","false"
"numerosity_discrimination","1","16","272","10","20","0.5","j","760","<div style=""width:100vw;height:100vh;background-color:black;""></div>","f","html-keyboard-response","96","2.0.0","648472","151774","testolin2020_replication","2025-11-24T07:42:59.520Z","13-14 inch laptop","1512","982","1512","859","2","20","Nov 28, 11:00 pm","false"
"numerosity_discrimination","1","17","235","14","9","0.6429","j","189","<div style=""width:100vw;height:100vh;background-color:black;""></div>","f","html-keyboard-response","101","2.0.0","651054","151774","testolin2020_replication","2025-11-24T07:42:59.520Z","13-14 inch laptop","1512","982","1512","859","2","20","Nov 28, 11:00 pm","false"
"numerosity_discrimination","1","18","67","11","9","0.8182","j","631","<div style=""width:100vw;height:100vh;background-color:black;""></div>","j","html-keyboard-response","106","2.0.0","654045","151774","testolin2020_replication","2025-11-24T07:42:59.520Z","13-14 inch laptop","1512","982","1512","859","2","20","Nov 28, 11:00 pm","true"
"numerosity_discrimination","1","19","160","12","16","0.75","j","829","<div style=""width:100vw;height:100vh;background-color:black;""></div>","f","html-keyboard-response","111","2.0.0","657517","151774","testolin2020_replication","2025-11-24T07:42:59.520Z","13-14 inch laptop","1512","982","1512","859","2","20","Nov 28, 11:00 pm","false"
"numerosity_discrimination","1","20","31","28","25","0.8929","j","6","<div style=""width:100vw;height:100vh;background-color:black;""></div>","f","html-keyboard-response","116","2.0.0","659888","151774","testolin2020_replication","2025-11-24T07:42:59.520Z","13-14 inch laptop","1512","982","1512","859","2","20","Nov 28, 11:00 pm","false"
"numerosity_discrimination","1","21","213","18","11","0.6111","j","179","<div style=""width:100vw;height:100vh;background-color:black;""></div>","f","html-keyboard-response","121","2.0.0","662707","151774","testolin2020_replication","2025-11-24T07:42:59.520Z","13-14 inch laptop","1512","982","1512","859","2","20","Nov 28, 11:00 pm","false"
"numerosity_discrimination","1","22","193","25","18","0.72","j","14997","<div style=""width:100vw;height:100vh;background-color:black;""></div>","f","html-keyboard-response","126","2.0.0","680365","151774","testolin2020_replication","2025-11-24T07:42:59.520Z","13-14 inch laptop","1512","982","1512","859","2","20","Nov 28, 11:00 pm","false"
"numerosity_discrimination","1","23","105","28","25","0.8929","j","375","<div style=""width:100vw;height:100vh;background-color:black;""></div>","f","html-keyboard-response","131","2.0.0","683234","151774","testolin2020_replication","2025-11-24T07:42:59.520Z","13-14 inch laptop","1512","982","1512","859","2","20","Nov 28, 11:00 pm","false"
"numerosity_discrimination","1","24","158","18","14","0.7778","j","214","<div style=""width:100vw;height:100vh;background-color:black;""></div>","f","html-keyboard-response","136","2.0.0","685821","151774","testolin2020_replication","2025-11-24T07:42:59.520Z","13-14 inch laptop","1512","982","1512","859","2","20","Nov 28, 11:00 pm","false"
"numerosity_discrimination","1","25","175","11","14","0.7857","j","365","<div style=""width:100vw;height:100vh;background-color:black;""></div>","f","html-keyboard-response","141","2.0.0","688600","151774","testolin2020_replication","2025-11-24T07:42:59.520Z","13-14 inch laptop","1512","982","1512","859","2","20","Nov 28, 11:00 pm","false"
"numerosity_discrimination","1","26","254","20","12","0.6","j","648","<div style=""width:100vw;height:100vh;background-color:black;""></div>","f","html-keyboard-response","146","2.0.0","691555","151774","testolin2020_replication","2025-11-24T07:42:59.520Z","13-14 inch laptop","1512","982","1512","859","2","20","Nov 28, 11:00 pm","false"
"numerosity_discrimination","1","27","221","16","10","0.625","j","369","<div style=""width:100vw;height:100vh;background-color:black;""></div>","f","html-keyboard-response","151","2.0.0","694299","151774","testolin2020_replication","2025-11-24T07:42:59.520Z","13-14 inch laptop","1512","982","1512","859","2","20","Nov 28, 11:00 pm","false"
"numerosity_discrimination","1","28","55","18","16","0.8889","j","8430","<div style=""width:100vw;height:100vh;background-color:black;""></div>","j","html-keyboard-response","156","2.0.0","705230","151774","testolin2020_replication","2025-11-24T07:42:59.520Z","13-14 inch laptop","1512","982","1512","859","2","20","Nov 28, 11:00 pm","true"
"numerosity_discrimination","1","29","120","14","12","0.8571","j","182","<div style=""width:100vw;height:100vh;background-color:black;""></div>","j","html-keyboard-response","161","2.0.0","707652","151774","testolin2020_replication","2025-11-24T07:42:59.520Z","13-14 inch laptop","1512","982","1512","859","2","20","Nov 28, 11:00 pm","true"
"numerosity_discrimination","1","30","89","11","9","0.8182","j","357","<div style=""width:100vw;height:100vh;background-color:black;""></div>","f","html-keyboard-response","166","2.0.0","710216","151774","testolin2020_replication","2025-11-24T07:42:59.520Z","13-14 inch laptop","1512","982","1512","859","2","20","Nov 28, 11:00 pm","false"
"numerosity_discrimination","1","31","108","8","9","0.8889","j","14466","<div style=""width:100vw;height:100vh;background-color:black;""></div>","f","html-keyboard-response","171","2.0.0","727271","151774","testolin2020_replication","2025-11-24T07:42:59.520Z","13-14 inch laptop","1512","982","1512","859","2","20","Nov 28, 11:00 pm","false"
"numerosity_discrimination","1","32","23","11","9","0.8182","j","218","<div style=""width:100vw;height:100vh;background-color:black;""></div>","f","html-keyboard-response","176","2.0.0","729808","151774","testolin2020_replication","2025-11-24T07:42:59.520Z","13-14 inch laptop","1512","982","1512","859","2","20","Nov 28, 11:00 pm","false"
"numerosity_discrimination","1","33","48","14","16","0.875","j","479","<div style=""width:100vw;height:100vh;background-color:black;""></div>","j","html-keyboard-response","181","2.0.0","732455","151774","testolin2020_replication","2025-11-24T07:42:59.520Z","13-14 inch laptop","1512","982","1512","859","2","20","Nov 28, 11:00 pm","true"
"numerosity_discrimination","1","34","177","8","11","0.7273","j","104","<div style=""width:100vw;height:100vh;background-color:black;""></div>","f","html-keyboard-response","186","2.0.0","734953","151774","testolin2020_replication","2025-11-24T07:42:59.520Z","13-14 inch laptop","1512","982","1512","859","2","20","Nov 28, 11:00 pm","false"
"numerosity_discrimination","1","35","26","28","25","0.8929","j","11588","<div style=""width:100vw;height:100vh;background-color:black;""></div>","j","html-keyboard-response","191","2.0.0","748851","151774","testolin2020_replication","2025-11-24T07:42:59.520Z","13-14 inch laptop","1512","982","1512","859","2","20","Nov 28, 11:00 pm","true"
"numerosity_discrimination","1","36","166","20","14","0.7","j","35","<div style=""width:100vw;height:100vh;background-color:black;""></div>","j","html-keyboard-response","196","2.0.0","751337","151774","testolin2020_replication","2025-11-24T07:42:59.520Z","13-14 inch laptop","1512","982","1512","859","2","20","Nov 28, 11:00 pm","true"
"numerosity_discrimination","1","37","261","28","18","0.6429","j","11","<div style=""width:100vw;height:100vh;background-color:black;""></div>","j","html-keyboard-response","201","2.0.0","753992","151774","testolin2020_replication","2025-11-24T07:42:59.520Z","13-14 inch laptop","1512","982","1512","859","2","20","Nov 28, 11:00 pm","true"
"numerosity_discrimination","1","38","32","16","20","0.8","j","52258","<div style=""width:100vw;height:100vh;background-color:black;""></div>","f","html-keyboard-response","206","2.0.0","808417","151774","testolin2020_replication","2025-11-24T07:42:59.520Z","13-14 inch laptop","1512","982","1512","859","2","20","Nov 28, 11:00 pm","false"
"numerosity_discrimination","1","39","103","14","12","0.8571","j","10780","<div style=""width:100vw;height:100vh;background-color:black;""></div>","f","html-keyboard-response","211","2.0.0","821751","151774","testolin2020_replication","2025-11-24T07:42:59.520Z","13-14 inch laptop","1512","982","1512","859","2","20","Nov 28, 11:00 pm","false"
"numerosity_discrimination","1","40","197","12","16","0.75","j","15631","<div style=""width:100vw;height:100vh;background-color:black;""></div>","f","html-keyboard-response","216","2.0.0","839697","151774","testolin2020_replication","2025-11-24T07:42:59.520Z","13-14 inch laptop","1512","982","1512","859","2","20","Nov 28, 11:00 pm","false"
"numerosity_discrimination","1","41","268","18","11","0.6111","j","97","<div style=""width:100vw;height:100vh;background-color:black;""></div>","f","html-keyboard-response","221","2.0.0","842117","151774","testolin2020_replication","2025-11-24T07:42:59.520Z","13-14 inch laptop","1512","982","1512","859","2","20","Nov 28, 11:00 pm","false"
"numerosity_discrimination","1","42","299","20","10","0.5","j","163","<div style=""width:100vw;height:100vh;background-color:black;""></div>","f","html-keyboard-response","226","2.0.0","844920","151774","testolin2020_replication","2025-11-24T07:42:59.520Z","13-14 inch laptop","1512","982","1512","859","2","20","Nov 28, 11:00 pm","false"
"numerosity_discrimination","1","43","179","22","16","0.7273","j","317","<div style=""width:100vw;height:100vh;background-color:black;""></div>","f","html-keyboard-response","231","2.0.0","847673","151774","testolin2020_replication","2025-11-24T07:42:59.520Z","13-14 inch laptop","1512","982","1512","859","2","20","Nov 28, 11:00 pm","false"
"numerosity_discrimination","1","44","203","11","8","0.7273","j","180","<div style=""width:100vw;height:100vh;background-color:black;""></div>","f","html-keyboard-response","236","2.0.0","850350","151774","testolin2020_replication","2025-11-24T07:42:59.520Z","13-14 inch laptop","1512","982","1512","859","2","20","Nov 28, 11:00 pm","false"
"numerosity_discrimination","1","45","245","10","16","0.625","j","99","<div style=""width:100vw;height:100vh;background-color:black;""></div>","j","html-keyboard-response","241","2.0.0","852941","151774","testolin2020_replication","2025-11-24T07:42:59.520Z","13-14 inch laptop","1512","982","1512","859","2","20","Nov 28, 11:00 pm","true"
"numerosity_discrimination","1","46","34","16","18","0.8889","j","7355","<div style=""width:100vw;height:100vh;background-color:black;""></div>","f","html-keyboard-response","246","2.0.0","862770","151774","testolin2020_replication","2025-11-24T07:42:59.520Z","13-14 inch laptop","1512","982","1512","859","2","20","Nov 28, 11:00 pm","false"
"numerosity_discrimination","1","47","164","20","14","0.7","j","62401","<div style=""width:100vw;height:100vh;background-color:black;""></div>","j","html-keyboard-response","251","2.0.0","927413","151774","testolin2020_replication","2025-11-24T07:42:59.520Z","13-14 inch laptop","1512","982","1512","859","2","20","Nov 28, 11:00 pm","true"
"numerosity_discrimination","1","48","186","22","28","0.7857","j","826","<div style=""width:100vw;height:100vh;background-color:black;""></div>","f","html-keyboard-response","256","2.0.0","930869","151774","testolin2020_replication","2025-11-24T07:42:59.520Z","13-14 inch laptop","1512","982","1512","859","2","20","Nov 28, 11:00 pm","false"
"numerosity_discrimination","1","49","19","18","22","0.8182","j","1181","<div style=""width:100vw;height:100vh;background-color:black;""></div>","f","html-keyboard-response","261","2.0.0","934597","151774","testolin2020_replication","2025-11-24T07:42:59.520Z","13-14 inch laptop","1512","982","1512","859","2","20","Nov 28, 11:00 pm","false"
"numerosity_discrimination","1","50","22","16","20","0.8","j","3274","<div style=""width:100vw;height:100vh;background-color:black;""></div>","j","html-keyboard-response","266","2.0.0","940260","151774","testolin2020_replication","2025-11-24T07:42:59.520Z","13-14 inch laptop","1512","982","1512","859","2","20","Nov 28, 11:00 pm","true"
"numerosity_discrimination","1","51","285","11","22","0.5","j","39788","<div style=""width:100vw;height:100vh;background-color:black;""></div>","f","html-keyboard-response","271","2.0.0","982575","151774","testolin2020_replication","2025-11-24T07:42:59.520Z","13-14 inch laptop","1512","982","1512","859","2","20","Nov 28, 11:00 pm","false"
"numerosity_discrimination","1","52","54","22","18","0.8182","j","554","<div style=""width:100vw;height:100vh;background-color:black;""></div>","j","html-keyboard-response","276","2.0.0","985458","151774","testolin2020_replication","2025-11-24T07:42:59.520Z","13-14 inch laptop","1512","982","1512","859","2","20","Nov 28, 11:00 pm","true"
"numerosity_discrimination","1","53","238","20","12","0.6","j","781","<div style=""width:100vw;height:100vh;background-color:black;""></div>","j","html-keyboard-response","281","2.0.0","988757","151774","testolin2020_replication","2025-11-24T07:42:59.520Z","13-14 inch laptop","1512","982","1512","859","2","20","Nov 28, 11:00 pm","true"
"numerosity_discrimination","1","54","124","16","12","0.75","j","13","<div style=""width:100vw;height:100vh;background-color:black;""></div>","f","html-keyboard-response","286","2.0.0","991221","151774","testolin2020_replication","2025-11-24T07:42:59.520Z","13-14 inch laptop","1512","982","1512","859","2","20","Nov 28, 11:00 pm","false"
"numerosity_discrimination","1","55","18","14","12","0.8571","j","39","<div style=""width:100vw;height:100vh;background-color:black;""></div>","f","html-keyboard-response","291","2.0.0","993804","151774","testolin2020_replication","2025-11-24T07:42:59.520Z","13-14 inch laptop","1512","982","1512","859","2","20","Nov 28, 11:00 pm","false"
"numerosity_discrimination","1","56","173","25","18","0.72","j","56","<div style=""width:100vw;height:100vh;background-color:black;""></div>","f","html-keyboard-response","296","2.0.0","996245","151774","testolin2020_replication","2025-11-24T07:42:59.520Z","13-14 inch laptop","1512","982","1512","859","2","20","Nov 28, 11:00 pm","false"
"numerosity_discrimination","1","57","63","9","8","0.8889","j","94","<div style=""width:100vw;height:100vh;background-color:black;""></div>","f","html-keyboard-response","301","2.0.0","998603","151774","testolin2020_replication","2025-11-24T07:42:59.520Z","13-14 inch laptop","1512","982","1512","859","2","20","Nov 28, 11:00 pm","false"
"numerosity_discrimination","1","58","159","20","28","0.7143","j","103","<div style=""width:100vw;height:100vh;background-color:black;""></div>","f","html-keyboard-response","306","2.0.0","1001097","151774","testolin2020_replication","2025-11-24T07:42:59.520Z","13-14 inch laptop","1512","982","1512","859","2","20","Nov 28, 11:00 pm","false"
"numerosity_discrimination","1","59","265","18","28","0.6429","j","29743","<div style=""width:100vw;height:100vh;background-color:black;""></div>","j","html-keyboard-response","311","2.0.0","1033338","151774","testolin2020_replication","2025-11-24T07:42:59.520Z","13-14 inch laptop","1512","982","1512","859","2","20","Nov 28, 11:00 pm","true"
"numerosity_discrimination","1","60","17","12","14","0.8571","j","18","<div style=""width:100vw;height:100vh;background-color:black;""></div>","j","html-keyboard-response","316","2.0.0","1035779","151774","testolin2020_replication","2025-11-24T07:42:59.520Z","13-14 inch laptop","1512","982","1512","859","2","20","Nov 28, 11:00 pm","true"
"numerosity_discrimination","1","61","140","11","8","0.7273","j","72","<div style=""width:100vw;height:100vh;background-color:black;""></div>","f","html-keyboard-response","321","2.0.0","1038449","151774","testolin2020_replication","2025-11-24T07:42:59.520Z","13-14 inch laptop","1512","982","1512","859","2","20","Nov 28, 11:00 pm","false"
"numerosity_discrimination","1","62","208","9","7","0.7778","j","563","<div style=""width:100vw;height:100vh;background-color:black;""></div>","f","html-keyboard-response","326","2.0.0","1041370","151774","testolin2020_replication","2025-11-24T07:42:59.520Z","13-14 inch laptop","1512","982","1512","859","2","20","Nov 28, 11:00 pm","false"
"numerosity_discrimination","1","63","53","18","22","0.8182","j","908","<div style=""width:100vw;height:100vh;background-color:black;""></div>","f","html-keyboard-response","331","2.0.0","1044903","151774","testolin2020_replication","2025-11-24T07:42:59.520Z","13-14 inch laptop","1512","982","1512","859","2","20","Nov 28, 11:00 pm","false"
"numerosity_discrimination","1","64","126","9","7","0.7778","j","452","<div style=""width:100vw;height:100vh;background-color:black;""></div>","f","html-keyboard-response","336","2.0.0","1047889","151774","testolin2020_replication","2025-11-24T07:42:59.520Z","13-14 inch laptop","1512","982","1512","859","2","20","Nov 28, 11:00 pm","false"
"numerosity_discrimination","1","65","88","12","10","0.8333","j","6625","<div style=""width:100vw;height:100vh;background-color:black;""></div>","j","html-keyboard-response","341","2.0.0","1056746","151774","testolin2020_replication","2025-11-24T07:42:59.520Z","13-14 inch laptop","1512","982","1512","859","2","20","Nov 28, 11:00 pm","true"
"numerosity_discrimination","1","66","116","28","25","0.8929","j","53","<div style=""width:100vw;height:100vh;background-color:black;""></div>","f","html-keyboard-response","346","2.0.0","1059306","151774","testolin2020_replication","2025-11-24T07:42:59.520Z","13-14 inch laptop","1512","982","1512","859","2","20","Nov 28, 11:00 pm","false"
"numerosity_discrimination","1","67","4","12","14","0.8571","j","874","<div style=""width:100vw;height:100vh;background-color:black;""></div>","j","html-keyboard-response","351","2.0.0","1062517","151774","testolin2020_replication","2025-11-24T07:42:59.520Z","13-14 inch laptop","1512","982","1512","859","2","20","Nov 28, 11:00 pm","true"
"numerosity_discrimination","1","68","287","25","14","0.56","j","23643","<div style=""width:100vw;height:100vh;background-color:black;""></div>","j","html-keyboard-response","356","2.0.0","1088500","151774","testolin2020_replication","2025-11-24T07:42:59.520Z","13-14 inch laptop","1512","982","1512","859","2","20","Nov 28, 11:00 pm","true"
"numerosity_discrimination","1","69","119","12","10","0.8333","j","902","<div style=""width:100vw;height:100vh;background-color:black;""></div>","f","html-keyboard-response","361","2.0.0","1091961","151774","testolin2020_replication","2025-11-24T07:42:59.520Z","13-14 inch laptop","1512","982","1512","859","2","20","Nov 28, 11:00 pm","false"
"numerosity_discrimination","1","70","122","8","11","0.7273","j","1039","<div style=""width:100vw;height:100vh;background-color:black;""></div>","f","html-keyboard-response","366","2.0.0","1095561","151774","testolin2020_replication","2025-11-24T07:42:59.520Z","13-14 inch laptop","1512","982","1512","859","2","20","Nov 28, 11:00 pm","false"
"numerosity_discrimination","1","71","194","7","9","0.7778","j","661","<div style=""width:100vw;height:100vh;background-color:black;""></div>","j","html-keyboard-response","371","2.0.0","1098470","151774","testolin2020_replication","2025-11-24T07:42:59.520Z","13-14 inch laptop","1512","982","1512","859","2","20","Nov 28, 11:00 pm","true"
"numerosity_discrimination","1","72","75","12","14","0.8571","j","2537","<div style=""width:100vw;height:100vh;background-color:black;""></div>","f","html-keyboard-response","376","2.0.0","1103228","151774","testolin2020_replication","2025-11-24T07:42:59.520Z","13-14 inch laptop","1512","982","1512","859","2","20","Nov 28, 11:00 pm","false"
"numerosity_discrimination","1","73","150","16","22","0.7273","j","797","<div style=""width:100vw;height:100vh;background-color:black;""></div>","f","html-keyboard-response","381","2.0.0","1106388","151774","testolin2020_replication","2025-11-24T07:42:59.520Z","13-14 inch laptop","1512","982","1512","859","2","20","Nov 28, 11:00 pm","false"
"numerosity_discrimination","1","74","70","18","16","0.8889","j","320","<div style=""width:100vw;height:100vh;background-color:black;""></div>","f","html-keyboard-response","386","2.0.0","1109308","151774","testolin2020_replication","2025-11-24T07:42:59.520Z","13-14 inch laptop","1512","982","1512","859","2","20","Nov 28, 11:00 pm","false"
"numerosity_discrimination","1","75","187","18","14","0.7778","j","5602","<div style=""width:100vw;height:100vh;background-color:black;""></div>","f","html-keyboard-response","391","2.0.0","1117433","151774","testolin2020_replication","2025-11-24T07:42:59.520Z","13-14 inch laptop","1512","982","1512","859","2","20","Nov 28, 11:00 pm","false"
"numerosity_discrimination","1","76","275","14","7","0.5","j","1573","<div style=""width:100vw;height:100vh;background-color:black;""></div>","j","html-keyboard-response","396","2.0.0","1121436","151774","testolin2020_replication","2025-11-24T07:42:59.520Z","13-14 inch laptop","1512","982","1512","859","2","20","Nov 28, 11:00 pm","true"
"numerosity_discrimination","1","77","192","22","28","0.7857","j","1562","<div style=""width:100vw;height:100vh;background-color:black;""></div>","f","html-keyboard-response","401","2.0.0","1125283","151774","testolin2020_replication","2025-11-24T07:42:59.520Z","13-14 inch laptop","1512","982","1512","859","2","20","Nov 28, 11:00 pm","false"
"numerosity_discrimination","1","78","225","14","22","0.6364","j","1061","<div style=""width:100vw;height:100vh;background-color:black;""></div>","f","html-keyboard-response","406","2.0.0","1128702","151774","testolin2020_replication","2025-11-24T07:42:59.520Z","13-14 inch laptop","1512","982","1512","859","2","20","Nov 28, 11:00 pm","false"
"numerosity_discrimination","1","79","59","14","12","0.8571","j","1787","<div style=""width:100vw;height:100vh;background-color:black;""></div>","j","html-keyboard-response","411","2.0.0","1133085","151774","testolin2020_replication","2025-11-24T07:42:59.520Z","13-14 inch laptop","1512","982","1512","859","2","20","Nov 28, 11:00 pm","true"
"numerosity_discrimination","1","80","239","22","14","0.6364","j","1215","<div style=""width:100vw;height:100vh;background-color:black;""></div>","f","html-keyboard-response","416","2.0.0","1136868","151774","testolin2020_replication","2025-11-24T07:42:59.520Z","13-14 inch laptop","1512","982","1512","859","2","20","Nov 28, 11:00 pm","false"
"numerosity_discrimination","1","81","226","14","9","0.6429","j","3585","<div style=""width:100vw;height:100vh;background-color:black;""></div>","j","html-keyboard-response","421","2.0.0","1142802","151774","testolin2020_replication","2025-11-24T07:42:59.520Z","13-14 inch laptop","1512","982","1512","859","2","20","Nov 28, 11:00 pm","true"
"numerosity_discrimination","1","82","259","18","11","0.6111","j","57505","<div style=""width:100vw;height:100vh;background-color:black;""></div>","f","html-keyboard-response","426","2.0.0","1202887","151774","testolin2020_replication","2025-11-24T07:42:59.520Z","13-14 inch laptop","1512","982","1512","859","2","20","Nov 28, 11:00 pm","false"
"numerosity_discrimination","1","83","184","18","14","0.7778","j","447","<div style=""width:100vw;height:100vh;background-color:black;""></div>","f","html-keyboard-response","431","2.0.0","1205843","151774","testolin2020_replication","2025-11-24T07:42:59.520Z","13-14 inch laptop","1512","982","1512","859","2","20","Nov 28, 11:00 pm","false"
"numerosity_discrimination","1","84","100","28","25","0.8929","j","1063","<div style=""width:100vw;height:100vh;background-color:black;""></div>","j","html-keyboard-response","436","2.0.0","1209331","151774","testolin2020_replication","2025-11-24T07:42:59.520Z","13-14 inch laptop","1512","982","1512","859","2","20","Nov 28, 11:00 pm","true"
"numerosity_discrimination","1","85","38","14","16","0.875","j","5251","<div style=""width:100vw;height:100vh;background-color:black;""></div>","f","html-keyboard-response","441","2.0.0","1217193","151774","testolin2020_replication","2025-11-24T07:42:59.520Z","13-14 inch laptop","1512","982","1512","859","2","20","Nov 28, 11:00 pm","false"
"numerosity_discrimination","1","86","109","12","14","0.8571","j","123","<div style=""width:100vw;height:100vh;background-color:black;""></div>","j","html-keyboard-response","446","2.0.0","1219794","151774","testolin2020_replication","2025-11-24T07:42:59.520Z","13-14 inch laptop","1512","982","1512","859","2","20","Nov 28, 11:00 pm","true"
"numerosity_discrimination","1","87","231","25","16","0.64","j","269","<div style=""width:100vw;height:100vh;background-color:black;""></div>","f","html-keyboard-response","451","2.0.0","1222686","151774","testolin2020_replication","2025-11-24T07:42:59.520Z","13-14 inch laptop","1512","982","1512","859","2","20","Nov 28, 11:00 pm","false"
"numerosity_discrimination","1","88","282","8","14","0.5714","j","9","<div style=""width:100vw;height:100vh;background-color:black;""></div>","f","html-keyboard-response","456","2.0.0","1225047","151774","testolin2020_replication","2025-11-24T07:42:59.520Z","13-14 inch laptop","1512","982","1512","859","2","20","Nov 28, 11:00 pm","false"
"numerosity_discrimination","1","89","37","20","16","0.8","j","158","<div style=""width:100vw;height:100vh;background-color:black;""></div>","f","html-keyboard-response","461","2.0.0","1227775","151774","testolin2020_replication","2025-11-24T07:42:59.520Z","13-14 inch laptop","1512","982","1512","859","2","20","Nov 28, 11:00 pm","false"
"numerosity_discrimination","1","90","41","16","20","0.8","j","16","<div style=""width:100vw;height:100vh;background-color:black;""></div>","f","html-keyboard-response","466","2.0.0","1230366","151774","testolin2020_replication","2025-11-24T07:42:59.520Z","13-14 inch laptop","1512","982","1512","859","2","20","Nov 28, 11:00 pm","false"
"numerosity_discrimination","1","91","11","8","10","0.8","j","64","<div style=""width:100vw;height:100vh;background-color:black;""></div>","f","html-keyboard-response","471","2.0.0","1232641","151774","testolin2020_replication","2025-11-24T07:42:59.520Z","13-14 inch laptop","1512","982","1512","859","2","20","Nov 28, 11:00 pm","false"
"numerosity_discrimination","1","92","163","18","14","0.7778","j","164","<div style=""width:100vw;height:100vh;background-color:black;""></div>","f","html-keyboard-response","476","2.0.0","1235276","151774","testolin2020_replication","2025-11-24T07:42:59.520Z","13-14 inch laptop","1512","982","1512","859","2","20","Nov 28, 11:00 pm","false"
"numerosity_discrimination","1","93","243","18","12","0.6667","j","26475","<div style=""width:100vw;height:100vh;background-color:black;""></div>","j","html-keyboard-response","481","2.0.0","1264218","151774","testolin2020_replication","2025-11-24T07:42:59.520Z","13-14 inch laptop","1512","982","1512","859","2","20","Nov 28, 11:00 pm","true"
"numerosity_discrimination","1","94","290","12","22","0.5455","j","10","<div style=""width:100vw;height:100vh;background-color:black;""></div>","f","html-keyboard-response","486","2.0.0","1266445","151774","testolin2020_replication","2025-11-24T07:42:59.520Z","13-14 inch laptop","1512","982","1512","859","2","20","Nov 28, 11:00 pm","false"
"numerosity_discrimination","1","95","281","12","7","0.5833","j","150","<div style=""width:100vw;height:100vh;background-color:black;""></div>","f","html-keyboard-response","491","2.0.0","1269046","151774","testolin2020_replication","2025-11-24T07:42:59.520Z","13-14 inch laptop","1512","982","1512","859","2","20","Nov 28, 11:00 pm","false"
"numerosity_discrimination","1","96","134","16","12","0.75","j","33","<div style=""width:100vw;height:100vh;background-color:black;""></div>","j","html-keyboard-response","496","2.0.0","1271685","151774","testolin2020_replication","2025-11-24T07:42:59.520Z","13-14 inch laptop","1512","982","1512","859","2","20","Nov 28, 11:00 pm","true"
"numerosity_discrimination","1","97","123","12","16","0.75","j","1586","<div style=""width:100vw;height:100vh;background-color:black;""></div>","f","html-keyboard-response","501","2.0.0","1275479","151774","testolin2020_replication","2025-11-24T07:42:59.520Z","13-14 inch laptop","1512","982","1512","859","2","20","Nov 28, 11:00 pm","false"
"numerosity_discrimination","1","98","274","18","9","0.5","j","268","<div style=""width:100vw;height:100vh;background-color:black;""></div>","f","html-keyboard-response","506","2.0.0","1278046","151774","testolin2020_replication","2025-11-24T07:42:59.520Z","13-14 inch laptop","1512","982","1512","859","2","20","Nov 28, 11:00 pm","false"
"numerosity_discrimination","1","99","112","28","25","0.8929","j","335","<div style=""width:100vw;height:100vh;background-color:black;""></div>","f","html-keyboard-response","511","2.0.0","1280931","151774","testolin2020_replication","2025-11-24T07:42:59.520Z","13-14 inch laptop","1512","982","1512","859","2","20","Nov 28, 11:00 pm","false"
"numerosity_discrimination","1","100","295","20","10","0.5","j","14445","<div style=""width:100vw;height:100vh;background-color:black;""></div>","j","html-keyboard-response","516","2.0.0","1297904","151774","testolin2020_replication","2025-11-24T07:42:59.520Z","13-14 inch laptop","1512","982","1512","859","2","20","Nov 28, 11:00 pm","true"
"numerosity_discrimination","2","101","46","18","22","0.8182","j","1031","<div style=""width:100vw;height:100vh;background-color:black;""></div>","f","html-keyboard-response","523","2.0.0","1331624","151774","testolin2020_replication","2025-11-24T07:42:59.520Z","13-14 inch laptop","1512","982","1512","859","2","20","Nov 28, 11:00 pm","false"
"numerosity_discrimination","2","102","77","7","8","0.875","j","369","<div style=""width:100vw;height:100vh;background-color:black;""></div>","j","html-keyboard-response","528","2.0.0","1334246","151774","testolin2020_replication","2025-11-24T07:42:59.520Z","13-14 inch laptop","1512","982","1512","859","2","20","Nov 28, 11:00 pm","true"
"numerosity_discrimination","2","103","68","11","9","0.8182","j","24436","<div style=""width:100vw;height:100vh;background-color:black;""></div>","f","html-keyboard-response","533","2.0.0","1360985","151774","testolin2020_replication","2025-11-24T07:42:59.520Z","13-14 inch laptop","1512","982","1512","859","2","20","Nov 28, 11:00 pm","false"
"numerosity_discrimination","2","104","178","14","11","0.7857","j","680","<div style=""width:100vw;height:100vh;background-color:black;""></div>","f","html-keyboard-response","538","2.0.0","1364267","151774","testolin2020_replication","2025-11-24T07:42:59.520Z","13-14 inch laptop","1512","982","1512","859","2","20","Nov 28, 11:00 pm","false"
"numerosity_discrimination","2","105","30","11","9","0.8182","j","532","<div style=""width:100vw;height:100vh;background-color:black;""></div>","f","html-keyboard-response","543","2.0.0","1367158","151774","testolin2020_replication","2025-11-24T07:42:59.520Z","13-14 inch laptop","1512","982","1512","859","2","20","Nov 28, 11:00 pm","false"
"numerosity_discrimination","2","106","86","22","25","0.88","j","14534","<div style=""width:100vw;height:100vh;background-color:black;""></div>","f","html-keyboard-response","548","2.0.0","1384242","151774","testolin2020_replication","2025-11-24T07:42:59.520Z","13-14 inch laptop","1512","982","1512","859","2","20","Nov 28, 11:00 pm","false"
"numerosity_discrimination","2","107","244","8","12","0.6667","j","1177","<div style=""width:100vw;height:100vh;background-color:black;""></div>","f","html-keyboard-response","553","2.0.0","1387940","151774","testolin2020_replication","2025-11-24T07:42:59.520Z","13-14 inch laptop","1512","982","1512","859","2","20","Nov 28, 11:00 pm","false"
"numerosity_discrimination","2","108","195","16","12","0.75","j","15825","<div style=""width:100vw;height:100vh;background-color:black;""></div>","j","html-keyboard-response","558","2.0.0","1405972","151774","testolin2020_replication","2025-11-24T07:42:59.520Z","13-14 inch laptop","1512","982","1512","859","2","20","Nov 28, 11:00 pm","true"
"numerosity_discrimination","2","109","78","11","9","0.8182","j","164","<div style=""width:100vw;height:100vh;background-color:black;""></div>","f","html-keyboard-response","563","2.0.0","1408666","151774","testolin2020_replication","2025-11-24T07:42:59.520Z","13-14 inch laptop","1512","982","1512","859","2","20","Nov 28, 11:00 pm","false"
"numerosity_discrimination","2","110","6","16","18","0.8889","j","919","<div style=""width:100vw;height:100vh;background-color:black;""></div>","f","html-keyboard-response","568","2.0.0","1412169","151774","testolin2020_replication","2025-11-24T07:42:59.520Z","13-14 inch laptop","1512","982","1512","859","2","20","Nov 28, 11:00 pm","false"
"numerosity_discrimination","2","111","185","20","28","0.7143","j","30082","<div style=""width:100vw;height:100vh;background-color:black;""></div>","j","html-keyboard-response","573","2.0.0","1444693","151774","testolin2020_replication","2025-11-24T07:42:59.520Z","13-14 inch laptop","1512","982","1512","859","2","20","Nov 28, 11:00 pm","true"
"numerosity_discrimination","2","112","148","25","18","0.72","j","760","<div style=""width:100vw;height:100vh;background-color:black;""></div>","f","html-keyboard-response","578","2.0.0","1447722","151774","testolin2020_replication","2025-11-24T07:42:59.520Z","13-14 inch laptop","1512","982","1512","859","2","20","Nov 28, 11:00 pm","false"
"numerosity_discrimination","2","113","157","7","10","0.7","j","920","<div style=""width:100vw;height:100vh;background-color:black;""></div>","f","html-keyboard-response","583","2.0.0","1451256","151774","testolin2020_replication","2025-11-24T07:42:59.520Z","13-14 inch laptop","1512","982","1512","859","2","20","Nov 28, 11:00 pm","false"
"numerosity_discrimination","2","114","141","20","14","0.7","j","1351","<div style=""width:100vw;height:100vh;background-color:black;""></div>","f","html-keyboard-response","588","2.0.0","1454971","151774","testolin2020_replication","2025-11-24T07:42:59.520Z","13-14 inch laptop","1512","982","1512","859","2","20","Nov 28, 11:00 pm","false"
"numerosity_discrimination","2","115","253","22","14","0.6364","j","158","<div style=""width:100vw;height:100vh;background-color:black;""></div>","f","html-keyboard-response","593","2.0.0","1457394","151774","testolin2020_replication","2025-11-24T07:42:59.520Z","13-14 inch laptop","1512","982","1512","859","2","20","Nov 28, 11:00 pm","false"
"numerosity_discrimination","2","116","214","20","12","0.6","j","78","<div style=""width:100vw;height:100vh;background-color:black;""></div>","f","html-keyboard-response","598","2.0.0","1459974","151774","testolin2020_replication","2025-11-24T07:42:59.520Z","13-14 inch laptop","1512","982","1512","859","2","20","Nov 28, 11:00 pm","false"
"numerosity_discrimination","2","117","102","8","7","0.875","j","598","<div style=""width:100vw;height:100vh;background-color:black;""></div>","f","html-keyboard-response","603","2.0.0","1463145","151774","testolin2020_replication","2025-11-24T07:42:59.520Z","13-14 inch laptop","1512","982","1512","859","2","20","Nov 28, 11:00 pm","false"
"numerosity_discrimination","2","118","96","12","10","0.8333","j","620","<div style=""width:100vw;height:100vh;background-color:black;""></div>","f","html-keyboard-response","608","2.0.0","1466428","151774","testolin2020_replication","2025-11-24T07:42:59.520Z","13-14 inch laptop","1512","982","1512","859","2","20","Nov 28, 11:00 pm","false"
"numerosity_discrimination","2","119","220","28","18","0.6429","j","21052","<div style=""width:100vw;height:100vh;background-color:black;""></div>","f","html-keyboard-response","613","2.0.0","1489642","151774","testolin2020_replication","2025-11-24T07:42:59.520Z","13-14 inch laptop","1512","982","1512","859","2","20","Nov 28, 11:00 pm","false"
"numerosity_discrimination","2","120","142","11","14","0.7857","j","522","<div style=""width:100vw;height:100vh;background-color:black;""></div>","f","html-keyboard-response","618","2.0.0","1492657","151774","testolin2020_replication","2025-11-24T07:42:59.520Z","13-14 inch laptop","1512","982","1512","859","2","20","Nov 28, 11:00 pm","false"
"numerosity_discrimination","2","121","183","14","20","0.7","j","3047","<div style=""width:100vw;height:100vh;background-color:black;""></div>","j","html-keyboard-response","623","2.0.0","1497876","151774","testolin2020_replication","2025-11-24T07:42:59.520Z","13-14 inch laptop","1512","982","1512","859","2","20","Nov 28, 11:00 pm","true"
"numerosity_discrimination","2","122","291","11","20","0.55","j","117","<div style=""width:100vw;height:100vh;background-color:black;""></div>","f","html-keyboard-response","628","2.0.0","1500332","151774","testolin2020_replication","2025-11-24T07:42:59.520Z","13-14 inch laptop","1512","982","1512","859","2","20","Nov 28, 11:00 pm","false"
"numerosity_discrimination","2","123","248","22","14","0.6364","j","12287","<div style=""width:100vw;height:100vh;background-color:black;""></div>","f","html-keyboard-response","633","2.0.0","1514834","151774","testolin2020_replication","2025-11-24T07:42:59.520Z","13-14 inch laptop","1512","982","1512","859","2","20","Nov 28, 11:00 pm","false"
"numerosity_discrimination","2","124","230","10","16","0.625","j","2655","<div style=""width:100vw;height:100vh;background-color:black;""></div>","j","html-keyboard-response","638","2.0.0","1519907","151774","testolin2020_replication","2025-11-24T07:42:59.520Z","13-14 inch laptop","1512","982","1512","859","2","20","Nov 28, 11:00 pm","true"
"numerosity_discrimination","2","125","283","20","11","0.55","j","8249","<div style=""width:100vw;height:100vh;background-color:black;""></div>","f","html-keyboard-response","643","2.0.0","1530775","151774","testolin2020_replication","2025-11-24T07:42:59.520Z","13-14 inch laptop","1512","982","1512","859","2","20","Nov 28, 11:00 pm","false"
"numerosity_discrimination","2","126","14","8","7","0.875","j","6631","<div style=""width:100vw;height:100vh;background-color:black;""></div>","f","html-keyboard-response","648","2.0.0","1540062","151774","testolin2020_replication","2025-11-24T07:42:59.520Z","13-14 inch laptop","1512","982","1512","859","2","20","Nov 28, 11:00 pm","false"
"numerosity_discrimination","2","127","297","18","10","0.5556","j","2337","<div style=""width:100vw;height:100vh;background-color:black;""></div>","f","html-keyboard-response","653","2.0.0","1544714","151774","testolin2020_replication","2025-11-24T07:42:59.520Z","13-14 inch laptop","1512","982","1512","859","2","20","Nov 28, 11:00 pm","false"
"numerosity_discrimination","2","128","250","18","12","0.6667","j","1174","<div style=""width:100vw;height:100vh;background-color:black;""></div>","f","html-keyboard-response","658","2.0.0","1548222","151774","testolin2020_replication","2025-11-24T07:42:59.520Z","13-14 inch laptop","1512","982","1512","859","2","20","Nov 28, 11:00 pm","false"
"numerosity_discrimination","2","129","79","16","18","0.8889","j","505","<div style=""width:100vw;height:100vh;background-color:black;""></div>","f","html-keyboard-response","663","2.0.0","1551355","151774","testolin2020_replication","2025-11-24T07:42:59.520Z","13-14 inch laptop","1512","982","1512","859","2","20","Nov 28, 11:00 pm","false"
"numerosity_discrimination","2","130","171","12","9","0.75","j","580","<div style=""width:100vw;height:100vh;background-color:black;""></div>","f","html-keyboard-response","668","2.0.0","1554548","151774","testolin2020_replication","2025-11-24T07:42:59.520Z","13-14 inch laptop","1512","982","1512","859","2","20","Nov 28, 11:00 pm","false"
"numerosity_discrimination","2","131","8","16","14","0.875","j","849","<div style=""width:100vw;height:100vh;background-color:black;""></div>","f","html-keyboard-response","673","2.0.0","1557653","151774","testolin2020_replication","2025-11-24T07:42:59.520Z","13-14 inch laptop","1512","982","1512","859","2","20","Nov 28, 11:00 pm","false"
"numerosity_discrimination","2","132","107","16","18","0.8889","j","12603","<div style=""width:100vw;height:100vh;background-color:black;""></div>","j","html-keyboard-response","678","2.0.0","1572780","151774","testolin2020_replication","2025-11-24T07:42:59.520Z","13-14 inch laptop","1512","982","1512","859","2","20","Nov 28, 11:00 pm","true"
"numerosity_discrimination","2","133","99","22","18","0.8182","j","66","<div style=""width:100vw;height:100vh;background-color:black;""></div>","j","html-keyboard-response","683","2.0.0","1575310","151774","testolin2020_replication","2025-11-24T07:42:59.520Z","13-14 inch laptop","1512","982","1512","859","2","20","Nov 28, 11:00 pm","true"
"numerosity_discrimination","2","134","224","9","14","0.6429","j","8910","<div style=""width:100vw;height:100vh;background-color:black;""></div>","j","html-keyboard-response","688","2.0.0","1586592","151774","testolin2020_replication","2025-11-24T07:42:59.520Z","13-14 inch laptop","1512","982","1512","859","2","20","Nov 28, 11:00 pm","true"
"numerosity_discrimination","2","135","151","9","7","0.7778","j","364","<div style=""width:100vw;height:100vh;background-color:black;""></div>","f","html-keyboard-response","693","2.0.0","1589290","151774","testolin2020_replication","2025-11-24T07:42:59.520Z","13-14 inch laptop","1512","982","1512","859","2","20","Nov 28, 11:00 pm","false"
"numerosity_discrimination","2","136","133","10","14","0.7143","j","8727","<div style=""width:100vw;height:100vh;background-color:black;""></div>","f","html-keyboard-response","698","2.0.0","1600668","151774","testolin2020_replication","2025-11-24T07:42:59.520Z","13-14 inch laptop","1512","982","1512","859","2","20","Nov 28, 11:00 pm","false"
"numerosity_discrimination","2","137","258","14","22","0.6364","j","20928","<div style=""width:100vw;height:100vh;background-color:black;""></div>","f","html-keyboard-response","703","2.0.0","1624141","151774","testolin2020_replication","2025-11-24T07:42:59.520Z","13-14 inch laptop","1512","982","1512","859","2","20","Nov 28, 11:00 pm","false"
"numerosity_discrimination","2","138","82","16","14","0.875","j","251","<div style=""width:100vw;height:100vh;background-color:black;""></div>","f","html-keyboard-response","708","2.0.0","1626883","151774","testolin2020_replication","2025-11-24T07:42:59.520Z","13-14 inch laptop","1512","982","1512","859","2","20","Nov 28, 11:00 pm","false"
"numerosity_discrimination","2","139","146","10","14","0.7143","j","1398","<div style=""width:100vw;height:100vh;background-color:black;""></div>","f","html-keyboard-response","713","2.0.0","1630666","151774","testolin2020_replication","2025-11-24T07:42:59.520Z","13-14 inch laptop","1512","982","1512","859","2","20","Nov 28, 11:00 pm","false"
"numerosity_discrimination","2","140","215","16","11","0.6875","j","253","<div style=""width:100vw;height:100vh;background-color:black;""></div>","f","html-keyboard-response","718","2.0.0","1633320","151774","testolin2020_replication","2025-11-24T07:42:59.520Z","13-14 inch laptop","1512","982","1512","859","2","20","Nov 28, 11:00 pm","false"
"numerosity_discrimination","2","141","209","9","7","0.7778","j","2328","<div style=""width:100vw;height:100vh;background-color:black;""></div>","f","html-keyboard-response","723","2.0.0","1638055","151774","testolin2020_replication","2025-11-24T07:42:59.520Z","13-14 inch laptop","1512","982","1512","859","2","20","Nov 28, 11:00 pm","false"
"numerosity_discrimination","2","142","156","12","16","0.75","j","2633","<div style=""width:100vw;height:100vh;background-color:black;""></div>","f","html-keyboard-response","728","2.0.0","1643036","151774","testolin2020_replication","2025-11-24T07:42:59.520Z","13-14 inch laptop","1512","982","1512","859","2","20","Nov 28, 11:00 pm","false"
"numerosity_discrimination","2","143","181","10","14","0.7143","j","3413","<div style=""width:100vw;height:100vh;background-color:black;""></div>","f","html-keyboard-response","733","2.0.0","1648787","151774","testolin2020_replication","2025-11-24T07:42:59.520Z","13-14 inch laptop","1512","982","1512","859","2","20","Nov 28, 11:00 pm","false"
"numerosity_discrimination","2","144","270","14","22","0.6364","j","188","<div style=""width:100vw;height:100vh;background-color:black;""></div>","f","html-keyboard-response","738","2.0.0","1651610","151774","testolin2020_replication","2025-11-24T07:42:59.520Z","13-14 inch laptop","1512","982","1512","859","2","20","Nov 28, 11:00 pm","false"
"numerosity_discrimination","2","145","293","7","12","0.5833","j","362","<div style=""width:100vw;height:100vh;background-color:black;""></div>","f","html-keyboard-response","743","2.0.0","1654326","151774","testolin2020_replication","2025-11-24T07:42:59.520Z","13-14 inch laptop","1512","982","1512","859","2","20","Nov 28, 11:00 pm","false"
"numerosity_discrimination","2","146","154","11","14","0.7857","j","2864","<div style=""width:100vw;height:100vh;background-color:black;""></div>","f","html-keyboard-response","748","2.0.0","1659408","151774","testolin2020_replication","2025-11-24T07:42:59.520Z","13-14 inch laptop","1512","982","1512","859","2","20","Nov 28, 11:00 pm","false"
"numerosity_discrimination","2","147","137","10","7","0.7","j","203","<div style=""width:100vw;height:100vh;background-color:black;""></div>","j","html-keyboard-response","753","2.0.0","1662086","151774","testolin2020_replication","2025-11-24T07:42:59.520Z","13-14 inch laptop","1512","982","1512","859","2","20","Nov 28, 11:00 pm","true"
"numerosity_discrimination","2","148","95","9","8","0.8889","j","534","<div style=""width:100vw;height:100vh;background-color:black;""></div>","f","html-keyboard-response","758","2.0.0","1665117","151774","testolin2020_replication","2025-11-24T07:42:59.520Z","13-14 inch laptop","1512","982","1512","859","2","20","Nov 28, 11:00 pm","false"
"numerosity_discrimination","2","149","240","20","12","0.6","j","131","<div style=""width:100vw;height:100vh;background-color:black;""></div>","j","html-keyboard-response","763","2.0.0","1667633","151774","testolin2020_replication","2025-11-24T07:42:59.520Z","13-14 inch laptop","1512","982","1512","859","2","20","Nov 28, 11:00 pm","true"
"numerosity_discrimination","2","150","191","28","20","0.7143","j","99","<div style=""width:100vw;height:100vh;background-color:black;""></div>","f","html-keyboard-response","768","2.0.0","1670320","151774","testolin2020_replication","2025-11-24T07:42:59.520Z","13-14 inch laptop","1512","982","1512","859","2","20","Nov 28, 11:00 pm","false"
"numerosity_discrimination","2","151","162","16","22","0.7273","j","31","<div style=""width:100vw;height:100vh;background-color:black;""></div>","f","html-keyboard-response","773","2.0.0","1672582","151774","testolin2020_replication","2025-11-24T07:42:59.520Z","13-14 inch laptop","1512","982","1512","859","2","20","Nov 28, 11:00 pm","false"
"numerosity_discrimination","2","152","64","9","11","0.8182","j","3580","<div style=""width:100vw;height:100vh;background-color:black;""></div>","j","html-keyboard-response","778","2.0.0","1678388","151774","testolin2020_replication","2025-11-24T07:42:59.520Z","13-14 inch laptop","1512","982","1512","859","2","20","Nov 28, 11:00 pm","true"
"numerosity_discrimination","2","153","58","18","22","0.8182","j","142","<div style=""width:100vw;height:100vh;background-color:black;""></div>","f","html-keyboard-response","783","2.0.0","1680993","151774","testolin2020_replication","2025-11-24T07:42:59.520Z","13-14 inch laptop","1512","982","1512","859","2","20","Nov 28, 11:00 pm","false"
"numerosity_discrimination","2","154","66","9","11","0.8182","j","18529","<div style=""width:100vw;height:100vh;background-color:black;""></div>","j","html-keyboard-response","788","2.0.0","1701972","151774","testolin2020_replication","2025-11-24T07:42:59.520Z","13-14 inch laptop","1512","982","1512","859","2","20","Nov 28, 11:00 pm","true"
"numerosity_discrimination","2","155","266","7","11","0.6364","j","601","<div style=""width:100vw;height:100vh;background-color:black;""></div>","f","html-keyboard-response","793","2.0.0","1705051","151774","testolin2020_replication","2025-11-24T07:42:59.520Z","13-14 inch laptop","1512","982","1512","859","2","20","Nov 28, 11:00 pm","false"
"numerosity_discrimination","2","156","90","7","8","0.875","j","330","<div style=""width:100vw;height:100vh;background-color:black;""></div>","f","html-keyboard-response","798","2.0.0","1707766","151774","testolin2020_replication","2025-11-24T07:42:59.520Z","13-14 inch laptop","1512","982","1512","859","2","20","Nov 28, 11:00 pm","false"
"numerosity_discrimination","2","157","74","12","10","0.8333","j","217","<div style=""width:100vw;height:100vh;background-color:black;""></div>","f","html-keyboard-response","803","2.0.0","1710375","151774","testolin2020_replication","2025-11-24T07:42:59.520Z","13-14 inch laptop","1512","982","1512","859","2","20","Nov 28, 11:00 pm","false"
"numerosity_discrimination","2","158","288","18","10","0.5556","j","6348","<div style=""width:100vw;height:100vh;background-color:black;""></div>","f","html-keyboard-response","808","2.0.0","1719175","151774","testolin2020_replication","2025-11-24T07:42:59.520Z","13-14 inch laptop","1512","982","1512","859","2","20","Nov 28, 11:00 pm","false"
"numerosity_discrimination","2","159","85","7","8","0.875","j","9687","<div style=""width:100vw;height:100vh;background-color:black;""></div>","f","html-keyboard-response","813","2.0.0","1731204","151774","testolin2020_replication","2025-11-24T07:42:59.520Z","13-14 inch laptop","1512","982","1512","859","2","20","Nov 28, 11:00 pm","false"
"numerosity_discrimination","2","160","87","14","16","0.875","j","538","<div style=""width:100vw;height:100vh;background-color:black;""></div>","f","html-keyboard-response","818","2.0.0","1734223","151774","testolin2020_replication","2025-11-24T07:42:59.520Z","13-14 inch laptop","1512","982","1512","859","2","20","Nov 28, 11:00 pm","false"
"numerosity_discrimination","2","161","205","14","11","0.7857","j","646","<div style=""width:100vw;height:100vh;background-color:black;""></div>","j","html-keyboard-response","823","2.0.0","1737091","151774","testolin2020_replication","2025-11-24T07:42:59.520Z","13-14 inch laptop","1512","982","1512","859","2","20","Nov 28, 11:00 pm","true"
"numerosity_discrimination","2","162","83","7","8","0.875","j","12","<div style=""width:100vw;height:100vh;background-color:black;""></div>","f","html-keyboard-response","828","2.0.0","1739421","151774","testolin2020_replication","2025-11-24T07:42:59.520Z","13-14 inch laptop","1512","982","1512","859","2","20","Nov 28, 11:00 pm","false"
"numerosity_discrimination","2","163","292","8","14","0.5714","j","24316","<div style=""width:100vw;height:100vh;background-color:black;""></div>","j","html-keyboard-response","833","2.0.0","1765989","151774","testolin2020_replication","2025-11-24T07:42:59.520Z","13-14 inch laptop","1512","982","1512","859","2","20","Nov 28, 11:00 pm","true"
"numerosity_discrimination","2","164","24","12","10","0.8333","j","978","<div style=""width:100vw;height:100vh;background-color:black;""></div>","f","html-keyboard-response","838","2.0.0","1769414","151774","testolin2020_replication","2025-11-24T07:42:59.520Z","13-14 inch laptop","1512","982","1512","859","2","20","Nov 28, 11:00 pm","false"
"numerosity_discrimination","2","165","114","20","16","0.8","j","1023","<div style=""width:100vw;height:100vh;background-color:black;""></div>","f","html-keyboard-response","843","2.0.0","1772601","151774","testolin2020_replication","2025-11-24T07:42:59.520Z","13-14 inch laptop","1512","982","1512","859","2","20","Nov 28, 11:00 pm","false"
"numerosity_discrimination","2","166","20","7","8","0.875","j","283","<div style=""width:100vw;height:100vh;background-color:black;""></div>","f","html-keyboard-response","848","2.0.0","1775097","151774","testolin2020_replication","2025-11-24T07:42:59.520Z","13-14 inch laptop","1512","982","1512","859","2","20","Nov 28, 11:00 pm","false"
"numerosity_discrimination","2","167","36","9","11","0.8182","j","14507","<div style=""width:100vw;height:100vh;background-color:black;""></div>","f","html-keyboard-response","853","2.0.0","1792202","151774","testolin2020_replication","2025-11-24T07:42:59.520Z","13-14 inch laptop","1512","982","1512","859","2","20","Nov 28, 11:00 pm","false"
"numerosity_discrimination","2","168","131","11","14","0.7857","j","5221","<div style=""width:100vw;height:100vh;background-color:black;""></div>","f","html-keyboard-response","858","2.0.0","1799712","151774","testolin2020_replication","2025-11-24T07:42:59.520Z","13-14 inch laptop","1512","982","1512","859","2","20","Nov 28, 11:00 pm","false"
"numerosity_discrimination","2","169","190","18","14","0.7778","j","71","<div style=""width:100vw;height:100vh;background-color:black;""></div>","f","html-keyboard-response","863","2.0.0","1802405","151774","testolin2020_replication","2025-11-24T07:42:59.520Z","13-14 inch laptop","1512","982","1512","859","2","20","Nov 28, 11:00 pm","false"
"numerosity_discrimination","2","170","129","12","9","0.75","j","14959","<div style=""width:100vw;height:100vh;background-color:black;""></div>","j","html-keyboard-response","868","2.0.0","1819570","151774","testolin2020_replication","2025-11-24T07:42:59.520Z","13-14 inch laptop","1512","982","1512","859","2","20","Nov 28, 11:00 pm","true"
"numerosity_discrimination","2","171","12","20","16","0.8","j","29279","<div style=""width:100vw;height:100vh;background-color:black;""></div>","f","html-keyboard-response","873","2.0.0","1851190","151774","testolin2020_replication","2025-11-24T07:42:59.520Z","13-14 inch laptop","1512","982","1512","859","2","20","Nov 28, 11:00 pm","false"
"numerosity_discrimination","2","172","42","22","25","0.88","j","605","<div style=""width:100vw;height:100vh;background-color:black;""></div>","f","html-keyboard-response","878","2.0.0","1854233","151774","testolin2020_replication","2025-11-24T07:42:59.520Z","13-14 inch laptop","1512","982","1512","859","2","20","Nov 28, 11:00 pm","false"
"numerosity_discrimination","2","173","127","14","10","0.7143","j","871","<div style=""width:100vw;height:100vh;background-color:black;""></div>","j","html-keyboard-response","883","2.0.0","1857269","151774","testolin2020_replication","2025-11-24T07:42:59.520Z","13-14 inch laptop","1512","982","1512","859","2","20","Nov 28, 11:00 pm","true"
"numerosity_discrimination","2","174","13","7","8","0.875","j","1792","<div style=""width:100vw;height:100vh;background-color:black;""></div>","j","html-keyboard-response","888","2.0.0","1861329","151774","testolin2020_replication","2025-11-24T07:42:59.520Z","13-14 inch laptop","1512","982","1512","859","2","20","Nov 28, 11:00 pm","true"
"numerosity_discrimination","2","175","196","12","16","0.75","j","23840","<div style=""width:100vw;height:100vh;background-color:black;""></div>","f","html-keyboard-response","893","2.0.0","1887401","151774","testolin2020_replication","2025-11-24T07:42:59.520Z","13-14 inch laptop","1512","982","1512","859","2","20","Nov 28, 11:00 pm","false"
"numerosity_discrimination","2","176","210","14","11","0.7857","j","212","<div style=""width:100vw;height:100vh;background-color:black;""></div>","f","html-keyboard-response","898","2.0.0","1890162","151774","testolin2020_replication","2025-11-24T07:42:59.520Z","13-14 inch laptop","1512","982","1512","859","2","20","Nov 28, 11:00 pm","false"
"numerosity_discrimination","2","177","65","12","14","0.8571","j","4207","<div style=""width:100vw;height:100vh;background-color:black;""></div>","f","html-keyboard-response","903","2.0.0","1896641","151774","testolin2020_replication","2025-11-24T07:42:59.520Z","13-14 inch laptop","1512","982","1512","859","2","20","Nov 28, 11:00 pm","false"
"numerosity_discrimination","2","178","121","12","16","0.75","j","2949","<div style=""width:100vw;height:100vh;background-color:black;""></div>","f","html-keyboard-response","908","2.0.0","1901759","151774","testolin2020_replication","2025-11-24T07:42:59.520Z","13-14 inch laptop","1512","982","1512","859","2","20","Nov 28, 11:00 pm","false"
"numerosity_discrimination","2","179","76","8","7","0.875","j","1","<div style=""width:100vw;height:100vh;background-color:black;""></div>","f","html-keyboard-response","913","2.0.0","1904087","151774","testolin2020_replication","2025-11-24T07:42:59.520Z","13-14 inch laptop","1512","982","1512","859","2","20","Nov 28, 11:00 pm","false"
"numerosity_discrimination","2","180","174","22","16","0.7273","j","4148","<div style=""width:100vw;height:100vh;background-color:black;""></div>","j","html-keyboard-response","918","2.0.0","1910692","151774","testolin2020_replication","2025-11-24T07:42:59.520Z","13-14 inch laptop","1512","982","1512","859","2","20","Nov 28, 11:00 pm","true"
"numerosity_discrimination","2","181","273","18","9","0.5","j","5211","<div style=""width:100vw;height:100vh;background-color:black;""></div>","f","html-keyboard-response","923","2.0.0","1918256","151774","testolin2020_replication","2025-11-24T07:42:59.520Z","13-14 inch laptop","1512","982","1512","859","2","20","Nov 28, 11:00 pm","false"
"numerosity_discrimination","2","182","176","10","14","0.7143","j","5431","<div style=""width:100vw;height:100vh;background-color:black;""></div>","j","html-keyboard-response","928","2.0.0","1926190","151774","testolin2020_replication","2025-11-24T07:42:59.520Z","13-14 inch laptop","1512","982","1512","859","2","20","Nov 28, 11:00 pm","true"
"numerosity_discrimination","2","183","50","14","16","0.875","j","124","<div style=""width:100vw;height:100vh;background-color:black;""></div>","f","html-keyboard-response","933","2.0.0","1928839","151774","testolin2020_replication","2025-11-24T07:42:59.520Z","13-14 inch laptop","1512","982","1512","859","2","20","Nov 28, 11:00 pm","false"
"numerosity_discrimination","2","184","145","12","9","0.75","j","242","<div style=""width:100vw;height:100vh;background-color:black;""></div>","j","html-keyboard-response","938","2.0.0","1931303","151774","testolin2020_replication","2025-11-24T07:42:59.520Z","13-14 inch laptop","1512","982","1512","859","2","20","Nov 28, 11:00 pm","true"
"numerosity_discrimination","2","185","219","9","14","0.6429","j","49","<div style=""width:100vw;height:100vh;background-color:black;""></div>","f","html-keyboard-response","943","2.0.0","1933560","151774","testolin2020_replication","2025-11-24T07:42:59.520Z","13-14 inch laptop","1512","982","1512","859","2","20","Nov 28, 11:00 pm","false"
"numerosity_discrimination","2","186","3","16","14","0.875","j","533","<div style=""width:100vw;height:100vh;background-color:black;""></div>","f","html-keyboard-response","948","2.0.0","1936560","151774","testolin2020_replication","2025-11-24T07:42:59.520Z","13-14 inch laptop","1512","982","1512","859","2","20","Nov 28, 11:00 pm","false"
"numerosity_discrimination","2","187","201","20","14","0.7","j","87","<div style=""width:100vw;height:100vh;background-color:black;""></div>","f","html-keyboard-response","953","2.0.0","1938872","151774","testolin2020_replication","2025-11-24T07:42:59.520Z","13-14 inch laptop","1512","982","1512","859","2","20","Nov 28, 11:00 pm","false"
"numerosity_discrimination","2","188","44","20","16","0.8","j","2181","<div style=""width:100vw;height:100vh;background-color:black;""></div>","j","html-keyboard-response","958","2.0.0","1943412","151774","testolin2020_replication","2025-11-24T07:42:59.520Z","13-14 inch laptop","1512","982","1512","859","2","20","Nov 28, 11:00 pm","true"
"numerosity_discrimination","2","189","136","10","14","0.7143","j","152","<div style=""width:100vw;height:100vh;background-color:black;""></div>","f","html-keyboard-response","963","2.0.0","1945763","151774","testolin2020_replication","2025-11-24T07:42:59.520Z","13-14 inch laptop","1512","982","1512","859","2","20","Nov 28, 11:00 pm","false"
"numerosity_discrimination","2","190","237","20","12","0.6","j","45","<div style=""width:100vw;height:100vh;background-color:black;""></div>","f","html-keyboard-response","968","2.0.0","1948107","151774","testolin2020_replication","2025-11-24T07:42:59.520Z","13-14 inch laptop","1512","982","1512","859","2","20","Nov 28, 11:00 pm","false"
"numerosity_discrimination","2","191","294","7","12","0.5833","j","1514","<div style=""width:100vw;height:100vh;background-color:black;""></div>","f","html-keyboard-response","973","2.0.0","1952168","151774","testolin2020_replication","2025-11-24T07:42:59.520Z","13-14 inch laptop","1512","982","1512","859","2","20","Nov 28, 11:00 pm","false"
"numerosity_discrimination","2","192","21","22","18","0.8182","j","217","<div style=""width:100vw;height:100vh;background-color:black;""></div>","f","html-keyboard-response","978","2.0.0","1954680","151774","testolin2020_replication","2025-11-24T07:42:59.520Z","13-14 inch laptop","1512","982","1512","859","2","20","Nov 28, 11:00 pm","false"
"numerosity_discrimination","2","193","125","11","14","0.7857","j","5","<div style=""width:100vw;height:100vh;background-color:black;""></div>","f","html-keyboard-response","983","2.0.0","1957109","151774","testolin2020_replication","2025-11-24T07:42:59.520Z","13-14 inch laptop","1512","982","1512","859","2","20","Nov 28, 11:00 pm","false"
"numerosity_discrimination","2","194","228","11","16","0.6875","j","11914","<div style=""width:100vw;height:100vh;background-color:black;""></div>","f","html-keyboard-response","988","2.0.0","1971344","151774","testolin2020_replication","2025-11-24T07:42:59.520Z","13-14 inch laptop","1512","982","1512","859","2","20","Nov 28, 11:00 pm","false"
"numerosity_discrimination","2","195","111","11","9","0.8182","j","48","<div style=""width:100vw;height:100vh;background-color:black;""></div>","j","html-keyboard-response","993","2.0.0","1973760","151774","testolin2020_replication","2025-11-24T07:42:59.520Z","13-14 inch laptop","1512","982","1512","859","2","20","Nov 28, 11:00 pm","true"
"numerosity_discrimination","2","196","62","12","14","0.8571","j","931","<div style=""width:100vw;height:100vh;background-color:black;""></div>","f","html-keyboard-response","998","2.0.0","1977220","151774","testolin2020_replication","2025-11-24T07:42:59.520Z","13-14 inch laptop","1512","982","1512","859","2","20","Nov 28, 11:00 pm","false"
"numerosity_discrimination","2","197","153","16","22","0.7273","j","258","<div style=""width:100vw;height:100vh;background-color:black;""></div>","j","html-keyboard-response","1003","2.0.0","1980012","151774","testolin2020_replication","2025-11-24T07:42:59.520Z","13-14 inch laptop","1512","982","1512","859","2","20","Nov 28, 11:00 pm","true"
"numerosity_discrimination","2","198","199","20","28","0.7143","j","474","<div style=""width:100vw;height:100vh;background-color:black;""></div>","j","html-keyboard-response","1008","2.0.0","1982711","151774","testolin2020_replication","2025-11-24T07:42:59.520Z","13-14 inch laptop","1512","982","1512","859","2","20","Nov 28, 11:00 pm","true"
"numerosity_discrimination","2","199","132","20","14","0.7","j","16002","<div style=""width:100vw;height:100vh;background-color:black;""></div>","j","html-keyboard-response","1013","2.0.0","2001199","151774","testolin2020_replication","2025-11-24T07:42:59.520Z","13-14 inch laptop","1512","982","1512","859","2","20","Nov 28, 11:00 pm","true"
"numerosity_discrimination","2","200","84","7","8","0.875","j","450","<div style=""width:100vw;height:100vh;background-color:black;""></div>","f","html-keyboard-response","1018","2.0.0","2004307","151774","testolin2020_replication","2025-11-24T07:42:59.520Z","13-14 inch laptop","1512","982","1512","859","2","20","Nov 28, 11:00 pm","false"
"numerosity_discrimination","3","201","300","9","16","0.5625","j","8013","<div style=""width:100vw;height:100vh;background-color:black;""></div>","j","html-keyboard-response","1025","2.0.0","2119091","151774","testolin2020_replication","2025-11-24T07:42:59.520Z","13-14 inch laptop","1512","982","1512","859","2","20","Nov 28, 11:00 pm","true"
"numerosity_discrimination","3","202","234","14","9","0.6429","j","10278","<div style=""width:100vw;height:100vh;background-color:black;""></div>","j","html-keyboard-response","1030","2.0.0","2131654","151774","testolin2020_replication","2025-11-24T07:42:59.520Z","13-14 inch laptop","1512","982","1512","859","2","20","Nov 28, 11:00 pm","true"
"numerosity_discrimination","3","203","5","22","18","0.8182","j","66","<div style=""width:100vw;height:100vh;background-color:black;""></div>","j","html-keyboard-response","1035","2.0.0","2134076","151774","testolin2020_replication","2025-11-24T07:42:59.520Z","13-14 inch laptop","1512","982","1512","859","2","20","Nov 28, 11:00 pm","true"
"numerosity_discrimination","3","204","170","12","16","0.75","j","6","<div style=""width:100vw;height:100vh;background-color:black;""></div>","j","html-keyboard-response","1040","2.0.0","2136677","151774","testolin2020_replication","2025-11-24T07:42:59.520Z","13-14 inch laptop","1512","982","1512","859","2","20","Nov 28, 11:00 pm","true"
"numerosity_discrimination","3","205","28","8","9","0.8889","j","524","<div style=""width:100vw;height:100vh;background-color:black;""></div>","f","html-keyboard-response","1045","2.0.0","2139829","151774","testolin2020_replication","2025-11-24T07:42:59.520Z","13-14 inch laptop","1512","982","1512","859","2","20","Nov 28, 11:00 pm","false"
"numerosity_discrimination","3","206","284","14","28","0.5","j","1248","<div style=""width:100vw;height:100vh;background-color:black;""></div>","f","html-keyboard-response","1050","2.0.0","2143447","151774","testolin2020_replication","2025-11-24T07:42:59.520Z","13-14 inch laptop","1512","982","1512","859","2","20","Nov 28, 11:00 pm","false"
"numerosity_discrimination","3","207","29","12","14","0.8571","j","275","<div style=""width:100vw;height:100vh;background-color:black;""></div>","f","html-keyboard-response","1055","2.0.0","2146182","151774","testolin2020_replication","2025-11-24T07:42:59.520Z","13-14 inch laptop","1512","982","1512","859","2","20","Nov 28, 11:00 pm","false"
"numerosity_discrimination","3","208","93","8","10","0.8","j","448","<div style=""width:100vw;height:100vh;background-color:black;""></div>","f","html-keyboard-response","1060","2.0.0","2149000","151774","testolin2020_replication","2025-11-24T07:42:59.520Z","13-14 inch laptop","1512","982","1512","859","2","20","Nov 28, 11:00 pm","false"
"numerosity_discrimination","3","209","257","10","16","0.625","j","128","<div style=""width:100vw;height:100vh;background-color:black;""></div>","f","html-keyboard-response","1065","2.0.0","2151399","151774","testolin2020_replication","2025-11-24T07:42:59.520Z","13-14 inch laptop","1512","982","1512","859","2","20","Nov 28, 11:00 pm","false"
"numerosity_discrimination","3","210","16","20","16","0.8","j","1966","<div style=""width:100vw;height:100vh;background-color:black;""></div>","j","html-keyboard-response","1070","2.0.0","2155628","151774","testolin2020_replication","2025-11-24T07:42:59.520Z","13-14 inch laptop","1512","982","1512","859","2","20","Nov 28, 11:00 pm","true"
"numerosity_discrimination","3","211","189","16","22","0.7273","j","326","<div style=""width:100vw;height:100vh;background-color:black;""></div>","f","html-keyboard-response","1075","2.0.0","2158475","151774","testolin2020_replication","2025-11-24T07:42:59.520Z","13-14 inch laptop","1512","982","1512","859","2","20","Nov 28, 11:00 pm","false"
"numerosity_discrimination","3","212","135","9","12","0.75","j","587","<div style=""width:100vw;height:100vh;background-color:black;""></div>","f","html-keyboard-response","1080","2.0.0","2161592","151774","testolin2020_replication","2025-11-24T07:42:59.520Z","13-14 inch laptop","1512","982","1512","859","2","20","Nov 28, 11:00 pm","false"
"numerosity_discrimination","3","213","260","25","16","0.64","j","11599","<div style=""width:100vw;height:100vh;background-color:black;""></div>","j","html-keyboard-response","1085","2.0.0","2175781","151774","testolin2020_replication","2025-11-24T07:42:59.520Z","13-14 inch laptop","1512","982","1512","859","2","20","Nov 28, 11:00 pm","true"
"numerosity_discrimination","3","214","241","7","11","0.6364","j","477","<div style=""width:100vw;height:100vh;background-color:black;""></div>","f","html-keyboard-response","1090","2.0.0","2178576","151774","testolin2020_replication","2025-11-24T07:42:59.520Z","13-14 inch laptop","1512","982","1512","859","2","20","Nov 28, 11:00 pm","false"
"numerosity_discrimination","3","215","182","12","9","0.75","j","371","<div style=""width:100vw;height:100vh;background-color:black;""></div>","j","html-keyboard-response","1095","2.0.0","2181319","151774","testolin2020_replication","2025-11-24T07:42:59.520Z","13-14 inch laptop","1512","982","1512","859","2","20","Nov 28, 11:00 pm","true"
"numerosity_discrimination","3","216","15","20","25","0.8","j","4322","<div style=""width:100vw;height:100vh;background-color:black;""></div>","f","html-keyboard-response","1100","2.0.0","2187998","151774","testolin2020_replication","2025-11-24T07:42:59.520Z","13-14 inch laptop","1512","982","1512","859","2","20","Nov 28, 11:00 pm","false"
"numerosity_discrimination","3","217","247","11","16","0.6875","j","80","<div style=""width:100vw;height:100vh;background-color:black;""></div>","f","html-keyboard-response","1105","2.0.0","2190725","151774","testolin2020_replication","2025-11-24T07:42:59.520Z","13-14 inch laptop","1512","982","1512","859","2","20","Nov 28, 11:00 pm","false"
"numerosity_discrimination","3","218","117","22","18","0.8182","j","108","<div style=""width:100vw;height:100vh;background-color:black;""></div>","f","html-keyboard-response","1110","2.0.0","2193069","151774","testolin2020_replication","2025-11-24T07:42:59.520Z","13-14 inch laptop","1512","982","1512","859","2","20","Nov 28, 11:00 pm","false"
"numerosity_discrimination","3","219","249","14","22","0.6364","j","378","<div style=""width:100vw;height:100vh;background-color:black;""></div>","j","html-keyboard-response","1115","2.0.0","2195875","151774","testolin2020_replication","2025-11-24T07:42:59.520Z","13-14 inch laptop","1512","982","1512","859","2","20","Nov 28, 11:00 pm","true"
"numerosity_discrimination","3","220","217","25","16","0.64","j","453","<div style=""width:100vw;height:100vh;background-color:black;""></div>","j","html-keyboard-response","1120","2.0.0","2198984","151774","testolin2020_replication","2025-11-24T07:42:59.520Z","13-14 inch laptop","1512","982","1512","859","2","20","Nov 28, 11:00 pm","true"
"numerosity_discrimination","3","221","242","28","18","0.6429","j","72","<div style=""width:100vw;height:100vh;background-color:black;""></div>","j","html-keyboard-response","1125","2.0.0","2201580","151774","testolin2020_replication","2025-11-24T07:42:59.520Z","13-14 inch laptop","1512","982","1512","859","2","20","Nov 28, 11:00 pm","true"
"numerosity_discrimination","3","222","106","25","22","0.88","j","169","<div style=""width:100vw;height:100vh;background-color:black;""></div>","f","html-keyboard-response","1130","2.0.0","2204060","151774","testolin2020_replication","2025-11-24T07:42:59.520Z","13-14 inch laptop","1512","982","1512","859","2","20","Nov 28, 11:00 pm","false"
"numerosity_discrimination","3","223","101","20","25","0.8","j","326","<div style=""width:100vw;height:100vh;background-color:black;""></div>","j","html-keyboard-response","1135","2.0.0","2206710","151774","testolin2020_replication","2025-11-24T07:42:59.520Z","13-14 inch laptop","1512","982","1512","859","2","20","Nov 28, 11:00 pm","true"
"numerosity_discrimination","3","224","113","20","16","0.8","j","269","<div style=""width:100vw;height:100vh;background-color:black;""></div>","f","html-keyboard-response","1140","2.0.0","2209482","151774","testolin2020_replication","2025-11-24T07:42:59.520Z","13-14 inch laptop","1512","982","1512","859","2","20","Nov 28, 11:00 pm","false"
"numerosity_discrimination","3","225","71","22","18","0.8182","j","8229","<div style=""width:100vw;height:100vh;background-color:black;""></div>","j","html-keyboard-response","1145","2.0.0","2220066","151774","testolin2020_replication","2025-11-24T07:42:59.520Z","13-14 inch laptop","1512","982","1512","859","2","20","Nov 28, 11:00 pm","true"
"numerosity_discrimination","3","226","52","25","28","0.8929","j","24","<div style=""width:100vw;height:100vh;background-color:black;""></div>","f","html-keyboard-response","1150","2.0.0","2222669","151774","testolin2020_replication","2025-11-24T07:42:59.520Z","13-14 inch laptop","1512","982","1512","859","2","20","Nov 28, 11:00 pm","false"
"numerosity_discrimination","3","227","7","14","16","0.875","j","283","<div style=""width:100vw;height:100vh;background-color:black;""></div>","f","html-keyboard-response","1155","2.0.0","2225373","151774","testolin2020_replication","2025-11-24T07:42:59.520Z","13-14 inch laptop","1512","982","1512","859","2","20","Nov 28, 11:00 pm","false"
"numerosity_discrimination","3","228","56","25","22","0.88","j","117","<div style=""width:100vw;height:100vh;background-color:black;""></div>","j","html-keyboard-response","1160","2.0.0","2228071","151774","testolin2020_replication","2025-11-24T07:42:59.520Z","13-14 inch laptop","1512","982","1512","859","2","20","Nov 28, 11:00 pm","true"
"numerosity_discrimination","3","229","138","16","12","0.75","j","162","<div style=""width:100vw;height:100vh;background-color:black;""></div>","j","html-keyboard-response","1165","2.0.0","2230716","151774","testolin2020_replication","2025-11-24T07:42:59.520Z","13-14 inch laptop","1512","982","1512","859","2","20","Nov 28, 11:00 pm","true"
"numerosity_discrimination","3","230","198","16","12","0.75","j","29","<div style=""width:100vw;height:100vh;background-color:black;""></div>","f","html-keyboard-response","1170","2.0.0","2233280","151774","testolin2020_replication","2025-11-24T07:42:59.520Z","13-14 inch laptop","1512","982","1512","859","2","20","Nov 28, 11:00 pm","false"
"numerosity_discrimination","3","231","233","8","12","0.6667","j","16050","<div style=""width:100vw;height:100vh;background-color:black;""></div>","j","html-keyboard-response","1175","2.0.0","2251847","151774","testolin2020_replication","2025-11-24T07:42:59.520Z","13-14 inch laptop","1512","982","1512","859","2","20","Nov 28, 11:00 pm","true"
"numerosity_discrimination","3","232","264","25","16","0.64","j","2758","<div style=""width:100vw;height:100vh;background-color:black;""></div>","f","html-keyboard-response","1180","2.0.0","2257242","151774","testolin2020_replication","2025-11-24T07:42:59.520Z","13-14 inch laptop","1512","982","1512","859","2","20","Nov 28, 11:00 pm","false"
"numerosity_discrimination","3","233","27","14","12","0.8571","j","124","<div style=""width:100vw;height:100vh;background-color:black;""></div>","f","html-keyboard-response","1185","2.0.0","2259761","151774","testolin2020_replication","2025-11-24T07:42:59.520Z","13-14 inch laptop","1512","982","1512","859","2","20","Nov 28, 11:00 pm","false"
"numerosity_discrimination","3","234","49","8","10","0.8","j","173","<div style=""width:100vw;height:100vh;background-color:black;""></div>","f","html-keyboard-response","1190","2.0.0","2262515","151774","testolin2020_replication","2025-11-24T07:42:59.520Z","13-14 inch laptop","1512","982","1512","859","2","20","Nov 28, 11:00 pm","false"
"numerosity_discrimination","3","235","10","9","11","0.8182","j","424","<div style=""width:100vw;height:100vh;background-color:black;""></div>","f","html-keyboard-response","1195","2.0.0","2265105","151774","testolin2020_replication","2025-11-24T07:42:59.520Z","13-14 inch laptop","1512","982","1512","859","2","20","Nov 28, 11:00 pm","false"
"numerosity_discrimination","3","236","232","8","12","0.6667","j","10440","<div style=""width:100vw;height:100vh;background-color:black;""></div>","f","html-keyboard-response","1200","2.0.0","2278045","151774","testolin2020_replication","2025-11-24T07:42:59.520Z","13-14 inch laptop","1512","982","1512","859","2","20","Nov 28, 11:00 pm","false"
"numerosity_discrimination","3","237","69","10","8","0.8","j","10399","<div style=""width:100vw;height:100vh;background-color:black;""></div>","f","html-keyboard-response","1205","2.0.0","2290631","151774","testolin2020_replication","2025-11-24T07:42:59.520Z","13-14 inch laptop","1512","982","1512","859","2","20","Nov 28, 11:00 pm","false"
"numerosity_discrimination","3","238","92","18","22","0.8182","j","237","<div style=""width:100vw;height:100vh;background-color:black;""></div>","f","html-keyboard-response","1210","2.0.0","2293466","151774","testolin2020_replication","2025-11-24T07:42:59.520Z","13-14 inch laptop","1512","982","1512","859","2","20","Nov 28, 11:00 pm","false"
"numerosity_discrimination","3","239","60","18","22","0.8182","j","465","<div style=""width:100vw;height:100vh;background-color:black;""></div>","j","html-keyboard-response","1215","2.0.0","2296149","151774","testolin2020_replication","2025-11-24T07:42:59.520Z","13-14 inch laptop","1512","982","1512","859","2","20","Nov 28, 11:00 pm","true"
"numerosity_discrimination","3","240","72","11","9","0.8182","j","26973","<div style=""width:100vw;height:100vh;background-color:black;""></div>","f","html-keyboard-response","1220","2.0.0","2325560","151774","testolin2020_replication","2025-11-24T07:42:59.520Z","13-14 inch laptop","1512","982","1512","859","2","20","Nov 28, 11:00 pm","false"
"numerosity_discrimination","3","241","256","7","11","0.6364","j","37","<div style=""width:100vw;height:100vh;background-color:black;""></div>","f","html-keyboard-response","1225","2.0.0","2328046","151774","testolin2020_replication","2025-11-24T07:42:59.520Z","13-14 inch laptop","1512","982","1512","859","2","20","Nov 28, 11:00 pm","false"
"numerosity_discrimination","3","242","246","20","12","0.6","j","1847","<div style=""width:100vw;height:100vh;background-color:black;""></div>","f","html-keyboard-response","1230","2.0.0","2332498","151774","testolin2020_replication","2025-11-24T07:42:59.520Z","13-14 inch laptop","1512","982","1512","859","2","20","Nov 28, 11:00 pm","false"
"numerosity_discrimination","3","243","149","18","14","0.7778","j","790","<div style=""width:100vw;height:100vh;background-color:black;""></div>","j","html-keyboard-response","1235","2.0.0","2335543","151774","testolin2020_replication","2025-11-24T07:42:59.520Z","13-14 inch laptop","1512","982","1512","859","2","20","Nov 28, 11:00 pm","true"
"numerosity_discrimination","3","244","229","20","12","0.6","j","6266","<div style=""width:100vw;height:100vh;background-color:black;""></div>","j","html-keyboard-response","1240","2.0.0","2344271","151774","testolin2020_replication","2025-11-24T07:42:59.520Z","13-14 inch laptop","1512","982","1512","859","2","20","Nov 28, 11:00 pm","true"
"numerosity_discrimination","3","245","57","22","18","0.8182","j","1075","<div style=""width:100vw;height:100vh;background-color:black;""></div>","j","html-keyboard-response","1245","2.0.0","2347886","151774","testolin2020_replication","2025-11-24T07:42:59.520Z","13-14 inch laptop","1512","982","1512","859","2","20","Nov 28, 11:00 pm","true"
"numerosity_discrimination","3","246","227","8","12","0.6667","j","31881","<div style=""width:100vw;height:100vh;background-color:black;""></div>","f","html-keyboard-response","1250","2.0.0","2382381","151774","testolin2020_replication","2025-11-24T07:42:59.520Z","13-14 inch laptop","1512","982","1512","859","2","20","Nov 28, 11:00 pm","false"
"numerosity_discrimination","3","247","2","28","25","0.8929","j","4977","<div style=""width:100vw;height:100vh;background-color:black;""></div>","f","html-keyboard-response","1255","2.0.0","2389596","151774","testolin2020_replication","2025-11-24T07:42:59.520Z","13-14 inch laptop","1512","982","1512","859","2","20","Nov 28, 11:00 pm","false"
"numerosity_discrimination","3","248","251","20","12","0.6","j","7704","<div style=""width:100vw;height:100vh;background-color:black;""></div>","f","html-keyboard-response","1260","2.0.0","2399553","151774","testolin2020_replication","2025-11-24T07:42:59.520Z","13-14 inch laptop","1512","982","1512","859","2","20","Nov 28, 11:00 pm","false"
"numerosity_discrimination","3","249","172","16","22","0.7273","j","4193","<div style=""width:100vw;height:100vh;background-color:black;""></div>","f","html-keyboard-response","1265","2.0.0","2406191","151774","testolin2020_replication","2025-11-24T07:42:59.520Z","13-14 inch laptop","1512","982","1512","859","2","20","Nov 28, 11:00 pm","false"
"numerosity_discrimination","3","250","161","28","22","0.7857","j","1251","<div style=""width:100vw;height:100vh;background-color:black;""></div>","j","html-keyboard-response","1270","2.0.0","2409840","151774","testolin2020_replication","2025-11-24T07:42:59.520Z","13-14 inch laptop","1512","982","1512","859","2","20","Nov 28, 11:00 pm","true"
"numerosity_discrimination","3","251","218","14","22","0.6364","j","599","<div style=""width:100vw;height:100vh;background-color:black;""></div>","f","html-keyboard-response","1275","2.0.0","2412769","151774","testolin2020_replication","2025-11-24T07:42:59.520Z","13-14 inch laptop","1512","982","1512","859","2","20","Nov 28, 11:00 pm","false"
"numerosity_discrimination","3","252","168","20","14","0.7","j","88","<div style=""width:100vw;height:100vh;background-color:black;""></div>","f","html-keyboard-response","1280","2.0.0","2415318","151774","testolin2020_replication","2025-11-24T07:42:59.520Z","13-14 inch laptop","1512","982","1512","859","2","20","Nov 28, 11:00 pm","false"
"numerosity_discrimination","3","253","155","7","9","0.7778","j","247","<div style=""width:100vw;height:100vh;background-color:black;""></div>","f","html-keyboard-response","1285","2.0.0","2417984","151774","testolin2020_replication","2025-11-24T07:42:59.520Z","13-14 inch laptop","1512","982","1512","859","2","20","Nov 28, 11:00 pm","false"
"numerosity_discrimination","3","254","216","9","14","0.6429","j","1777","<div style=""width:100vw;height:100vh;background-color:black;""></div>","j","html-keyboard-response","1290","2.0.0","2422270","151774","testolin2020_replication","2025-11-24T07:42:59.520Z","13-14 inch laptop","1512","982","1512","859","2","20","Nov 28, 11:00 pm","true"
"numerosity_discrimination","3","255","94","22","25","0.88","j","9","<div style=""width:100vw;height:100vh;background-color:black;""></div>","f","html-keyboard-response","1295","2.0.0","2424730","151774","testolin2020_replication","2025-11-24T07:42:59.520Z","13-14 inch laptop","1512","982","1512","859","2","20","Nov 28, 11:00 pm","false"
"numerosity_discrimination","3","256","180","9","7","0.7778","j","17","<div style=""width:100vw;height:100vh;background-color:black;""></div>","f","html-keyboard-response","1300","2.0.0","2427053","151774","testolin2020_replication","2025-11-24T07:42:59.520Z","13-14 inch laptop","1512","982","1512","859","2","20","Nov 28, 11:00 pm","false"
"numerosity_discrimination","3","257","276","16","8","0.5","j","185","<div style=""width:100vw;height:100vh;background-color:black;""></div>","f","html-keyboard-response","1305","2.0.0","2429574","151774","testolin2020_replication","2025-11-24T07:42:59.520Z","13-14 inch laptop","1512","982","1512","859","2","20","Nov 28, 11:00 pm","false"
"numerosity_discrimination","3","258","139","9","7","0.7778","j","3360","<div style=""width:100vw;height:100vh;background-color:black;""></div>","f","html-keyboard-response","1310","2.0.0","2435511","151774","testolin2020_replication","2025-11-24T07:42:59.520Z","13-14 inch laptop","1512","982","1512","859","2","20","Nov 28, 11:00 pm","false"
"numerosity_discrimination","3","259","223","28","18","0.6429","j","209","<div style=""width:100vw;height:100vh;background-color:black;""></div>","f","html-keyboard-response","1315","2.0.0","2437970","151774","testolin2020_replication","2025-11-24T07:42:59.520Z","13-14 inch laptop","1512","982","1512","859","2","20","Nov 28, 11:00 pm","false"
"numerosity_discrimination","3","260","118","20","25","0.8","j","20817","<div style=""width:100vw;height:100vh;background-color:black;""></div>","f","html-keyboard-response","1320","2.0.0","2461312","151774","testolin2020_replication","2025-11-24T07:42:59.520Z","13-14 inch laptop","1512","982","1512","859","2","20","Nov 28, 11:00 pm","false"
"numerosity_discrimination","3","261","211","8","12","0.6667","j","150","<div style=""width:100vw;height:100vh;background-color:black;""></div>","f","html-keyboard-response","1325","2.0.0","2463698","151774","testolin2020_replication","2025-11-24T07:42:59.520Z","13-14 inch laptop","1512","982","1512","859","2","20","Nov 28, 11:00 pm","false"
"numerosity_discrimination","3","262","97","7","8","0.875","j","2824","<div style=""width:100vw;height:100vh;background-color:black;""></div>","f","html-keyboard-response","1330","2.0.0","2468944","151774","testolin2020_replication","2025-11-24T07:42:59.520Z","13-14 inch laptop","1512","982","1512","859","2","20","Nov 28, 11:00 pm","false"
"numerosity_discrimination","3","263","165","14","10","0.7143","j","1240","<div style=""width:100vw;height:100vh;background-color:black;""></div>","f","html-keyboard-response","1335","2.0.0","2472533","151774","testolin2020_replication","2025-11-24T07:42:59.520Z","13-14 inch laptop","1512","982","1512","859","2","20","Nov 28, 11:00 pm","false"
"numerosity_discrimination","3","264","298","9","18","0.5","j","3991","<div style=""width:100vw;height:100vh;background-color:black;""></div>","f","html-keyboard-response","1340","2.0.0","2478849","151774","testolin2020_replication","2025-11-24T07:42:59.520Z","13-14 inch laptop","1512","982","1512","859","2","20","Nov 28, 11:00 pm","false"
"numerosity_discrimination","3","265","152","16","12","0.75","j","208","<div style=""width:100vw;height:100vh;background-color:black;""></div>","j","html-keyboard-response","1345","2.0.0","2481256","151774","testolin2020_replication","2025-11-24T07:42:59.520Z","13-14 inch laptop","1512","982","1512","859","2","20","Nov 28, 11:00 pm","true"
"numerosity_discrimination","3","266","104","8","7","0.875","j","39471","<div style=""width:100vw;height:100vh;background-color:black;""></div>","f","html-keyboard-response","1350","2.0.0","2522982","151774","testolin2020_replication","2025-11-24T07:42:59.520Z","13-14 inch laptop","1512","982","1512","859","2","20","Nov 28, 11:00 pm","false"
"numerosity_discrimination","3","267","262","9","14","0.6429","j","1127","<div style=""width:100vw;height:100vh;background-color:black;""></div>","f","html-keyboard-response","1355","2.0.0","2526373","151774","testolin2020_replication","2025-11-24T07:42:59.520Z","13-14 inch laptop","1512","982","1512","859","2","20","Nov 28, 11:00 pm","false"
"numerosity_discrimination","3","268","269","9","14","0.6429","j","1306","<div style=""width:100vw;height:100vh;background-color:black;""></div>","j","html-keyboard-response","1360","2.0.0","2530315","151774","testolin2020_replication","2025-11-24T07:42:59.520Z","13-14 inch laptop","1512","982","1512","859","2","20","Nov 28, 11:00 pm","true"
"numerosity_discrimination","3","269","252","18","28","0.6429","j","26702","<div style=""width:100vw;height:100vh;background-color:black;""></div>","j","html-keyboard-response","1365","2.0.0","2559322","151774","testolin2020_replication","2025-11-24T07:42:59.520Z","13-14 inch laptop","1512","982","1512","859","2","20","Nov 28, 11:00 pm","true"
"numerosity_discrimination","3","270","130","22","28","0.7857","j","8999","<div style=""width:100vw;height:100vh;background-color:black;""></div>","j","html-keyboard-response","1370","2.0.0","2570619","151774","testolin2020_replication","2025-11-24T07:42:59.520Z","13-14 inch laptop","1512","982","1512","859","2","20","Nov 28, 11:00 pm","true"
"numerosity_discrimination","3","271","1","9","8","0.8889","j","225","<div style=""width:100vw;height:100vh;background-color:black;""></div>","j","html-keyboard-response","1375","2.0.0","2573453","151774","testolin2020_replication","2025-11-24T07:42:59.520Z","13-14 inch laptop","1512","982","1512","859","2","20","Nov 28, 11:00 pm","true"
"numerosity_discrimination","3","272","255","18","28","0.6429","j","3976","<div style=""width:100vw;height:100vh;background-color:black;""></div>","j","html-keyboard-response","1380","2.0.0","2579992","151774","testolin2020_replication","2025-11-24T07:42:59.520Z","13-14 inch laptop","1512","982","1512","859","2","20","Nov 28, 11:00 pm","true"
"numerosity_discrimination","3","273","40","10","12","0.8333","j","3265","<div style=""width:100vw;height:100vh;background-color:black;""></div>","f","html-keyboard-response","1385","2.0.0","2585852","151774","testolin2020_replication","2025-11-24T07:42:59.520Z","13-14 inch laptop","1512","982","1512","859","2","20","Nov 28, 11:00 pm","false"
"numerosity_discrimination","3","274","277","20","10","0.5","j","1701","<div style=""width:100vw;height:100vh;background-color:black;""></div>","j","html-keyboard-response","1390","2.0.0","2589869","151774","testolin2020_replication","2025-11-24T07:42:59.520Z","13-14 inch laptop","1512","982","1512","859","2","20","Nov 28, 11:00 pm","true"
"numerosity_discrimination","3","275","73","14","12","0.8571","j","6715","<div style=""width:100vw;height:100vh;background-color:black;""></div>","f","html-keyboard-response","1395","2.0.0","2598827","151774","testolin2020_replication","2025-11-24T07:42:59.520Z","13-14 inch laptop","1512","982","1512","859","2","20","Nov 28, 11:00 pm","false"
"numerosity_discrimination","3","276","81","16","18","0.8889","j","94","<div style=""width:100vw;height:100vh;background-color:black;""></div>","j","html-keyboard-response","1400","2.0.0","2601520","151774","testolin2020_replication","2025-11-24T07:42:59.520Z","13-14 inch laptop","1512","982","1512","859","2","20","Nov 28, 11:00 pm","true"
"numerosity_discrimination","3","277","169","18","25","0.72","j","67","<div style=""width:100vw;height:100vh;background-color:black;""></div>","j","html-keyboard-response","1405","2.0.0","2604054","151774","testolin2020_replication","2025-11-24T07:42:59.520Z","13-14 inch laptop","1512","982","1512","859","2","20","Nov 28, 11:00 pm","true"
"numerosity_discrimination","3","278","296","9","16","0.5625","j","7","<div style=""width:100vw;height:100vh;background-color:black;""></div>","j","html-keyboard-response","1410","2.0.0","2606689","151774","testolin2020_replication","2025-11-24T07:42:59.520Z","13-14 inch laptop","1512","982","1512","859","2","20","Nov 28, 11:00 pm","true"
"numerosity_discrimination","3","279","25","11","9","0.8182","j","19981","<div style=""width:100vw;height:100vh;background-color:black;""></div>","j","html-keyboard-response","1415","2.0.0","2628881","151774","testolin2020_replication","2025-11-24T07:42:59.520Z","13-14 inch laptop","1512","982","1512","859","2","20","Nov 28, 11:00 pm","true"
"numerosity_discrimination","3","280","289","22","12","0.5455","j","68","<div style=""width:100vw;height:100vh;background-color:black;""></div>","j","html-keyboard-response","1420","2.0.0","2631188","151774","testolin2020_replication","2025-11-24T07:42:59.520Z","13-14 inch laptop","1512","982","1512","859","2","20","Nov 28, 11:00 pm","true"
"numerosity_discrimination","3","281","33","8","9","0.8889","j","1948","<div style=""width:100vw;height:100vh;background-color:black;""></div>","f","html-keyboard-response","1425","2.0.0","2635367","151774","testolin2020_replication","2025-11-24T07:42:59.520Z","13-14 inch laptop","1512","982","1512","859","2","20","Nov 28, 11:00 pm","false"
"numerosity_discrimination","3","282","43","11","9","0.8182","j","9718","<div style=""width:100vw;height:100vh;background-color:black;""></div>","j","html-keyboard-response","1430","2.0.0","2647454","151774","testolin2020_replication","2025-11-24T07:42:59.520Z","13-14 inch laptop","1512","982","1512","859","2","20","Nov 28, 11:00 pm","true"
"numerosity_discrimination","3","283","147","8","11","0.7273","j","300","<div style=""width:100vw;height:100vh;background-color:black;""></div>","f","html-keyboard-response","1435","2.0.0","2650175","151774","testolin2020_replication","2025-11-24T07:42:59.520Z","13-14 inch laptop","1512","982","1512","859","2","20","Nov 28, 11:00 pm","false"
"numerosity_discrimination","3","284","98","25","28","0.8929","j","148","<div style=""width:100vw;height:100vh;background-color:black;""></div>","f","html-keyboard-response","1440","2.0.0","2652627","151774","testolin2020_replication","2025-11-24T07:42:59.520Z","13-14 inch laptop","1512","982","1512","859","2","20","Nov 28, 11:00 pm","false"
"numerosity_discrimination","3","285","39","20","16","0.8","j","3163","<div style=""width:100vw;height:100vh;background-color:black;""></div>","f","html-keyboard-response","1445","2.0.0","2658295","151774","testolin2020_replication","2025-11-24T07:42:59.520Z","13-14 inch laptop","1512","982","1512","859","2","20","Nov 28, 11:00 pm","false"
"numerosity_discrimination","3","286","115","25","28","0.8929","j","465","<div style=""width:100vw;height:100vh;background-color:black;""></div>","j","html-keyboard-response","1450","2.0.0","2661092","151774","testolin2020_replication","2025-11-24T07:42:59.520Z","13-14 inch laptop","1512","982","1512","859","2","20","Nov 28, 11:00 pm","true"
"numerosity_discrimination","3","287","80","16","18","0.8889","j","10617","<div style=""width:100vw;height:100vh;background-color:black;""></div>","j","html-keyboard-response","1455","2.0.0","2674296","151774","testolin2020_replication","2025-11-24T07:42:59.520Z","13-14 inch laptop","1512","982","1512","859","2","20","Nov 28, 11:00 pm","true"
"numerosity_discrimination","3","288","144","28","20","0.7143","j","166","<div style=""width:100vw;height:100vh;background-color:black;""></div>","j","html-keyboard-response","1460","2.0.0","2676837","151774","testolin2020_replication","2025-11-24T07:42:59.520Z","13-14 inch laptop","1512","982","1512","859","2","20","Nov 28, 11:00 pm","true"
"numerosity_discrimination","3","289","45","25","20","0.8","j","157","<div style=""width:100vw;height:100vh;background-color:black;""></div>","f","html-keyboard-response","1465","2.0.0","2679370","151774","testolin2020_replication","2025-11-24T07:42:59.520Z","13-14 inch laptop","1512","982","1512","859","2","20","Nov 28, 11:00 pm","false"
"numerosity_discrimination","3","290","200","12","9","0.75","j","4545","<div style=""width:100vw;height:100vh;background-color:black;""></div>","f","html-keyboard-response","1470","2.0.0","2686262","151774","testolin2020_replication","2025-11-24T07:42:59.520Z","13-14 inch laptop","1512","982","1512","859","2","20","Nov 28, 11:00 pm","false"
"numerosity_discrimination","3","291","212","22","14","0.6364","j","18187","<div style=""width:100vw;height:100vh;background-color:black;""></div>","f","html-keyboard-response","1475","2.0.0","2706640","151774","testolin2020_replication","2025-11-24T07:42:59.520Z","13-14 inch laptop","1512","982","1512","859","2","20","Nov 28, 11:00 pm","false"
"numerosity_discrimination","3","292","207","7","9","0.7778","j","413","<div style=""width:100vw;height:100vh;background-color:black;""></div>","f","html-keyboard-response","1480","2.0.0","2709445","151774","testolin2020_replication","2025-11-24T07:42:59.520Z","13-14 inch laptop","1512","982","1512","859","2","20","Nov 28, 11:00 pm","false"
"numerosity_discrimination","3","293","204","7","9","0.7778","j","20","<div style=""width:100vw;height:100vh;background-color:black;""></div>","j","html-keyboard-response","1485","2.0.0","2711804","151774","testolin2020_replication","2025-11-24T07:42:59.520Z","13-14 inch laptop","1512","982","1512","859","2","20","Nov 28, 11:00 pm","true"
"numerosity_discrimination","3","294","47","20","25","0.8","j","17","<div style=""width:100vw;height:100vh;background-color:black;""></div>","j","html-keyboard-response","1490","2.0.0","2714156","151774","testolin2020_replication","2025-11-24T07:42:59.520Z","13-14 inch laptop","1512","982","1512","859","2","20","Nov 28, 11:00 pm","true"
"numerosity_discrimination","3","295","206","9","7","0.7778","j","32","<div style=""width:100vw;height:100vh;background-color:black;""></div>","f","html-keyboard-response","1495","2.0.0","2716452","151774","testolin2020_replication","2025-11-24T07:42:59.520Z","13-14 inch laptop","1512","982","1512","859","2","20","Nov 28, 11:00 pm","false"
"numerosity_discrimination","3","296","91","12","14","0.8571","j","19415","<div style=""width:100vw;height:100vh;background-color:black;""></div>","f","html-keyboard-response","1500","2.0.0","2738419","151774","testolin2020_replication","2025-11-24T07:42:59.520Z","13-14 inch laptop","1512","982","1512","859","2","20","Nov 28, 11:00 pm","false"
"numerosity_discrimination","3","297","263","22","14","0.6364","j","171","<div style=""width:100vw;height:100vh;background-color:black;""></div>","f","html-keyboard-response","1505","2.0.0","2741181","151774","testolin2020_replication","2025-11-24T07:42:59.520Z","13-14 inch laptop","1512","982","1512","859","2","20","Nov 28, 11:00 pm","false"
"numerosity_discrimination","3","298","110","7","8","0.875","j","526","<div style=""width:100vw;height:100vh;background-color:black;""></div>","f","html-keyboard-response","1510","2.0.0","2743958","151774","testolin2020_replication","2025-11-24T07:42:59.520Z","13-14 inch laptop","1512","982","1512","859","2","20","Nov 28, 11:00 pm","false"
"numerosity_discrimination","3","299","222","16","10","0.625","j","7","<div style=""width:100vw;height:100vh;background-color:black;""></div>","f","html-keyboard-response","1515","2.0.0","2746363","151774","testolin2020_replication","2025-11-24T07:42:59.520Z","13-14 inch laptop","1512","982","1512","859","2","20","Nov 28, 11:00 pm","false"
"numerosity_discrimination","3","300","143","20","28","0.7143","j","63","<div style=""width:100vw;height:100vh;background-color:black;""></div>","f","html-keyboard-response","1520","2.0.0","2748756","151774","testolin2020_replication","2025-11-24T07:42:59.520Z","13-14 inch laptop","1512","982","1512","859","2","20","Nov 28, 11:00 pm","false"
