"task","block","pair_order","pair_num","left_n","right_n","pair_ratio","correct_key","rt","stimulus","response","trial_type","trial_index","plugin_version","time_elapsed","participant_id","experiment","date","screen_size_category","screen_width_pixels","screen_height_pixels","window_width_pixels","window_height_pixels","pixel_ratio","participant_age","time_slot","correct"
"numerosity_discrimination","1","1","286","18","10","0.5556","j","28","<div style=""width:100vw;height:100vh;background-color:black;""></div>","f","html-keyboard-response","21","2.0.0","48902","163411","testolin2020_replication","2025-11-21T08:56:24.537Z","20-27 inch desktop monitor","1920","1080","958","952","1","20","Nov 21 12:55 AM","false"
"numerosity_discrimination","1","2","61","8","10","0.8","j","3414","<div style=""width:100vw;height:100vh;background-color:black;""></div>","f","html-keyboard-response","26","2.0.0","54511","163411","testolin2020_replication","2025-11-21T08:56:24.537Z","20-27 inch desktop monitor","1920","1080","958","952","1","20","Nov 21 12:55 AM","false"
"numerosity_discrimination","1","3","271","20","11","0.55","j","672","<div style=""width:100vw;height:100vh;background-color:black;""></div>","f","html-keyboard-response","31","2.0.0","57371","163411","testolin2020_replication","2025-11-21T08:56:24.537Z","20-27 inch desktop monitor","1920","1080","958","952","1","20","Nov 21 12:55 AM","false"
"numerosity_discrimination","1","4","128","22","28","0.7857","j","1","<div style=""width:100vw;height:100vh;background-color:black;""></div>","f","html-keyboard-response","36","2.0.0","59831","163411","testolin2020_replication","2025-11-21T08:56:24.537Z","20-27 inch desktop monitor","1920","1080","958","952","1","20","Nov 21 12:55 AM","false"
"numerosity_discrimination","1","5","278","9","18","0.5","j","345","<div style=""width:100vw;height:100vh;background-color:black;""></div>","f","html-keyboard-response","41","2.0.0","62661","163411","testolin2020_replication","2025-11-21T08:56:24.537Z","20-27 inch desktop monitor","1920","1080","958","952","1","20","Nov 21 12:55 AM","false"
"numerosity_discrimination","1","6","51","10","12","0.8333","j","195","<div style=""width:100vw;height:100vh;background-color:black;""></div>","f","html-keyboard-response","46","2.0.0","65493","163411","testolin2020_replication","2025-11-21T08:56:24.537Z","20-27 inch desktop monitor","1920","1080","958","952","1","20","Nov 21 12:55 AM","false"
"numerosity_discrimination","1","7","188","9","12","0.75","j","93","<div style=""width:100vw;height:100vh;background-color:black;""></div>","f","html-keyboard-response","51","2.0.0","67823","163411","testolin2020_replication","2025-11-21T08:56:24.537Z","20-27 inch desktop monitor","1920","1080","958","952","1","20","Nov 21 12:55 AM","false"
"numerosity_discrimination","1","8","236","22","14","0.6364","j","119","<div style=""width:100vw;height:100vh;background-color:black;""></div>","f","html-keyboard-response","56","2.0.0","70382","163411","testolin2020_replication","2025-11-21T08:56:24.537Z","20-27 inch desktop monitor","1920","1080","958","952","1","20","Nov 21 12:55 AM","false"
"numerosity_discrimination","1","9","35","9","8","0.8889","j","5236","<div style=""width:100vw;height:100vh;background-color:black;""></div>","f","html-keyboard-response","61","2.0.0","78081","163411","testolin2020_replication","2025-11-21T08:56:24.537Z","20-27 inch desktop monitor","1920","1080","958","952","1","20","Nov 21 12:55 AM","false"
"numerosity_discrimination","1","10","267","18","28","0.6429","j","219","<div style=""width:100vw;height:100vh;background-color:black;""></div>","f","html-keyboard-response","66","2.0.0","80762","163411","testolin2020_replication","2025-11-21T08:56:24.537Z","20-27 inch desktop monitor","1920","1080","958","952","1","20","Nov 21 12:55 AM","false"
"numerosity_discrimination","1","11","280","28","16","0.5714","j","38","<div style=""width:100vw;height:100vh;background-color:black;""></div>","f","html-keyboard-response","71","2.0.0","83372","163411","testolin2020_replication","2025-11-21T08:56:24.537Z","20-27 inch desktop monitor","1920","1080","958","952","1","20","Nov 21 12:55 AM","false"
"numerosity_discrimination","1","12","279","20","11","0.55","j","3641","<div style=""width:100vw;height:100vh;background-color:black;""></div>","f","html-keyboard-response","76","2.0.0","89211","163411","testolin2020_replication","2025-11-21T08:56:24.537Z","20-27 inch desktop monitor","1920","1080","958","952","1","20","Nov 21 12:55 AM","false"
"numerosity_discrimination","1","13","167","9","12","0.75","j","890","<div style=""width:100vw;height:100vh;background-color:black;""></div>","f","html-keyboard-response","81","2.0.0","92640","163411","testolin2020_replication","2025-11-21T08:56:24.537Z","20-27 inch desktop monitor","1920","1080","958","952","1","20","Nov 21 12:55 AM","false"
"numerosity_discrimination","1","14","9","9","8","0.8889","j","4775","<div style=""width:100vw;height:100vh;background-color:black;""></div>","f","html-keyboard-response","86","2.0.0","100082","163411","testolin2020_replication","2025-11-21T08:56:24.537Z","20-27 inch desktop monitor","1920","1080","958","952","1","20","Nov 21 12:55 AM","false"
"numerosity_discrimination","1","15","202","9","7","0.7778","j","659","<div style=""width:100vw;height:100vh;background-color:black;""></div>","f","html-keyboard-response","91","2.0.0","102972","163411","testolin2020_replication","2025-11-21T08:56:24.537Z","20-27 inch desktop monitor","1920","1080","958","952","1","20","Nov 21 12:55 AM","false"
"numerosity_discrimination","1","16","272","10","20","0.5","j","591","<div style=""width:100vw;height:100vh;background-color:black;""></div>","f","html-keyboard-response","96","2.0.0","106112","163411","testolin2020_replication","2025-11-21T08:56:24.537Z","20-27 inch desktop monitor","1920","1080","958","952","1","20","Nov 21 12:55 AM","false"
"numerosity_discrimination","1","17","235","14","9","0.6429","j","413","<div style=""width:100vw;height:100vh;background-color:black;""></div>","f","html-keyboard-response","101","2.0.0","108948","163411","testolin2020_replication","2025-11-21T08:56:24.537Z","20-27 inch desktop monitor","1920","1080","958","952","1","20","Nov 21 12:55 AM","false"
"numerosity_discrimination","1","18","67","11","9","0.8182","j","124","<div style=""width:100vw;height:100vh;background-color:black;""></div>","f","html-keyboard-response","106","2.0.0","111459","163411","testolin2020_replication","2025-11-21T08:56:24.537Z","20-27 inch desktop monitor","1920","1080","958","952","1","20","Nov 21 12:55 AM","false"
"numerosity_discrimination","1","19","160","12","16","0.75","j","311","<div style=""width:100vw;height:100vh;background-color:black;""></div>","f","html-keyboard-response","111","2.0.0","114428","163411","testolin2020_replication","2025-11-21T08:56:24.537Z","20-27 inch desktop monitor","1920","1080","958","952","1","20","Nov 21 12:55 AM","false"
"numerosity_discrimination","1","20","31","28","25","0.8929","j","29","<div style=""width:100vw;height:100vh;background-color:black;""></div>","f","html-keyboard-response","116","2.0.0","116858","163411","testolin2020_replication","2025-11-21T08:56:24.537Z","20-27 inch desktop monitor","1920","1080","958","952","1","20","Nov 21 12:55 AM","false"
"numerosity_discrimination","1","21","213","18","11","0.6111","j","144","<div style=""width:100vw;height:100vh;background-color:black;""></div>","f","html-keyboard-response","121","2.0.0","119648","163411","testolin2020_replication","2025-11-21T08:56:24.537Z","20-27 inch desktop monitor","1920","1080","958","952","1","20","Nov 21 12:55 AM","false"
"numerosity_discrimination","1","22","193","25","18","0.72","j","125","<div style=""width:100vw;height:100vh;background-color:black;""></div>","f","html-keyboard-response","126","2.0.0","122447","163411","testolin2020_replication","2025-11-21T08:56:24.537Z","20-27 inch desktop monitor","1920","1080","958","952","1","20","Nov 21 12:55 AM","false"
"numerosity_discrimination","1","23","105","28","25","0.8929","j","424","<div style=""width:100vw;height:100vh;background-color:black;""></div>","f","html-keyboard-response","131","2.0.0","125399","163411","testolin2020_replication","2025-11-21T08:56:24.537Z","20-27 inch desktop monitor","1920","1080","958","952","1","20","Nov 21 12:55 AM","false"
"numerosity_discrimination","1","24","158","18","14","0.7778","j","525","<div style=""width:100vw;height:100vh;background-color:black;""></div>","j","html-keyboard-response","136","2.0.0","128309","163411","testolin2020_replication","2025-11-21T08:56:24.537Z","20-27 inch desktop monitor","1920","1080","958","952","1","20","Nov 21 12:55 AM","true"
"numerosity_discrimination","1","25","175","11","14","0.7857","j","482","<div style=""width:100vw;height:100vh;background-color:black;""></div>","f","html-keyboard-response","141","2.0.0","131227","163411","testolin2020_replication","2025-11-21T08:56:24.537Z","20-27 inch desktop monitor","1920","1080","958","952","1","20","Nov 21 12:55 AM","false"
"numerosity_discrimination","1","26","254","20","12","0.6","j","1154","<div style=""width:100vw;height:100vh;background-color:black;""></div>","f","html-keyboard-response","146","2.0.0","134709","163411","testolin2020_replication","2025-11-21T08:56:24.537Z","20-27 inch desktop monitor","1920","1080","958","952","1","20","Nov 21 12:55 AM","false"
"numerosity_discrimination","1","27","221","16","10","0.625","j","5145","<div style=""width:100vw;height:100vh;background-color:black;""></div>","f","html-keyboard-response","151","2.0.0","142248","163411","testolin2020_replication","2025-11-21T08:56:24.537Z","20-27 inch desktop monitor","1920","1080","958","952","1","20","Nov 21 12:55 AM","false"
"numerosity_discrimination","1","28","55","18","16","0.8889","j","581","<div style=""width:100vw;height:100vh;background-color:black;""></div>","f","html-keyboard-response","156","2.0.0","145349","163411","testolin2020_replication","2025-11-21T08:56:24.537Z","20-27 inch desktop monitor","1920","1080","958","952","1","20","Nov 21 12:55 AM","false"
"numerosity_discrimination","1","29","120","14","12","0.8571","j","474","<div style=""width:100vw;height:100vh;background-color:black;""></div>","f","html-keyboard-response","161","2.0.0","148079","163411","testolin2020_replication","2025-11-21T08:56:24.537Z","20-27 inch desktop monitor","1920","1080","958","952","1","20","Nov 21 12:55 AM","false"
"numerosity_discrimination","1","30","89","11","9","0.8182","j","215","<div style=""width:100vw;height:100vh;background-color:black;""></div>","f","html-keyboard-response","166","2.0.0","150518","163411","testolin2020_replication","2025-11-21T08:56:24.537Z","20-27 inch desktop monitor","1920","1080","958","952","1","20","Nov 21 12:55 AM","false"
"numerosity_discrimination","1","31","108","8","9","0.8889","j","66","<div style=""width:100vw;height:100vh;background-color:black;""></div>","f","html-keyboard-response","171","2.0.0","153188","163411","testolin2020_replication","2025-11-21T08:56:24.537Z","20-27 inch desktop monitor","1920","1080","958","952","1","20","Nov 21 12:55 AM","false"
"numerosity_discrimination","1","32","23","11","9","0.8182","j","207","<div style=""width:100vw;height:100vh;background-color:black;""></div>","f","html-keyboard-response","176","2.0.0","155747","163411","testolin2020_replication","2025-11-21T08:56:24.537Z","20-27 inch desktop monitor","1920","1080","958","952","1","20","Nov 21 12:55 AM","false"
"numerosity_discrimination","1","33","48","14","16","0.875","j","271","<div style=""width:100vw;height:100vh;background-color:black;""></div>","f","html-keyboard-response","181","2.0.0","158199","163411","testolin2020_replication","2025-11-21T08:56:24.537Z","20-27 inch desktop monitor","1920","1080","958","952","1","20","Nov 21 12:55 AM","false"
"numerosity_discrimination","1","34","177","8","11","0.7273","j","364","<div style=""width:100vw;height:100vh;background-color:black;""></div>","f","html-keyboard-response","186","2.0.0","160977","163411","testolin2020_replication","2025-11-21T08:56:24.537Z","20-27 inch desktop monitor","1920","1080","958","952","1","20","Nov 21 12:55 AM","false"
"numerosity_discrimination","1","35","26","28","25","0.8929","j","508","<div style=""width:100vw;height:100vh;background-color:black;""></div>","f","html-keyboard-response","191","2.0.0","163828","163411","testolin2020_replication","2025-11-21T08:56:24.537Z","20-27 inch desktop monitor","1920","1080","958","952","1","20","Nov 21 12:55 AM","false"
"numerosity_discrimination","1","36","166","20","14","0.7","j","319","<div style=""width:100vw;height:100vh;background-color:black;""></div>","f","html-keyboard-response","196","2.0.0","166608","163411","testolin2020_replication","2025-11-21T08:56:24.537Z","20-27 inch desktop monitor","1920","1080","958","952","1","20","Nov 21 12:55 AM","false"
"numerosity_discrimination","1","37","261","28","18","0.6429","j","159","<div style=""width:100vw;height:100vh;background-color:black;""></div>","f","html-keyboard-response","201","2.0.0","169445","163411","testolin2020_replication","2025-11-21T08:56:24.537Z","20-27 inch desktop monitor","1920","1080","958","952","1","20","Nov 21 12:55 AM","false"
"numerosity_discrimination","1","38","32","16","20","0.8","j","520","<div style=""width:100vw;height:100vh;background-color:black;""></div>","f","html-keyboard-response","206","2.0.0","172166","163411","testolin2020_replication","2025-11-21T08:56:24.537Z","20-27 inch desktop monitor","1920","1080","958","952","1","20","Nov 21 12:55 AM","false"
"numerosity_discrimination","1","39","103","14","12","0.8571","j","111","<div style=""width:100vw;height:100vh;background-color:black;""></div>","f","html-keyboard-response","211","2.0.0","174845","163411","testolin2020_replication","2025-11-21T08:56:24.537Z","20-27 inch desktop monitor","1920","1080","958","952","1","20","Nov 21 12:55 AM","false"
"numerosity_discrimination","1","40","197","12","16","0.75","j","343","<div style=""width:100vw;height:100vh;background-color:black;""></div>","f","html-keyboard-response","216","2.0.0","177535","163411","testolin2020_replication","2025-11-21T08:56:24.537Z","20-27 inch desktop monitor","1920","1080","958","952","1","20","Nov 21 12:55 AM","false"
"numerosity_discrimination","1","41","268","18","11","0.6111","j","218","<div style=""width:100vw;height:100vh;background-color:black;""></div>","f","html-keyboard-response","221","2.0.0","180084","163411","testolin2020_replication","2025-11-21T08:56:24.537Z","20-27 inch desktop monitor","1920","1080","958","952","1","20","Nov 21 12:55 AM","false"
"numerosity_discrimination","1","42","299","20","10","0.5","j","436","<div style=""width:100vw;height:100vh;background-color:black;""></div>","f","html-keyboard-response","226","2.0.0","183184","163411","testolin2020_replication","2025-11-21T08:56:24.537Z","20-27 inch desktop monitor","1920","1080","958","952","1","20","Nov 21 12:55 AM","false"
"numerosity_discrimination","1","43","179","22","16","0.7273","j","275","<div style=""width:100vw;height:100vh;background-color:black;""></div>","f","html-keyboard-response","231","2.0.0","185905","163411","testolin2020_replication","2025-11-21T08:56:24.537Z","20-27 inch desktop monitor","1920","1080","958","952","1","20","Nov 21 12:55 AM","false"
"numerosity_discrimination","1","44","203","11","8","0.7273","j","403","<div style=""width:100vw;height:100vh;background-color:black;""></div>","f","html-keyboard-response","236","2.0.0","188815","163411","testolin2020_replication","2025-11-21T08:56:24.537Z","20-27 inch desktop monitor","1920","1080","958","952","1","20","Nov 21 12:55 AM","false"
"numerosity_discrimination","1","45","245","10","16","0.625","j","271","<div style=""width:100vw;height:100vh;background-color:black;""></div>","f","html-keyboard-response","241","2.0.0","191605","163411","testolin2020_replication","2025-11-21T08:56:24.537Z","20-27 inch desktop monitor","1920","1080","958","952","1","20","Nov 21 12:55 AM","false"
"numerosity_discrimination","1","46","34","16","18","0.8889","j","248","<div style=""width:100vw;height:100vh;background-color:black;""></div>","f","html-keyboard-response","246","2.0.0","194354","163411","testolin2020_replication","2025-11-21T08:56:24.537Z","20-27 inch desktop monitor","1920","1080","958","952","1","20","Nov 21 12:55 AM","false"
"numerosity_discrimination","1","47","164","20","14","0.7","j","426","<div style=""width:100vw;height:100vh;background-color:black;""></div>","f","html-keyboard-response","251","2.0.0","197034","163411","testolin2020_replication","2025-11-21T08:56:24.537Z","20-27 inch desktop monitor","1920","1080","958","952","1","20","Nov 21 12:55 AM","false"
"numerosity_discrimination","1","48","186","22","28","0.7857","j","823","<div style=""width:100vw;height:100vh;background-color:black;""></div>","f","html-keyboard-response","256","2.0.0","200494","163411","testolin2020_replication","2025-11-21T08:56:24.537Z","20-27 inch desktop monitor","1920","1080","958","952","1","20","Nov 21 12:55 AM","false"
"numerosity_discrimination","1","49","19","18","22","0.8182","j","55","<div style=""width:100vw;height:100vh;background-color:black;""></div>","f","html-keyboard-response","261","2.0.0","203116","163411","testolin2020_replication","2025-11-21T08:56:24.537Z","20-27 inch desktop monitor","1920","1080","958","952","1","20","Nov 21 12:55 AM","false"
"numerosity_discrimination","1","50","22","16","20","0.8","j","8","<div style=""width:100vw;height:100vh;background-color:black;""></div>","f","html-keyboard-response","266","2.0.0","205535","163411","testolin2020_replication","2025-11-21T08:56:24.537Z","20-27 inch desktop monitor","1920","1080","958","952","1","20","Nov 21 12:55 AM","false"
"numerosity_discrimination","1","51","285","11","22","0.5","j","409","<div style=""width:100vw;height:100vh;background-color:black;""></div>","f","html-keyboard-response","271","2.0.0","208495","163411","testolin2020_replication","2025-11-21T08:56:24.537Z","20-27 inch desktop monitor","1920","1080","958","952","1","20","Nov 21 12:55 AM","false"
"numerosity_discrimination","1","52","54","22","18","0.8182","j","129","<div style=""width:100vw;height:100vh;background-color:black;""></div>","f","html-keyboard-response","276","2.0.0","210966","163411","testolin2020_replication","2025-11-21T08:56:24.537Z","20-27 inch desktop monitor","1920","1080","958","952","1","20","Nov 21 12:55 AM","false"
"numerosity_discrimination","1","53","238","20","12","0.6","j","323","<div style=""width:100vw;height:100vh;background-color:black;""></div>","f","html-keyboard-response","281","2.0.0","213835","163411","testolin2020_replication","2025-11-21T08:56:24.537Z","20-27 inch desktop monitor","1920","1080","958","952","1","20","Nov 21 12:55 AM","false"
"numerosity_discrimination","1","54","124","16","12","0.75","j","44","<div style=""width:100vw;height:100vh;background-color:black;""></div>","f","html-keyboard-response","286","2.0.0","216364","163411","testolin2020_replication","2025-11-21T08:56:24.537Z","20-27 inch desktop monitor","1920","1080","958","952","1","20","Nov 21 12:55 AM","false"
"numerosity_discrimination","1","55","18","14","12","0.8571","j","169","<div style=""width:100vw;height:100vh;background-color:black;""></div>","f","html-keyboard-response","291","2.0.0","219094","163411","testolin2020_replication","2025-11-21T08:56:24.537Z","20-27 inch desktop monitor","1920","1080","958","952","1","20","Nov 21 12:55 AM","false"
"numerosity_discrimination","1","56","173","25","18","0.72","j","163","<div style=""width:100vw;height:100vh;background-color:black;""></div>","f","html-keyboard-response","296","2.0.0","221656","163411","testolin2020_replication","2025-11-21T08:56:24.537Z","20-27 inch desktop monitor","1920","1080","958","952","1","20","Nov 21 12:55 AM","false"
"numerosity_discrimination","1","57","63","9","8","0.8889","j","74","<div style=""width:100vw;height:100vh;background-color:black;""></div>","f","html-keyboard-response","301","2.0.0","224025","163411","testolin2020_replication","2025-11-21T08:56:24.537Z","20-27 inch desktop monitor","1920","1080","958","952","1","20","Nov 21 12:55 AM","false"
"numerosity_discrimination","1","58","159","20","28","0.7143","j","164","<div style=""width:100vw;height:100vh;background-color:black;""></div>","f","html-keyboard-response","306","2.0.0","226594","163411","testolin2020_replication","2025-11-21T08:56:24.537Z","20-27 inch desktop monitor","1920","1080","958","952","1","20","Nov 21 12:55 AM","false"
"numerosity_discrimination","1","59","265","18","28","0.6429","j","140","<div style=""width:100vw;height:100vh;background-color:black;""></div>","f","html-keyboard-response","311","2.0.0","229242","163411","testolin2020_replication","2025-11-21T08:56:24.537Z","20-27 inch desktop monitor","1920","1080","958","952","1","20","Nov 21 12:55 AM","false"
"numerosity_discrimination","1","60","17","12","14","0.8571","j","1769","<div style=""width:100vw;height:100vh;background-color:black;""></div>","f","html-keyboard-response","316","2.0.0","233441","163411","testolin2020_replication","2025-11-21T08:56:24.537Z","20-27 inch desktop monitor","1920","1080","958","952","1","20","Nov 21 12:55 AM","false"
"numerosity_discrimination","1","61","140","11","8","0.7273","j","139","<div style=""width:100vw;height:100vh;background-color:black;""></div>","f","html-keyboard-response","321","2.0.0","236192","163411","testolin2020_replication","2025-11-21T08:56:24.537Z","20-27 inch desktop monitor","1920","1080","958","952","1","20","Nov 21 12:55 AM","false"
"numerosity_discrimination","1","62","208","9","7","0.7778","j","248","<div style=""width:100vw;height:100vh;background-color:black;""></div>","f","html-keyboard-response","326","2.0.0","238833","163411","testolin2020_replication","2025-11-21T08:56:24.537Z","20-27 inch desktop monitor","1920","1080","958","952","1","20","Nov 21 12:55 AM","false"
"numerosity_discrimination","1","63","53","18","22","0.8182","j","213","<div style=""width:100vw;height:100vh;background-color:black;""></div>","f","html-keyboard-response","331","2.0.0","241704","163411","testolin2020_replication","2025-11-21T08:56:24.537Z","20-27 inch desktop monitor","1920","1080","958","952","1","20","Nov 21 12:55 AM","false"
"numerosity_discrimination","1","64","126","9","7","0.7778","j","58","<div style=""width:100vw;height:100vh;background-color:black;""></div>","f","html-keyboard-response","336","2.0.0","244311","163411","testolin2020_replication","2025-11-21T08:56:24.537Z","20-27 inch desktop monitor","1920","1080","958","952","1","20","Nov 21 12:55 AM","false"
"numerosity_discrimination","1","65","88","12","10","0.8333","j","4483","<div style=""width:100vw;height:100vh;background-color:black;""></div>","f","html-keyboard-response","341","2.0.0","251042","163411","testolin2020_replication","2025-11-21T08:56:24.537Z","20-27 inch desktop monitor","1920","1080","958","952","1","20","Nov 21 12:55 AM","false"
"numerosity_discrimination","1","66","116","28","25","0.8929","j","233","<div style=""width:100vw;height:100vh;background-color:black;""></div>","f","html-keyboard-response","346","2.0.0","253811","163411","testolin2020_replication","2025-11-21T08:56:24.537Z","20-27 inch desktop monitor","1920","1080","958","952","1","20","Nov 21 12:55 AM","false"
"numerosity_discrimination","1","67","4","12","14","0.8571","j","414","<div style=""width:100vw;height:100vh;background-color:black;""></div>","f","html-keyboard-response","351","2.0.0","256572","163411","testolin2020_replication","2025-11-21T08:56:24.537Z","20-27 inch desktop monitor","1920","1080","958","952","1","20","Nov 21 12:55 AM","false"
"numerosity_discrimination","1","68","287","25","14","0.56","j","420","<div style=""width:100vw;height:100vh;background-color:black;""></div>","f","html-keyboard-response","356","2.0.0","259351","163411","testolin2020_replication","2025-11-21T08:56:24.537Z","20-27 inch desktop monitor","1920","1080","958","952","1","20","Nov 21 12:55 AM","false"
"numerosity_discrimination","1","69","119","12","10","0.8333","j","352","<div style=""width:100vw;height:100vh;background-color:black;""></div>","f","html-keyboard-response","361","2.0.0","262284","163411","testolin2020_replication","2025-11-21T08:56:24.537Z","20-27 inch desktop monitor","1920","1080","958","952","1","20","Nov 21 12:55 AM","false"
"numerosity_discrimination","1","70","122","8","11","0.7273","j","1","<div style=""width:100vw;height:100vh;background-color:black;""></div>","f","html-keyboard-response","366","2.0.0","264871","163411","testolin2020_replication","2025-11-21T08:56:24.537Z","20-27 inch desktop monitor","1920","1080","958","952","1","20","Nov 21 12:55 AM","false"
"numerosity_discrimination","1","71","194","7","9","0.7778","j","344","<div style=""width:100vw;height:100vh;background-color:black;""></div>","f","html-keyboard-response","371","2.0.0","267493","163411","testolin2020_replication","2025-11-21T08:56:24.537Z","20-27 inch desktop monitor","1920","1080","958","952","1","20","Nov 21 12:55 AM","false"
"numerosity_discrimination","1","72","75","12","14","0.8571","j","160","<div style=""width:100vw;height:100vh;background-color:black;""></div>","f","html-keyboard-response","376","2.0.0","269892","163411","testolin2020_replication","2025-11-21T08:56:24.537Z","20-27 inch desktop monitor","1920","1080","958","952","1","20","Nov 21 12:55 AM","false"
"numerosity_discrimination","1","73","150","16","22","0.7273","j","371","<div style=""width:100vw;height:100vh;background-color:black;""></div>","f","html-keyboard-response","381","2.0.0","272643","163411","testolin2020_replication","2025-11-21T08:56:24.537Z","20-27 inch desktop monitor","1920","1080","958","952","1","20","Nov 21 12:55 AM","false"
"numerosity_discrimination","1","74","70","18","16","0.8889","j","716","<div style=""width:100vw;height:100vh;background-color:black;""></div>","f","html-keyboard-response","386","2.0.0","275972","163411","testolin2020_replication","2025-11-21T08:56:24.537Z","20-27 inch desktop monitor","1920","1080","958","952","1","20","Nov 21 12:55 AM","false"
"numerosity_discrimination","1","75","187","18","14","0.7778","j","538","<div style=""width:100vw;height:100vh;background-color:black;""></div>","f","html-keyboard-response","391","2.0.0","279073","163411","testolin2020_replication","2025-11-21T08:56:24.537Z","20-27 inch desktop monitor","1920","1080","958","952","1","20","Nov 21 12:55 AM","false"
"numerosity_discrimination","1","76","275","14","7","0.5","j","199","<div style=""width:100vw;height:100vh;background-color:black;""></div>","f","html-keyboard-response","396","2.0.0","281733","163411","testolin2020_replication","2025-11-21T08:56:24.537Z","20-27 inch desktop monitor","1920","1080","958","952","1","20","Nov 21 12:55 AM","false"
"numerosity_discrimination","1","77","192","22","28","0.7857","j","71","<div style=""width:100vw;height:100vh;background-color:black;""></div>","j","html-keyboard-response","401","2.0.0","284111","163411","testolin2020_replication","2025-11-21T08:56:24.537Z","20-27 inch desktop monitor","1920","1080","958","952","1","20","Nov 21 12:55 AM","true"
"numerosity_discrimination","1","78","225","14","22","0.6364","j","89","<div style=""width:100vw;height:100vh;background-color:black;""></div>","j","html-keyboard-response","406","2.0.0","286571","163411","testolin2020_replication","2025-11-21T08:56:24.537Z","20-27 inch desktop monitor","1920","1080","958","952","1","20","Nov 21 12:55 AM","true"
"numerosity_discrimination","1","79","59","14","12","0.8571","j","97","<div style=""width:100vw;height:100vh;background-color:black;""></div>","j","html-keyboard-response","411","2.0.0","289289","163411","testolin2020_replication","2025-11-21T08:56:24.537Z","20-27 inch desktop monitor","1920","1080","958","952","1","20","Nov 21 12:55 AM","true"
"numerosity_discrimination","1","80","239","22","14","0.6364","j","1805","<div style=""width:100vw;height:100vh;background-color:black;""></div>","j","html-keyboard-response","416","2.0.0","293679","163411","testolin2020_replication","2025-11-21T08:56:24.537Z","20-27 inch desktop monitor","1920","1080","958","952","1","20","Nov 21 12:55 AM","true"
"numerosity_discrimination","1","81","226","14","9","0.6429","j","70","<div style=""width:100vw;height:100vh;background-color:black;""></div>","j","html-keyboard-response","421","2.0.0","296128","163411","testolin2020_replication","2025-11-21T08:56:24.537Z","20-27 inch desktop monitor","1920","1080","958","952","1","20","Nov 21 12:55 AM","true"
"numerosity_discrimination","1","82","259","18","11","0.6111","j","137","<div style=""width:100vw;height:100vh;background-color:black;""></div>","j","html-keyboard-response","426","2.0.0","298859","163411","testolin2020_replication","2025-11-21T08:56:24.537Z","20-27 inch desktop monitor","1920","1080","958","952","1","20","Nov 21 12:55 AM","true"
"numerosity_discrimination","1","83","184","18","14","0.7778","j","4033","<div style=""width:100vw;height:100vh;background-color:black;""></div>","j","html-keyboard-response","431","2.0.0","305420","163411","testolin2020_replication","2025-11-21T08:56:24.537Z","20-27 inch desktop monitor","1920","1080","958","952","1","20","Nov 21 12:55 AM","true"
"numerosity_discrimination","1","84","100","28","25","0.8929","j","81","<div style=""width:100vw;height:100vh;background-color:black;""></div>","j","html-keyboard-response","436","2.0.0","307949","163411","testolin2020_replication","2025-11-21T08:56:24.537Z","20-27 inch desktop monitor","1920","1080","958","952","1","20","Nov 21 12:55 AM","true"
"numerosity_discrimination","1","85","38","14","16","0.875","j","1065","<div style=""width:100vw;height:100vh;background-color:black;""></div>","j","html-keyboard-response","441","2.0.0","311659","163411","testolin2020_replication","2025-11-21T08:56:24.537Z","20-27 inch desktop monitor","1920","1080","958","952","1","20","Nov 21 12:55 AM","true"
"numerosity_discrimination","1","86","109","12","14","0.8571","j","255","<div style=""width:100vw;height:100vh;background-color:black;""></div>","j","html-keyboard-response","446","2.0.0","314419","163411","testolin2020_replication","2025-11-21T08:56:24.537Z","20-27 inch desktop monitor","1920","1080","958","952","1","20","Nov 21 12:55 AM","true"
"numerosity_discrimination","1","87","231","25","16","0.64","j","68","<div style=""width:100vw;height:100vh;background-color:black;""></div>","j","html-keyboard-response","451","2.0.0","317118","163411","testolin2020_replication","2025-11-21T08:56:24.537Z","20-27 inch desktop monitor","1920","1080","958","952","1","20","Nov 21 12:55 AM","true"
"numerosity_discrimination","1","88","282","8","14","0.5714","j","12925","<div style=""width:100vw;height:100vh;background-color:black;""></div>","j","html-keyboard-response","456","2.0.0","332421","163411","testolin2020_replication","2025-11-21T08:56:24.537Z","20-27 inch desktop monitor","1920","1080","958","952","1","20","Nov 21 12:55 AM","true"
"numerosity_discrimination","1","89","37","20","16","0.8","j","665","<div style=""width:100vw;height:100vh;background-color:black;""></div>","j","html-keyboard-response","461","2.0.0","335679","163411","testolin2020_replication","2025-11-21T08:56:24.537Z","20-27 inch desktop monitor","1920","1080","958","952","1","20","Nov 21 12:55 AM","true"
"numerosity_discrimination","1","90","41","16","20","0.8","j","2373","<div style=""width:100vw;height:100vh;background-color:black;""></div>","j","html-keyboard-response","466","2.0.0","340638","163411","testolin2020_replication","2025-11-21T08:56:24.537Z","20-27 inch desktop monitor","1920","1080","958","952","1","20","Nov 21 12:55 AM","true"
"numerosity_discrimination","1","91","11","8","10","0.8","j","2539","<div style=""width:100vw;height:100vh;background-color:black;""></div>","j","html-keyboard-response","471","2.0.0","345419","163411","testolin2020_replication","2025-11-21T08:56:24.537Z","20-27 inch desktop monitor","1920","1080","958","952","1","20","Nov 21 12:55 AM","true"
"numerosity_discrimination","1","92","163","18","14","0.7778","j","580","<div style=""width:100vw;height:100vh;background-color:black;""></div>","j","html-keyboard-response","476","2.0.0","348486","163411","testolin2020_replication","2025-11-21T08:56:24.537Z","20-27 inch desktop monitor","1920","1080","958","952","1","20","Nov 21 12:55 AM","true"
"numerosity_discrimination","1","93","243","18","12","0.6667","j","364","<div style=""width:100vw;height:100vh;background-color:black;""></div>","j","html-keyboard-response","481","2.0.0","351336","163411","testolin2020_replication","2025-11-21T08:56:24.537Z","20-27 inch desktop monitor","1920","1080","958","952","1","20","Nov 21 12:55 AM","true"
"numerosity_discrimination","1","94","290","12","22","0.5455","j","310","<div style=""width:100vw;height:100vh;background-color:black;""></div>","j","html-keyboard-response","486","2.0.0","353896","163411","testolin2020_replication","2025-11-21T08:56:24.537Z","20-27 inch desktop monitor","1920","1080","958","952","1","20","Nov 21 12:55 AM","true"
"numerosity_discrimination","1","95","281","12","7","0.5833","j","3389","<div style=""width:100vw;height:100vh;background-color:black;""></div>","f","html-keyboard-response","491","2.0.0","359746","163411","testolin2020_replication","2025-11-21T08:56:24.537Z","20-27 inch desktop monitor","1920","1080","958","952","1","20","Nov 21 12:55 AM","false"
"numerosity_discrimination","1","96","134","16","12","0.75","j","507","<div style=""width:100vw;height:100vh;background-color:black;""></div>","f","html-keyboard-response","496","2.0.0","362886","163411","testolin2020_replication","2025-11-21T08:56:24.537Z","20-27 inch desktop monitor","1920","1080","958","952","1","20","Nov 21 12:55 AM","false"
"numerosity_discrimination","1","97","123","12","16","0.75","j","367","<div style=""width:100vw;height:100vh;background-color:black;""></div>","f","html-keyboard-response","501","2.0.0","365476","163411","testolin2020_replication","2025-11-21T08:56:24.537Z","20-27 inch desktop monitor","1920","1080","958","952","1","20","Nov 21 12:55 AM","false"
"numerosity_discrimination","1","98","274","18","9","0.5","j","216","<div style=""width:100vw;height:100vh;background-color:black;""></div>","f","html-keyboard-response","506","2.0.0","368015","163411","testolin2020_replication","2025-11-21T08:56:24.537Z","20-27 inch desktop monitor","1920","1080","958","952","1","20","Nov 21 12:55 AM","false"
"numerosity_discrimination","1","99","112","28","25","0.8929","j","315","<div style=""width:100vw;height:100vh;background-color:black;""></div>","f","html-keyboard-response","511","2.0.0","370896","163411","testolin2020_replication","2025-11-21T08:56:24.537Z","20-27 inch desktop monitor","1920","1080","958","952","1","20","Nov 21 12:55 AM","false"
"numerosity_discrimination","1","100","295","20","10","0.5","j","318","<div style=""width:100vw;height:100vh;background-color:black;""></div>","f","html-keyboard-response","516","2.0.0","373765","163411","testolin2020_replication","2025-11-21T08:56:24.537Z","20-27 inch desktop monitor","1920","1080","958","952","1","20","Nov 21 12:55 AM","false"
"numerosity_discrimination","2","101","46","18","22","0.8182","j","401","<div style=""width:100vw;height:100vh;background-color:black;""></div>","f","html-keyboard-response","523","2.0.0","485601","163411","testolin2020_replication","2025-11-21T08:56:24.537Z","20-27 inch desktop monitor","1920","1080","958","952","1","20","Nov 21 12:55 AM","false"
"numerosity_discrimination","2","102","77","7","8","0.875","j","75","<div style=""width:100vw;height:100vh;background-color:black;""></div>","f","html-keyboard-response","528","2.0.0","487952","163411","testolin2020_replication","2025-11-21T08:56:24.537Z","20-27 inch desktop monitor","1920","1080","958","952","1","20","Nov 21 12:55 AM","false"
"numerosity_discrimination","2","103","68","11","9","0.8182","j","2989","<div style=""width:100vw;height:100vh;background-color:black;""></div>","f","html-keyboard-response","533","2.0.0","493268","163411","testolin2020_replication","2025-11-21T08:56:24.537Z","20-27 inch desktop monitor","1920","1080","958","952","1","20","Nov 21 12:55 AM","false"
"numerosity_discrimination","2","104","178","14","11","0.7857","j","1283","<div style=""width:100vw;height:100vh;background-color:black;""></div>","f","html-keyboard-response","538","2.0.0","497179","163411","testolin2020_replication","2025-11-21T08:56:24.537Z","20-27 inch desktop monitor","1920","1080","958","952","1","20","Nov 21 12:55 AM","false"
"numerosity_discrimination","2","105","30","11","9","0.8182","j","3311","<div style=""width:100vw;height:100vh;background-color:black;""></div>","f","html-keyboard-response","543","2.0.0","502867","163411","testolin2020_replication","2025-11-21T08:56:24.537Z","20-27 inch desktop monitor","1920","1080","958","952","1","20","Nov 21 12:55 AM","false"
"numerosity_discrimination","2","106","86","22","25","0.88","j","788","<div style=""width:100vw;height:100vh;background-color:black;""></div>","f","html-keyboard-response","548","2.0.0","506246","163411","testolin2020_replication","2025-11-21T08:56:24.537Z","20-27 inch desktop monitor","1920","1080","958","952","1","20","Nov 21 12:55 AM","false"
"numerosity_discrimination","2","107","244","8","12","0.6667","j","2011","<div style=""width:100vw;height:100vh;background-color:black;""></div>","f","html-keyboard-response","553","2.0.0","510809","163411","testolin2020_replication","2025-11-21T08:56:24.537Z","20-27 inch desktop monitor","1920","1080","958","952","1","20","Nov 21 12:55 AM","false"
"numerosity_discrimination","2","108","195","16","12","0.75","j","38","<div style=""width:100vw;height:100vh;background-color:black;""></div>","f","html-keyboard-response","558","2.0.0","513078","163411","testolin2020_replication","2025-11-21T08:56:24.537Z","20-27 inch desktop monitor","1920","1080","958","952","1","20","Nov 21 12:55 AM","false"
"numerosity_discrimination","2","109","78","11","9","0.8182","j","4513","<div style=""width:100vw;height:100vh;background-color:black;""></div>","f","html-keyboard-response","563","2.0.0","520148","163411","testolin2020_replication","2025-11-21T08:56:24.537Z","20-27 inch desktop monitor","1920","1080","958","952","1","20","Nov 21 12:55 AM","false"
"numerosity_discrimination","2","110","6","16","18","0.8889","j","223","<div style=""width:100vw;height:100vh;background-color:black;""></div>","f","html-keyboard-response","568","2.0.0","522978","163411","testolin2020_replication","2025-11-21T08:56:24.537Z","20-27 inch desktop monitor","1920","1080","958","952","1","20","Nov 21 12:55 AM","false"
"numerosity_discrimination","2","111","185","20","28","0.7143","j","32","<div style=""width:100vw;height:100vh;background-color:black;""></div>","f","html-keyboard-response","573","2.0.0","525478","163411","testolin2020_replication","2025-11-21T08:56:24.537Z","20-27 inch desktop monitor","1920","1080","958","952","1","20","Nov 21 12:55 AM","false"
"numerosity_discrimination","2","112","148","25","18","0.72","j","196","<div style=""width:100vw;height:100vh;background-color:black;""></div>","f","html-keyboard-response","578","2.0.0","527947","163411","testolin2020_replication","2025-11-21T08:56:24.537Z","20-27 inch desktop monitor","1920","1080","958","952","1","20","Nov 21 12:55 AM","false"
"numerosity_discrimination","2","113","157","7","10","0.7","j","34","<div style=""width:100vw;height:100vh;background-color:black;""></div>","f","html-keyboard-response","583","2.0.0","530617","163411","testolin2020_replication","2025-11-21T08:56:24.537Z","20-27 inch desktop monitor","1920","1080","958","952","1","20","Nov 21 12:55 AM","false"
"numerosity_discrimination","2","114","141","20","14","0.7","j","114","<div style=""width:100vw;height:100vh;background-color:black;""></div>","f","html-keyboard-response","588","2.0.0","533118","163411","testolin2020_replication","2025-11-21T08:56:24.537Z","20-27 inch desktop monitor","1920","1080","958","952","1","20","Nov 21 12:55 AM","false"
"numerosity_discrimination","2","115","253","22","14","0.6364","j","602","<div style=""width:100vw;height:100vh;background-color:black;""></div>","f","html-keyboard-response","593","2.0.0","535999","163411","testolin2020_replication","2025-11-21T08:56:24.537Z","20-27 inch desktop monitor","1920","1080","958","952","1","20","Nov 21 12:55 AM","false"
"numerosity_discrimination","2","116","214","20","12","0.6","j","2619","<div style=""width:100vw;height:100vh;background-color:black;""></div>","f","html-keyboard-response","598","2.0.0","541157","163411","testolin2020_replication","2025-11-21T08:56:24.537Z","20-27 inch desktop monitor","1920","1080","958","952","1","20","Nov 21 12:55 AM","false"
"numerosity_discrimination","2","117","102","8","7","0.875","j","153","<div style=""width:100vw;height:100vh;background-color:black;""></div>","f","html-keyboard-response","603","2.0.0","543918","163411","testolin2020_replication","2025-11-21T08:56:24.537Z","20-27 inch desktop monitor","1920","1080","958","952","1","20","Nov 21 12:55 AM","false"
"numerosity_discrimination","2","118","96","12","10","0.8333","j","1587","<div style=""width:100vw;height:100vh;background-color:black;""></div>","f","html-keyboard-response","608","2.0.0","548198","163411","testolin2020_replication","2025-11-21T08:56:24.537Z","20-27 inch desktop monitor","1920","1080","958","952","1","20","Nov 21 12:55 AM","false"
"numerosity_discrimination","2","119","220","28","18","0.6429","j","4539","<div style=""width:100vw;height:100vh;background-color:black;""></div>","f","html-keyboard-response","613","2.0.0","554926","163411","testolin2020_replication","2025-11-21T08:56:24.537Z","20-27 inch desktop monitor","1920","1080","958","952","1","20","Nov 21 12:55 AM","false"
"numerosity_discrimination","2","120","142","11","14","0.7857","j","152","<div style=""width:100vw;height:100vh;background-color:black;""></div>","f","html-keyboard-response","618","2.0.0","557595","163411","testolin2020_replication","2025-11-21T08:56:24.537Z","20-27 inch desktop monitor","1920","1080","958","952","1","20","Nov 21 12:55 AM","false"
"numerosity_discrimination","2","121","183","14","20","0.7","j","1386","<div style=""width:100vw;height:100vh;background-color:black;""></div>","f","html-keyboard-response","623","2.0.0","561175","163411","testolin2020_replication","2025-11-21T08:56:24.537Z","20-27 inch desktop monitor","1920","1080","958","952","1","20","Nov 21 12:55 AM","false"
"numerosity_discrimination","2","122","291","11","20","0.55","j","794","<div style=""width:100vw;height:100vh;background-color:black;""></div>","f","html-keyboard-response","628","2.0.0","564335","163411","testolin2020_replication","2025-11-21T08:56:24.537Z","20-27 inch desktop monitor","1920","1080","958","952","1","20","Nov 21 12:55 AM","false"
"numerosity_discrimination","2","123","248","22","14","0.6364","j","1714","<div style=""width:100vw;height:100vh;background-color:black;""></div>","f","html-keyboard-response","633","2.0.0","568284","163411","testolin2020_replication","2025-11-21T08:56:24.537Z","20-27 inch desktop monitor","1920","1080","958","952","1","20","Nov 21 12:55 AM","false"
"numerosity_discrimination","2","124","230","10","16","0.625","j","2583","<div style=""width:100vw;height:100vh;background-color:black;""></div>","f","html-keyboard-response","638","2.0.0","573313","163411","testolin2020_replication","2025-11-21T08:56:24.537Z","20-27 inch desktop monitor","1920","1080","958","952","1","20","Nov 21 12:55 AM","false"
"numerosity_discrimination","2","125","283","20","11","0.55","j","2152","<div style=""width:100vw;height:100vh;background-color:black;""></div>","f","html-keyboard-response","643","2.0.0","578105","163411","testolin2020_replication","2025-11-21T08:56:24.537Z","20-27 inch desktop monitor","1920","1080","958","952","1","20","Nov 21 12:55 AM","false"
"numerosity_discrimination","2","126","14","8","7","0.875","j","811","<div style=""width:100vw;height:100vh;background-color:black;""></div>","f","html-keyboard-response","648","2.0.0","581594","163411","testolin2020_replication","2025-11-21T08:56:24.537Z","20-27 inch desktop monitor","1920","1080","958","952","1","20","Nov 21 12:55 AM","false"
"numerosity_discrimination","2","127","297","18","10","0.5556","j","635","<div style=""width:100vw;height:100vh;background-color:black;""></div>","f","html-keyboard-response","653","2.0.0","584555","163411","testolin2020_replication","2025-11-21T08:56:24.537Z","20-27 inch desktop monitor","1920","1080","958","952","1","20","Nov 21 12:55 AM","false"
"numerosity_discrimination","2","128","250","18","12","0.6667","j","995","<div style=""width:100vw;height:100vh;background-color:black;""></div>","f","html-keyboard-response","658","2.0.0","587907","163411","testolin2020_replication","2025-11-21T08:56:24.537Z","20-27 inch desktop monitor","1920","1080","958","952","1","20","Nov 21 12:55 AM","false"
"numerosity_discrimination","2","129","79","16","18","0.8889","j","58","<div style=""width:100vw;height:100vh;background-color:black;""></div>","f","html-keyboard-response","663","2.0.0","590625","163411","testolin2020_replication","2025-11-21T08:56:24.537Z","20-27 inch desktop monitor","1920","1080","958","952","1","20","Nov 21 12:55 AM","false"
"numerosity_discrimination","2","130","171","12","9","0.75","j","112","<div style=""width:100vw;height:100vh;background-color:black;""></div>","f","html-keyboard-response","668","2.0.0","593373","163411","testolin2020_replication","2025-11-21T08:56:24.537Z","20-27 inch desktop monitor","1920","1080","958","952","1","20","Nov 21 12:55 AM","false"
"numerosity_discrimination","2","131","8","16","14","0.875","j","130","<div style=""width:100vw;height:100vh;background-color:black;""></div>","f","html-keyboard-response","673","2.0.0","595786","163411","testolin2020_replication","2025-11-21T08:56:24.537Z","20-27 inch desktop monitor","1920","1080","958","952","1","20","Nov 21 12:55 AM","false"
"numerosity_discrimination","2","132","107","16","18","0.8889","j","47","<div style=""width:100vw;height:100vh;background-color:black;""></div>","f","html-keyboard-response","678","2.0.0","598374","163411","testolin2020_replication","2025-11-21T08:56:24.537Z","20-27 inch desktop monitor","1920","1080","958","952","1","20","Nov 21 12:55 AM","false"
"numerosity_discrimination","2","133","99","22","18","0.8182","j","4087","<div style=""width:100vw;height:100vh;background-color:black;""></div>","f","html-keyboard-response","683","2.0.0","604944","163411","testolin2020_replication","2025-11-21T08:56:24.537Z","20-27 inch desktop monitor","1920","1080","958","952","1","20","Nov 21 12:55 AM","false"
"numerosity_discrimination","2","134","224","9","14","0.6429","j","114","<div style=""width:100vw;height:100vh;background-color:black;""></div>","f","html-keyboard-response","688","2.0.0","607456","163411","testolin2020_replication","2025-11-21T08:56:24.537Z","20-27 inch desktop monitor","1920","1080","958","952","1","20","Nov 21 12:55 AM","false"
"numerosity_discrimination","2","135","151","9","7","0.7778","j","619","<div style=""width:100vw;height:100vh;background-color:black;""></div>","f","html-keyboard-response","693","2.0.0","610415","163411","testolin2020_replication","2025-11-21T08:56:24.537Z","20-27 inch desktop monitor","1920","1080","958","952","1","20","Nov 21 12:55 AM","false"
"numerosity_discrimination","2","136","133","10","14","0.7143","j","643","<div style=""width:100vw;height:100vh;background-color:black;""></div>","f","html-keyboard-response","698","2.0.0","613716","163411","testolin2020_replication","2025-11-21T08:56:24.537Z","20-27 inch desktop monitor","1920","1080","958","952","1","20","Nov 21 12:55 AM","false"
"numerosity_discrimination","2","137","258","14","22","0.6364","j","547","<div style=""width:100vw;height:100vh;background-color:black;""></div>","f","html-keyboard-response","703","2.0.0","616811","163411","testolin2020_replication","2025-11-21T08:56:24.537Z","20-27 inch desktop monitor","1920","1080","958","952","1","20","Nov 21 12:55 AM","false"
"numerosity_discrimination","2","138","82","16","14","0.875","j","450","<div style=""width:100vw;height:100vh;background-color:black;""></div>","f","html-keyboard-response","708","2.0.0","619772","163411","testolin2020_replication","2025-11-21T08:56:24.537Z","20-27 inch desktop monitor","1920","1080","958","952","1","20","Nov 21 12:55 AM","false"
"numerosity_discrimination","2","139","146","10","14","0.7143","j","287","<div style=""width:100vw;height:100vh;background-color:black;""></div>","f","html-keyboard-response","713","2.0.0","622450","163411","testolin2020_replication","2025-11-21T08:56:24.537Z","20-27 inch desktop monitor","1920","1080","958","952","1","20","Nov 21 12:55 AM","false"
"numerosity_discrimination","2","140","215","16","11","0.6875","j","704","<div style=""width:100vw;height:100vh;background-color:black;""></div>","f","html-keyboard-response","718","2.0.0","625563","163411","testolin2020_replication","2025-11-21T08:56:24.537Z","20-27 inch desktop monitor","1920","1080","958","952","1","20","Nov 21 12:55 AM","false"
"numerosity_discrimination","2","141","209","9","7","0.7778","j","3983","<div style=""width:100vw;height:100vh;background-color:black;""></div>","f","html-keyboard-response","723","2.0.0","631972","163411","testolin2020_replication","2025-11-21T08:56:24.537Z","20-27 inch desktop monitor","1920","1080","958","952","1","20","Nov 21 12:55 AM","false"
"numerosity_discrimination","2","142","156","12","16","0.75","j","514","<div style=""width:100vw;height:100vh;background-color:black;""></div>","f","html-keyboard-response","728","2.0.0","634861","163411","testolin2020_replication","2025-11-21T08:56:24.537Z","20-27 inch desktop monitor","1920","1080","958","952","1","20","Nov 21 12:55 AM","false"
"numerosity_discrimination","2","143","181","10","14","0.7143","j","1913","<div style=""width:100vw;height:100vh;background-color:black;""></div>","f","html-keyboard-response","733","2.0.0","639132","163411","testolin2020_replication","2025-11-21T08:56:24.537Z","20-27 inch desktop monitor","1920","1080","958","952","1","20","Nov 21 12:55 AM","false"
"numerosity_discrimination","2","144","270","14","22","0.6364","j","124","<div style=""width:100vw;height:100vh;background-color:black;""></div>","f","html-keyboard-response","738","2.0.0","641911","163411","testolin2020_replication","2025-11-21T08:56:24.537Z","20-27 inch desktop monitor","1920","1080","958","952","1","20","Nov 21 12:55 AM","false"
"numerosity_discrimination","2","145","293","7","12","0.5833","j","2497","<div style=""width:100vw;height:100vh;background-color:black;""></div>","j","html-keyboard-response","743","2.0.0","646782","163411","testolin2020_replication","2025-11-21T08:56:24.537Z","20-27 inch desktop monitor","1920","1080","958","952","1","20","Nov 21 12:55 AM","true"
"numerosity_discrimination","2","146","154","11","14","0.7857","j","424","<div style=""width:100vw;height:100vh;background-color:black;""></div>","j","html-keyboard-response","748","2.0.0","649461","163411","testolin2020_replication","2025-11-21T08:56:24.537Z","20-27 inch desktop monitor","1920","1080","958","952","1","20","Nov 21 12:55 AM","true"
"numerosity_discrimination","2","147","137","10","7","0.7","j","440","<div style=""width:100vw;height:100vh;background-color:black;""></div>","f","html-keyboard-response","753","2.0.0","652392","163411","testolin2020_replication","2025-11-21T08:56:24.537Z","20-27 inch desktop monitor","1920","1080","958","952","1","20","Nov 21 12:55 AM","false"
"numerosity_discrimination","2","148","95","9","8","0.8889","j","119","<div style=""width:100vw;height:100vh;background-color:black;""></div>","f","html-keyboard-response","758","2.0.0","655011","163411","testolin2020_replication","2025-11-21T08:56:24.537Z","20-27 inch desktop monitor","1920","1080","958","952","1","20","Nov 21 12:55 AM","false"
"numerosity_discrimination","2","149","240","20","12","0.6","j","164","<div style=""width:100vw;height:100vh;background-color:black;""></div>","j","html-keyboard-response","763","2.0.0","657590","163411","testolin2020_replication","2025-11-21T08:56:24.537Z","20-27 inch desktop monitor","1920","1080","958","952","1","20","Nov 21 12:55 AM","true"
"numerosity_discrimination","2","150","191","28","20","0.7143","j","246","<div style=""width:100vw;height:100vh;background-color:black;""></div>","j","html-keyboard-response","768","2.0.0","660441","163411","testolin2020_replication","2025-11-21T08:56:24.537Z","20-27 inch desktop monitor","1920","1080","958","952","1","20","Nov 21 12:55 AM","true"
"numerosity_discrimination","2","151","162","16","22","0.7273","j","318","<div style=""width:100vw;height:100vh;background-color:black;""></div>","j","html-keyboard-response","773","2.0.0","663012","163411","testolin2020_replication","2025-11-21T08:56:24.537Z","20-27 inch desktop monitor","1920","1080","958","952","1","20","Nov 21 12:55 AM","true"
"numerosity_discrimination","2","152","64","9","11","0.8182","j","282","<div style=""width:100vw;height:100vh;background-color:black;""></div>","f","html-keyboard-response","778","2.0.0","665540","163411","testolin2020_replication","2025-11-21T08:56:24.537Z","20-27 inch desktop monitor","1920","1080","958","952","1","20","Nov 21 12:55 AM","false"
"numerosity_discrimination","2","153","58","18","22","0.8182","j","157","<div style=""width:100vw;height:100vh;background-color:black;""></div>","f","html-keyboard-response","783","2.0.0","668184","163411","testolin2020_replication","2025-11-21T08:56:24.537Z","20-27 inch desktop monitor","1920","1080","958","952","1","20","Nov 21 12:55 AM","false"
"numerosity_discrimination","2","154","66","9","11","0.8182","j","246","<div style=""width:100vw;height:100vh;background-color:black;""></div>","j","html-keyboard-response","788","2.0.0","670881","163411","testolin2020_replication","2025-11-21T08:56:24.537Z","20-27 inch desktop monitor","1920","1080","958","952","1","20","Nov 21 12:55 AM","true"
"numerosity_discrimination","2","155","266","7","11","0.6364","j","218","<div style=""width:100vw;height:100vh;background-color:black;""></div>","j","html-keyboard-response","793","2.0.0","673602","163411","testolin2020_replication","2025-11-21T08:56:24.537Z","20-27 inch desktop monitor","1920","1080","958","952","1","20","Nov 21 12:55 AM","true"
"numerosity_discrimination","2","156","90","7","8","0.875","j","322","<div style=""width:100vw;height:100vh;background-color:black;""></div>","j","html-keyboard-response","798","2.0.0","676339","163411","testolin2020_replication","2025-11-21T08:56:24.537Z","20-27 inch desktop monitor","1920","1080","958","952","1","20","Nov 21 12:55 AM","true"
"numerosity_discrimination","2","157","74","12","10","0.8333","j","383","<div style=""width:100vw;height:100vh;background-color:black;""></div>","j","html-keyboard-response","803","2.0.0","679137","163411","testolin2020_replication","2025-11-21T08:56:24.537Z","20-27 inch desktop monitor","1920","1080","958","952","1","20","Nov 21 12:55 AM","true"
"numerosity_discrimination","2","158","288","18","10","0.5556","j","11","<div style=""width:100vw;height:100vh;background-color:black;""></div>","j","html-keyboard-response","808","2.0.0","681629","163411","testolin2020_replication","2025-11-21T08:56:24.537Z","20-27 inch desktop monitor","1920","1080","958","952","1","20","Nov 21 12:55 AM","true"
"numerosity_discrimination","2","159","85","7","8","0.875","j","1088","<div style=""width:100vw;height:100vh;background-color:black;""></div>","j","html-keyboard-response","813","2.0.0","685091","163411","testolin2020_replication","2025-11-21T08:56:24.537Z","20-27 inch desktop monitor","1920","1080","958","952","1","20","Nov 21 12:55 AM","true"
"numerosity_discrimination","2","160","87","14","16","0.875","j","710","<div style=""width:100vw;height:100vh;background-color:black;""></div>","f","html-keyboard-response","818","2.0.0","688298","163411","testolin2020_replication","2025-11-21T08:56:24.537Z","20-27 inch desktop monitor","1920","1080","958","952","1","20","Nov 21 12:55 AM","false"
"numerosity_discrimination","2","161","205","14","11","0.7857","j","390","<div style=""width:100vw;height:100vh;background-color:black;""></div>","f","html-keyboard-response","823","2.0.0","690938","163411","testolin2020_replication","2025-11-21T08:56:24.537Z","20-27 inch desktop monitor","1920","1080","958","952","1","20","Nov 21 12:55 AM","false"
"numerosity_discrimination","2","162","83","7","8","0.875","j","382","<div style=""width:100vw;height:100vh;background-color:black;""></div>","j","html-keyboard-response","828","2.0.0","693671","163411","testolin2020_replication","2025-11-21T08:56:24.537Z","20-27 inch desktop monitor","1920","1080","958","952","1","20","Nov 21 12:55 AM","true"
"numerosity_discrimination","2","163","292","8","14","0.5714","j","502","<div style=""width:100vw;height:100vh;background-color:black;""></div>","f","html-keyboard-response","833","2.0.0","696448","163411","testolin2020_replication","2025-11-21T08:56:24.537Z","20-27 inch desktop monitor","1920","1080","958","952","1","20","Nov 21 12:55 AM","false"
"numerosity_discrimination","2","164","24","12","10","0.8333","j","188","<div style=""width:100vw;height:100vh;background-color:black;""></div>","j","html-keyboard-response","838","2.0.0","699109","163411","testolin2020_replication","2025-11-21T08:56:24.537Z","20-27 inch desktop monitor","1920","1080","958","952","1","20","Nov 21 12:55 AM","true"
"numerosity_discrimination","2","165","114","20","16","0.8","j","1925","<div style=""width:100vw;height:100vh;background-color:black;""></div>","f","html-keyboard-response","843","2.0.0","703210","163411","testolin2020_replication","2025-11-21T08:56:24.537Z","20-27 inch desktop monitor","1920","1080","958","952","1","20","Nov 21 12:55 AM","false"
"numerosity_discrimination","2","166","20","7","8","0.875","j","385","<div style=""width:100vw;height:100vh;background-color:black;""></div>","f","html-keyboard-response","848","2.0.0","705830","163411","testolin2020_replication","2025-11-21T08:56:24.537Z","20-27 inch desktop monitor","1920","1080","958","952","1","20","Nov 21 12:55 AM","false"
"numerosity_discrimination","2","167","36","9","11","0.8182","j","627","<div style=""width:100vw;height:100vh;background-color:black;""></div>","j","html-keyboard-response","853","2.0.0","709088","163411","testolin2020_replication","2025-11-21T08:56:24.537Z","20-27 inch desktop monitor","1920","1080","958","952","1","20","Nov 21 12:55 AM","true"
"numerosity_discrimination","2","168","131","11","14","0.7857","j","435","<div style=""width:100vw;height:100vh;background-color:black;""></div>","f","html-keyboard-response","858","2.0.0","711829","163411","testolin2020_replication","2025-11-21T08:56:24.537Z","20-27 inch desktop monitor","1920","1080","958","952","1","20","Nov 21 12:55 AM","false"
"numerosity_discrimination","2","169","190","18","14","0.7778","j","886","<div style=""width:100vw;height:100vh;background-color:black;""></div>","j","html-keyboard-response","863","2.0.0","715357","163411","testolin2020_replication","2025-11-21T08:56:24.537Z","20-27 inch desktop monitor","1920","1080","958","952","1","20","Nov 21 12:55 AM","true"
"numerosity_discrimination","2","170","129","12","9","0.75","j","478","<div style=""width:100vw;height:100vh;background-color:black;""></div>","j","html-keyboard-response","868","2.0.0","718069","163411","testolin2020_replication","2025-11-21T08:56:24.537Z","20-27 inch desktop monitor","1920","1080","958","952","1","20","Nov 21 12:55 AM","true"
"numerosity_discrimination","2","171","12","20","16","0.8","j","665","<div style=""width:100vw;height:100vh;background-color:black;""></div>","j","html-keyboard-response","873","2.0.0","721100","163411","testolin2020_replication","2025-11-21T08:56:24.537Z","20-27 inch desktop monitor","1920","1080","958","952","1","20","Nov 21 12:55 AM","true"
"numerosity_discrimination","2","172","42","22","25","0.88","j","295","<div style=""width:100vw;height:100vh;background-color:black;""></div>","f","html-keyboard-response","878","2.0.0","723860","163411","testolin2020_replication","2025-11-21T08:56:24.537Z","20-27 inch desktop monitor","1920","1080","958","952","1","20","Nov 21 12:55 AM","false"
"numerosity_discrimination","2","173","127","14","10","0.7143","j","211","<div style=""width:100vw;height:100vh;background-color:black;""></div>","j","html-keyboard-response","883","2.0.0","726259","163411","testolin2020_replication","2025-11-21T08:56:24.537Z","20-27 inch desktop monitor","1920","1080","958","952","1","20","Nov 21 12:55 AM","true"
"numerosity_discrimination","2","174","13","7","8","0.875","j","1141","<div style=""width:100vw;height:100vh;background-color:black;""></div>","f","html-keyboard-response","888","2.0.0","729689","163411","testolin2020_replication","2025-11-21T08:56:24.537Z","20-27 inch desktop monitor","1920","1080","958","952","1","20","Nov 21 12:55 AM","false"
"numerosity_discrimination","2","175","196","12","16","0.75","j","810","<div style=""width:100vw;height:100vh;background-color:black;""></div>","j","html-keyboard-response","893","2.0.0","732748","163411","testolin2020_replication","2025-11-21T08:56:24.537Z","20-27 inch desktop monitor","1920","1080","958","952","1","20","Nov 21 12:55 AM","true"
"numerosity_discrimination","2","176","210","14","11","0.7857","j","475","<div style=""width:100vw;height:100vh;background-color:black;""></div>","j","html-keyboard-response","898","2.0.0","735796","163411","testolin2020_replication","2025-11-21T08:56:24.537Z","20-27 inch desktop monitor","1920","1080","958","952","1","20","Nov 21 12:55 AM","true"
"numerosity_discrimination","2","177","65","12","14","0.8571","j","3118","<div style=""width:100vw;height:100vh;background-color:black;""></div>","j","html-keyboard-response","903","2.0.0","741214","163411","testolin2020_replication","2025-11-21T08:56:24.537Z","20-27 inch desktop monitor","1920","1080","958","952","1","20","Nov 21 12:55 AM","true"
"numerosity_discrimination","2","178","121","12","16","0.75","j","514","<div style=""width:100vw;height:100vh;background-color:black;""></div>","f","html-keyboard-response","908","2.0.0","743916","163411","testolin2020_replication","2025-11-21T08:56:24.537Z","20-27 inch desktop monitor","1920","1080","958","952","1","20","Nov 21 12:55 AM","false"
"numerosity_discrimination","2","179","76","8","7","0.875","j","515","<div style=""width:100vw;height:100vh;background-color:black;""></div>","j","html-keyboard-response","913","2.0.0","746775","163411","testolin2020_replication","2025-11-21T08:56:24.537Z","20-27 inch desktop monitor","1920","1080","958","952","1","20","Nov 21 12:55 AM","true"
"numerosity_discrimination","2","180","174","22","16","0.7273","j","472","<div style=""width:100vw;height:100vh;background-color:black;""></div>","j","html-keyboard-response","918","2.0.0","749736","163411","testolin2020_replication","2025-11-21T08:56:24.537Z","20-27 inch desktop monitor","1920","1080","958","952","1","20","Nov 21 12:55 AM","true"
"numerosity_discrimination","2","181","273","18","9","0.5","j","487","<div style=""width:100vw;height:100vh;background-color:black;""></div>","j","html-keyboard-response","923","2.0.0","752585","163411","testolin2020_replication","2025-11-21T08:56:24.537Z","20-27 inch desktop monitor","1920","1080","958","952","1","20","Nov 21 12:55 AM","true"
"numerosity_discrimination","2","182","176","10","14","0.7143","j","483","<div style=""width:100vw;height:100vh;background-color:black;""></div>","f","html-keyboard-response","928","2.0.0","755576","163411","testolin2020_replication","2025-11-21T08:56:24.537Z","20-27 inch desktop monitor","1920","1080","958","952","1","20","Nov 21 12:55 AM","false"
"numerosity_discrimination","2","183","50","14","16","0.875","j","153","<div style=""width:100vw;height:100vh;background-color:black;""></div>","f","html-keyboard-response","933","2.0.0","758276","163411","testolin2020_replication","2025-11-21T08:56:24.537Z","20-27 inch desktop monitor","1920","1080","958","952","1","20","Nov 21 12:55 AM","false"
"numerosity_discrimination","2","184","145","12","9","0.75","j","283","<div style=""width:100vw;height:100vh;background-color:black;""></div>","j","html-keyboard-response","938","2.0.0","760797","163411","testolin2020_replication","2025-11-21T08:56:24.537Z","20-27 inch desktop monitor","1920","1080","958","952","1","20","Nov 21 12:55 AM","true"
"numerosity_discrimination","2","185","219","9","14","0.6429","j","626","<div style=""width:100vw;height:100vh;background-color:black;""></div>","f","html-keyboard-response","943","2.0.0","763636","163411","testolin2020_replication","2025-11-21T08:56:24.537Z","20-27 inch desktop monitor","1920","1080","958","952","1","20","Nov 21 12:55 AM","false"
"numerosity_discrimination","2","186","3","16","14","0.875","j","3019","<div style=""width:100vw;height:100vh;background-color:black;""></div>","f","html-keyboard-response","948","2.0.0","769136","163411","testolin2020_replication","2025-11-21T08:56:24.537Z","20-27 inch desktop monitor","1920","1080","958","952","1","20","Nov 21 12:55 AM","false"
"numerosity_discrimination","2","187","201","20","14","0.7","j","203","<div style=""width:100vw;height:100vh;background-color:black;""></div>","f","html-keyboard-response","953","2.0.0","771597","163411","testolin2020_replication","2025-11-21T08:56:24.537Z","20-27 inch desktop monitor","1920","1080","958","952","1","20","Nov 21 12:55 AM","false"
"numerosity_discrimination","2","188","44","20","16","0.8","j","209","<div style=""width:100vw;height:100vh;background-color:black;""></div>","f","html-keyboard-response","958","2.0.0","774186","163411","testolin2020_replication","2025-11-21T08:56:24.537Z","20-27 inch desktop monitor","1920","1080","958","952","1","20","Nov 21 12:55 AM","false"
"numerosity_discrimination","2","189","136","10","14","0.7143","j","492","<div style=""width:100vw;height:100vh;background-color:black;""></div>","f","html-keyboard-response","963","2.0.0","776906","163411","testolin2020_replication","2025-11-21T08:56:24.537Z","20-27 inch desktop monitor","1920","1080","958","952","1","20","Nov 21 12:55 AM","false"
"numerosity_discrimination","2","190","237","20","12","0.6","j","426","<div style=""width:100vw;height:100vh;background-color:black;""></div>","j","html-keyboard-response","968","2.0.0","779655","163411","testolin2020_replication","2025-11-21T08:56:24.537Z","20-27 inch desktop monitor","1920","1080","958","952","1","20","Nov 21 12:55 AM","true"
"numerosity_discrimination","2","191","294","7","12","0.5833","j","323","<div style=""width:100vw;height:100vh;background-color:black;""></div>","f","html-keyboard-response","973","2.0.0","782554","163411","testolin2020_replication","2025-11-21T08:56:24.537Z","20-27 inch desktop monitor","1920","1080","958","952","1","20","Nov 21 12:55 AM","false"
"numerosity_discrimination","2","192","21","22","18","0.8182","j","636","<div style=""width:100vw;height:100vh;background-color:black;""></div>","j","html-keyboard-response","978","2.0.0","785517","163411","testolin2020_replication","2025-11-21T08:56:24.537Z","20-27 inch desktop monitor","1920","1080","958","952","1","20","Nov 21 12:55 AM","true"
"numerosity_discrimination","2","193","125","11","14","0.7857","j","392","<div style=""width:100vw;height:100vh;background-color:black;""></div>","f","html-keyboard-response","983","2.0.0","788345","163411","testolin2020_replication","2025-11-21T08:56:24.537Z","20-27 inch desktop monitor","1920","1080","958","952","1","20","Nov 21 12:55 AM","false"
"numerosity_discrimination","2","194","228","11","16","0.6875","j","698","<div style=""width:100vw;height:100vh;background-color:black;""></div>","j","html-keyboard-response","988","2.0.0","791376","163411","testolin2020_replication","2025-11-21T08:56:24.537Z","20-27 inch desktop monitor","1920","1080","958","952","1","20","Nov 21 12:55 AM","true"
"numerosity_discrimination","2","195","111","11","9","0.8182","j","1815","<div style=""width:100vw;height:100vh;background-color:black;""></div>","f","html-keyboard-response","993","2.0.0","795577","163411","testolin2020_replication","2025-11-21T08:56:24.537Z","20-27 inch desktop monitor","1920","1080","958","952","1","20","Nov 21 12:55 AM","false"
"numerosity_discrimination","2","196","62","12","14","0.8571","j","1185","<div style=""width:100vw;height:100vh;background-color:black;""></div>","j","html-keyboard-response","998","2.0.0","799312","163411","testolin2020_replication","2025-11-21T08:56:24.537Z","20-27 inch desktop monitor","1920","1080","958","952","1","20","Nov 21 12:55 AM","true"
"numerosity_discrimination","2","197","153","16","22","0.7273","j","271","<div style=""width:100vw;height:100vh;background-color:black;""></div>","j","html-keyboard-response","1003","2.0.0","802142","163411","testolin2020_replication","2025-11-21T08:56:24.537Z","20-27 inch desktop monitor","1920","1080","958","952","1","20","Nov 21 12:55 AM","true"
"numerosity_discrimination","2","198","199","20","28","0.7143","j","322","<div style=""width:100vw;height:100vh;background-color:black;""></div>","f","html-keyboard-response","1008","2.0.0","804721","163411","testolin2020_replication","2025-11-21T08:56:24.537Z","20-27 inch desktop monitor","1920","1080","958","952","1","20","Nov 21 12:55 AM","false"
"numerosity_discrimination","2","199","132","20","14","0.7","j","206","<div style=""width:100vw;height:100vh;background-color:black;""></div>","j","html-keyboard-response","1013","2.0.0","807443","163411","testolin2020_replication","2025-11-21T08:56:24.537Z","20-27 inch desktop monitor","1920","1080","958","952","1","20","Nov 21 12:55 AM","true"
"numerosity_discrimination","2","200","84","7","8","0.875","j","1202","<div style=""width:100vw;height:100vh;background-color:black;""></div>","f","html-keyboard-response","1018","2.0.0","811311","163411","testolin2020_replication","2025-11-21T08:56:24.537Z","20-27 inch desktop monitor","1920","1080","958","952","1","20","Nov 21 12:55 AM","false"
"numerosity_discrimination","3","201","300","9","16","0.5625","j","1128","<div style=""width:100vw;height:100vh;background-color:black;""></div>","f","html-keyboard-response","1025","2.0.0","818371","163411","testolin2020_replication","2025-11-21T08:56:24.537Z","20-27 inch desktop monitor","1920","1080","958","952","1","20","Nov 21 12:55 AM","false"
"numerosity_discrimination","3","202","234","14","9","0.6429","j","657","<div style=""width:100vw;height:100vh;background-color:black;""></div>","j","html-keyboard-response","1030","2.0.0","821331","163411","testolin2020_replication","2025-11-21T08:56:24.537Z","20-27 inch desktop monitor","1920","1080","958","952","1","20","Nov 21 12:55 AM","true"
"numerosity_discrimination","3","203","5","22","18","0.8182","j","405","<div style=""width:100vw;height:100vh;background-color:black;""></div>","j","html-keyboard-response","1035","2.0.0","824112","163411","testolin2020_replication","2025-11-21T08:56:24.537Z","20-27 inch desktop monitor","1920","1080","958","952","1","20","Nov 21 12:55 AM","true"
"numerosity_discrimination","3","204","170","12","16","0.75","j","1034","<div style=""width:100vw;height:100vh;background-color:black;""></div>","f","html-keyboard-response","1040","2.0.0","827751","163411","testolin2020_replication","2025-11-21T08:56:24.537Z","20-27 inch desktop monitor","1920","1080","958","952","1","20","Nov 21 12:55 AM","false"
"numerosity_discrimination","3","205","28","8","9","0.8889","j","593","<div style=""width:100vw;height:100vh;background-color:black;""></div>","j","html-keyboard-response","1045","2.0.0","830994","163411","testolin2020_replication","2025-11-21T08:56:24.537Z","20-27 inch desktop monitor","1920","1080","958","952","1","20","Nov 21 12:55 AM","true"
"numerosity_discrimination","3","206","284","14","28","0.5","j","430","<div style=""width:100vw;height:100vh;background-color:black;""></div>","f","html-keyboard-response","1050","2.0.0","833822","163411","testolin2020_replication","2025-11-21T08:56:24.537Z","20-27 inch desktop monitor","1920","1080","958","952","1","20","Nov 21 12:55 AM","false"
"numerosity_discrimination","3","207","29","12","14","0.8571","j","967","<div style=""width:100vw;height:100vh;background-color:black;""></div>","j","html-keyboard-response","1055","2.0.0","837271","163411","testolin2020_replication","2025-11-21T08:56:24.537Z","20-27 inch desktop monitor","1920","1080","958","952","1","20","Nov 21 12:55 AM","true"
"numerosity_discrimination","3","208","93","8","10","0.8","j","1040","<div style=""width:100vw;height:100vh;background-color:black;""></div>","j","html-keyboard-response","1060","2.0.0","840703","163411","testolin2020_replication","2025-11-21T08:56:24.537Z","20-27 inch desktop monitor","1920","1080","958","952","1","20","Nov 21 12:55 AM","true"
"numerosity_discrimination","3","209","257","10","16","0.625","j","835","<div style=""width:100vw;height:100vh;background-color:black;""></div>","f","html-keyboard-response","1065","2.0.0","843813","163411","testolin2020_replication","2025-11-21T08:56:24.537Z","20-27 inch desktop monitor","1920","1080","958","952","1","20","Nov 21 12:55 AM","false"
"numerosity_discrimination","3","210","16","20","16","0.8","j","489","<div style=""width:100vw;height:100vh;background-color:black;""></div>","j","html-keyboard-response","1070","2.0.0","846592","163411","testolin2020_replication","2025-11-21T08:56:24.537Z","20-27 inch desktop monitor","1920","1080","958","952","1","20","Nov 21 12:55 AM","true"
"numerosity_discrimination","3","211","189","16","22","0.7273","j","3710","<div style=""width:100vw;height:100vh;background-color:black;""></div>","f","html-keyboard-response","1075","2.0.0","852851","163411","testolin2020_replication","2025-11-21T08:56:24.537Z","20-27 inch desktop monitor","1920","1080","958","952","1","20","Nov 21 12:55 AM","false"
"numerosity_discrimination","3","212","135","9","12","0.75","j","575","<div style=""width:100vw;height:100vh;background-color:black;""></div>","j","html-keyboard-response","1080","2.0.0","855973","163411","testolin2020_replication","2025-11-21T08:56:24.537Z","20-27 inch desktop monitor","1920","1080","958","952","1","20","Nov 21 12:55 AM","true"
"numerosity_discrimination","3","213","260","25","16","0.64","j","895","<div style=""width:100vw;height:100vh;background-color:black;""></div>","f","html-keyboard-response","1085","2.0.0","859470","163411","testolin2020_replication","2025-11-21T08:56:24.537Z","20-27 inch desktop monitor","1920","1080","958","952","1","20","Nov 21 12:55 AM","false"
"numerosity_discrimination","3","214","241","7","11","0.6364","j","239","<div style=""width:100vw;height:100vh;background-color:black;""></div>","j","html-keyboard-response","1090","2.0.0","862048","163411","testolin2020_replication","2025-11-21T08:56:24.537Z","20-27 inch desktop monitor","1920","1080","958","952","1","20","Nov 21 12:55 AM","true"
"numerosity_discrimination","3","215","182","12","9","0.75","j","1384","<div style=""width:100vw;height:100vh;background-color:black;""></div>","j","html-keyboard-response","1095","2.0.0","865820","163411","testolin2020_replication","2025-11-21T08:56:24.537Z","20-27 inch desktop monitor","1920","1080","958","952","1","20","Nov 21 12:55 AM","true"
"numerosity_discrimination","3","216","15","20","25","0.8","j","358","<div style=""width:100vw;height:100vh;background-color:black;""></div>","j","html-keyboard-response","1100","2.0.0","868539","163411","testolin2020_replication","2025-11-21T08:56:24.537Z","20-27 inch desktop monitor","1920","1080","958","952","1","20","Nov 21 12:55 AM","true"
"numerosity_discrimination","3","217","247","11","16","0.6875","j","362","<div style=""width:100vw;height:100vh;background-color:black;""></div>","f","html-keyboard-response","1105","2.0.0","871569","163411","testolin2020_replication","2025-11-21T08:56:24.537Z","20-27 inch desktop monitor","1920","1080","958","952","1","20","Nov 21 12:55 AM","false"
"numerosity_discrimination","3","218","117","22","18","0.8182","j","2459","<div style=""width:100vw;height:100vh;background-color:black;""></div>","f","html-keyboard-response","1110","2.0.0","876279","163411","testolin2020_replication","2025-11-21T08:56:24.537Z","20-27 inch desktop monitor","1920","1080","958","952","1","20","Nov 21 12:55 AM","false"
"numerosity_discrimination","3","219","249","14","22","0.6364","j","4629","<div style=""width:100vw;height:100vh;background-color:black;""></div>","f","html-keyboard-response","1115","2.0.0","883339","163411","testolin2020_replication","2025-11-21T08:56:24.537Z","20-27 inch desktop monitor","1920","1080","958","952","1","20","Nov 21 12:55 AM","false"
"numerosity_discrimination","3","220","217","25","16","0.64","j","242","<div style=""width:100vw;height:100vh;background-color:black;""></div>","j","html-keyboard-response","1120","2.0.0","886248","163411","testolin2020_replication","2025-11-21T08:56:24.537Z","20-27 inch desktop monitor","1920","1080","958","952","1","20","Nov 21 12:55 AM","true"
"numerosity_discrimination","3","221","242","28","18","0.6429","j","78","<div style=""width:100vw;height:100vh;background-color:black;""></div>","f","html-keyboard-response","1125","2.0.0","888859","163411","testolin2020_replication","2025-11-21T08:56:24.537Z","20-27 inch desktop monitor","1920","1080","958","952","1","20","Nov 21 12:55 AM","false"
"numerosity_discrimination","3","222","106","25","22","0.88","j","207","<div style=""width:100vw;height:100vh;background-color:black;""></div>","j","html-keyboard-response","1130","2.0.0","891389","163411","testolin2020_replication","2025-11-21T08:56:24.537Z","20-27 inch desktop monitor","1920","1080","958","952","1","20","Nov 21 12:55 AM","true"
"numerosity_discrimination","3","223","101","20","25","0.8","j","157","<div style=""width:100vw;height:100vh;background-color:black;""></div>","f","html-keyboard-response","1135","2.0.0","893881","163411","testolin2020_replication","2025-11-21T08:56:24.537Z","20-27 inch desktop monitor","1920","1080","958","952","1","20","Nov 21 12:55 AM","false"
"numerosity_discrimination","3","224","113","20","16","0.8","j","347","<div style=""width:100vw;height:100vh;background-color:black;""></div>","f","html-keyboard-response","1140","2.0.0","896750","163411","testolin2020_replication","2025-11-21T08:56:24.537Z","20-27 inch desktop monitor","1920","1080","958","952","1","20","Nov 21 12:55 AM","false"
"numerosity_discrimination","3","225","71","22","18","0.8182","j","381","<div style=""width:100vw;height:100vh;background-color:black;""></div>","j","html-keyboard-response","1145","2.0.0","899500","163411","testolin2020_replication","2025-11-21T08:56:24.537Z","20-27 inch desktop monitor","1920","1080","958","952","1","20","Nov 21 12:55 AM","true"
"numerosity_discrimination","3","226","52","25","28","0.8929","j","180","<div style=""width:100vw;height:100vh;background-color:black;""></div>","j","html-keyboard-response","1150","2.0.0","902279","163411","testolin2020_replication","2025-11-21T08:56:24.537Z","20-27 inch desktop monitor","1920","1080","958","952","1","20","Nov 21 12:55 AM","true"
"numerosity_discrimination","3","227","7","14","16","0.875","j","289","<div style=""width:100vw;height:100vh;background-color:black;""></div>","j","html-keyboard-response","1155","2.0.0","905010","163411","testolin2020_replication","2025-11-21T08:56:24.537Z","20-27 inch desktop monitor","1920","1080","958","952","1","20","Nov 21 12:55 AM","true"
"numerosity_discrimination","3","228","56","25","22","0.88","j","386","<div style=""width:100vw;height:100vh;background-color:black;""></div>","j","html-keyboard-response","1160","2.0.0","907979","163411","testolin2020_replication","2025-11-21T08:56:24.537Z","20-27 inch desktop monitor","1920","1080","958","952","1","20","Nov 21 12:55 AM","true"
"numerosity_discrimination","3","229","138","16","12","0.75","j","337","<div style=""width:100vw;height:100vh;background-color:black;""></div>","j","html-keyboard-response","1165","2.0.0","910830","163411","testolin2020_replication","2025-11-21T08:56:24.537Z","20-27 inch desktop monitor","1920","1080","958","952","1","20","Nov 21 12:55 AM","true"
"numerosity_discrimination","3","230","198","16","12","0.75","j","207","<div style=""width:100vw;height:100vh;background-color:black;""></div>","j","html-keyboard-response","1170","2.0.0","913590","163411","testolin2020_replication","2025-11-21T08:56:24.537Z","20-27 inch desktop monitor","1920","1080","958","952","1","20","Nov 21 12:55 AM","true"
"numerosity_discrimination","3","231","233","8","12","0.6667","j","373","<div style=""width:100vw;height:100vh;background-color:black;""></div>","j","html-keyboard-response","1175","2.0.0","916510","163411","testolin2020_replication","2025-11-21T08:56:24.537Z","20-27 inch desktop monitor","1920","1080","958","952","1","20","Nov 21 12:55 AM","true"
"numerosity_discrimination","3","232","264","25","16","0.64","j","92","<div style=""width:100vw;height:100vh;background-color:black;""></div>","j","html-keyboard-response","1180","2.0.0","919257","163411","testolin2020_replication","2025-11-21T08:56:24.537Z","20-27 inch desktop monitor","1920","1080","958","952","1","20","Nov 21 12:55 AM","true"
"numerosity_discrimination","3","233","27","14","12","0.8571","j","597","<div style=""width:100vw;height:100vh;background-color:black;""></div>","j","html-keyboard-response","1185","2.0.0","922247","163411","testolin2020_replication","2025-11-21T08:56:24.537Z","20-27 inch desktop monitor","1920","1080","958","952","1","20","Nov 21 12:55 AM","true"
"numerosity_discrimination","3","234","49","8","10","0.8","j","367","<div style=""width:100vw;height:100vh;background-color:black;""></div>","j","html-keyboard-response","1190","2.0.0","925218","163411","testolin2020_replication","2025-11-21T08:56:24.537Z","20-27 inch desktop monitor","1920","1080","958","952","1","20","Nov 21 12:55 AM","true"
"numerosity_discrimination","3","235","10","9","11","0.8182","j","286","<div style=""width:100vw;height:100vh;background-color:black;""></div>","f","html-keyboard-response","1195","2.0.0","927696","163411","testolin2020_replication","2025-11-21T08:56:24.537Z","20-27 inch desktop monitor","1920","1080","958","952","1","20","Nov 21 12:55 AM","false"
"numerosity_discrimination","3","236","232","8","12","0.6667","j","1416","<div style=""width:100vw;height:100vh;background-color:black;""></div>","f","html-keyboard-response","1200","2.0.0","931637","163411","testolin2020_replication","2025-11-21T08:56:24.537Z","20-27 inch desktop monitor","1920","1080","958","952","1","20","Nov 21 12:55 AM","false"
"numerosity_discrimination","3","237","69","10","8","0.8","j","686","<div style=""width:100vw;height:100vh;background-color:black;""></div>","f","html-keyboard-response","1205","2.0.0","934528","163411","testolin2020_replication","2025-11-21T08:56:24.537Z","20-27 inch desktop monitor","1920","1080","958","952","1","20","Nov 21 12:55 AM","false"
"numerosity_discrimination","3","238","92","18","22","0.8182","j","181","<div style=""width:100vw;height:100vh;background-color:black;""></div>","f","html-keyboard-response","1210","2.0.0","937327","163411","testolin2020_replication","2025-11-21T08:56:24.537Z","20-27 inch desktop monitor","1920","1080","958","952","1","20","Nov 21 12:55 AM","false"
"numerosity_discrimination","3","239","60","18","22","0.8182","j","507","<div style=""width:100vw;height:100vh;background-color:black;""></div>","f","html-keyboard-response","1215","2.0.0","940076","163411","testolin2020_replication","2025-11-21T08:56:24.537Z","20-27 inch desktop monitor","1920","1080","958","952","1","20","Nov 21 12:55 AM","false"
"numerosity_discrimination","3","240","72","11","9","0.8182","j","1263","<div style=""width:100vw;height:100vh;background-color:black;""></div>","f","html-keyboard-response","1220","2.0.0","943796","163411","testolin2020_replication","2025-11-21T08:56:24.537Z","20-27 inch desktop monitor","1920","1080","958","952","1","20","Nov 21 12:55 AM","false"
"numerosity_discrimination","3","241","256","7","11","0.6364","j","107","<div style=""width:100vw;height:100vh;background-color:black;""></div>","j","html-keyboard-response","1225","2.0.0","946377","163411","testolin2020_replication","2025-11-21T08:56:24.537Z","20-27 inch desktop monitor","1920","1080","958","952","1","20","Nov 21 12:55 AM","true"
"numerosity_discrimination","3","242","246","20","12","0.6","j","107","<div style=""width:100vw;height:100vh;background-color:black;""></div>","j","html-keyboard-response","1230","2.0.0","949116","163411","testolin2020_replication","2025-11-21T08:56:24.537Z","20-27 inch desktop monitor","1920","1080","958","952","1","20","Nov 21 12:55 AM","true"
"numerosity_discrimination","3","243","149","18","14","0.7778","j","266","<div style=""width:100vw;height:100vh;background-color:black;""></div>","f","html-keyboard-response","1235","2.0.0","951655","163411","testolin2020_replication","2025-11-21T08:56:24.537Z","20-27 inch desktop monitor","1920","1080","958","952","1","20","Nov 21 12:55 AM","false"
"numerosity_discrimination","3","244","229","20","12","0.6","j","135","<div style=""width:100vw;height:100vh;background-color:black;""></div>","j","html-keyboard-response","1240","2.0.0","954266","163411","testolin2020_replication","2025-11-21T08:56:24.537Z","20-27 inch desktop monitor","1920","1080","958","952","1","20","Nov 21 12:55 AM","true"
"numerosity_discrimination","3","245","57","22","18","0.8182","j","139","<div style=""width:100vw;height:100vh;background-color:black;""></div>","f","html-keyboard-response","1245","2.0.0","956975","163411","testolin2020_replication","2025-11-21T08:56:24.537Z","20-27 inch desktop monitor","1920","1080","958","952","1","20","Nov 21 12:55 AM","false"
"numerosity_discrimination","3","246","227","8","12","0.6667","j","236","<div style=""width:100vw;height:100vh;background-color:black;""></div>","j","html-keyboard-response","1250","2.0.0","959827","163411","testolin2020_replication","2025-11-21T08:56:24.537Z","20-27 inch desktop monitor","1920","1080","958","952","1","20","Nov 21 12:55 AM","true"
"numerosity_discrimination","3","247","2","28","25","0.8929","j","117","<div style=""width:100vw;height:100vh;background-color:black;""></div>","f","html-keyboard-response","1255","2.0.0","962207","163411","testolin2020_replication","2025-11-21T08:56:24.537Z","20-27 inch desktop monitor","1920","1080","958","952","1","20","Nov 21 12:55 AM","false"
"numerosity_discrimination","3","248","251","20","12","0.6","j","237","<div style=""width:100vw;height:100vh;background-color:black;""></div>","j","html-keyboard-response","1260","2.0.0","964717","163411","testolin2020_replication","2025-11-21T08:56:24.537Z","20-27 inch desktop monitor","1920","1080","958","952","1","20","Nov 21 12:55 AM","true"
"numerosity_discrimination","3","249","172","16","22","0.7273","j","3338","<div style=""width:100vw;height:100vh;background-color:black;""></div>","f","html-keyboard-response","1265","2.0.0","970516","163411","testolin2020_replication","2025-11-21T08:56:24.537Z","20-27 inch desktop monitor","1920","1080","958","952","1","20","Nov 21 12:55 AM","false"
"numerosity_discrimination","3","250","161","28","22","0.7857","j","489","<div style=""width:100vw;height:100vh;background-color:black;""></div>","f","html-keyboard-response","1270","2.0.0","973438","163411","testolin2020_replication","2025-11-21T08:56:24.537Z","20-27 inch desktop monitor","1920","1080","958","952","1","20","Nov 21 12:55 AM","false"
"numerosity_discrimination","3","251","218","14","22","0.6364","j","89","<div style=""width:100vw;height:100vh;background-color:black;""></div>","j","html-keyboard-response","1275","2.0.0","975857","163411","testolin2020_replication","2025-11-21T08:56:24.537Z","20-27 inch desktop monitor","1920","1080","958","952","1","20","Nov 21 12:55 AM","true"
"numerosity_discrimination","3","252","168","20","14","0.7","j","276","<div style=""width:100vw;height:100vh;background-color:black;""></div>","j","html-keyboard-response","1280","2.0.0","978625","163411","testolin2020_replication","2025-11-21T08:56:24.537Z","20-27 inch desktop monitor","1920","1080","958","952","1","20","Nov 21 12:55 AM","true"
"numerosity_discrimination","3","253","155","7","9","0.7778","j","122","<div style=""width:100vw;height:100vh;background-color:black;""></div>","f","html-keyboard-response","1285","2.0.0","981174","163411","testolin2020_replication","2025-11-21T08:56:24.537Z","20-27 inch desktop monitor","1920","1080","958","952","1","20","Nov 21 12:55 AM","false"
"numerosity_discrimination","3","254","216","9","14","0.6429","j","313","<div style=""width:100vw;height:100vh;background-color:black;""></div>","j","html-keyboard-response","1290","2.0.0","983997","163411","testolin2020_replication","2025-11-21T08:56:24.537Z","20-27 inch desktop monitor","1920","1080","958","952","1","20","Nov 21 12:55 AM","true"
"numerosity_discrimination","3","255","94","22","25","0.88","j","141","<div style=""width:100vw;height:100vh;background-color:black;""></div>","f","html-keyboard-response","1295","2.0.0","986613","163411","testolin2020_replication","2025-11-21T08:56:24.537Z","20-27 inch desktop monitor","1920","1080","958","952","1","20","Nov 21 12:55 AM","false"
"numerosity_discrimination","3","256","180","9","7","0.7778","j","528","<div style=""width:100vw;height:100vh;background-color:black;""></div>","j","html-keyboard-response","1300","2.0.0","989463","163411","testolin2020_replication","2025-11-21T08:56:24.537Z","20-27 inch desktop monitor","1920","1080","958","952","1","20","Nov 21 12:55 AM","true"
"numerosity_discrimination","3","257","276","16","8","0.5","j","1416","<div style=""width:100vw;height:100vh;background-color:black;""></div>","f","html-keyboard-response","1305","2.0.0","993245","163411","testolin2020_replication","2025-11-21T08:56:24.537Z","20-27 inch desktop monitor","1920","1080","958","952","1","20","Nov 21 12:55 AM","false"
"numerosity_discrimination","3","258","139","9","7","0.7778","j","462","<div style=""width:100vw;height:100vh;background-color:black;""></div>","j","html-keyboard-response","1310","2.0.0","996305","163411","testolin2020_replication","2025-11-21T08:56:24.537Z","20-27 inch desktop monitor","1920","1080","958","952","1","20","Nov 21 12:55 AM","true"
"numerosity_discrimination","3","259","223","28","18","0.6429","j","679","<div style=""width:100vw;height:100vh;background-color:black;""></div>","j","html-keyboard-response","1315","2.0.0","999254","163411","testolin2020_replication","2025-11-21T08:56:24.537Z","20-27 inch desktop monitor","1920","1080","958","952","1","20","Nov 21 12:55 AM","true"
"numerosity_discrimination","3","260","118","20","25","0.8","j","180","<div style=""width:100vw;height:100vh;background-color:black;""></div>","f","html-keyboard-response","1320","2.0.0","1001966","163411","testolin2020_replication","2025-11-21T08:56:24.537Z","20-27 inch desktop monitor","1920","1080","958","952","1","20","Nov 21 12:55 AM","false"
"numerosity_discrimination","3","261","211","8","12","0.6667","j","329","<div style=""width:100vw;height:100vh;background-color:black;""></div>","j","html-keyboard-response","1325","2.0.0","1004545","163411","testolin2020_replication","2025-11-21T08:56:24.537Z","20-27 inch desktop monitor","1920","1080","958","952","1","20","Nov 21 12:55 AM","true"
"numerosity_discrimination","3","262","97","7","8","0.875","j","1227","<div style=""width:100vw;height:100vh;background-color:black;""></div>","f","html-keyboard-response","1330","2.0.0","1008215","163411","testolin2020_replication","2025-11-21T08:56:24.537Z","20-27 inch desktop monitor","1920","1080","958","952","1","20","Nov 21 12:55 AM","false"
"numerosity_discrimination","3","263","165","14","10","0.7143","j","175","<div style=""width:100vw;height:100vh;background-color:black;""></div>","j","html-keyboard-response","1335","2.0.0","1010755","163411","testolin2020_replication","2025-11-21T08:56:24.537Z","20-27 inch desktop monitor","1920","1080","958","952","1","20","Nov 21 12:55 AM","true"
"numerosity_discrimination","3","264","298","9","18","0.5","j","728","<div style=""width:100vw;height:100vh;background-color:black;""></div>","f","html-keyboard-response","1340","2.0.0","1013836","163411","testolin2020_replication","2025-11-21T08:56:24.537Z","20-27 inch desktop monitor","1920","1080","958","952","1","20","Nov 21 12:55 AM","false"
"numerosity_discrimination","3","265","152","16","12","0.75","j","216","<div style=""width:100vw;height:100vh;background-color:black;""></div>","j","html-keyboard-response","1345","2.0.0","1016265","163411","testolin2020_replication","2025-11-21T08:56:24.537Z","20-27 inch desktop monitor","1920","1080","958","952","1","20","Nov 21 12:55 AM","true"
"numerosity_discrimination","3","266","104","8","7","0.875","j","528","<div style=""width:100vw;height:100vh;background-color:black;""></div>","f","html-keyboard-response","1350","2.0.0","1019077","163411","testolin2020_replication","2025-11-21T08:56:24.537Z","20-27 inch desktop monitor","1920","1080","958","952","1","20","Nov 21 12:55 AM","false"
"numerosity_discrimination","3","267","262","9","14","0.6429","j","322","<div style=""width:100vw;height:100vh;background-color:black;""></div>","j","html-keyboard-response","1355","2.0.0","1021676","163411","testolin2020_replication","2025-11-21T08:56:24.537Z","20-27 inch desktop monitor","1920","1080","958","952","1","20","Nov 21 12:55 AM","true"
"numerosity_discrimination","3","268","269","9","14","0.6429","j","190","<div style=""width:100vw;height:100vh;background-color:black;""></div>","j","html-keyboard-response","1360","2.0.0","1024526","163411","testolin2020_replication","2025-11-21T08:56:24.537Z","20-27 inch desktop monitor","1920","1080","958","952","1","20","Nov 21 12:55 AM","true"
"numerosity_discrimination","3","269","252","18","28","0.6429","j","489","<div style=""width:100vw;height:100vh;background-color:black;""></div>","f","html-keyboard-response","1365","2.0.0","1027334","163411","testolin2020_replication","2025-11-21T08:56:24.537Z","20-27 inch desktop monitor","1920","1080","958","952","1","20","Nov 21 12:55 AM","false"
"numerosity_discrimination","3","270","130","22","28","0.7857","j","726","<div style=""width:100vw;height:100vh;background-color:black;""></div>","j","html-keyboard-response","1370","2.0.0","1030384","163411","testolin2020_replication","2025-11-21T08:56:24.537Z","20-27 inch desktop monitor","1920","1080","958","952","1","20","Nov 21 12:55 AM","true"
"numerosity_discrimination","3","271","1","9","8","0.8889","j","265","<div style=""width:100vw;height:100vh;background-color:black;""></div>","f","html-keyboard-response","1375","2.0.0","1033273","163411","testolin2020_replication","2025-11-21T08:56:24.537Z","20-27 inch desktop monitor","1920","1080","958","952","1","20","Nov 21 12:55 AM","false"
"numerosity_discrimination","3","272","255","18","28","0.6429","j","343","<div style=""width:100vw;height:100vh;background-color:black;""></div>","j","html-keyboard-response","1380","2.0.0","1036194","163411","testolin2020_replication","2025-11-21T08:56:24.537Z","20-27 inch desktop monitor","1920","1080","958","952","1","20","Nov 21 12:55 AM","true"
"numerosity_discrimination","3","273","40","10","12","0.8333","j","77","<div style=""width:100vw;height:100vh;background-color:black;""></div>","f","html-keyboard-response","1385","2.0.0","1038894","163411","testolin2020_replication","2025-11-21T08:56:24.537Z","20-27 inch desktop monitor","1920","1080","958","952","1","20","Nov 21 12:55 AM","false"
"numerosity_discrimination","3","274","277","20","10","0.5","j","462","<div style=""width:100vw;height:100vh;background-color:black;""></div>","j","html-keyboard-response","1390","2.0.0","1041703","163411","testolin2020_replication","2025-11-21T08:56:24.537Z","20-27 inch desktop monitor","1920","1080","958","952","1","20","Nov 21 12:55 AM","true"
"numerosity_discrimination","3","275","73","14","12","0.8571","j","452","<div style=""width:100vw;height:100vh;background-color:black;""></div>","f","html-keyboard-response","1395","2.0.0","1044432","163411","testolin2020_replication","2025-11-21T08:56:24.537Z","20-27 inch desktop monitor","1920","1080","958","952","1","20","Nov 21 12:55 AM","false"
"numerosity_discrimination","3","276","81","16","18","0.8889","j","3233","<div style=""width:100vw;height:100vh;background-color:black;""></div>","f","html-keyboard-response","1400","2.0.0","1050272","163411","testolin2020_replication","2025-11-21T08:56:24.537Z","20-27 inch desktop monitor","1920","1080","958","952","1","20","Nov 21 12:55 AM","false"
"numerosity_discrimination","3","277","169","18","25","0.72","j","567","<div style=""width:100vw;height:100vh;background-color:black;""></div>","j","html-keyboard-response","1405","2.0.0","1053332","163411","testolin2020_replication","2025-11-21T08:56:24.537Z","20-27 inch desktop monitor","1920","1080","958","952","1","20","Nov 21 12:55 AM","true"
"numerosity_discrimination","3","278","296","9","16","0.5625","j","123","<div style=""width:100vw;height:100vh;background-color:black;""></div>","f","html-keyboard-response","1410","2.0.0","1056092","163411","testolin2020_replication","2025-11-21T08:56:24.537Z","20-27 inch desktop monitor","1920","1080","958","952","1","20","Nov 21 12:55 AM","false"
"numerosity_discrimination","3","279","25","11","9","0.8182","j","489","<div style=""width:100vw;height:100vh;background-color:black;""></div>","f","html-keyboard-response","1415","2.0.0","1058811","163411","testolin2020_replication","2025-11-21T08:56:24.537Z","20-27 inch desktop monitor","1920","1080","958","952","1","20","Nov 21 12:55 AM","false"
"numerosity_discrimination","3","280","289","22","12","0.5455","j","997","<div style=""width:100vw;height:100vh;background-color:black;""></div>","j","html-keyboard-response","1420","2.0.0","1062052","163411","testolin2020_replication","2025-11-21T08:56:24.537Z","20-27 inch desktop monitor","1920","1080","958","952","1","20","Nov 21 12:55 AM","true"
"numerosity_discrimination","3","281","33","8","9","0.8889","j","507","<div style=""width:100vw;height:100vh;background-color:black;""></div>","f","html-keyboard-response","1425","2.0.0","1064821","163411","testolin2020_replication","2025-11-21T08:56:24.537Z","20-27 inch desktop monitor","1920","1080","958","952","1","20","Nov 21 12:55 AM","false"
"numerosity_discrimination","3","282","43","11","9","0.8182","j","489","<div style=""width:100vw;height:100vh;background-color:black;""></div>","j","html-keyboard-response","1430","2.0.0","1067682","163411","testolin2020_replication","2025-11-21T08:56:24.537Z","20-27 inch desktop monitor","1920","1080","958","952","1","20","Nov 21 12:55 AM","true"
"numerosity_discrimination","3","283","147","8","11","0.7273","j","356","<div style=""width:100vw;height:100vh;background-color:black;""></div>","f","html-keyboard-response","1435","2.0.0","1070484","163411","testolin2020_replication","2025-11-21T08:56:24.537Z","20-27 inch desktop monitor","1920","1080","958","952","1","20","Nov 21 12:55 AM","false"
"numerosity_discrimination","3","284","98","25","28","0.8929","j","402","<div style=""width:100vw;height:100vh;background-color:black;""></div>","j","html-keyboard-response","1440","2.0.0","1073202","163411","testolin2020_replication","2025-11-21T08:56:24.537Z","20-27 inch desktop monitor","1920","1080","958","952","1","20","Nov 21 12:55 AM","true"
"numerosity_discrimination","3","285","39","20","16","0.8","j","479","<div style=""width:100vw;height:100vh;background-color:black;""></div>","f","html-keyboard-response","1445","2.0.0","1076182","163411","testolin2020_replication","2025-11-21T08:56:24.537Z","20-27 inch desktop monitor","1920","1080","958","952","1","20","Nov 21 12:55 AM","false"
"numerosity_discrimination","3","286","115","25","28","0.8929","j","3497","<div style=""width:100vw;height:100vh;background-color:black;""></div>","f","html-keyboard-response","1450","2.0.0","1082032","163411","testolin2020_replication","2025-11-21T08:56:24.537Z","20-27 inch desktop monitor","1920","1080","958","952","1","20","Nov 21 12:55 AM","false"
"numerosity_discrimination","3","287","80","16","18","0.8889","j","374","<div style=""width:100vw;height:100vh;background-color:black;""></div>","j","html-keyboard-response","1455","2.0.0","1085022","163411","testolin2020_replication","2025-11-21T08:56:24.537Z","20-27 inch desktop monitor","1920","1080","958","952","1","20","Nov 21 12:55 AM","true"
"numerosity_discrimination","3","288","144","28","20","0.7143","j","3420","<div style=""width:100vw;height:100vh;background-color:black;""></div>","f","html-keyboard-response","1460","2.0.0","1090842","163411","testolin2020_replication","2025-11-21T08:56:24.537Z","20-27 inch desktop monitor","1920","1080","958","952","1","20","Nov 21 12:55 AM","false"
"numerosity_discrimination","3","289","45","25","20","0.8","j","3250","<div style=""width:100vw;height:100vh;background-color:black;""></div>","j","html-keyboard-response","1465","2.0.0","1096502","163411","testolin2020_replication","2025-11-21T08:56:24.537Z","20-27 inch desktop monitor","1920","1080","958","952","1","20","Nov 21 12:55 AM","true"
"numerosity_discrimination","3","290","200","12","9","0.75","j","1954","<div style=""width:100vw;height:100vh;background-color:black;""></div>","j","html-keyboard-response","1470","2.0.0","1100820","163411","testolin2020_replication","2025-11-21T08:56:24.537Z","20-27 inch desktop monitor","1920","1080","958","952","1","20","Nov 21 12:55 AM","true"
"numerosity_discrimination","3","291","212","22","14","0.6364","j","88","<div style=""width:100vw;height:100vh;background-color:black;""></div>","f","html-keyboard-response","1475","2.0.0","1103109","163411","testolin2020_replication","2025-11-21T08:56:24.537Z","20-27 inch desktop monitor","1920","1080","958","952","1","20","Nov 21 12:55 AM","false"
"numerosity_discrimination","3","292","207","7","9","0.7778","j","355","<div style=""width:100vw;height:100vh;background-color:black;""></div>","j","html-keyboard-response","1480","2.0.0","1105880","163411","testolin2020_replication","2025-11-21T08:56:24.537Z","20-27 inch desktop monitor","1920","1080","958","952","1","20","Nov 21 12:55 AM","true"
"numerosity_discrimination","3","293","204","7","9","0.7778","j","244","<div style=""width:100vw;height:100vh;background-color:black;""></div>","f","html-keyboard-response","1485","2.0.0","1108480","163411","testolin2020_replication","2025-11-21T08:56:24.537Z","20-27 inch desktop monitor","1920","1080","958","952","1","20","Nov 21 12:55 AM","false"
"numerosity_discrimination","3","294","47","20","25","0.8","j","180","<div style=""width:100vw;height:100vh;background-color:black;""></div>","j","html-keyboard-response","1490","2.0.0","1111010","163411","testolin2020_replication","2025-11-21T08:56:24.537Z","20-27 inch desktop monitor","1920","1080","958","952","1","20","Nov 21 12:55 AM","true"
"numerosity_discrimination","3","295","206","9","7","0.7778","j","246","<div style=""width:100vw;height:100vh;background-color:black;""></div>","f","html-keyboard-response","1495","2.0.0","1113530","163411","testolin2020_replication","2025-11-21T08:56:24.537Z","20-27 inch desktop monitor","1920","1080","958","952","1","20","Nov 21 12:55 AM","false"
"numerosity_discrimination","3","296","91","12","14","0.8571","j","63","<div style=""width:100vw;height:100vh;background-color:black;""></div>","f","html-keyboard-response","1500","2.0.0","1116170","163411","testolin2020_replication","2025-11-21T08:56:24.537Z","20-27 inch desktop monitor","1920","1080","958","952","1","20","Nov 21 12:55 AM","false"
"numerosity_discrimination","3","297","263","22","14","0.6364","j","204","<div style=""width:100vw;height:100vh;background-color:black;""></div>","f","html-keyboard-response","1505","2.0.0","1118991","163411","testolin2020_replication","2025-11-21T08:56:24.537Z","20-27 inch desktop monitor","1920","1080","958","952","1","20","Nov 21 12:55 AM","false"
"numerosity_discrimination","3","298","110","7","8","0.875","j","569","<div style=""width:100vw;height:100vh;background-color:black;""></div>","j","html-keyboard-response","1510","2.0.0","1121839","163411","testolin2020_replication","2025-11-21T08:56:24.537Z","20-27 inch desktop monitor","1920","1080","958","952","1","20","Nov 21 12:55 AM","true"
"numerosity_discrimination","3","299","222","16","10","0.625","j","153","<div style=""width:100vw;height:100vh;background-color:black;""></div>","f","html-keyboard-response","1515","2.0.0","1124399","163411","testolin2020_replication","2025-11-21T08:56:24.537Z","20-27 inch desktop monitor","1920","1080","958","952","1","20","Nov 21 12:55 AM","false"
"numerosity_discrimination","3","300","143","20","28","0.7143","j","450","<div style=""width:100vw;height:100vh;background-color:black;""></div>","j","html-keyboard-response","1520","2.0.0","1127201","163411","testolin2020_replication","2025-11-21T08:56:24.537Z","20-27 inch desktop monitor","1920","1080","958","952","1","20","Nov 21 12:55 AM","true"
