"task","block","pair_order","pair_num","left_n","right_n","pair_ratio","correct_key","rt","stimulus","response","trial_type","trial_index","plugin_version","time_elapsed","participant_id","experiment","date","screen_size_category","screen_width_pixels","screen_height_pixels","window_width_pixels","window_height_pixels","pixel_ratio","participant_age","time_slot","correct"
"numerosity_discrimination","1","1","286","18","10","0.5556","j","1607","<div style=""width:100vw;height:100vh;background-color:black;""></div>","f","html-keyboard-response","21","2.0.0","264015","164842","testolin2020_replication","2025-11-26T19:31:38.633Z","17-19 inch laptop","1440","900","1326","739","1","23","Nov 28, 11:00PM","false"
"numerosity_discrimination","1","2","61","8","10","0.8","j","2347","<div style=""width:100vw;height:100vh;background-color:black;""></div>","f","html-keyboard-response","26","2.0.0","268533","164842","testolin2020_replication","2025-11-26T19:31:38.633Z","17-19 inch laptop","1440","900","1326","739","1","23","Nov 28, 11:00PM","false"
"numerosity_discrimination","1","3","271","20","11","0.55","j","1568","<div style=""width:100vw;height:100vh;background-color:black;""></div>","f","html-keyboard-response","31","2.0.0","272271","164842","testolin2020_replication","2025-11-26T19:31:38.633Z","17-19 inch laptop","1440","900","1326","739","1","23","Nov 28, 11:00PM","false"
"numerosity_discrimination","1","4","128","22","28","0.7857","j","1280","<div style=""width:100vw;height:100vh;background-color:black;""></div>","f","html-keyboard-response","36","2.0.0","275984","164842","testolin2020_replication","2025-11-26T19:31:38.633Z","17-19 inch laptop","1440","900","1326","739","1","23","Nov 28, 11:00PM","false"
"numerosity_discrimination","1","5","278","9","18","0.5","j","2022","<div style=""width:100vw;height:100vh;background-color:black;""></div>","j","html-keyboard-response","41","2.0.0","280485","164842","testolin2020_replication","2025-11-26T19:31:38.633Z","17-19 inch laptop","1440","900","1326","739","1","23","Nov 28, 11:00PM","true"
"numerosity_discrimination","1","6","51","10","12","0.8333","j","2547","<div style=""width:100vw;height:100vh;background-color:black;""></div>","f","html-keyboard-response","46","2.0.0","285649","164842","testolin2020_replication","2025-11-26T19:31:38.633Z","17-19 inch laptop","1440","900","1326","739","1","23","Nov 28, 11:00PM","false"
"numerosity_discrimination","1","7","188","9","12","0.75","j","3409","<div style=""width:100vw;height:100vh;background-color:black;""></div>","j","html-keyboard-response","51","2.0.0","291274","164842","testolin2020_replication","2025-11-26T19:31:38.633Z","17-19 inch laptop","1440","900","1326","739","1","23","Nov 28, 11:00PM","true"
"numerosity_discrimination","1","8","236","22","14","0.6364","j","1251","<div style=""width:100vw;height:100vh;background-color:black;""></div>","f","html-keyboard-response","56","2.0.0","294932","164842","testolin2020_replication","2025-11-26T19:31:38.633Z","17-19 inch laptop","1440","900","1326","739","1","23","Nov 28, 11:00PM","false"
"numerosity_discrimination","1","9","35","9","8","0.8889","j","1268","<div style=""width:100vw;height:100vh;background-color:black;""></div>","f","html-keyboard-response","61","2.0.0","298633","164842","testolin2020_replication","2025-11-26T19:31:38.633Z","17-19 inch laptop","1440","900","1326","739","1","23","Nov 28, 11:00PM","false"
"numerosity_discrimination","1","10","267","18","28","0.6429","j","1085","<div style=""width:100vw;height:100vh;background-color:black;""></div>","j","html-keyboard-response","66","2.0.0","302177","164842","testolin2020_replication","2025-11-26T19:31:38.633Z","17-19 inch laptop","1440","900","1326","739","1","23","Nov 28, 11:00PM","true"
"numerosity_discrimination","1","11","280","28","16","0.5714","j","678","<div style=""width:100vw;height:100vh;background-color:black;""></div>","f","html-keyboard-response","71","2.0.0","305408","164842","testolin2020_replication","2025-11-26T19:31:38.633Z","17-19 inch laptop","1440","900","1326","739","1","23","Nov 28, 11:00PM","false"
"numerosity_discrimination","1","12","279","20","11","0.55","j","429","<div style=""width:100vw;height:100vh;background-color:black;""></div>","f","html-keyboard-response","76","2.0.0","308017","164842","testolin2020_replication","2025-11-26T19:31:38.633Z","17-19 inch laptop","1440","900","1326","739","1","23","Nov 28, 11:00PM","false"
"numerosity_discrimination","1","13","167","9","12","0.75","j","2078","<div style=""width:100vw;height:100vh;background-color:black;""></div>","j","html-keyboard-response","81","2.0.0","312628","164842","testolin2020_replication","2025-11-26T19:31:38.633Z","17-19 inch laptop","1440","900","1326","739","1","23","Nov 28, 11:00PM","true"
"numerosity_discrimination","1","14","9","9","8","0.8889","j","541","<div style=""width:100vw;height:100vh;background-color:black;""></div>","f","html-keyboard-response","86","2.0.0","315813","164842","testolin2020_replication","2025-11-26T19:31:38.633Z","17-19 inch laptop","1440","900","1326","739","1","23","Nov 28, 11:00PM","false"
"numerosity_discrimination","1","15","202","9","7","0.7778","j","233","<div style=""width:100vw;height:100vh;background-color:black;""></div>","f","html-keyboard-response","91","2.0.0","318243","164842","testolin2020_replication","2025-11-26T19:31:38.633Z","17-19 inch laptop","1440","900","1326","739","1","23","Nov 28, 11:00PM","false"
"numerosity_discrimination","1","16","272","10","20","0.5","j","762","<div style=""width:100vw;height:100vh;background-color:black;""></div>","j","html-keyboard-response","96","2.0.0","321515","164842","testolin2020_replication","2025-11-26T19:31:38.633Z","17-19 inch laptop","1440","900","1326","739","1","23","Nov 28, 11:00PM","true"
"numerosity_discrimination","1","17","235","14","9","0.6429","j","540","<div style=""width:100vw;height:100vh;background-color:black;""></div>","f","html-keyboard-response","101","2.0.0","324445","164842","testolin2020_replication","2025-11-26T19:31:38.633Z","17-19 inch laptop","1440","900","1326","739","1","23","Nov 28, 11:00PM","false"
"numerosity_discrimination","1","18","67","11","9","0.8182","j","1248","<div style=""width:100vw;height:100vh;background-color:black;""></div>","f","html-keyboard-response","106","2.0.0","328051","164842","testolin2020_replication","2025-11-26T19:31:38.633Z","17-19 inch laptop","1440","900","1326","739","1","23","Nov 28, 11:00PM","false"
"numerosity_discrimination","1","19","160","12","16","0.75","j","2610","<div style=""width:100vw;height:100vh;background-color:black;""></div>","j","html-keyboard-response","111","2.0.0","333301","164842","testolin2020_replication","2025-11-26T19:31:38.633Z","17-19 inch laptop","1440","900","1326","739","1","23","Nov 28, 11:00PM","true"
"numerosity_discrimination","1","20","31","28","25","0.8929","j","405","<div style=""width:100vw;height:100vh;background-color:black;""></div>","f","html-keyboard-response","116","2.0.0","336069","164842","testolin2020_replication","2025-11-26T19:31:38.633Z","17-19 inch laptop","1440","900","1326","739","1","23","Nov 28, 11:00PM","false"
"numerosity_discrimination","1","21","213","18","11","0.6111","j","297","<div style=""width:100vw;height:100vh;background-color:black;""></div>","f","html-keyboard-response","121","2.0.0","339003","164842","testolin2020_replication","2025-11-26T19:31:38.633Z","17-19 inch laptop","1440","900","1326","739","1","23","Nov 28, 11:00PM","false"
"numerosity_discrimination","1","22","193","25","18","0.72","j","43","<div style=""width:100vw;height:100vh;background-color:black;""></div>","f","html-keyboard-response","126","2.0.0","341704","164842","testolin2020_replication","2025-11-26T19:31:38.633Z","17-19 inch laptop","1440","900","1326","739","1","23","Nov 28, 11:00PM","false"
"numerosity_discrimination","1","23","105","28","25","0.8929","j","117","<div style=""width:100vw;height:100vh;background-color:black;""></div>","f","html-keyboard-response","131","2.0.0","344313","164842","testolin2020_replication","2025-11-26T19:31:38.633Z","17-19 inch laptop","1440","900","1326","739","1","23","Nov 28, 11:00PM","false"
"numerosity_discrimination","1","24","158","18","14","0.7778","j","298","<div style=""width:100vw;height:100vh;background-color:black;""></div>","f","html-keyboard-response","136","2.0.0","346984","164842","testolin2020_replication","2025-11-26T19:31:38.633Z","17-19 inch laptop","1440","900","1326","739","1","23","Nov 28, 11:00PM","false"
"numerosity_discrimination","1","25","175","11","14","0.7857","j","314","<div style=""width:100vw;height:100vh;background-color:black;""></div>","f","html-keyboard-response","141","2.0.0","349709","164842","testolin2020_replication","2025-11-26T19:31:38.633Z","17-19 inch laptop","1440","900","1326","739","1","23","Nov 28, 11:00PM","false"
"numerosity_discrimination","1","26","254","20","12","0.6","j","94","<div style=""width:100vw;height:100vh;background-color:black;""></div>","f","html-keyboard-response","146","2.0.0","352106","164842","testolin2020_replication","2025-11-26T19:31:38.633Z","17-19 inch laptop","1440","900","1326","739","1","23","Nov 28, 11:00PM","false"
"numerosity_discrimination","1","27","221","16","10","0.625","j","54","<div style=""width:100vw;height:100vh;background-color:black;""></div>","f","html-keyboard-response","151","2.0.0","354533","164842","testolin2020_replication","2025-11-26T19:31:38.633Z","17-19 inch laptop","1440","900","1326","739","1","23","Nov 28, 11:00PM","false"
"numerosity_discrimination","1","28","55","18","16","0.8889","j","5677","<div style=""width:100vw;height:100vh;background-color:black;""></div>","f","html-keyboard-response","156","2.0.0","362707","164842","testolin2020_replication","2025-11-26T19:31:38.633Z","17-19 inch laptop","1440","900","1326","739","1","23","Nov 28, 11:00PM","false"
"numerosity_discrimination","1","29","120","14","12","0.8571","j","295","<div style=""width:100vw;height:100vh;background-color:black;""></div>","f","html-keyboard-response","161","2.0.0","365240","164842","testolin2020_replication","2025-11-26T19:31:38.633Z","17-19 inch laptop","1440","900","1326","739","1","23","Nov 28, 11:00PM","false"
"numerosity_discrimination","1","30","89","11","9","0.8182","j","368","<div style=""width:100vw;height:100vh;background-color:black;""></div>","f","html-keyboard-response","166","2.0.0","367812","164842","testolin2020_replication","2025-11-26T19:31:38.633Z","17-19 inch laptop","1440","900","1326","739","1","23","Nov 28, 11:00PM","false"
"numerosity_discrimination","1","31","108","8","9","0.8889","j","603","<div style=""width:100vw;height:100vh;background-color:black;""></div>","f","html-keyboard-response","171","2.0.0","371002","164842","testolin2020_replication","2025-11-26T19:31:38.633Z","17-19 inch laptop","1440","900","1326","739","1","23","Nov 28, 11:00PM","false"
"numerosity_discrimination","1","32","23","11","9","0.8182","j","442","<div style=""width:100vw;height:100vh;background-color:black;""></div>","f","html-keyboard-response","176","2.0.0","373763","164842","testolin2020_replication","2025-11-26T19:31:38.633Z","17-19 inch laptop","1440","900","1326","739","1","23","Nov 28, 11:00PM","false"
"numerosity_discrimination","1","33","48","14","16","0.875","j","497","<div style=""width:100vw;height:100vh;background-color:black;""></div>","f","html-keyboard-response","181","2.0.0","376423","164842","testolin2020_replication","2025-11-26T19:31:38.633Z","17-19 inch laptop","1440","900","1326","739","1","23","Nov 28, 11:00PM","false"
"numerosity_discrimination","1","34","177","8","11","0.7273","j","350","<div style=""width:100vw;height:100vh;background-color:black;""></div>","f","html-keyboard-response","186","2.0.0","379163","164842","testolin2020_replication","2025-11-26T19:31:38.633Z","17-19 inch laptop","1440","900","1326","739","1","23","Nov 28, 11:00PM","false"
"numerosity_discrimination","1","35","26","28","25","0.8929","j","87","<div style=""width:100vw;height:100vh;background-color:black;""></div>","f","html-keyboard-response","191","2.0.0","381556","164842","testolin2020_replication","2025-11-26T19:31:38.633Z","17-19 inch laptop","1440","900","1326","739","1","23","Nov 28, 11:00PM","false"
"numerosity_discrimination","1","36","166","20","14","0.7","j","42","<div style=""width:100vw;height:100vh;background-color:black;""></div>","f","html-keyboard-response","196","2.0.0","384046","164842","testolin2020_replication","2025-11-26T19:31:38.633Z","17-19 inch laptop","1440","900","1326","739","1","23","Nov 28, 11:00PM","false"
"numerosity_discrimination","1","37","261","28","18","0.6429","j","595","<div style=""width:100vw;height:100vh;background-color:black;""></div>","f","html-keyboard-response","201","2.0.0","387284","164842","testolin2020_replication","2025-11-26T19:31:38.633Z","17-19 inch laptop","1440","900","1326","739","1","23","Nov 28, 11:00PM","false"
"numerosity_discrimination","1","38","32","16","20","0.8","j","310","<div style=""width:100vw;height:100vh;background-color:black;""></div>","f","html-keyboard-response","206","2.0.0","389761","164842","testolin2020_replication","2025-11-26T19:31:38.633Z","17-19 inch laptop","1440","900","1326","739","1","23","Nov 28, 11:00PM","false"
"numerosity_discrimination","1","39","103","14","12","0.8571","j","372","<div style=""width:100vw;height:100vh;background-color:black;""></div>","f","html-keyboard-response","211","2.0.0","392686","164842","testolin2020_replication","2025-11-26T19:31:38.633Z","17-19 inch laptop","1440","900","1326","739","1","23","Nov 28, 11:00PM","false"
"numerosity_discrimination","1","40","197","12","16","0.75","j","449","<div style=""width:100vw;height:100vh;background-color:black;""></div>","f","html-keyboard-response","216","2.0.0","395447","164842","testolin2020_replication","2025-11-26T19:31:38.633Z","17-19 inch laptop","1440","900","1326","739","1","23","Nov 28, 11:00PM","false"
"numerosity_discrimination","1","41","268","18","11","0.6111","j","42","<div style=""width:100vw;height:100vh;background-color:black;""></div>","f","html-keyboard-response","221","2.0.0","397809","164842","testolin2020_replication","2025-11-26T19:31:38.633Z","17-19 inch laptop","1440","900","1326","739","1","23","Nov 28, 11:00PM","false"
"numerosity_discrimination","1","42","299","20","10","0.5","j","298","<div style=""width:100vw;height:100vh;background-color:black;""></div>","f","html-keyboard-response","226","2.0.0","400745","164842","testolin2020_replication","2025-11-26T19:31:38.633Z","17-19 inch laptop","1440","900","1326","739","1","23","Nov 28, 11:00PM","false"
"numerosity_discrimination","1","43","179","22","16","0.7273","j","120","<div style=""width:100vw;height:100vh;background-color:black;""></div>","f","html-keyboard-response","231","2.0.0","403299","164842","testolin2020_replication","2025-11-26T19:31:38.633Z","17-19 inch laptop","1440","900","1326","739","1","23","Nov 28, 11:00PM","false"
"numerosity_discrimination","1","44","203","11","8","0.7273","j","3112","<div style=""width:100vw;height:100vh;background-color:black;""></div>","f","html-keyboard-response","236","2.0.0","408904","164842","testolin2020_replication","2025-11-26T19:31:38.633Z","17-19 inch laptop","1440","900","1326","739","1","23","Nov 28, 11:00PM","false"
"numerosity_discrimination","1","45","245","10","16","0.625","j","243","<div style=""width:100vw;height:100vh;background-color:black;""></div>","f","html-keyboard-response","241","2.0.0","411637","164842","testolin2020_replication","2025-11-26T19:31:38.633Z","17-19 inch laptop","1440","900","1326","739","1","23","Nov 28, 11:00PM","false"
"numerosity_discrimination","1","46","34","16","18","0.8889","j","664","<div style=""width:100vw;height:100vh;background-color:black;""></div>","f","html-keyboard-response","246","2.0.0","414774","164842","testolin2020_replication","2025-11-26T19:31:38.633Z","17-19 inch laptop","1440","900","1326","739","1","23","Nov 28, 11:00PM","false"
"numerosity_discrimination","1","47","164","20","14","0.7","j","1210","<div style=""width:100vw;height:100vh;background-color:black;""></div>","f","html-keyboard-response","251","2.0.0","418224","164842","testolin2020_replication","2025-11-26T19:31:38.633Z","17-19 inch laptop","1440","900","1326","739","1","23","Nov 28, 11:00PM","false"
"numerosity_discrimination","1","48","186","22","28","0.7857","j","1184","<div style=""width:100vw;height:100vh;background-color:black;""></div>","j","html-keyboard-response","256","2.0.0","422033","164842","testolin2020_replication","2025-11-26T19:31:38.633Z","17-19 inch laptop","1440","900","1326","739","1","23","Nov 28, 11:00PM","true"
"numerosity_discrimination","1","49","19","18","22","0.8182","j","1354","<div style=""width:100vw;height:100vh;background-color:black;""></div>","f","html-keyboard-response","261","2.0.0","425932","164842","testolin2020_replication","2025-11-26T19:31:38.633Z","17-19 inch laptop","1440","900","1326","739","1","23","Nov 28, 11:00PM","false"
"numerosity_discrimination","1","50","22","16","20","0.8","j","663","<div style=""width:100vw;height:100vh;background-color:black;""></div>","f","html-keyboard-response","266","2.0.0","428983","164842","testolin2020_replication","2025-11-26T19:31:38.633Z","17-19 inch laptop","1440","900","1326","739","1","23","Nov 28, 11:00PM","false"
"numerosity_discrimination","1","51","285","11","22","0.5","j","440","<div style=""width:100vw;height:100vh;background-color:black;""></div>","f","html-keyboard-response","271","2.0.0","431945","164842","testolin2020_replication","2025-11-26T19:31:38.633Z","17-19 inch laptop","1440","900","1326","739","1","23","Nov 28, 11:00PM","false"
"numerosity_discrimination","1","52","54","22","18","0.8182","j","246","<div style=""width:100vw;height:100vh;background-color:black;""></div>","f","html-keyboard-response","276","2.0.0","434518","164842","testolin2020_replication","2025-11-26T19:31:38.633Z","17-19 inch laptop","1440","900","1326","739","1","23","Nov 28, 11:00PM","false"
"numerosity_discrimination","1","53","238","20","12","0.6","j","201","<div style=""width:100vw;height:100vh;background-color:black;""></div>","f","html-keyboard-response","281","2.0.0","437236","164842","testolin2020_replication","2025-11-26T19:31:38.633Z","17-19 inch laptop","1440","900","1326","739","1","23","Nov 28, 11:00PM","false"
"numerosity_discrimination","1","54","124","16","12","0.75","j","44201","<div style=""width:100vw;height:100vh;background-color:black;""></div>","f","html-keyboard-response","286","2.0.0","483883","164842","testolin2020_replication","2025-11-26T19:31:38.633Z","17-19 inch laptop","1440","900","1326","739","1","23","Nov 28, 11:00PM","false"
"numerosity_discrimination","1","55","18","14","12","0.8571","j","518","<div style=""width:100vw;height:100vh;background-color:black;""></div>","f","html-keyboard-response","291","2.0.0","486941","164842","testolin2020_replication","2025-11-26T19:31:38.633Z","17-19 inch laptop","1440","900","1326","739","1","23","Nov 28, 11:00PM","false"
"numerosity_discrimination","1","56","173","25","18","0.72","j","527","<div style=""width:100vw;height:100vh;background-color:black;""></div>","f","html-keyboard-response","296","2.0.0","489849","164842","testolin2020_replication","2025-11-26T19:31:38.633Z","17-19 inch laptop","1440","900","1326","739","1","23","Nov 28, 11:00PM","false"
"numerosity_discrimination","1","57","63","9","8","0.8889","j","501","<div style=""width:100vw;height:100vh;background-color:black;""></div>","f","html-keyboard-response","301","2.0.0","492614","164842","testolin2020_replication","2025-11-26T19:31:38.633Z","17-19 inch laptop","1440","900","1326","739","1","23","Nov 28, 11:00PM","false"
"numerosity_discrimination","1","58","159","20","28","0.7143","j","42","<div style=""width:100vw;height:100vh;background-color:black;""></div>","f","html-keyboard-response","306","2.0.0","495044","164842","testolin2020_replication","2025-11-26T19:31:38.633Z","17-19 inch laptop","1440","900","1326","739","1","23","Nov 28, 11:00PM","false"
"numerosity_discrimination","1","59","265","18","28","0.6429","j","63","<div style=""width:100vw;height:100vh;background-color:black;""></div>","f","html-keyboard-response","311","2.0.0","497603","164842","testolin2020_replication","2025-11-26T19:31:38.633Z","17-19 inch laptop","1440","900","1326","739","1","23","Nov 28, 11:00PM","false"
"numerosity_discrimination","1","60","17","12","14","0.8571","j","93","<div style=""width:100vw;height:100vh;background-color:black;""></div>","f","html-keyboard-response","316","2.0.0","500117","164842","testolin2020_replication","2025-11-26T19:31:38.633Z","17-19 inch laptop","1440","900","1326","739","1","23","Nov 28, 11:00PM","false"
"numerosity_discrimination","1","61","140","11","8","0.7273","j","329","<div style=""width:100vw;height:100vh;background-color:black;""></div>","f","html-keyboard-response","321","2.0.0","503043","164842","testolin2020_replication","2025-11-26T19:31:38.633Z","17-19 inch laptop","1440","900","1326","739","1","23","Nov 28, 11:00PM","false"
"numerosity_discrimination","1","62","208","9","7","0.7778","j","432","<div style=""width:100vw;height:100vh;background-color:black;""></div>","f","html-keyboard-response","326","2.0.0","505833","164842","testolin2020_replication","2025-11-26T19:31:38.633Z","17-19 inch laptop","1440","900","1326","739","1","23","Nov 28, 11:00PM","false"
"numerosity_discrimination","1","63","53","18","22","0.8182","j","32","<div style=""width:100vw;height:100vh;background-color:black;""></div>","f","html-keyboard-response","331","2.0.0","508490","164842","testolin2020_replication","2025-11-26T19:31:38.633Z","17-19 inch laptop","1440","900","1326","739","1","23","Nov 28, 11:00PM","false"
"numerosity_discrimination","1","64","126","9","7","0.7778","j","898","<div style=""width:100vw;height:100vh;background-color:black;""></div>","f","html-keyboard-response","336","2.0.0","511920","164842","testolin2020_replication","2025-11-26T19:31:38.633Z","17-19 inch laptop","1440","900","1326","739","1","23","Nov 28, 11:00PM","false"
"numerosity_discrimination","1","65","88","12","10","0.8333","j","507","<div style=""width:100vw;height:100vh;background-color:black;""></div>","f","html-keyboard-response","341","2.0.0","514658","164842","testolin2020_replication","2025-11-26T19:31:38.633Z","17-19 inch laptop","1440","900","1326","739","1","23","Nov 28, 11:00PM","false"
"numerosity_discrimination","1","66","116","28","25","0.8929","j","527","<div style=""width:100vw;height:100vh;background-color:black;""></div>","f","html-keyboard-response","346","2.0.0","517687","164842","testolin2020_replication","2025-11-26T19:31:38.633Z","17-19 inch laptop","1440","900","1326","739","1","23","Nov 28, 11:00PM","false"
"numerosity_discrimination","1","67","4","12","14","0.8571","j","857","<div style=""width:100vw;height:100vh;background-color:black;""></div>","f","html-keyboard-response","351","2.0.0","520879","164842","testolin2020_replication","2025-11-26T19:31:38.633Z","17-19 inch laptop","1440","900","1326","739","1","23","Nov 28, 11:00PM","false"
"numerosity_discrimination","1","68","287","25","14","0.56","j","765","<div style=""width:100vw;height:100vh;background-color:black;""></div>","f","html-keyboard-response","356","2.0.0","523983","164842","testolin2020_replication","2025-11-26T19:31:38.633Z","17-19 inch laptop","1440","900","1326","739","1","23","Nov 28, 11:00PM","false"
"numerosity_discrimination","1","69","119","12","10","0.8333","j","1011","<div style=""width:100vw;height:100vh;background-color:black;""></div>","f","html-keyboard-response","361","2.0.0","527551","164842","testolin2020_replication","2025-11-26T19:31:38.633Z","17-19 inch laptop","1440","900","1326","739","1","23","Nov 28, 11:00PM","false"
"numerosity_discrimination","1","70","122","8","11","0.7273","j","630","<div style=""width:100vw;height:100vh;background-color:black;""></div>","j","html-keyboard-response","366","2.0.0","530740","164842","testolin2020_replication","2025-11-26T19:31:38.633Z","17-19 inch laptop","1440","900","1326","739","1","23","Nov 28, 11:00PM","true"
"numerosity_discrimination","1","71","194","7","9","0.7778","j","1144","<div style=""width:100vw;height:100vh;background-color:black;""></div>","f","html-keyboard-response","371","2.0.0","534133","164842","testolin2020_replication","2025-11-26T19:31:38.633Z","17-19 inch laptop","1440","900","1326","739","1","23","Nov 28, 11:00PM","false"
"numerosity_discrimination","1","72","75","12","14","0.8571","j","494","<div style=""width:100vw;height:100vh;background-color:black;""></div>","f","html-keyboard-response","376","2.0.0","536846","164842","testolin2020_replication","2025-11-26T19:31:38.633Z","17-19 inch laptop","1440","900","1326","739","1","23","Nov 28, 11:00PM","false"
"numerosity_discrimination","1","73","150","16","22","0.7273","j","550","<div style=""width:100vw;height:100vh;background-color:black;""></div>","j","html-keyboard-response","381","2.0.0","539758","164842","testolin2020_replication","2025-11-26T19:31:38.633Z","17-19 inch laptop","1440","900","1326","739","1","23","Nov 28, 11:00PM","true"
"numerosity_discrimination","1","74","70","18","16","0.8889","j","753","<div style=""width:100vw;height:100vh;background-color:black;""></div>","f","html-keyboard-response","386","2.0.0","543109","164842","testolin2020_replication","2025-11-26T19:31:38.633Z","17-19 inch laptop","1440","900","1326","739","1","23","Nov 28, 11:00PM","false"
"numerosity_discrimination","1","75","187","18","14","0.7778","j","577","<div style=""width:100vw;height:100vh;background-color:black;""></div>","f","html-keyboard-response","391","2.0.0","546210","164842","testolin2020_replication","2025-11-26T19:31:38.633Z","17-19 inch laptop","1440","900","1326","739","1","23","Nov 28, 11:00PM","false"
"numerosity_discrimination","1","76","275","14","7","0.5","j","416","<div style=""width:100vw;height:100vh;background-color:black;""></div>","f","html-keyboard-response","396","2.0.0","549056","164842","testolin2020_replication","2025-11-26T19:31:38.633Z","17-19 inch laptop","1440","900","1326","739","1","23","Nov 28, 11:00PM","false"
"numerosity_discrimination","1","77","192","22","28","0.7857","j","518","<div style=""width:100vw;height:100vh;background-color:black;""></div>","j","html-keyboard-response","401","2.0.0","551858","164842","testolin2020_replication","2025-11-26T19:31:38.633Z","17-19 inch laptop","1440","900","1326","739","1","23","Nov 28, 11:00PM","true"
"numerosity_discrimination","1","78","225","14","22","0.6364","j","1862","<div style=""width:100vw;height:100vh;background-color:black;""></div>","f","html-keyboard-response","406","2.0.0","556078","164842","testolin2020_replication","2025-11-26T19:31:38.633Z","17-19 inch laptop","1440","900","1326","739","1","23","Nov 28, 11:00PM","false"
"numerosity_discrimination","1","79","59","14","12","0.8571","j","1099","<div style=""width:100vw;height:100vh;background-color:black;""></div>","f","html-keyboard-response","411","2.0.0","559774","164842","testolin2020_replication","2025-11-26T19:31:38.633Z","17-19 inch laptop","1440","900","1326","739","1","23","Nov 28, 11:00PM","false"
"numerosity_discrimination","1","80","239","22","14","0.6364","j","310","<div style=""width:100vw;height:100vh;background-color:black;""></div>","f","html-keyboard-response","416","2.0.0","562653","164842","testolin2020_replication","2025-11-26T19:31:38.633Z","17-19 inch laptop","1440","900","1326","739","1","23","Nov 28, 11:00PM","false"
"numerosity_discrimination","1","81","226","14","9","0.6429","j","1010","<div style=""width:100vw;height:100vh;background-color:black;""></div>","f","html-keyboard-response","421","2.0.0","566008","164842","testolin2020_replication","2025-11-26T19:31:38.633Z","17-19 inch laptop","1440","900","1326","739","1","23","Nov 28, 11:00PM","false"
"numerosity_discrimination","1","82","259","18","11","0.6111","j","584","<div style=""width:100vw;height:100vh;background-color:black;""></div>","f","html-keyboard-response","426","2.0.0","569169","164842","testolin2020_replication","2025-11-26T19:31:38.633Z","17-19 inch laptop","1440","900","1326","739","1","23","Nov 28, 11:00PM","false"
"numerosity_discrimination","1","83","184","18","14","0.7778","j","486","<div style=""width:100vw;height:100vh;background-color:black;""></div>","f","html-keyboard-response","431","2.0.0","572161","164842","testolin2020_replication","2025-11-26T19:31:38.633Z","17-19 inch laptop","1440","900","1326","739","1","23","Nov 28, 11:00PM","false"
"numerosity_discrimination","1","84","100","28","25","0.8929","j","285","<div style=""width:100vw;height:100vh;background-color:black;""></div>","f","html-keyboard-response","436","2.0.0","574871","164842","testolin2020_replication","2025-11-26T19:31:38.633Z","17-19 inch laptop","1440","900","1326","739","1","23","Nov 28, 11:00PM","false"
"numerosity_discrimination","1","85","38","14","16","0.875","j","459","<div style=""width:100vw;height:100vh;background-color:black;""></div>","f","html-keyboard-response","441","2.0.0","577939","164842","testolin2020_replication","2025-11-26T19:31:38.633Z","17-19 inch laptop","1440","900","1326","739","1","23","Nov 28, 11:00PM","false"
"numerosity_discrimination","1","86","109","12","14","0.8571","j","490","<div style=""width:100vw;height:100vh;background-color:black;""></div>","f","html-keyboard-response","446","2.0.0","580906","164842","testolin2020_replication","2025-11-26T19:31:38.633Z","17-19 inch laptop","1440","900","1326","739","1","23","Nov 28, 11:00PM","false"
"numerosity_discrimination","1","87","231","25","16","0.64","j","122","<div style=""width:100vw;height:100vh;background-color:black;""></div>","f","html-keyboard-response","451","2.0.0","583648","164842","testolin2020_replication","2025-11-26T19:31:38.633Z","17-19 inch laptop","1440","900","1326","739","1","23","Nov 28, 11:00PM","false"
"numerosity_discrimination","1","88","282","8","14","0.5714","j","1092","<div style=""width:100vw;height:100vh;background-color:black;""></div>","f","html-keyboard-response","456","2.0.0","587092","164842","testolin2020_replication","2025-11-26T19:31:38.633Z","17-19 inch laptop","1440","900","1326","739","1","23","Nov 28, 11:00PM","false"
"numerosity_discrimination","1","89","37","20","16","0.8","j","331","<div style=""width:100vw;height:100vh;background-color:black;""></div>","f","html-keyboard-response","461","2.0.0","589975","164842","testolin2020_replication","2025-11-26T19:31:38.633Z","17-19 inch laptop","1440","900","1326","739","1","23","Nov 28, 11:00PM","false"
"numerosity_discrimination","1","90","41","16","20","0.8","j","727","<div style=""width:100vw;height:100vh;background-color:black;""></div>","j","html-keyboard-response","466","2.0.0","593276","164842","testolin2020_replication","2025-11-26T19:31:38.633Z","17-19 inch laptop","1440","900","1326","739","1","23","Nov 28, 11:00PM","true"
"numerosity_discrimination","1","91","11","8","10","0.8","j","1525","<div style=""width:100vw;height:100vh;background-color:black;""></div>","j","html-keyboard-response","471","2.0.0","597010","164842","testolin2020_replication","2025-11-26T19:31:38.633Z","17-19 inch laptop","1440","900","1326","739","1","23","Nov 28, 11:00PM","true"
"numerosity_discrimination","1","92","163","18","14","0.7778","j","788","<div style=""width:100vw;height:100vh;background-color:black;""></div>","f","html-keyboard-response","476","2.0.0","600268","164842","testolin2020_replication","2025-11-26T19:31:38.633Z","17-19 inch laptop","1440","900","1326","739","1","23","Nov 28, 11:00PM","false"
"numerosity_discrimination","1","93","243","18","12","0.6667","j","362","<div style=""width:100vw;height:100vh;background-color:black;""></div>","f","html-keyboard-response","481","2.0.0","603097","164842","testolin2020_replication","2025-11-26T19:31:38.633Z","17-19 inch laptop","1440","900","1326","739","1","23","Nov 28, 11:00PM","false"
"numerosity_discrimination","1","94","290","12","22","0.5455","j","408","<div style=""width:100vw;height:100vh;background-color:black;""></div>","f","html-keyboard-response","486","2.0.0","605722","164842","testolin2020_replication","2025-11-26T19:31:38.633Z","17-19 inch laptop","1440","900","1326","739","1","23","Nov 28, 11:00PM","false"
"numerosity_discrimination","1","95","281","12","7","0.5833","j","1035","<div style=""width:100vw;height:100vh;background-color:black;""></div>","f","html-keyboard-response","491","2.0.0","609206","164842","testolin2020_replication","2025-11-26T19:31:38.633Z","17-19 inch laptop","1440","900","1326","739","1","23","Nov 28, 11:00PM","false"
"numerosity_discrimination","1","96","134","16","12","0.75","j","398","<div style=""width:100vw;height:100vh;background-color:black;""></div>","f","html-keyboard-response","496","2.0.0","612210","164842","testolin2020_replication","2025-11-26T19:31:38.633Z","17-19 inch laptop","1440","900","1326","739","1","23","Nov 28, 11:00PM","false"
"numerosity_discrimination","1","97","123","12","16","0.75","j","1574","<div style=""width:100vw;height:100vh;background-color:black;""></div>","f","html-keyboard-response","501","2.0.0","615991","164842","testolin2020_replication","2025-11-26T19:31:38.633Z","17-19 inch laptop","1440","900","1326","739","1","23","Nov 28, 11:00PM","false"
"numerosity_discrimination","1","98","274","18","9","0.5","j","356","<div style=""width:100vw;height:100vh;background-color:black;""></div>","f","html-keyboard-response","506","2.0.0","618644","164842","testolin2020_replication","2025-11-26T19:31:38.633Z","17-19 inch laptop","1440","900","1326","739","1","23","Nov 28, 11:00PM","false"
"numerosity_discrimination","1","99","112","28","25","0.8929","j","139","<div style=""width:100vw;height:100vh;background-color:black;""></div>","f","html-keyboard-response","511","2.0.0","621335","164842","testolin2020_replication","2025-11-26T19:31:38.633Z","17-19 inch laptop","1440","900","1326","739","1","23","Nov 28, 11:00PM","false"
"numerosity_discrimination","1","100","295","20","10","0.5","j","373","<div style=""width:100vw;height:100vh;background-color:black;""></div>","f","html-keyboard-response","516","2.0.0","624237","164842","testolin2020_replication","2025-11-26T19:31:38.633Z","17-19 inch laptop","1440","900","1326","739","1","23","Nov 28, 11:00PM","false"
"numerosity_discrimination","2","101","46","18","22","0.8182","j","1503","<div style=""width:100vw;height:100vh;background-color:black;""></div>","j","html-keyboard-response","523","2.0.0","671909","164842","testolin2020_replication","2025-11-26T19:31:38.633Z","17-19 inch laptop","1440","900","1326","739","1","23","Nov 28, 11:00PM","true"
"numerosity_discrimination","2","102","77","7","8","0.875","j","418","<div style=""width:100vw;height:100vh;background-color:black;""></div>","f","html-keyboard-response","528","2.0.0","674578","164842","testolin2020_replication","2025-11-26T19:31:38.633Z","17-19 inch laptop","1440","900","1326","739","1","23","Nov 28, 11:00PM","false"
"numerosity_discrimination","2","103","68","11","9","0.8182","j","355","<div style=""width:100vw;height:100vh;background-color:black;""></div>","f","html-keyboard-response","533","2.0.0","677233","164842","testolin2020_replication","2025-11-26T19:31:38.633Z","17-19 inch laptop","1440","900","1326","739","1","23","Nov 28, 11:00PM","false"
"numerosity_discrimination","2","104","178","14","11","0.7857","j","175","<div style=""width:100vw;height:100vh;background-color:black;""></div>","f","html-keyboard-response","538","2.0.0","680009","164842","testolin2020_replication","2025-11-26T19:31:38.633Z","17-19 inch laptop","1440","900","1326","739","1","23","Nov 28, 11:00PM","false"
"numerosity_discrimination","2","105","30","11","9","0.8182","j","338","<div style=""width:100vw;height:100vh;background-color:black;""></div>","f","html-keyboard-response","543","2.0.0","682704","164842","testolin2020_replication","2025-11-26T19:31:38.633Z","17-19 inch laptop","1440","900","1326","739","1","23","Nov 28, 11:00PM","false"
"numerosity_discrimination","2","106","86","22","25","0.88","j","79","<div style=""width:100vw;height:100vh;background-color:black;""></div>","f","html-keyboard-response","548","2.0.0","685329","164842","testolin2020_replication","2025-11-26T19:31:38.633Z","17-19 inch laptop","1440","900","1326","739","1","23","Nov 28, 11:00PM","false"
"numerosity_discrimination","2","107","244","8","12","0.6667","j","563","<div style=""width:100vw;height:100vh;background-color:black;""></div>","j","html-keyboard-response","553","2.0.0","688412","164842","testolin2020_replication","2025-11-26T19:31:38.633Z","17-19 inch laptop","1440","900","1326","739","1","23","Nov 28, 11:00PM","true"
"numerosity_discrimination","2","108","195","16","12","0.75","j","328","<div style=""width:100vw;height:100vh;background-color:black;""></div>","f","html-keyboard-response","558","2.0.0","690945","164842","testolin2020_replication","2025-11-26T19:31:38.633Z","17-19 inch laptop","1440","900","1326","739","1","23","Nov 28, 11:00PM","false"
"numerosity_discrimination","2","109","78","11","9","0.8182","j","102","<div style=""width:100vw;height:100vh;background-color:black;""></div>","f","html-keyboard-response","563","2.0.0","693577","164842","testolin2020_replication","2025-11-26T19:31:38.633Z","17-19 inch laptop","1440","900","1326","739","1","23","Nov 28, 11:00PM","false"
"numerosity_discrimination","2","110","6","16","18","0.8889","j","216","<div style=""width:100vw;height:100vh;background-color:black;""></div>","f","html-keyboard-response","568","2.0.0","696375","164842","testolin2020_replication","2025-11-26T19:31:38.633Z","17-19 inch laptop","1440","900","1326","739","1","23","Nov 28, 11:00PM","false"
"numerosity_discrimination","2","111","185","20","28","0.7143","j","179","<div style=""width:100vw;height:100vh;background-color:black;""></div>","f","html-keyboard-response","573","2.0.0","698991","164842","testolin2020_replication","2025-11-26T19:31:38.633Z","17-19 inch laptop","1440","900","1326","739","1","23","Nov 28, 11:00PM","false"
"numerosity_discrimination","2","112","148","25","18","0.72","j","393","<div style=""width:100vw;height:100vh;background-color:black;""></div>","f","html-keyboard-response","578","2.0.0","701650","164842","testolin2020_replication","2025-11-26T19:31:38.633Z","17-19 inch laptop","1440","900","1326","739","1","23","Nov 28, 11:00PM","false"
"numerosity_discrimination","2","113","157","7","10","0.7","j","974","<div style=""width:100vw;height:100vh;background-color:black;""></div>","f","html-keyboard-response","583","2.0.0","705235","164842","testolin2020_replication","2025-11-26T19:31:38.633Z","17-19 inch laptop","1440","900","1326","739","1","23","Nov 28, 11:00PM","false"
"numerosity_discrimination","2","114","141","20","14","0.7","j","510","<div style=""width:100vw;height:100vh;background-color:black;""></div>","f","html-keyboard-response","588","2.0.0","708102","164842","testolin2020_replication","2025-11-26T19:31:38.633Z","17-19 inch laptop","1440","900","1326","739","1","23","Nov 28, 11:00PM","false"
"numerosity_discrimination","2","115","253","22","14","0.6364","j","1172","<div style=""width:100vw;height:100vh;background-color:black;""></div>","f","html-keyboard-response","593","2.0.0","711535","164842","testolin2020_replication","2025-11-26T19:31:38.633Z","17-19 inch laptop","1440","900","1326","739","1","23","Nov 28, 11:00PM","false"
"numerosity_discrimination","2","116","214","20","12","0.6","j","419","<div style=""width:100vw;height:100vh;background-color:black;""></div>","f","html-keyboard-response","598","2.0.0","714455","164842","testolin2020_replication","2025-11-26T19:31:38.633Z","17-19 inch laptop","1440","900","1326","739","1","23","Nov 28, 11:00PM","false"
"numerosity_discrimination","2","117","102","8","7","0.875","j","1596","<div style=""width:100vw;height:100vh;background-color:black;""></div>","f","html-keyboard-response","603","2.0.0","718623","164842","testolin2020_replication","2025-11-26T19:31:38.633Z","17-19 inch laptop","1440","900","1326","739","1","23","Nov 28, 11:00PM","false"
"numerosity_discrimination","2","118","96","12","10","0.8333","j","744","<div style=""width:100vw;height:100vh;background-color:black;""></div>","f","html-keyboard-response","608","2.0.0","722024","164842","testolin2020_replication","2025-11-26T19:31:38.633Z","17-19 inch laptop","1440","900","1326","739","1","23","Nov 28, 11:00PM","false"
"numerosity_discrimination","2","119","220","28","18","0.6429","j","310","<div style=""width:100vw;height:100vh;background-color:black;""></div>","f","html-keyboard-response","613","2.0.0","724495","164842","testolin2020_replication","2025-11-26T19:31:38.633Z","17-19 inch laptop","1440","900","1326","739","1","23","Nov 28, 11:00PM","false"
"numerosity_discrimination","2","120","142","11","14","0.7857","j","987","<div style=""width:100vw;height:100vh;background-color:black;""></div>","f","html-keyboard-response","618","2.0.0","727970","164842","testolin2020_replication","2025-11-26T19:31:38.633Z","17-19 inch laptop","1440","900","1326","739","1","23","Nov 28, 11:00PM","false"
"numerosity_discrimination","2","121","183","14","20","0.7","j","588","<div style=""width:100vw;height:100vh;background-color:black;""></div>","j","html-keyboard-response","623","2.0.0","730728","164842","testolin2020_replication","2025-11-26T19:31:38.633Z","17-19 inch laptop","1440","900","1326","739","1","23","Nov 28, 11:00PM","true"
"numerosity_discrimination","2","122","291","11","20","0.55","j","339","<div style=""width:100vw;height:100vh;background-color:black;""></div>","j","html-keyboard-response","628","2.0.0","733401","164842","testolin2020_replication","2025-11-26T19:31:38.633Z","17-19 inch laptop","1440","900","1326","739","1","23","Nov 28, 11:00PM","true"
"numerosity_discrimination","2","123","248","22","14","0.6364","j","122","<div style=""width:100vw;height:100vh;background-color:black;""></div>","f","html-keyboard-response","633","2.0.0","735738","164842","testolin2020_replication","2025-11-26T19:31:38.633Z","17-19 inch laptop","1440","900","1326","739","1","23","Nov 28, 11:00PM","false"
"numerosity_discrimination","2","124","230","10","16","0.625","j","921","<div style=""width:100vw;height:100vh;background-color:black;""></div>","j","html-keyboard-response","638","2.0.0","739076","164842","testolin2020_replication","2025-11-26T19:31:38.633Z","17-19 inch laptop","1440","900","1326","739","1","23","Nov 28, 11:00PM","true"
"numerosity_discrimination","2","125","283","20","11","0.55","j","677","<div style=""width:100vw;height:100vh;background-color:black;""></div>","f","html-keyboard-response","643","2.0.0","742371","164842","testolin2020_replication","2025-11-26T19:31:38.633Z","17-19 inch laptop","1440","900","1326","739","1","23","Nov 28, 11:00PM","false"
"numerosity_discrimination","2","126","14","8","7","0.875","j","1676","<div style=""width:100vw;height:100vh;background-color:black;""></div>","f","html-keyboard-response","648","2.0.0","746702","164842","testolin2020_replication","2025-11-26T19:31:38.633Z","17-19 inch laptop","1440","900","1326","739","1","23","Nov 28, 11:00PM","false"
"numerosity_discrimination","2","127","297","18","10","0.5556","j","903","<div style=""width:100vw;height:100vh;background-color:black;""></div>","f","html-keyboard-response","653","2.0.0","749918","164842","testolin2020_replication","2025-11-26T19:31:38.633Z","17-19 inch laptop","1440","900","1326","739","1","23","Nov 28, 11:00PM","false"
"numerosity_discrimination","2","128","250","18","12","0.6667","j","674","<div style=""width:100vw;height:100vh;background-color:black;""></div>","f","html-keyboard-response","658","2.0.0","752921","164842","testolin2020_replication","2025-11-26T19:31:38.633Z","17-19 inch laptop","1440","900","1326","739","1","23","Nov 28, 11:00PM","false"
"numerosity_discrimination","2","129","79","16","18","0.8889","j","333","<div style=""width:100vw;height:100vh;background-color:black;""></div>","f","html-keyboard-response","663","2.0.0","755879","164842","testolin2020_replication","2025-11-26T19:31:38.633Z","17-19 inch laptop","1440","900","1326","739","1","23","Nov 28, 11:00PM","false"
"numerosity_discrimination","2","130","171","12","9","0.75","j","703","<div style=""width:100vw;height:100vh;background-color:black;""></div>","f","html-keyboard-response","668","2.0.0","759195","164842","testolin2020_replication","2025-11-26T19:31:38.633Z","17-19 inch laptop","1440","900","1326","739","1","23","Nov 28, 11:00PM","false"
"numerosity_discrimination","2","131","8","16","14","0.875","j","360","<div style=""width:100vw;height:100vh;background-color:black;""></div>","f","html-keyboard-response","673","2.0.0","761807","164842","testolin2020_replication","2025-11-26T19:31:38.633Z","17-19 inch laptop","1440","900","1326","739","1","23","Nov 28, 11:00PM","false"
"numerosity_discrimination","2","132","107","16","18","0.8889","j","713","<div style=""width:100vw;height:100vh;background-color:black;""></div>","f","html-keyboard-response","678","2.0.0","765044","164842","testolin2020_replication","2025-11-26T19:31:38.633Z","17-19 inch laptop","1440","900","1326","739","1","23","Nov 28, 11:00PM","false"
"numerosity_discrimination","2","133","99","22","18","0.8182","j","783","<div style=""width:100vw;height:100vh;background-color:black;""></div>","f","html-keyboard-response","683","2.0.0","768286","164842","testolin2020_replication","2025-11-26T19:31:38.633Z","17-19 inch laptop","1440","900","1326","739","1","23","Nov 28, 11:00PM","false"
"numerosity_discrimination","2","134","224","9","14","0.6429","j","669","<div style=""width:100vw;height:100vh;background-color:black;""></div>","f","html-keyboard-response","688","2.0.0","771325","164842","testolin2020_replication","2025-11-26T19:31:38.633Z","17-19 inch laptop","1440","900","1326","739","1","23","Nov 28, 11:00PM","false"
"numerosity_discrimination","2","135","151","9","7","0.7778","j","346","<div style=""width:100vw;height:100vh;background-color:black;""></div>","f","html-keyboard-response","693","2.0.0","774002","164842","testolin2020_replication","2025-11-26T19:31:38.633Z","17-19 inch laptop","1440","900","1326","739","1","23","Nov 28, 11:00PM","false"
"numerosity_discrimination","2","136","133","10","14","0.7143","j","760","<div style=""width:100vw;height:100vh;background-color:black;""></div>","f","html-keyboard-response","698","2.0.0","777411","164842","testolin2020_replication","2025-11-26T19:31:38.633Z","17-19 inch laptop","1440","900","1326","739","1","23","Nov 28, 11:00PM","false"
"numerosity_discrimination","2","137","258","14","22","0.6364","j","466","<div style=""width:100vw;height:100vh;background-color:black;""></div>","f","html-keyboard-response","703","2.0.0","780422","164842","testolin2020_replication","2025-11-26T19:31:38.633Z","17-19 inch laptop","1440","900","1326","739","1","23","Nov 28, 11:00PM","false"
"numerosity_discrimination","2","138","82","16","14","0.875","j","447","<div style=""width:100vw;height:100vh;background-color:black;""></div>","f","html-keyboard-response","708","2.0.0","783356","164842","testolin2020_replication","2025-11-26T19:31:38.633Z","17-19 inch laptop","1440","900","1326","739","1","23","Nov 28, 11:00PM","false"
"numerosity_discrimination","2","139","146","10","14","0.7143","j","3844","<div style=""width:100vw;height:100vh;background-color:black;""></div>","f","html-keyboard-response","713","2.0.0","789585","164842","testolin2020_replication","2025-11-26T19:31:38.633Z","17-19 inch laptop","1440","900","1326","739","1","23","Nov 28, 11:00PM","false"
"numerosity_discrimination","2","140","215","16","11","0.6875","j","605","<div style=""width:100vw;height:100vh;background-color:black;""></div>","f","html-keyboard-response","718","2.0.0","792591","164842","testolin2020_replication","2025-11-26T19:31:38.633Z","17-19 inch laptop","1440","900","1326","739","1","23","Nov 28, 11:00PM","false"
"numerosity_discrimination","2","141","209","9","7","0.7778","j","404","<div style=""width:100vw;height:100vh;background-color:black;""></div>","f","html-keyboard-response","723","2.0.0","795400","164842","testolin2020_replication","2025-11-26T19:31:38.633Z","17-19 inch laptop","1440","900","1326","739","1","23","Nov 28, 11:00PM","false"
"numerosity_discrimination","2","142","156","12","16","0.75","j","327","<div style=""width:100vw;height:100vh;background-color:black;""></div>","f","html-keyboard-response","728","2.0.0","798075","164842","testolin2020_replication","2025-11-26T19:31:38.633Z","17-19 inch laptop","1440","900","1326","739","1","23","Nov 28, 11:00PM","false"
"numerosity_discrimination","2","143","181","10","14","0.7143","j","334","<div style=""width:100vw;height:100vh;background-color:black;""></div>","f","html-keyboard-response","733","2.0.0","800747","164842","testolin2020_replication","2025-11-26T19:31:38.633Z","17-19 inch laptop","1440","900","1326","739","1","23","Nov 28, 11:00PM","false"
"numerosity_discrimination","2","144","270","14","22","0.6364","j","268","<div style=""width:100vw;height:100vh;background-color:black;""></div>","f","html-keyboard-response","738","2.0.0","803647","164842","testolin2020_replication","2025-11-26T19:31:38.633Z","17-19 inch laptop","1440","900","1326","739","1","23","Nov 28, 11:00PM","false"
"numerosity_discrimination","2","145","293","7","12","0.5833","j","913","<div style=""width:100vw;height:100vh;background-color:black;""></div>","f","html-keyboard-response","743","2.0.0","806911","164842","testolin2020_replication","2025-11-26T19:31:38.633Z","17-19 inch laptop","1440","900","1326","739","1","23","Nov 28, 11:00PM","false"
"numerosity_discrimination","2","146","154","11","14","0.7857","j","650","<div style=""width:100vw;height:100vh;background-color:black;""></div>","f","html-keyboard-response","748","2.0.0","809777","164842","testolin2020_replication","2025-11-26T19:31:38.633Z","17-19 inch laptop","1440","900","1326","739","1","23","Nov 28, 11:00PM","false"
"numerosity_discrimination","2","147","137","10","7","0.7","j","79","<div style=""width:100vw;height:100vh;background-color:black;""></div>","f","html-keyboard-response","753","2.0.0","812329","164842","testolin2020_replication","2025-11-26T19:31:38.633Z","17-19 inch laptop","1440","900","1326","739","1","23","Nov 28, 11:00PM","false"
"numerosity_discrimination","2","148","95","9","8","0.8889","j","352","<div style=""width:100vw;height:100vh;background-color:black;""></div>","f","html-keyboard-response","758","2.0.0","815177","164842","testolin2020_replication","2025-11-26T19:31:38.633Z","17-19 inch laptop","1440","900","1326","739","1","23","Nov 28, 11:00PM","false"
"numerosity_discrimination","2","149","240","20","12","0.6","j","597","<div style=""width:100vw;height:100vh;background-color:black;""></div>","f","html-keyboard-response","763","2.0.0","818156","164842","testolin2020_replication","2025-11-26T19:31:38.633Z","17-19 inch laptop","1440","900","1326","739","1","23","Nov 28, 11:00PM","false"
"numerosity_discrimination","2","150","191","28","20","0.7143","j","520","<div style=""width:100vw;height:100vh;background-color:black;""></div>","f","html-keyboard-response","768","2.0.0","821263","164842","testolin2020_replication","2025-11-26T19:31:38.633Z","17-19 inch laptop","1440","900","1326","739","1","23","Nov 28, 11:00PM","false"
"numerosity_discrimination","2","151","162","16","22","0.7273","j","313","<div style=""width:100vw;height:100vh;background-color:black;""></div>","f","html-keyboard-response","773","2.0.0","823806","164842","testolin2020_replication","2025-11-26T19:31:38.633Z","17-19 inch laptop","1440","900","1326","739","1","23","Nov 28, 11:00PM","false"
"numerosity_discrimination","2","152","64","9","11","0.8182","j","435","<div style=""width:100vw;height:100vh;background-color:black;""></div>","f","html-keyboard-response","778","2.0.0","826464","164842","testolin2020_replication","2025-11-26T19:31:38.633Z","17-19 inch laptop","1440","900","1326","739","1","23","Nov 28, 11:00PM","false"
"numerosity_discrimination","2","153","58","18","22","0.8182","j","192","<div style=""width:100vw;height:100vh;background-color:black;""></div>","f","html-keyboard-response","783","2.0.0","829118","164842","testolin2020_replication","2025-11-26T19:31:38.633Z","17-19 inch laptop","1440","900","1326","739","1","23","Nov 28, 11:00PM","false"
"numerosity_discrimination","2","154","66","9","11","0.8182","j","894","<div style=""width:100vw;height:100vh;background-color:black;""></div>","f","html-keyboard-response","788","2.0.0","832459","164842","testolin2020_replication","2025-11-26T19:31:38.633Z","17-19 inch laptop","1440","900","1326","739","1","23","Nov 28, 11:00PM","false"
"numerosity_discrimination","2","155","266","7","11","0.6364","j","715","<div style=""width:100vw;height:100vh;background-color:black;""></div>","j","html-keyboard-response","793","2.0.0","835653","164842","testolin2020_replication","2025-11-26T19:31:38.633Z","17-19 inch laptop","1440","900","1326","739","1","23","Nov 28, 11:00PM","true"
"numerosity_discrimination","2","156","90","7","8","0.875","j","2590","<div style=""width:100vw;height:100vh;background-color:black;""></div>","j","html-keyboard-response","798","2.0.0","840630","164842","testolin2020_replication","2025-11-26T19:31:38.633Z","17-19 inch laptop","1440","900","1326","739","1","23","Nov 28, 11:00PM","true"
"numerosity_discrimination","2","157","74","12","10","0.8333","j","1265","<div style=""width:100vw;height:100vh;background-color:black;""></div>","f","html-keyboard-response","803","2.0.0","844286","164842","testolin2020_replication","2025-11-26T19:31:38.633Z","17-19 inch laptop","1440","900","1326","739","1","23","Nov 28, 11:00PM","false"
"numerosity_discrimination","2","158","288","18","10","0.5556","j","377","<div style=""width:100vw;height:100vh;background-color:black;""></div>","f","html-keyboard-response","808","2.0.0","847111","164842","testolin2020_replication","2025-11-26T19:31:38.633Z","17-19 inch laptop","1440","900","1326","739","1","23","Nov 28, 11:00PM","false"
"numerosity_discrimination","2","159","85","7","8","0.875","j","488","<div style=""width:100vw;height:100vh;background-color:black;""></div>","f","html-keyboard-response","813","2.0.0","849940","164842","testolin2020_replication","2025-11-26T19:31:38.633Z","17-19 inch laptop","1440","900","1326","739","1","23","Nov 28, 11:00PM","false"
"numerosity_discrimination","2","160","87","14","16","0.875","j","291","<div style=""width:100vw;height:100vh;background-color:black;""></div>","f","html-keyboard-response","818","2.0.0","852707","164842","testolin2020_replication","2025-11-26T19:31:38.633Z","17-19 inch laptop","1440","900","1326","739","1","23","Nov 28, 11:00PM","false"
"numerosity_discrimination","2","161","205","14","11","0.7857","j","354","<div style=""width:100vw;height:100vh;background-color:black;""></div>","f","html-keyboard-response","823","2.0.0","855283","164842","testolin2020_replication","2025-11-26T19:31:38.633Z","17-19 inch laptop","1440","900","1326","739","1","23","Nov 28, 11:00PM","false"
"numerosity_discrimination","2","162","83","7","8","0.875","j","566","<div style=""width:100vw;height:100vh;background-color:black;""></div>","f","html-keyboard-response","828","2.0.0","858163","164842","testolin2020_replication","2025-11-26T19:31:38.633Z","17-19 inch laptop","1440","900","1326","739","1","23","Nov 28, 11:00PM","false"
"numerosity_discrimination","2","163","292","8","14","0.5714","j","1684","<div style=""width:100vw;height:100vh;background-color:black;""></div>","f","html-keyboard-response","833","2.0.0","862098","164842","testolin2020_replication","2025-11-26T19:31:38.633Z","17-19 inch laptop","1440","900","1326","739","1","23","Nov 28, 11:00PM","false"
"numerosity_discrimination","2","164","24","12","10","0.8333","j","413","<div style=""width:100vw;height:100vh;background-color:black;""></div>","f","html-keyboard-response","838","2.0.0","864960","164842","testolin2020_replication","2025-11-26T19:31:38.633Z","17-19 inch laptop","1440","900","1326","739","1","23","Nov 28, 11:00PM","false"
"numerosity_discrimination","2","165","114","20","16","0.8","j","740","<div style=""width:100vw;height:100vh;background-color:black;""></div>","f","html-keyboard-response","843","2.0.0","867861","164842","testolin2020_replication","2025-11-26T19:31:38.633Z","17-19 inch laptop","1440","900","1326","739","1","23","Nov 28, 11:00PM","false"
"numerosity_discrimination","2","166","20","7","8","0.875","j","607","<div style=""width:100vw;height:100vh;background-color:black;""></div>","j","html-keyboard-response","848","2.0.0","870679","164842","testolin2020_replication","2025-11-26T19:31:38.633Z","17-19 inch laptop","1440","900","1326","739","1","23","Nov 28, 11:00PM","true"
"numerosity_discrimination","2","167","36","9","11","0.8182","j","409","<div style=""width:100vw;height:100vh;background-color:black;""></div>","f","html-keyboard-response","853","2.0.0","873684","164842","testolin2020_replication","2025-11-26T19:31:38.633Z","17-19 inch laptop","1440","900","1326","739","1","23","Nov 28, 11:00PM","false"
"numerosity_discrimination","2","168","131","11","14","0.7857","j","297","<div style=""width:100vw;height:100vh;background-color:black;""></div>","f","html-keyboard-response","858","2.0.0","876264","164842","testolin2020_replication","2025-11-26T19:31:38.633Z","17-19 inch laptop","1440","900","1326","739","1","23","Nov 28, 11:00PM","false"
"numerosity_discrimination","2","169","190","18","14","0.7778","j","454","<div style=""width:100vw;height:100vh;background-color:black;""></div>","f","html-keyboard-response","863","2.0.0","879337","164842","testolin2020_replication","2025-11-26T19:31:38.633Z","17-19 inch laptop","1440","900","1326","739","1","23","Nov 28, 11:00PM","false"
"numerosity_discrimination","2","170","129","12","9","0.75","j","433","<div style=""width:100vw;height:100vh;background-color:black;""></div>","f","html-keyboard-response","868","2.0.0","881977","164842","testolin2020_replication","2025-11-26T19:31:38.633Z","17-19 inch laptop","1440","900","1326","739","1","23","Nov 28, 11:00PM","false"
"numerosity_discrimination","2","171","12","20","16","0.8","j","257","<div style=""width:100vw;height:100vh;background-color:black;""></div>","f","html-keyboard-response","873","2.0.0","884570","164842","testolin2020_replication","2025-11-26T19:31:38.633Z","17-19 inch laptop","1440","900","1326","739","1","23","Nov 28, 11:00PM","false"
"numerosity_discrimination","2","172","42","22","25","0.88","j","393","<div style=""width:100vw;height:100vh;background-color:black;""></div>","f","html-keyboard-response","878","2.0.0","887400","164842","testolin2020_replication","2025-11-26T19:31:38.633Z","17-19 inch laptop","1440","900","1326","739","1","23","Nov 28, 11:00PM","false"
"numerosity_discrimination","2","173","127","14","10","0.7143","j","167","<div style=""width:100vw;height:100vh;background-color:black;""></div>","f","html-keyboard-response","883","2.0.0","889730","164842","testolin2020_replication","2025-11-26T19:31:38.633Z","17-19 inch laptop","1440","900","1326","739","1","23","Nov 28, 11:00PM","false"
"numerosity_discrimination","2","174","13","7","8","0.875","j","461","<div style=""width:100vw;height:100vh;background-color:black;""></div>","f","html-keyboard-response","888","2.0.0","892458","164842","testolin2020_replication","2025-11-26T19:31:38.633Z","17-19 inch laptop","1440","900","1326","739","1","23","Nov 28, 11:00PM","false"
"numerosity_discrimination","2","175","196","12","16","0.75","j","435","<div style=""width:100vw;height:100vh;background-color:black;""></div>","f","html-keyboard-response","893","2.0.0","895125","164842","testolin2020_replication","2025-11-26T19:31:38.633Z","17-19 inch laptop","1440","900","1326","739","1","23","Nov 28, 11:00PM","false"
"numerosity_discrimination","2","176","210","14","11","0.7857","j","400","<div style=""width:100vw;height:100vh;background-color:black;""></div>","f","html-keyboard-response","898","2.0.0","898070","164842","testolin2020_replication","2025-11-26T19:31:38.633Z","17-19 inch laptop","1440","900","1326","739","1","23","Nov 28, 11:00PM","false"
"numerosity_discrimination","2","177","65","12","14","0.8571","j","441","<div style=""width:100vw;height:100vh;background-color:black;""></div>","f","html-keyboard-response","903","2.0.0","900780","164842","testolin2020_replication","2025-11-26T19:31:38.633Z","17-19 inch laptop","1440","900","1326","739","1","23","Nov 28, 11:00PM","false"
"numerosity_discrimination","2","178","121","12","16","0.75","j","935","<div style=""width:100vw;height:100vh;background-color:black;""></div>","f","html-keyboard-response","908","2.0.0","903881","164842","testolin2020_replication","2025-11-26T19:31:38.633Z","17-19 inch laptop","1440","900","1326","739","1","23","Nov 28, 11:00PM","false"
"numerosity_discrimination","2","179","76","8","7","0.875","j","286","<div style=""width:100vw;height:100vh;background-color:black;""></div>","f","html-keyboard-response","913","2.0.0","906492","164842","testolin2020_replication","2025-11-26T19:31:38.633Z","17-19 inch laptop","1440","900","1326","739","1","23","Nov 28, 11:00PM","false"
"numerosity_discrimination","2","180","174","22","16","0.7273","j","237","<div style=""width:100vw;height:100vh;background-color:black;""></div>","f","html-keyboard-response","918","2.0.0","909185","164842","testolin2020_replication","2025-11-26T19:31:38.633Z","17-19 inch laptop","1440","900","1326","739","1","23","Nov 28, 11:00PM","false"
"numerosity_discrimination","2","181","273","18","9","0.5","j","386","<div style=""width:100vw;height:100vh;background-color:black;""></div>","f","html-keyboard-response","923","2.0.0","911921","164842","testolin2020_replication","2025-11-26T19:31:38.633Z","17-19 inch laptop","1440","900","1326","739","1","23","Nov 28, 11:00PM","false"
"numerosity_discrimination","2","182","176","10","14","0.7143","j","475","<div style=""width:100vw;height:100vh;background-color:black;""></div>","j","html-keyboard-response","928","2.0.0","914898","164842","testolin2020_replication","2025-11-26T19:31:38.633Z","17-19 inch laptop","1440","900","1326","739","1","23","Nov 28, 11:00PM","true"
"numerosity_discrimination","2","183","50","14","16","0.875","j","336","<div style=""width:100vw;height:100vh;background-color:black;""></div>","f","html-keyboard-response","933","2.0.0","917756","164842","testolin2020_replication","2025-11-26T19:31:38.633Z","17-19 inch laptop","1440","900","1326","739","1","23","Nov 28, 11:00PM","false"
"numerosity_discrimination","2","184","145","12","9","0.75","j","614","<div style=""width:100vw;height:100vh;background-color:black;""></div>","f","html-keyboard-response","938","2.0.0","920590","164842","testolin2020_replication","2025-11-26T19:31:38.633Z","17-19 inch laptop","1440","900","1326","739","1","23","Nov 28, 11:00PM","false"
"numerosity_discrimination","2","185","219","9","14","0.6429","j","572","<div style=""width:100vw;height:100vh;background-color:black;""></div>","j","html-keyboard-response","943","2.0.0","923370","164842","testolin2020_replication","2025-11-26T19:31:38.633Z","17-19 inch laptop","1440","900","1326","739","1","23","Nov 28, 11:00PM","true"
"numerosity_discrimination","2","186","3","16","14","0.875","j","752","<div style=""width:100vw;height:100vh;background-color:black;""></div>","f","html-keyboard-response","948","2.0.0","926587","164842","testolin2020_replication","2025-11-26T19:31:38.633Z","17-19 inch laptop","1440","900","1326","739","1","23","Nov 28, 11:00PM","false"
"numerosity_discrimination","2","187","201","20","14","0.7","j","682","<div style=""width:100vw;height:100vh;background-color:black;""></div>","f","html-keyboard-response","953","2.0.0","929493","164842","testolin2020_replication","2025-11-26T19:31:38.633Z","17-19 inch laptop","1440","900","1326","739","1","23","Nov 28, 11:00PM","false"
"numerosity_discrimination","2","188","44","20","16","0.8","j","795","<div style=""width:100vw;height:100vh;background-color:black;""></div>","j","html-keyboard-response","958","2.0.0","932645","164842","testolin2020_replication","2025-11-26T19:31:38.633Z","17-19 inch laptop","1440","900","1326","739","1","23","Nov 28, 11:00PM","true"
"numerosity_discrimination","2","189","136","10","14","0.7143","j","590","<div style=""width:100vw;height:100vh;background-color:black;""></div>","j","html-keyboard-response","963","2.0.0","935432","164842","testolin2020_replication","2025-11-26T19:31:38.633Z","17-19 inch laptop","1440","900","1326","739","1","23","Nov 28, 11:00PM","true"
"numerosity_discrimination","2","190","237","20","12","0.6","j","443","<div style=""width:100vw;height:100vh;background-color:black;""></div>","f","html-keyboard-response","968","2.0.0","938173","164842","testolin2020_replication","2025-11-26T19:31:38.633Z","17-19 inch laptop","1440","900","1326","739","1","23","Nov 28, 11:00PM","false"
"numerosity_discrimination","2","191","294","7","12","0.5833","j","387","<div style=""width:100vw;height:100vh;background-color:black;""></div>","j","html-keyboard-response","973","2.0.0","941107","164842","testolin2020_replication","2025-11-26T19:31:38.633Z","17-19 inch laptop","1440","900","1326","739","1","23","Nov 28, 11:00PM","true"
"numerosity_discrimination","2","192","21","22","18","0.8182","j","470","<div style=""width:100vw;height:100vh;background-color:black;""></div>","f","html-keyboard-response","978","2.0.0","943869","164842","testolin2020_replication","2025-11-26T19:31:38.633Z","17-19 inch laptop","1440","900","1326","739","1","23","Nov 28, 11:00PM","false"
"numerosity_discrimination","2","193","125","11","14","0.7857","j","576","<div style=""width:100vw;height:100vh;background-color:black;""></div>","j","html-keyboard-response","983","2.0.0","946866","164842","testolin2020_replication","2025-11-26T19:31:38.633Z","17-19 inch laptop","1440","900","1326","739","1","23","Nov 28, 11:00PM","true"
"numerosity_discrimination","2","194","228","11","16","0.6875","j","306","<div style=""width:100vw;height:100vh;background-color:black;""></div>","j","html-keyboard-response","988","2.0.0","949492","164842","testolin2020_replication","2025-11-26T19:31:38.633Z","17-19 inch laptop","1440","900","1326","739","1","23","Nov 28, 11:00PM","true"
"numerosity_discrimination","2","195","111","11","9","0.8182","j","1002","<div style=""width:100vw;height:100vh;background-color:black;""></div>","f","html-keyboard-response","993","2.0.0","952862","164842","testolin2020_replication","2025-11-26T19:31:38.633Z","17-19 inch laptop","1440","900","1326","739","1","23","Nov 28, 11:00PM","false"
"numerosity_discrimination","2","196","62","12","14","0.8571","j","482","<div style=""width:100vw;height:100vh;background-color:black;""></div>","f","html-keyboard-response","998","2.0.0","955869","164842","testolin2020_replication","2025-11-26T19:31:38.633Z","17-19 inch laptop","1440","900","1326","739","1","23","Nov 28, 11:00PM","false"
"numerosity_discrimination","2","197","153","16","22","0.7273","j","484","<div style=""width:100vw;height:100vh;background-color:black;""></div>","j","html-keyboard-response","1003","2.0.0","958885","164842","testolin2020_replication","2025-11-26T19:31:38.633Z","17-19 inch laptop","1440","900","1326","739","1","23","Nov 28, 11:00PM","true"
"numerosity_discrimination","2","198","199","20","28","0.7143","j","735","<div style=""width:100vw;height:100vh;background-color:black;""></div>","f","html-keyboard-response","1008","2.0.0","961845","164842","testolin2020_replication","2025-11-26T19:31:38.633Z","17-19 inch laptop","1440","900","1326","739","1","23","Nov 28, 11:00PM","false"
"numerosity_discrimination","2","199","132","20","14","0.7","j","584","<div style=""width:100vw;height:100vh;background-color:black;""></div>","f","html-keyboard-response","1013","2.0.0","964914","164842","testolin2020_replication","2025-11-26T19:31:38.633Z","17-19 inch laptop","1440","900","1326","739","1","23","Nov 28, 11:00PM","false"
"numerosity_discrimination","2","200","84","7","8","0.875","j","1653","<div style=""width:100vw;height:100vh;background-color:black;""></div>","f","html-keyboard-response","1018","2.0.0","969222","164842","testolin2020_replication","2025-11-26T19:31:38.633Z","17-19 inch laptop","1440","900","1326","739","1","23","Nov 28, 11:00PM","false"
"numerosity_discrimination","3","201","300","9","16","0.5625","j","1145","<div style=""width:100vw;height:100vh;background-color:black;""></div>","j","html-keyboard-response","1025","2.0.0","1088111","164842","testolin2020_replication","2025-11-26T19:31:38.633Z","17-19 inch laptop","1440","900","1326","739","1","23","Nov 28, 11:00PM","true"
"numerosity_discrimination","3","202","234","14","9","0.6429","j","92","<div style=""width:100vw;height:100vh;background-color:black;""></div>","f","html-keyboard-response","1030","2.0.0","1090484","164842","testolin2020_replication","2025-11-26T19:31:38.633Z","17-19 inch laptop","1440","900","1326","739","1","23","Nov 28, 11:00PM","false"
"numerosity_discrimination","3","203","5","22","18","0.8182","j","31","<div style=""width:100vw;height:100vh;background-color:black;""></div>","f","html-keyboard-response","1035","2.0.0","1092866","164842","testolin2020_replication","2025-11-26T19:31:38.633Z","17-19 inch laptop","1440","900","1326","739","1","23","Nov 28, 11:00PM","false"
"numerosity_discrimination","3","204","170","12","16","0.75","j","65","<div style=""width:100vw;height:100vh;background-color:black;""></div>","j","html-keyboard-response","1040","2.0.0","1095524","164842","testolin2020_replication","2025-11-26T19:31:38.633Z","17-19 inch laptop","1440","900","1326","739","1","23","Nov 28, 11:00PM","true"
"numerosity_discrimination","3","205","28","8","9","0.8889","j","4958","<div style=""width:100vw;height:100vh;background-color:black;""></div>","f","html-keyboard-response","1045","2.0.0","1103107","164842","testolin2020_replication","2025-11-26T19:31:38.633Z","17-19 inch laptop","1440","900","1326","739","1","23","Nov 28, 11:00PM","false"
"numerosity_discrimination","3","206","284","14","28","0.5","j","407","<div style=""width:100vw;height:100vh;background-color:black;""></div>","j","html-keyboard-response","1050","2.0.0","1105881","164842","testolin2020_replication","2025-11-26T19:31:38.633Z","17-19 inch laptop","1440","900","1326","739","1","23","Nov 28, 11:00PM","true"
"numerosity_discrimination","3","207","29","12","14","0.8571","j","478","<div style=""width:100vw;height:100vh;background-color:black;""></div>","f","html-keyboard-response","1055","2.0.0","1108814","164842","testolin2020_replication","2025-11-26T19:31:38.633Z","17-19 inch laptop","1440","900","1326","739","1","23","Nov 28, 11:00PM","false"
"numerosity_discrimination","3","208","93","8","10","0.8","j","441","<div style=""width:100vw;height:100vh;background-color:black;""></div>","j","html-keyboard-response","1060","2.0.0","1111620","164842","testolin2020_replication","2025-11-26T19:31:38.633Z","17-19 inch laptop","1440","900","1326","739","1","23","Nov 28, 11:00PM","true"
"numerosity_discrimination","3","209","257","10","16","0.625","j","741","<div style=""width:100vw;height:100vh;background-color:black;""></div>","j","html-keyboard-response","1065","2.0.0","1114629","164842","testolin2020_replication","2025-11-26T19:31:38.633Z","17-19 inch laptop","1440","900","1326","739","1","23","Nov 28, 11:00PM","true"
"numerosity_discrimination","3","210","16","20","16","0.8","j","847","<div style=""width:100vw;height:100vh;background-color:black;""></div>","f","html-keyboard-response","1070","2.0.0","1117737","164842","testolin2020_replication","2025-11-26T19:31:38.633Z","17-19 inch laptop","1440","900","1326","739","1","23","Nov 28, 11:00PM","false"
"numerosity_discrimination","3","211","189","16","22","0.7273","j","856","<div style=""width:100vw;height:100vh;background-color:black;""></div>","f","html-keyboard-response","1075","2.0.0","1121109","164842","testolin2020_replication","2025-11-26T19:31:38.633Z","17-19 inch laptop","1440","900","1326","739","1","23","Nov 28, 11:00PM","false"
"numerosity_discrimination","3","212","135","9","12","0.75","j","282","<div style=""width:100vw;height:100vh;background-color:black;""></div>","j","html-keyboard-response","1080","2.0.0","1123914","164842","testolin2020_replication","2025-11-26T19:31:38.633Z","17-19 inch laptop","1440","900","1326","739","1","23","Nov 28, 11:00PM","true"
"numerosity_discrimination","3","213","260","25","16","0.64","j","570","<div style=""width:100vw;height:100vh;background-color:black;""></div>","f","html-keyboard-response","1085","2.0.0","1127068","164842","testolin2020_replication","2025-11-26T19:31:38.633Z","17-19 inch laptop","1440","900","1326","739","1","23","Nov 28, 11:00PM","false"
"numerosity_discrimination","3","214","241","7","11","0.6364","j","290","<div style=""width:100vw;height:100vh;background-color:black;""></div>","j","html-keyboard-response","1090","2.0.0","1129672","164842","testolin2020_replication","2025-11-26T19:31:38.633Z","17-19 inch laptop","1440","900","1326","739","1","23","Nov 28, 11:00PM","true"
"numerosity_discrimination","3","215","182","12","9","0.75","j","218","<div style=""width:100vw;height:100vh;background-color:black;""></div>","f","html-keyboard-response","1095","2.0.0","1132256","164842","testolin2020_replication","2025-11-26T19:31:38.633Z","17-19 inch laptop","1440","900","1326","739","1","23","Nov 28, 11:00PM","false"
"numerosity_discrimination","3","216","15","20","25","0.8","j","649","<div style=""width:100vw;height:100vh;background-color:black;""></div>","j","html-keyboard-response","1100","2.0.0","1135258","164842","testolin2020_replication","2025-11-26T19:31:38.633Z","17-19 inch laptop","1440","900","1326","739","1","23","Nov 28, 11:00PM","true"
"numerosity_discrimination","3","217","247","11","16","0.6875","j","530","<div style=""width:100vw;height:100vh;background-color:black;""></div>","f","html-keyboard-response","1105","2.0.0","1138429","164842","testolin2020_replication","2025-11-26T19:31:38.633Z","17-19 inch laptop","1440","900","1326","739","1","23","Nov 28, 11:00PM","false"
"numerosity_discrimination","3","218","117","22","18","0.8182","j","695","<div style=""width:100vw;height:100vh;background-color:black;""></div>","f","html-keyboard-response","1110","2.0.0","1141355","164842","testolin2020_replication","2025-11-26T19:31:38.633Z","17-19 inch laptop","1440","900","1326","739","1","23","Nov 28, 11:00PM","false"
"numerosity_discrimination","3","219","249","14","22","0.6364","j","1485","<div style=""width:100vw;height:100vh;background-color:black;""></div>","j","html-keyboard-response","1115","2.0.0","1145266","164842","testolin2020_replication","2025-11-26T19:31:38.633Z","17-19 inch laptop","1440","900","1326","739","1","23","Nov 28, 11:00PM","true"
"numerosity_discrimination","3","220","217","25","16","0.64","j","187","<div style=""width:100vw;height:100vh;background-color:black;""></div>","f","html-keyboard-response","1120","2.0.0","1148103","164842","testolin2020_replication","2025-11-26T19:31:38.633Z","17-19 inch laptop","1440","900","1326","739","1","23","Nov 28, 11:00PM","false"
"numerosity_discrimination","3","221","242","28","18","0.6429","j","269","<div style=""width:100vw;height:100vh;background-color:black;""></div>","f","html-keyboard-response","1125","2.0.0","1150893","164842","testolin2020_replication","2025-11-26T19:31:38.633Z","17-19 inch laptop","1440","900","1326","739","1","23","Nov 28, 11:00PM","false"
"numerosity_discrimination","3","222","106","25","22","0.88","j","257","<div style=""width:100vw;height:100vh;background-color:black;""></div>","f","html-keyboard-response","1130","2.0.0","1153453","164842","testolin2020_replication","2025-11-26T19:31:38.633Z","17-19 inch laptop","1440","900","1326","739","1","23","Nov 28, 11:00PM","false"
"numerosity_discrimination","3","223","101","20","25","0.8","j","427","<div style=""width:100vw;height:100vh;background-color:black;""></div>","j","html-keyboard-response","1135","2.0.0","1156198","164842","testolin2020_replication","2025-11-26T19:31:38.633Z","17-19 inch laptop","1440","900","1326","739","1","23","Nov 28, 11:00PM","true"
"numerosity_discrimination","3","224","113","20","16","0.8","j","16","<div style=""width:100vw;height:100vh;background-color:black;""></div>","f","html-keyboard-response","1140","2.0.0","1158714","164842","testolin2020_replication","2025-11-26T19:31:38.633Z","17-19 inch laptop","1440","900","1326","739","1","23","Nov 28, 11:00PM","false"
"numerosity_discrimination","3","225","71","22","18","0.8182","j","289","<div style=""width:100vw;height:100vh;background-color:black;""></div>","f","html-keyboard-response","1145","2.0.0","1161354","164842","testolin2020_replication","2025-11-26T19:31:38.633Z","17-19 inch laptop","1440","900","1326","739","1","23","Nov 28, 11:00PM","false"
"numerosity_discrimination","3","226","52","25","28","0.8929","j","157","<div style=""width:100vw;height:100vh;background-color:black;""></div>","f","html-keyboard-response","1150","2.0.0","1164087","164842","testolin2020_replication","2025-11-26T19:31:38.633Z","17-19 inch laptop","1440","900","1326","739","1","23","Nov 28, 11:00PM","false"
"numerosity_discrimination","3","227","7","14","16","0.875","j","290","<div style=""width:100vw;height:100vh;background-color:black;""></div>","f","html-keyboard-response","1155","2.0.0","1166794","164842","testolin2020_replication","2025-11-26T19:31:38.633Z","17-19 inch laptop","1440","900","1326","739","1","23","Nov 28, 11:00PM","false"
"numerosity_discrimination","3","228","56","25","22","0.88","j","233","<div style=""width:100vw;height:100vh;background-color:black;""></div>","f","html-keyboard-response","1160","2.0.0","1169600","164842","testolin2020_replication","2025-11-26T19:31:38.633Z","17-19 inch laptop","1440","900","1326","739","1","23","Nov 28, 11:00PM","false"
"numerosity_discrimination","3","229","138","16","12","0.75","j","287","<div style=""width:100vw;height:100vh;background-color:black;""></div>","f","html-keyboard-response","1165","2.0.0","1172367","164842","testolin2020_replication","2025-11-26T19:31:38.633Z","17-19 inch laptop","1440","900","1326","739","1","23","Nov 28, 11:00PM","false"
"numerosity_discrimination","3","230","198","16","12","0.75","j","189","<div style=""width:100vw;height:100vh;background-color:black;""></div>","f","html-keyboard-response","1170","2.0.0","1175087","164842","testolin2020_replication","2025-11-26T19:31:38.633Z","17-19 inch laptop","1440","900","1326","739","1","23","Nov 28, 11:00PM","false"
"numerosity_discrimination","3","231","233","8","12","0.6667","j","317","<div style=""width:100vw;height:100vh;background-color:black;""></div>","f","html-keyboard-response","1175","2.0.0","1177918","164842","testolin2020_replication","2025-11-26T19:31:38.633Z","17-19 inch laptop","1440","900","1326","739","1","23","Nov 28, 11:00PM","false"
"numerosity_discrimination","3","232","264","25","16","0.64","j","258","<div style=""width:100vw;height:100vh;background-color:black;""></div>","f","html-keyboard-response","1180","2.0.0","1180807","164842","testolin2020_replication","2025-11-26T19:31:38.633Z","17-19 inch laptop","1440","900","1326","739","1","23","Nov 28, 11:00PM","false"
"numerosity_discrimination","3","233","27","14","12","0.8571","j","314","<div style=""width:100vw;height:100vh;background-color:black;""></div>","f","html-keyboard-response","1185","2.0.0","1183510","164842","testolin2020_replication","2025-11-26T19:31:38.633Z","17-19 inch laptop","1440","900","1326","739","1","23","Nov 28, 11:00PM","false"
"numerosity_discrimination","3","234","49","8","10","0.8","j","408","<div style=""width:100vw;height:100vh;background-color:black;""></div>","j","html-keyboard-response","1190","2.0.0","1186493","164842","testolin2020_replication","2025-11-26T19:31:38.633Z","17-19 inch laptop","1440","900","1326","739","1","23","Nov 28, 11:00PM","true"
"numerosity_discrimination","3","235","10","9","11","0.8182","j","129","<div style=""width:100vw;height:100vh;background-color:black;""></div>","j","html-keyboard-response","1195","2.0.0","1188783","164842","testolin2020_replication","2025-11-26T19:31:38.633Z","17-19 inch laptop","1440","900","1326","739","1","23","Nov 28, 11:00PM","true"
"numerosity_discrimination","3","236","232","8","12","0.6667","j","398","<div style=""width:100vw;height:100vh;background-color:black;""></div>","j","html-keyboard-response","1200","2.0.0","1191681","164842","testolin2020_replication","2025-11-26T19:31:38.633Z","17-19 inch laptop","1440","900","1326","739","1","23","Nov 28, 11:00PM","true"
"numerosity_discrimination","3","237","69","10","8","0.8","j","365","<div style=""width:100vw;height:100vh;background-color:black;""></div>","f","html-keyboard-response","1205","2.0.0","1194229","164842","testolin2020_replication","2025-11-26T19:31:38.633Z","17-19 inch laptop","1440","900","1326","739","1","23","Nov 28, 11:00PM","false"
"numerosity_discrimination","3","238","92","18","22","0.8182","j","171","<div style=""width:100vw;height:100vh;background-color:black;""></div>","f","html-keyboard-response","1210","2.0.0","1196992","164842","testolin2020_replication","2025-11-26T19:31:38.633Z","17-19 inch laptop","1440","900","1326","739","1","23","Nov 28, 11:00PM","false"
"numerosity_discrimination","3","239","60","18","22","0.8182","j","618","<div style=""width:100vw;height:100vh;background-color:black;""></div>","j","html-keyboard-response","1215","2.0.0","1199823","164842","testolin2020_replication","2025-11-26T19:31:38.633Z","17-19 inch laptop","1440","900","1326","739","1","23","Nov 28, 11:00PM","true"
"numerosity_discrimination","3","240","72","11","9","0.8182","j","332","<div style=""width:100vw;height:100vh;background-color:black;""></div>","f","html-keyboard-response","1220","2.0.0","1202587","164842","testolin2020_replication","2025-11-26T19:31:38.633Z","17-19 inch laptop","1440","900","1326","739","1","23","Nov 28, 11:00PM","false"
"numerosity_discrimination","3","241","256","7","11","0.6364","j","384","<div style=""width:100vw;height:100vh;background-color:black;""></div>","j","html-keyboard-response","1225","2.0.0","1205417","164842","testolin2020_replication","2025-11-26T19:31:38.633Z","17-19 inch laptop","1440","900","1326","739","1","23","Nov 28, 11:00PM","true"
"numerosity_discrimination","3","242","246","20","12","0.6","j","188","<div style=""width:100vw;height:100vh;background-color:black;""></div>","f","html-keyboard-response","1230","2.0.0","1208203","164842","testolin2020_replication","2025-11-26T19:31:38.633Z","17-19 inch laptop","1440","900","1326","739","1","23","Nov 28, 11:00PM","false"
"numerosity_discrimination","3","243","149","18","14","0.7778","j","316","<div style=""width:100vw;height:100vh;background-color:black;""></div>","f","html-keyboard-response","1235","2.0.0","1210766","164842","testolin2020_replication","2025-11-26T19:31:38.633Z","17-19 inch laptop","1440","900","1326","739","1","23","Nov 28, 11:00PM","false"
"numerosity_discrimination","3","244","229","20","12","0.6","j","281","<div style=""width:100vw;height:100vh;background-color:black;""></div>","f","html-keyboard-response","1240","2.0.0","1213505","164842","testolin2020_replication","2025-11-26T19:31:38.633Z","17-19 inch laptop","1440","900","1326","739","1","23","Nov 28, 11:00PM","false"
"numerosity_discrimination","3","245","57","22","18","0.8182","j","226","<div style=""width:100vw;height:100vh;background-color:black;""></div>","f","html-keyboard-response","1245","2.0.0","1216269","164842","testolin2020_replication","2025-11-26T19:31:38.633Z","17-19 inch laptop","1440","900","1326","739","1","23","Nov 28, 11:00PM","false"
"numerosity_discrimination","3","246","227","8","12","0.6667","j","589","<div style=""width:100vw;height:100vh;background-color:black;""></div>","f","html-keyboard-response","1250","2.0.0","1219468","164842","testolin2020_replication","2025-11-26T19:31:38.633Z","17-19 inch laptop","1440","900","1326","739","1","23","Nov 28, 11:00PM","false"
"numerosity_discrimination","3","247","2","28","25","0.8929","j","171","<div style=""width:100vw;height:100vh;background-color:black;""></div>","f","html-keyboard-response","1255","2.0.0","1221871","164842","testolin2020_replication","2025-11-26T19:31:38.633Z","17-19 inch laptop","1440","900","1326","739","1","23","Nov 28, 11:00PM","false"
"numerosity_discrimination","3","248","251","20","12","0.6","j","545","<div style=""width:100vw;height:100vh;background-color:black;""></div>","f","html-keyboard-response","1260","2.0.0","1224663","164842","testolin2020_replication","2025-11-26T19:31:38.633Z","17-19 inch laptop","1440","900","1326","739","1","23","Nov 28, 11:00PM","false"
"numerosity_discrimination","3","249","172","16","22","0.7273","j","422","<div style=""width:100vw;height:100vh;background-color:black;""></div>","j","html-keyboard-response","1265","2.0.0","1227526","164842","testolin2020_replication","2025-11-26T19:31:38.633Z","17-19 inch laptop","1440","900","1326","739","1","23","Nov 28, 11:00PM","true"
"numerosity_discrimination","3","250","161","28","22","0.7857","j","284","<div style=""width:100vw;height:100vh;background-color:black;""></div>","f","html-keyboard-response","1270","2.0.0","1230205","164842","testolin2020_replication","2025-11-26T19:31:38.633Z","17-19 inch laptop","1440","900","1326","739","1","23","Nov 28, 11:00PM","false"
"numerosity_discrimination","3","251","218","14","22","0.6364","j","307","<div style=""width:100vw;height:100vh;background-color:black;""></div>","j","html-keyboard-response","1275","2.0.0","1232839","164842","testolin2020_replication","2025-11-26T19:31:38.633Z","17-19 inch laptop","1440","900","1326","739","1","23","Nov 28, 11:00PM","true"
"numerosity_discrimination","3","252","168","20","14","0.7","j","301","<div style=""width:100vw;height:100vh;background-color:black;""></div>","f","html-keyboard-response","1280","2.0.0","1235598","164842","testolin2020_replication","2025-11-26T19:31:38.633Z","17-19 inch laptop","1440","900","1326","739","1","23","Nov 28, 11:00PM","false"
"numerosity_discrimination","3","253","155","7","9","0.7778","j","749","<div style=""width:100vw;height:100vh;background-color:black;""></div>","j","html-keyboard-response","1285","2.0.0","1238761","164842","testolin2020_replication","2025-11-26T19:31:38.633Z","17-19 inch laptop","1440","900","1326","739","1","23","Nov 28, 11:00PM","true"
"numerosity_discrimination","3","254","216","9","14","0.6429","j","788","<div style=""width:100vw;height:100vh;background-color:black;""></div>","f","html-keyboard-response","1290","2.0.0","1242055","164842","testolin2020_replication","2025-11-26T19:31:38.633Z","17-19 inch laptop","1440","900","1326","739","1","23","Nov 28, 11:00PM","false"
"numerosity_discrimination","3","255","94","22","25","0.88","j","449","<div style=""width:100vw;height:100vh;background-color:black;""></div>","f","html-keyboard-response","1295","2.0.0","1244950","164842","testolin2020_replication","2025-11-26T19:31:38.633Z","17-19 inch laptop","1440","900","1326","739","1","23","Nov 28, 11:00PM","false"
"numerosity_discrimination","3","256","180","9","7","0.7778","j","325","<div style=""width:100vw;height:100vh;background-color:black;""></div>","j","html-keyboard-response","1300","2.0.0","1247575","164842","testolin2020_replication","2025-11-26T19:31:38.633Z","17-19 inch laptop","1440","900","1326","739","1","23","Nov 28, 11:00PM","true"
"numerosity_discrimination","3","257","276","16","8","0.5","j","263","<div style=""width:100vw;height:100vh;background-color:black;""></div>","f","html-keyboard-response","1305","2.0.0","1250166","164842","testolin2020_replication","2025-11-26T19:31:38.633Z","17-19 inch laptop","1440","900","1326","739","1","23","Nov 28, 11:00PM","false"
"numerosity_discrimination","3","258","139","9","7","0.7778","j","343","<div style=""width:100vw;height:100vh;background-color:black;""></div>","f","html-keyboard-response","1310","2.0.0","1253083","164842","testolin2020_replication","2025-11-26T19:31:38.633Z","17-19 inch laptop","1440","900","1326","739","1","23","Nov 28, 11:00PM","false"
"numerosity_discrimination","3","259","223","28","18","0.6429","j","83","<div style=""width:100vw;height:100vh;background-color:black;""></div>","f","html-keyboard-response","1315","2.0.0","1255413","164842","testolin2020_replication","2025-11-26T19:31:38.633Z","17-19 inch laptop","1440","900","1326","739","1","23","Nov 28, 11:00PM","false"
"numerosity_discrimination","3","260","118","20","25","0.8","j","410","<div style=""width:100vw;height:100vh;background-color:black;""></div>","j","html-keyboard-response","1320","2.0.0","1258346","164842","testolin2020_replication","2025-11-26T19:31:38.633Z","17-19 inch laptop","1440","900","1326","739","1","23","Nov 28, 11:00PM","true"
"numerosity_discrimination","3","261","211","8","12","0.6667","j","166","<div style=""width:100vw;height:100vh;background-color:black;""></div>","j","html-keyboard-response","1325","2.0.0","1260744","164842","testolin2020_replication","2025-11-26T19:31:38.633Z","17-19 inch laptop","1440","900","1326","739","1","23","Nov 28, 11:00PM","true"
"numerosity_discrimination","3","262","97","7","8","0.875","j","371","<div style=""width:100vw;height:100vh;background-color:black;""></div>","j","html-keyboard-response","1330","2.0.0","1263534","164842","testolin2020_replication","2025-11-26T19:31:38.633Z","17-19 inch laptop","1440","900","1326","739","1","23","Nov 28, 11:00PM","true"
"numerosity_discrimination","3","263","165","14","10","0.7143","j","328","<div style=""width:100vw;height:100vh;background-color:black;""></div>","f","html-keyboard-response","1335","2.0.0","1266209","164842","testolin2020_replication","2025-11-26T19:31:38.633Z","17-19 inch laptop","1440","900","1326","739","1","23","Nov 28, 11:00PM","false"
"numerosity_discrimination","3","264","298","9","18","0.5","j","759","<div style=""width:100vw;height:100vh;background-color:black;""></div>","j","html-keyboard-response","1340","2.0.0","1269291","164842","testolin2020_replication","2025-11-26T19:31:38.633Z","17-19 inch laptop","1440","900","1326","739","1","23","Nov 28, 11:00PM","true"
"numerosity_discrimination","3","265","152","16","12","0.75","j","632","<div style=""width:100vw;height:100vh;background-color:black;""></div>","f","html-keyboard-response","1345","2.0.0","1272118","164842","testolin2020_replication","2025-11-26T19:31:38.633Z","17-19 inch laptop","1440","900","1326","739","1","23","Nov 28, 11:00PM","false"
"numerosity_discrimination","3","266","104","8","7","0.875","j","371","<div style=""width:100vw;height:100vh;background-color:black;""></div>","j","html-keyboard-response","1350","2.0.0","1274739","164842","testolin2020_replication","2025-11-26T19:31:38.633Z","17-19 inch laptop","1440","900","1326","739","1","23","Nov 28, 11:00PM","true"
"numerosity_discrimination","3","267","262","9","14","0.6429","j","2532","<div style=""width:100vw;height:100vh;background-color:black;""></div>","j","html-keyboard-response","1355","2.0.0","1279531","164842","testolin2020_replication","2025-11-26T19:31:38.633Z","17-19 inch laptop","1440","900","1326","739","1","23","Nov 28, 11:00PM","true"
"numerosity_discrimination","3","268","269","9","14","0.6429","j","439","<div style=""width:100vw;height:100vh;background-color:black;""></div>","j","html-keyboard-response","1360","2.0.0","1282602","164842","testolin2020_replication","2025-11-26T19:31:38.633Z","17-19 inch laptop","1440","900","1326","739","1","23","Nov 28, 11:00PM","true"
"numerosity_discrimination","3","269","252","18","28","0.6429","j","384","<div style=""width:100vw;height:100vh;background-color:black;""></div>","j","html-keyboard-response","1365","2.0.0","1285285","164842","testolin2020_replication","2025-11-26T19:31:38.633Z","17-19 inch laptop","1440","900","1326","739","1","23","Nov 28, 11:00PM","true"
"numerosity_discrimination","3","270","130","22","28","0.7857","j","608","<div style=""width:100vw;height:100vh;background-color:black;""></div>","f","html-keyboard-response","1370","2.0.0","1288188","164842","testolin2020_replication","2025-11-26T19:31:38.633Z","17-19 inch laptop","1440","900","1326","739","1","23","Nov 28, 11:00PM","false"
"numerosity_discrimination","3","271","1","9","8","0.8889","j","674","<div style=""width:100vw;height:100vh;background-color:black;""></div>","j","html-keyboard-response","1375","2.0.0","1291465","164842","testolin2020_replication","2025-11-26T19:31:38.633Z","17-19 inch laptop","1440","900","1326","739","1","23","Nov 28, 11:00PM","true"
"numerosity_discrimination","3","272","255","18","28","0.6429","j","753","<div style=""width:100vw;height:100vh;background-color:black;""></div>","j","html-keyboard-response","1380","2.0.0","1294779","164842","testolin2020_replication","2025-11-26T19:31:38.633Z","17-19 inch laptop","1440","900","1326","739","1","23","Nov 28, 11:00PM","true"
"numerosity_discrimination","3","273","40","10","12","0.8333","j","616","<div style=""width:100vw;height:100vh;background-color:black;""></div>","f","html-keyboard-response","1385","2.0.0","1297987","164842","testolin2020_replication","2025-11-26T19:31:38.633Z","17-19 inch laptop","1440","900","1326","739","1","23","Nov 28, 11:00PM","false"
"numerosity_discrimination","3","274","277","20","10","0.5","j","293","<div style=""width:100vw;height:100vh;background-color:black;""></div>","f","html-keyboard-response","1390","2.0.0","1300590","164842","testolin2020_replication","2025-11-26T19:31:38.633Z","17-19 inch laptop","1440","900","1326","739","1","23","Nov 28, 11:00PM","false"
"numerosity_discrimination","3","275","73","14","12","0.8571","j","592","<div style=""width:100vw;height:100vh;background-color:black;""></div>","f","html-keyboard-response","1395","2.0.0","1303421","164842","testolin2020_replication","2025-11-26T19:31:38.633Z","17-19 inch laptop","1440","900","1326","739","1","23","Nov 28, 11:00PM","false"
"numerosity_discrimination","3","276","81","16","18","0.8889","j","525","<div style=""width:100vw;height:100vh;background-color:black;""></div>","j","html-keyboard-response","1400","2.0.0","1306541","164842","testolin2020_replication","2025-11-26T19:31:38.633Z","17-19 inch laptop","1440","900","1326","739","1","23","Nov 28, 11:00PM","true"
"numerosity_discrimination","3","277","169","18","25","0.72","j","101","<div style=""width:100vw;height:100vh;background-color:black;""></div>","f","html-keyboard-response","1405","2.0.0","1309103","164842","testolin2020_replication","2025-11-26T19:31:38.633Z","17-19 inch laptop","1440","900","1326","739","1","23","Nov 28, 11:00PM","false"
"numerosity_discrimination","3","278","296","9","16","0.5625","j","610","<div style=""width:100vw;height:100vh;background-color:black;""></div>","f","html-keyboard-response","1410","2.0.0","1312336","164842","testolin2020_replication","2025-11-26T19:31:38.633Z","17-19 inch laptop","1440","900","1326","739","1","23","Nov 28, 11:00PM","false"
"numerosity_discrimination","3","279","25","11","9","0.8182","j","199","<div style=""width:100vw;height:100vh;background-color:black;""></div>","f","html-keyboard-response","1415","2.0.0","1314743","164842","testolin2020_replication","2025-11-26T19:31:38.633Z","17-19 inch laptop","1440","900","1326","739","1","23","Nov 28, 11:00PM","false"
"numerosity_discrimination","3","280","289","22","12","0.5455","j","87","<div style=""width:100vw;height:100vh;background-color:black;""></div>","f","html-keyboard-response","1420","2.0.0","1317067","164842","testolin2020_replication","2025-11-26T19:31:38.633Z","17-19 inch laptop","1440","900","1326","739","1","23","Nov 28, 11:00PM","false"
"numerosity_discrimination","3","281","33","8","9","0.8889","j","434","<div style=""width:100vw;height:100vh;background-color:black;""></div>","j","html-keyboard-response","1425","2.0.0","1319726","164842","testolin2020_replication","2025-11-26T19:31:38.633Z","17-19 inch laptop","1440","900","1326","739","1","23","Nov 28, 11:00PM","true"
"numerosity_discrimination","3","282","43","11","9","0.8182","j","950","<div style=""width:100vw;height:100vh;background-color:black;""></div>","f","html-keyboard-response","1430","2.0.0","1323040","164842","testolin2020_replication","2025-11-26T19:31:38.633Z","17-19 inch laptop","1440","900","1326","739","1","23","Nov 28, 11:00PM","false"
"numerosity_discrimination","3","283","147","8","11","0.7273","j","636","<div style=""width:100vw;height:100vh;background-color:black;""></div>","j","html-keyboard-response","1435","2.0.0","1326093","164842","testolin2020_replication","2025-11-26T19:31:38.633Z","17-19 inch laptop","1440","900","1326","739","1","23","Nov 28, 11:00PM","true"
"numerosity_discrimination","3","284","98","25","28","0.8929","j","350","<div style=""width:100vw;height:100vh;background-color:black;""></div>","f","html-keyboard-response","1440","2.0.0","1328743","164842","testolin2020_replication","2025-11-26T19:31:38.633Z","17-19 inch laptop","1440","900","1326","739","1","23","Nov 28, 11:00PM","false"
"numerosity_discrimination","3","285","39","20","16","0.8","j","952","<div style=""width:100vw;height:100vh;background-color:black;""></div>","f","html-keyboard-response","1445","2.0.0","1332194","164842","testolin2020_replication","2025-11-26T19:31:38.633Z","17-19 inch laptop","1440","900","1326","739","1","23","Nov 28, 11:00PM","false"
"numerosity_discrimination","3","286","115","25","28","0.8929","j","418","<div style=""width:100vw;height:100vh;background-color:black;""></div>","f","html-keyboard-response","1450","2.0.0","1334943","164842","testolin2020_replication","2025-11-26T19:31:38.633Z","17-19 inch laptop","1440","900","1326","739","1","23","Nov 28, 11:00PM","false"
"numerosity_discrimination","3","287","80","16","18","0.8889","j","278","<div style=""width:100vw;height:100vh;background-color:black;""></div>","f","html-keyboard-response","1455","2.0.0","1337803","164842","testolin2020_replication","2025-11-26T19:31:38.633Z","17-19 inch laptop","1440","900","1326","739","1","23","Nov 28, 11:00PM","false"
"numerosity_discrimination","3","288","144","28","20","0.7143","j","116","<div style=""width:100vw;height:100vh;background-color:black;""></div>","f","html-keyboard-response","1460","2.0.0","1340294","164842","testolin2020_replication","2025-11-26T19:31:38.633Z","17-19 inch laptop","1440","900","1326","739","1","23","Nov 28, 11:00PM","false"
"numerosity_discrimination","3","289","45","25","20","0.8","j","140","<div style=""width:100vw;height:100vh;background-color:black;""></div>","f","html-keyboard-response","1465","2.0.0","1342807","164842","testolin2020_replication","2025-11-26T19:31:38.633Z","17-19 inch laptop","1440","900","1326","739","1","23","Nov 28, 11:00PM","false"
"numerosity_discrimination","3","290","200","12","9","0.75","j","340","<div style=""width:100vw;height:100vh;background-color:black;""></div>","f","html-keyboard-response","1470","2.0.0","1345488","164842","testolin2020_replication","2025-11-26T19:31:38.633Z","17-19 inch laptop","1440","900","1326","739","1","23","Nov 28, 11:00PM","false"
"numerosity_discrimination","3","291","212","22","14","0.6364","j","3795","<div style=""width:100vw;height:100vh;background-color:black;""></div>","f","html-keyboard-response","1475","2.0.0","1351468","164842","testolin2020_replication","2025-11-26T19:31:38.633Z","17-19 inch laptop","1440","900","1326","739","1","23","Nov 28, 11:00PM","false"
"numerosity_discrimination","3","292","207","7","9","0.7778","j","713","<div style=""width:100vw;height:100vh;background-color:black;""></div>","f","html-keyboard-response","1480","2.0.0","1354566","164842","testolin2020_replication","2025-11-26T19:31:38.633Z","17-19 inch laptop","1440","900","1326","739","1","23","Nov 28, 11:00PM","false"
"numerosity_discrimination","3","293","204","7","9","0.7778","j","311","<div style=""width:100vw;height:100vh;background-color:black;""></div>","j","html-keyboard-response","1485","2.0.0","1357213","164842","testolin2020_replication","2025-11-26T19:31:38.633Z","17-19 inch laptop","1440","900","1326","739","1","23","Nov 28, 11:00PM","true"
"numerosity_discrimination","3","294","47","20","25","0.8","j","243","<div style=""width:100vw;height:100vh;background-color:black;""></div>","f","html-keyboard-response","1490","2.0.0","1359788","164842","testolin2020_replication","2025-11-26T19:31:38.633Z","17-19 inch laptop","1440","900","1326","739","1","23","Nov 28, 11:00PM","false"
"numerosity_discrimination","3","295","206","9","7","0.7778","j","313","<div style=""width:100vw;height:100vh;background-color:black;""></div>","f","html-keyboard-response","1495","2.0.0","1362359","164842","testolin2020_replication","2025-11-26T19:31:38.633Z","17-19 inch laptop","1440","900","1326","739","1","23","Nov 28, 11:00PM","false"
"numerosity_discrimination","3","296","91","12","14","0.8571","j","145","<div style=""width:100vw;height:100vh;background-color:black;""></div>","f","html-keyboard-response","1500","2.0.0","1365050","164842","testolin2020_replication","2025-11-26T19:31:38.633Z","17-19 inch laptop","1440","900","1326","739","1","23","Nov 28, 11:00PM","false"
"numerosity_discrimination","3","297","263","22","14","0.6364","j","161","<div style=""width:100vw;height:100vh;background-color:black;""></div>","f","html-keyboard-response","1505","2.0.0","1367798","164842","testolin2020_replication","2025-11-26T19:31:38.633Z","17-19 inch laptop","1440","900","1326","739","1","23","Nov 28, 11:00PM","false"
"numerosity_discrimination","3","298","110","7","8","0.875","j","452","<div style=""width:100vw;height:100vh;background-color:black;""></div>","f","html-keyboard-response","1510","2.0.0","1370496","164842","testolin2020_replication","2025-11-26T19:31:38.633Z","17-19 inch laptop","1440","900","1326","739","1","23","Nov 28, 11:00PM","false"
"numerosity_discrimination","3","299","222","16","10","0.625","j","342","<div style=""width:100vw;height:100vh;background-color:black;""></div>","f","html-keyboard-response","1515","2.0.0","1373233","164842","testolin2020_replication","2025-11-26T19:31:38.633Z","17-19 inch laptop","1440","900","1326","739","1","23","Nov 28, 11:00PM","false"
"numerosity_discrimination","3","300","143","20","28","0.7143","j","476","<div style=""width:100vw;height:100vh;background-color:black;""></div>","f","html-keyboard-response","1520","2.0.0","1376034","164842","testolin2020_replication","2025-11-26T19:31:38.633Z","17-19 inch laptop","1440","900","1326","739","1","23","Nov 28, 11:00PM","false"
