"task","block","pair_order","pair_num","left_n","right_n","pair_ratio","correct_key","rt","stimulus","response","trial_type","trial_index","plugin_version","time_elapsed","participant_id","experiment","date","screen_size_category","screen_width_pixels","screen_height_pixels","window_width_pixels","window_height_pixels","pixel_ratio","participant_age","time_slot","correct"
"numerosity_discrimination","1","1","286","18","10","0.5556","j","360","<div style=""width:100vw;height:100vh;background-color:black;""></div>","f","html-keyboard-response","21","2.0.0","149249","166234","testolin2020_replication","2025-11-25T01:53:29.320Z","13-14 inch laptop","1440","900","1242","724","2","21","Nov 28, 11 pm","false"
"numerosity_discrimination","1","2","61","8","10","0.8","j","393","<div style=""width:100vw;height:100vh;background-color:black;""></div>","f","html-keyboard-response","26","2.0.0","151815","166234","testolin2020_replication","2025-11-25T01:53:29.320Z","13-14 inch laptop","1440","900","1242","724","2","21","Nov 28, 11 pm","false"
"numerosity_discrimination","1","3","271","20","11","0.55","j","401","<div style=""width:100vw;height:100vh;background-color:black;""></div>","f","html-keyboard-response","31","2.0.0","154386","166234","testolin2020_replication","2025-11-25T01:53:29.320Z","13-14 inch laptop","1440","900","1242","724","2","21","Nov 28, 11 pm","false"
"numerosity_discrimination","1","4","128","22","28","0.7857","j","512","<div style=""width:100vw;height:100vh;background-color:black;""></div>","f","html-keyboard-response","36","2.0.0","157331","166234","testolin2020_replication","2025-11-25T01:53:29.320Z","13-14 inch laptop","1440","900","1242","724","2","21","Nov 28, 11 pm","false"
"numerosity_discrimination","1","5","278","9","18","0.5","j","683","<div style=""width:100vw;height:100vh;background-color:black;""></div>","j","html-keyboard-response","41","2.0.0","160494","166234","testolin2020_replication","2025-11-25T01:53:29.320Z","13-14 inch laptop","1440","900","1242","724","2","21","Nov 28, 11 pm","true"
"numerosity_discrimination","1","6","51","10","12","0.8333","j","797","<div style=""width:100vw;height:100vh;background-color:black;""></div>","f","html-keyboard-response","46","2.0.0","163907","166234","testolin2020_replication","2025-11-25T01:53:29.320Z","13-14 inch laptop","1440","900","1242","724","2","21","Nov 28, 11 pm","false"
"numerosity_discrimination","1","7","188","9","12","0.75","j","601","<div style=""width:100vw;height:100vh;background-color:black;""></div>","f","html-keyboard-response","51","2.0.0","166725","166234","testolin2020_replication","2025-11-25T01:53:29.320Z","13-14 inch laptop","1440","900","1242","724","2","21","Nov 28, 11 pm","false"
"numerosity_discrimination","1","8","236","22","14","0.6364","j","322","<div style=""width:100vw;height:100vh;background-color:black;""></div>","f","html-keyboard-response","56","2.0.0","169457","166234","testolin2020_replication","2025-11-25T01:53:29.320Z","13-14 inch laptop","1440","900","1242","724","2","21","Nov 28, 11 pm","false"
"numerosity_discrimination","1","9","35","9","8","0.8889","j","346","<div style=""width:100vw;height:100vh;background-color:black;""></div>","f","html-keyboard-response","61","2.0.0","172239","166234","testolin2020_replication","2025-11-25T01:53:29.320Z","13-14 inch laptop","1440","900","1242","724","2","21","Nov 28, 11 pm","false"
"numerosity_discrimination","1","10","267","18","28","0.6429","j","899","<div style=""width:100vw;height:100vh;background-color:black;""></div>","f","html-keyboard-response","66","2.0.0","175597","166234","testolin2020_replication","2025-11-25T01:53:29.320Z","13-14 inch laptop","1440","900","1242","724","2","21","Nov 28, 11 pm","false"
"numerosity_discrimination","1","11","280","28","16","0.5714","j","260","<div style=""width:100vw;height:100vh;background-color:black;""></div>","f","html-keyboard-response","71","2.0.0","178411","166234","testolin2020_replication","2025-11-25T01:53:29.320Z","13-14 inch laptop","1440","900","1242","724","2","21","Nov 28, 11 pm","false"
"numerosity_discrimination","1","12","279","20","11","0.55","j","273","<div style=""width:100vw;height:100vh;background-color:black;""></div>","f","html-keyboard-response","76","2.0.0","180864","166234","testolin2020_replication","2025-11-25T01:53:29.320Z","13-14 inch laptop","1440","900","1242","724","2","21","Nov 28, 11 pm","false"
"numerosity_discrimination","1","13","167","9","12","0.75","j","356","<div style=""width:100vw;height:100vh;background-color:black;""></div>","j","html-keyboard-response","81","2.0.0","183754","166234","testolin2020_replication","2025-11-25T01:53:29.320Z","13-14 inch laptop","1440","900","1242","724","2","21","Nov 28, 11 pm","true"
"numerosity_discrimination","1","14","9","9","8","0.8889","j","505","<div style=""width:100vw;height:100vh;background-color:black;""></div>","f","html-keyboard-response","86","2.0.0","186904","166234","testolin2020_replication","2025-11-25T01:53:29.320Z","13-14 inch laptop","1440","900","1242","724","2","21","Nov 28, 11 pm","false"
"numerosity_discrimination","1","15","202","9","7","0.7778","j","432","<div style=""width:100vw;height:100vh;background-color:black;""></div>","f","html-keyboard-response","91","2.0.0","189536","166234","testolin2020_replication","2025-11-25T01:53:29.320Z","13-14 inch laptop","1440","900","1242","724","2","21","Nov 28, 11 pm","false"
"numerosity_discrimination","1","16","272","10","20","0.5","j","545","<div style=""width:100vw;height:100vh;background-color:black;""></div>","j","html-keyboard-response","96","2.0.0","192595","166234","testolin2020_replication","2025-11-25T01:53:29.320Z","13-14 inch laptop","1440","900","1242","724","2","21","Nov 28, 11 pm","true"
"numerosity_discrimination","1","17","235","14","9","0.6429","j","429","<div style=""width:100vw;height:100vh;background-color:black;""></div>","f","html-keyboard-response","101","2.0.0","195417","166234","testolin2020_replication","2025-11-25T01:53:29.320Z","13-14 inch laptop","1440","900","1242","724","2","21","Nov 28, 11 pm","false"
"numerosity_discrimination","1","18","67","11","9","0.8182","j","529","<div style=""width:100vw;height:100vh;background-color:black;""></div>","j","html-keyboard-response","106","2.0.0","198308","166234","testolin2020_replication","2025-11-25T01:53:29.320Z","13-14 inch laptop","1440","900","1242","724","2","21","Nov 28, 11 pm","true"
"numerosity_discrimination","1","19","160","12","16","0.75","j","431","<div style=""width:100vw;height:100vh;background-color:black;""></div>","j","html-keyboard-response","111","2.0.0","201386","166234","testolin2020_replication","2025-11-25T01:53:29.320Z","13-14 inch laptop","1440","900","1242","724","2","21","Nov 28, 11 pm","true"
"numerosity_discrimination","1","20","31","28","25","0.8929","j","317","<div style=""width:100vw;height:100vh;background-color:black;""></div>","f","html-keyboard-response","116","2.0.0","204069","166234","testolin2020_replication","2025-11-25T01:53:29.320Z","13-14 inch laptop","1440","900","1242","724","2","21","Nov 28, 11 pm","false"
"numerosity_discrimination","1","21","213","18","11","0.6111","j","312","<div style=""width:100vw;height:100vh;background-color:black;""></div>","f","html-keyboard-response","121","2.0.0","207021","166234","testolin2020_replication","2025-11-25T01:53:29.320Z","13-14 inch laptop","1440","900","1242","724","2","21","Nov 28, 11 pm","false"
"numerosity_discrimination","1","22","193","25","18","0.72","j","211","<div style=""width:100vw;height:100vh;background-color:black;""></div>","f","html-keyboard-response","126","2.0.0","209892","166234","testolin2020_replication","2025-11-25T01:53:29.320Z","13-14 inch laptop","1440","900","1242","724","2","21","Nov 28, 11 pm","false"
"numerosity_discrimination","1","23","105","28","25","0.8929","j","585","<div style=""width:100vw;height:100vh;background-color:black;""></div>","f","html-keyboard-response","131","2.0.0","212975","166234","testolin2020_replication","2025-11-25T01:53:29.320Z","13-14 inch laptop","1440","900","1242","724","2","21","Nov 28, 11 pm","false"
"numerosity_discrimination","1","24","158","18","14","0.7778","j","467","<div style=""width:100vw;height:100vh;background-color:black;""></div>","f","html-keyboard-response","136","2.0.0","215816","166234","testolin2020_replication","2025-11-25T01:53:29.320Z","13-14 inch laptop","1440","900","1242","724","2","21","Nov 28, 11 pm","false"
"numerosity_discrimination","1","25","175","11","14","0.7857","j","389","<div style=""width:100vw;height:100vh;background-color:black;""></div>","f","html-keyboard-response","141","2.0.0","218617","166234","testolin2020_replication","2025-11-25T01:53:29.320Z","13-14 inch laptop","1440","900","1242","724","2","21","Nov 28, 11 pm","false"
"numerosity_discrimination","1","26","254","20","12","0.6","j","213","<div style=""width:100vw;height:100vh;background-color:black;""></div>","f","html-keyboard-response","146","2.0.0","221135","166234","testolin2020_replication","2025-11-25T01:53:29.320Z","13-14 inch laptop","1440","900","1242","724","2","21","Nov 28, 11 pm","false"
"numerosity_discrimination","1","27","221","16","10","0.625","j","246","<div style=""width:100vw;height:100vh;background-color:black;""></div>","f","html-keyboard-response","151","2.0.0","223756","166234","testolin2020_replication","2025-11-25T01:53:29.320Z","13-14 inch laptop","1440","900","1242","724","2","21","Nov 28, 11 pm","false"
"numerosity_discrimination","1","28","55","18","16","0.8889","j","158","<div style=""width:100vw;height:100vh;background-color:black;""></div>","f","html-keyboard-response","156","2.0.0","226415","166234","testolin2020_replication","2025-11-25T01:53:29.320Z","13-14 inch laptop","1440","900","1242","724","2","21","Nov 28, 11 pm","false"
"numerosity_discrimination","1","29","120","14","12","0.8571","j","182","<div style=""width:100vw;height:100vh;background-color:black;""></div>","f","html-keyboard-response","161","2.0.0","228836","166234","testolin2020_replication","2025-11-25T01:53:29.320Z","13-14 inch laptop","1440","900","1242","724","2","21","Nov 28, 11 pm","false"
"numerosity_discrimination","1","30","89","11","9","0.8182","j","553","<div style=""width:100vw;height:100vh;background-color:black;""></div>","f","html-keyboard-response","166","2.0.0","231594","166234","testolin2020_replication","2025-11-25T01:53:29.320Z","13-14 inch laptop","1440","900","1242","724","2","21","Nov 28, 11 pm","false"
"numerosity_discrimination","1","31","108","8","9","0.8889","j","515","<div style=""width:100vw;height:100vh;background-color:black;""></div>","j","html-keyboard-response","171","2.0.0","234697","166234","testolin2020_replication","2025-11-25T01:53:29.320Z","13-14 inch laptop","1440","900","1242","724","2","21","Nov 28, 11 pm","true"
"numerosity_discrimination","1","32","23","11","9","0.8182","j","489","<div style=""width:100vw;height:100vh;background-color:black;""></div>","f","html-keyboard-response","176","2.0.0","237504","166234","testolin2020_replication","2025-11-25T01:53:29.320Z","13-14 inch laptop","1440","900","1242","724","2","21","Nov 28, 11 pm","false"
"numerosity_discrimination","1","33","48","14","16","0.875","j","476","<div style=""width:100vw;height:100vh;background-color:black;""></div>","f","html-keyboard-response","181","2.0.0","240143","166234","testolin2020_replication","2025-11-25T01:53:29.320Z","13-14 inch laptop","1440","900","1242","724","2","21","Nov 28, 11 pm","false"
"numerosity_discrimination","1","34","177","8","11","0.7273","j","149","<div style=""width:100vw;height:100vh;background-color:black;""></div>","f","html-keyboard-response","186","2.0.0","242686","166234","testolin2020_replication","2025-11-25T01:53:29.320Z","13-14 inch laptop","1440","900","1242","724","2","21","Nov 28, 11 pm","false"
"numerosity_discrimination","1","35","26","28","25","0.8929","j","346","<div style=""width:100vw;height:100vh;background-color:black;""></div>","f","html-keyboard-response","191","2.0.0","245339","166234","testolin2020_replication","2025-11-25T01:53:29.320Z","13-14 inch laptop","1440","900","1242","724","2","21","Nov 28, 11 pm","false"
"numerosity_discrimination","1","36","166","20","14","0.7","j","153","<div style=""width:100vw;height:100vh;background-color:black;""></div>","f","html-keyboard-response","196","2.0.0","247944","166234","testolin2020_replication","2025-11-25T01:53:29.320Z","13-14 inch laptop","1440","900","1242","724","2","21","Nov 28, 11 pm","false"
"numerosity_discrimination","1","37","261","28","18","0.6429","j","151","<div style=""width:100vw;height:100vh;background-color:black;""></div>","f","html-keyboard-response","201","2.0.0","250738","166234","testolin2020_replication","2025-11-25T01:53:29.320Z","13-14 inch laptop","1440","900","1242","724","2","21","Nov 28, 11 pm","false"
"numerosity_discrimination","1","38","32","16","20","0.8","j","356","<div style=""width:100vw;height:100vh;background-color:black;""></div>","j","html-keyboard-response","206","2.0.0","253261","166234","testolin2020_replication","2025-11-25T01:53:29.320Z","13-14 inch laptop","1440","900","1242","724","2","21","Nov 28, 11 pm","true"
"numerosity_discrimination","1","39","103","14","12","0.8571","j","257","<div style=""width:100vw;height:100vh;background-color:black;""></div>","f","html-keyboard-response","211","2.0.0","256070","166234","testolin2020_replication","2025-11-25T01:53:29.320Z","13-14 inch laptop","1440","900","1242","724","2","21","Nov 28, 11 pm","false"
"numerosity_discrimination","1","40","197","12","16","0.75","j","203","<div style=""width:100vw;height:100vh;background-color:black;""></div>","j","html-keyboard-response","216","2.0.0","258585","166234","testolin2020_replication","2025-11-25T01:53:29.320Z","13-14 inch laptop","1440","900","1242","724","2","21","Nov 28, 11 pm","true"
"numerosity_discrimination","1","41","268","18","11","0.6111","j","440","<div style=""width:100vw;height:100vh;background-color:black;""></div>","f","html-keyboard-response","221","2.0.0","261348","166234","testolin2020_replication","2025-11-25T01:53:29.320Z","13-14 inch laptop","1440","900","1242","724","2","21","Nov 28, 11 pm","false"
"numerosity_discrimination","1","42","299","20","10","0.5","j","374","<div style=""width:100vw;height:100vh;background-color:black;""></div>","f","html-keyboard-response","226","2.0.0","264362","166234","testolin2020_replication","2025-11-25T01:53:29.320Z","13-14 inch laptop","1440","900","1242","724","2","21","Nov 28, 11 pm","false"
"numerosity_discrimination","1","43","179","22","16","0.7273","j","186","<div style=""width:100vw;height:100vh;background-color:black;""></div>","f","html-keyboard-response","231","2.0.0","266982","166234","testolin2020_replication","2025-11-25T01:53:29.320Z","13-14 inch laptop","1440","900","1242","724","2","21","Nov 28, 11 pm","false"
"numerosity_discrimination","1","44","203","11","8","0.7273","j","273","<div style=""width:100vw;height:100vh;background-color:black;""></div>","f","html-keyboard-response","236","2.0.0","269750","166234","testolin2020_replication","2025-11-25T01:53:29.320Z","13-14 inch laptop","1440","900","1242","724","2","21","Nov 28, 11 pm","false"
"numerosity_discrimination","1","45","245","10","16","0.625","j","127","<div style=""width:100vw;height:100vh;background-color:black;""></div>","f","html-keyboard-response","241","2.0.0","272367","166234","testolin2020_replication","2025-11-25T01:53:29.320Z","13-14 inch laptop","1440","900","1242","724","2","21","Nov 28, 11 pm","false"
"numerosity_discrimination","1","46","34","16","18","0.8889","j","235","<div style=""width:100vw;height:100vh;background-color:black;""></div>","f","html-keyboard-response","246","2.0.0","275078","166234","testolin2020_replication","2025-11-25T01:53:29.320Z","13-14 inch laptop","1440","900","1242","724","2","21","Nov 28, 11 pm","false"
"numerosity_discrimination","1","47","164","20","14","0.7","j","336","<div style=""width:100vw;height:100vh;background-color:black;""></div>","f","html-keyboard-response","251","2.0.0","277655","166234","testolin2020_replication","2025-11-25T01:53:29.320Z","13-14 inch laptop","1440","900","1242","724","2","21","Nov 28, 11 pm","false"
"numerosity_discrimination","1","48","186","22","28","0.7857","j","389","<div style=""width:100vw;height:100vh;background-color:black;""></div>","j","html-keyboard-response","256","2.0.0","280670","166234","testolin2020_replication","2025-11-25T01:53:29.320Z","13-14 inch laptop","1440","900","1242","724","2","21","Nov 28, 11 pm","true"
"numerosity_discrimination","1","49","19","18","22","0.8182","j","188","<div style=""width:100vw;height:100vh;background-color:black;""></div>","f","html-keyboard-response","261","2.0.0","283405","166234","testolin2020_replication","2025-11-25T01:53:29.320Z","13-14 inch laptop","1440","900","1242","724","2","21","Nov 28, 11 pm","false"
"numerosity_discrimination","1","50","22","16","20","0.8","j","277","<div style=""width:100vw;height:100vh;background-color:black;""></div>","f","html-keyboard-response","266","2.0.0","286072","166234","testolin2020_replication","2025-11-25T01:53:29.320Z","13-14 inch laptop","1440","900","1242","724","2","21","Nov 28, 11 pm","false"
"numerosity_discrimination","1","51","285","11","22","0.5","j","329","<div style=""width:100vw;height:100vh;background-color:black;""></div>","j","html-keyboard-response","271","2.0.0","288927","166234","testolin2020_replication","2025-11-25T01:53:29.320Z","13-14 inch laptop","1440","900","1242","724","2","21","Nov 28, 11 pm","true"
"numerosity_discrimination","1","52","54","22","18","0.8182","j","104","<div style=""width:100vw;height:100vh;background-color:black;""></div>","f","html-keyboard-response","276","2.0.0","291360","166234","testolin2020_replication","2025-11-25T01:53:29.320Z","13-14 inch laptop","1440","900","1242","724","2","21","Nov 28, 11 pm","false"
"numerosity_discrimination","1","53","238","20","12","0.6","j","102","<div style=""width:100vw;height:100vh;background-color:black;""></div>","f","html-keyboard-response","281","2.0.0","293979","166234","testolin2020_replication","2025-11-25T01:53:29.320Z","13-14 inch laptop","1440","900","1242","724","2","21","Nov 28, 11 pm","false"
"numerosity_discrimination","1","54","124","16","12","0.75","j","93","<div style=""width:100vw;height:100vh;background-color:black;""></div>","f","html-keyboard-response","286","2.0.0","296522","166234","testolin2020_replication","2025-11-25T01:53:29.320Z","13-14 inch laptop","1440","900","1242","724","2","21","Nov 28, 11 pm","false"
"numerosity_discrimination","1","55","18","14","12","0.8571","j","255","<div style=""width:100vw;height:100vh;background-color:black;""></div>","f","html-keyboard-response","291","2.0.0","299323","166234","testolin2020_replication","2025-11-25T01:53:29.320Z","13-14 inch laptop","1440","900","1242","724","2","21","Nov 28, 11 pm","false"
"numerosity_discrimination","1","56","173","25","18","0.72","j","124","<div style=""width:100vw;height:100vh;background-color:black;""></div>","f","html-keyboard-response","296","2.0.0","301830","166234","testolin2020_replication","2025-11-25T01:53:29.320Z","13-14 inch laptop","1440","900","1242","724","2","21","Nov 28, 11 pm","false"
"numerosity_discrimination","1","57","63","9","8","0.8889","j","557","<div style=""width:100vw;height:100vh;background-color:black;""></div>","f","html-keyboard-response","301","2.0.0","304652","166234","testolin2020_replication","2025-11-25T01:53:29.320Z","13-14 inch laptop","1440","900","1242","724","2","21","Nov 28, 11 pm","false"
"numerosity_discrimination","1","58","159","20","28","0.7143","j","100","<div style=""width:100vw;height:100vh;background-color:black;""></div>","f","html-keyboard-response","306","2.0.0","307144","166234","testolin2020_replication","2025-11-25T01:53:29.320Z","13-14 inch laptop","1440","900","1242","724","2","21","Nov 28, 11 pm","false"
"numerosity_discrimination","1","59","265","18","28","0.6429","j","353","<div style=""width:100vw;height:100vh;background-color:black;""></div>","f","html-keyboard-response","311","2.0.0","309996","166234","testolin2020_replication","2025-11-25T01:53:29.320Z","13-14 inch laptop","1440","900","1242","724","2","21","Nov 28, 11 pm","false"
"numerosity_discrimination","1","60","17","12","14","0.8571","j","214","<div style=""width:100vw;height:100vh;background-color:black;""></div>","j","html-keyboard-response","316","2.0.0","312633","166234","testolin2020_replication","2025-11-25T01:53:29.320Z","13-14 inch laptop","1440","900","1242","724","2","21","Nov 28, 11 pm","true"
"numerosity_discrimination","1","61","140","11","8","0.7273","j","190","<div style=""width:100vw;height:100vh;background-color:black;""></div>","f","html-keyboard-response","321","2.0.0","315425","166234","testolin2020_replication","2025-11-25T01:53:29.320Z","13-14 inch laptop","1440","900","1242","724","2","21","Nov 28, 11 pm","false"
"numerosity_discrimination","1","62","208","9","7","0.7778","j","281","<div style=""width:100vw;height:100vh;background-color:black;""></div>","f","html-keyboard-response","326","2.0.0","318064","166234","testolin2020_replication","2025-11-25T01:53:29.320Z","13-14 inch laptop","1440","900","1242","724","2","21","Nov 28, 11 pm","false"
"numerosity_discrimination","1","63","53","18","22","0.8182","j","242","<div style=""width:100vw;height:100vh;background-color:black;""></div>","j","html-keyboard-response","331","2.0.0","320931","166234","testolin2020_replication","2025-11-25T01:53:29.320Z","13-14 inch laptop","1440","900","1242","724","2","21","Nov 28, 11 pm","true"
"numerosity_discrimination","1","64","126","9","7","0.7778","j","209","<div style=""width:100vw;height:100vh;background-color:black;""></div>","j","html-keyboard-response","336","2.0.0","323674","166234","testolin2020_replication","2025-11-25T01:53:29.320Z","13-14 inch laptop","1440","900","1242","724","2","21","Nov 28, 11 pm","true"
"numerosity_discrimination","1","65","88","12","10","0.8333","j","151","<div style=""width:100vw;height:100vh;background-color:black;""></div>","f","html-keyboard-response","341","2.0.0","326057","166234","testolin2020_replication","2025-11-25T01:53:29.320Z","13-14 inch laptop","1440","900","1242","724","2","21","Nov 28, 11 pm","false"
"numerosity_discrimination","1","66","116","28","25","0.8929","j","378","<div style=""width:100vw;height:100vh;background-color:black;""></div>","j","html-keyboard-response","346","2.0.0","328939","166234","testolin2020_replication","2025-11-25T01:53:29.320Z","13-14 inch laptop","1440","900","1242","724","2","21","Nov 28, 11 pm","true"
"numerosity_discrimination","1","67","4","12","14","0.8571","j","254","<div style=""width:100vw;height:100vh;background-color:black;""></div>","j","html-keyboard-response","351","2.0.0","331530","166234","testolin2020_replication","2025-11-25T01:53:29.320Z","13-14 inch laptop","1440","900","1242","724","2","21","Nov 28, 11 pm","true"
"numerosity_discrimination","1","68","287","25","14","0.56","j","75","<div style=""width:100vw;height:100vh;background-color:black;""></div>","f","html-keyboard-response","356","2.0.0","333946","166234","testolin2020_replication","2025-11-25T01:53:29.320Z","13-14 inch laptop","1440","900","1242","724","2","21","Nov 28, 11 pm","false"
"numerosity_discrimination","1","69","119","12","10","0.8333","j","123","<div style=""width:100vw;height:100vh;background-color:black;""></div>","j","html-keyboard-response","361","2.0.0","336628","166234","testolin2020_replication","2025-11-25T01:53:29.320Z","13-14 inch laptop","1440","900","1242","724","2","21","Nov 28, 11 pm","true"
"numerosity_discrimination","1","70","122","8","11","0.7273","j","133","<div style=""width:100vw;height:100vh;background-color:black;""></div>","j","html-keyboard-response","366","2.0.0","339322","166234","testolin2020_replication","2025-11-25T01:53:29.320Z","13-14 inch laptop","1440","900","1242","724","2","21","Nov 28, 11 pm","true"
"numerosity_discrimination","1","71","194","7","9","0.7778","j","431","<div style=""width:100vw;height:100vh;background-color:black;""></div>","f","html-keyboard-response","371","2.0.0","342004","166234","testolin2020_replication","2025-11-25T01:53:29.320Z","13-14 inch laptop","1440","900","1242","724","2","21","Nov 28, 11 pm","false"
"numerosity_discrimination","1","72","75","12","14","0.8571","j","163","<div style=""width:100vw;height:100vh;background-color:black;""></div>","f","html-keyboard-response","376","2.0.0","344389","166234","testolin2020_replication","2025-11-25T01:53:29.320Z","13-14 inch laptop","1440","900","1242","724","2","21","Nov 28, 11 pm","false"
"numerosity_discrimination","1","73","150","16","22","0.7273","j","323","<div style=""width:100vw;height:100vh;background-color:black;""></div>","j","html-keyboard-response","381","2.0.0","347076","166234","testolin2020_replication","2025-11-25T01:53:29.320Z","13-14 inch laptop","1440","900","1242","724","2","21","Nov 28, 11 pm","true"
"numerosity_discrimination","1","74","70","18","16","0.8889","j","182","<div style=""width:100vw;height:100vh;background-color:black;""></div>","f","html-keyboard-response","386","2.0.0","349858","166234","testolin2020_replication","2025-11-25T01:53:29.320Z","13-14 inch laptop","1440","900","1242","724","2","21","Nov 28, 11 pm","false"
"numerosity_discrimination","1","75","187","18","14","0.7778","j","578","<div style=""width:100vw;height:100vh;background-color:black;""></div>","j","html-keyboard-response","391","2.0.0","352960","166234","testolin2020_replication","2025-11-25T01:53:29.320Z","13-14 inch laptop","1440","900","1242","724","2","21","Nov 28, 11 pm","true"
"numerosity_discrimination","1","76","275","14","7","0.5","j","286","<div style=""width:100vw;height:100vh;background-color:black;""></div>","f","html-keyboard-response","396","2.0.0","355676","166234","testolin2020_replication","2025-11-25T01:53:29.320Z","13-14 inch laptop","1440","900","1242","724","2","21","Nov 28, 11 pm","false"
"numerosity_discrimination","1","77","192","22","28","0.7857","j","600","<div style=""width:100vw;height:100vh;background-color:black;""></div>","j","html-keyboard-response","401","2.0.0","358562","166234","testolin2020_replication","2025-11-25T01:53:29.320Z","13-14 inch laptop","1440","900","1242","724","2","21","Nov 28, 11 pm","true"
"numerosity_discrimination","1","78","225","14","22","0.6364","j","492","<div style=""width:100vw;height:100vh;background-color:black;""></div>","f","html-keyboard-response","406","2.0.0","361411","166234","testolin2020_replication","2025-11-25T01:53:29.320Z","13-14 inch laptop","1440","900","1242","724","2","21","Nov 28, 11 pm","false"
"numerosity_discrimination","1","79","59","14","12","0.8571","j","362","<div style=""width:100vw;height:100vh;background-color:black;""></div>","f","html-keyboard-response","411","2.0.0","364372","166234","testolin2020_replication","2025-11-25T01:53:29.320Z","13-14 inch laptop","1440","900","1242","724","2","21","Nov 28, 11 pm","false"
"numerosity_discrimination","1","80","239","22","14","0.6364","j","293","<div style=""width:100vw;height:100vh;background-color:black;""></div>","f","html-keyboard-response","416","2.0.0","367234","166234","testolin2020_replication","2025-11-25T01:53:29.320Z","13-14 inch laptop","1440","900","1242","724","2","21","Nov 28, 11 pm","false"
"numerosity_discrimination","1","81","226","14","9","0.6429","j","920","<div style=""width:100vw;height:100vh;background-color:black;""></div>","f","html-keyboard-response","421","2.0.0","370503","166234","testolin2020_replication","2025-11-25T01:53:29.320Z","13-14 inch laptop","1440","900","1242","724","2","21","Nov 28, 11 pm","false"
"numerosity_discrimination","1","82","259","18","11","0.6111","j","233","<div style=""width:100vw;height:100vh;background-color:black;""></div>","f","html-keyboard-response","426","2.0.0","373314","166234","testolin2020_replication","2025-11-25T01:53:29.320Z","13-14 inch laptop","1440","900","1242","724","2","21","Nov 28, 11 pm","false"
"numerosity_discrimination","1","83","184","18","14","0.7778","j","724","<div style=""width:100vw;height:100vh;background-color:black;""></div>","f","html-keyboard-response","431","2.0.0","376546","166234","testolin2020_replication","2025-11-25T01:53:29.320Z","13-14 inch laptop","1440","900","1242","724","2","21","Nov 28, 11 pm","false"
"numerosity_discrimination","1","84","100","28","25","0.8929","j","328","<div style=""width:100vw;height:100vh;background-color:black;""></div>","f","html-keyboard-response","436","2.0.0","379301","166234","testolin2020_replication","2025-11-25T01:53:29.320Z","13-14 inch laptop","1440","900","1242","724","2","21","Nov 28, 11 pm","false"
"numerosity_discrimination","1","85","38","14","16","0.875","j","474","<div style=""width:100vw;height:100vh;background-color:black;""></div>","f","html-keyboard-response","441","2.0.0","382386","166234","testolin2020_replication","2025-11-25T01:53:29.320Z","13-14 inch laptop","1440","900","1242","724","2","21","Nov 28, 11 pm","false"
"numerosity_discrimination","1","86","109","12","14","0.8571","j","290","<div style=""width:100vw;height:100vh;background-color:black;""></div>","j","html-keyboard-response","446","2.0.0","385155","166234","testolin2020_replication","2025-11-25T01:53:29.320Z","13-14 inch laptop","1440","900","1242","724","2","21","Nov 28, 11 pm","true"
"numerosity_discrimination","1","87","231","25","16","0.64","j","107","<div style=""width:100vw;height:100vh;background-color:black;""></div>","f","html-keyboard-response","451","2.0.0","387884","166234","testolin2020_replication","2025-11-25T01:53:29.320Z","13-14 inch laptop","1440","900","1242","724","2","21","Nov 28, 11 pm","false"
"numerosity_discrimination","1","88","282","8","14","0.5714","j","300","<div style=""width:100vw;height:100vh;background-color:black;""></div>","j","html-keyboard-response","456","2.0.0","390538","166234","testolin2020_replication","2025-11-25T01:53:29.320Z","13-14 inch laptop","1440","900","1242","724","2","21","Nov 28, 11 pm","true"
"numerosity_discrimination","1","89","37","20","16","0.8","j","133","<div style=""width:100vw;height:100vh;background-color:black;""></div>","f","html-keyboard-response","461","2.0.0","393226","166234","testolin2020_replication","2025-11-25T01:53:29.320Z","13-14 inch laptop","1440","900","1242","724","2","21","Nov 28, 11 pm","false"
"numerosity_discrimination","1","90","41","16","20","0.8","j","550","<div style=""width:100vw;height:100vh;background-color:black;""></div>","j","html-keyboard-response","466","2.0.0","396350","166234","testolin2020_replication","2025-11-25T01:53:29.320Z","13-14 inch laptop","1440","900","1242","724","2","21","Nov 28, 11 pm","true"
"numerosity_discrimination","1","91","11","8","10","0.8","j","180","<div style=""width:100vw;height:100vh;background-color:black;""></div>","j","html-keyboard-response","471","2.0.0","398740","166234","testolin2020_replication","2025-11-25T01:53:29.320Z","13-14 inch laptop","1440","900","1242","724","2","21","Nov 28, 11 pm","true"
"numerosity_discrimination","1","92","163","18","14","0.7778","j","35","<div style=""width:100vw;height:100vh;background-color:black;""></div>","f","html-keyboard-response","476","2.0.0","401246","166234","testolin2020_replication","2025-11-25T01:53:29.320Z","13-14 inch laptop","1440","900","1242","724","2","21","Nov 28, 11 pm","false"
"numerosity_discrimination","1","93","243","18","12","0.6667","j","85","<div style=""width:100vw;height:100vh;background-color:black;""></div>","f","html-keyboard-response","481","2.0.0","403797","166234","testolin2020_replication","2025-11-25T01:53:29.320Z","13-14 inch laptop","1440","900","1242","724","2","21","Nov 28, 11 pm","false"
"numerosity_discrimination","1","94","290","12","22","0.5455","j","238","<div style=""width:100vw;height:100vh;background-color:black;""></div>","j","html-keyboard-response","486","2.0.0","406252","166234","testolin2020_replication","2025-11-25T01:53:29.320Z","13-14 inch laptop","1440","900","1242","724","2","21","Nov 28, 11 pm","true"
"numerosity_discrimination","1","95","281","12","7","0.5833","j","110","<div style=""width:100vw;height:100vh;background-color:black;""></div>","f","html-keyboard-response","491","2.0.0","408816","166234","testolin2020_replication","2025-11-25T01:53:29.320Z","13-14 inch laptop","1440","900","1242","724","2","21","Nov 28, 11 pm","false"
"numerosity_discrimination","1","96","134","16","12","0.75","j","498","<div style=""width:100vw;height:100vh;background-color:black;""></div>","f","html-keyboard-response","496","2.0.0","411923","166234","testolin2020_replication","2025-11-25T01:53:29.320Z","13-14 inch laptop","1440","900","1242","724","2","21","Nov 28, 11 pm","false"
"numerosity_discrimination","1","97","123","12","16","0.75","j","603","<div style=""width:100vw;height:100vh;background-color:black;""></div>","f","html-keyboard-response","501","2.0.0","414734","166234","testolin2020_replication","2025-11-25T01:53:29.320Z","13-14 inch laptop","1440","900","1242","724","2","21","Nov 28, 11 pm","false"
"numerosity_discrimination","1","98","274","18","9","0.5","j","7864","<div style=""width:100vw;height:100vh;background-color:black;""></div>","j","html-keyboard-response","506","2.0.0","424899","166234","testolin2020_replication","2025-11-25T01:53:29.320Z","13-14 inch laptop","1440","900","1242","724","2","21","Nov 28, 11 pm","true"
"numerosity_discrimination","1","99","112","28","25","0.8929","j","11034","<div style=""width:100vw;height:100vh;background-color:black;""></div>","j","html-keyboard-response","511","2.0.0","438487","166234","testolin2020_replication","2025-11-25T01:53:29.320Z","13-14 inch laptop","1440","900","1242","724","2","21","Nov 28, 11 pm","true"
"numerosity_discrimination","1","100","295","20","10","0.5","j","146","<div style=""width:100vw;height:100vh;background-color:black;""></div>","f","html-keyboard-response","516","2.0.0","441161","166234","testolin2020_replication","2025-11-25T01:53:29.320Z","13-14 inch laptop","1440","900","1242","724","2","21","Nov 28, 11 pm","false"
"numerosity_discrimination","2","101","46","18","22","0.8182","j","412","<div style=""width:100vw;height:100vh;background-color:black;""></div>","f","html-keyboard-response","523","2.0.0","487988","166234","testolin2020_replication","2025-11-25T01:53:29.320Z","13-14 inch laptop","1440","900","1242","724","2","21","Nov 28, 11 pm","false"
"numerosity_discrimination","2","102","77","7","8","0.875","j","88","<div style=""width:100vw;height:100vh;background-color:black;""></div>","f","html-keyboard-response","528","2.0.0","490329","166234","testolin2020_replication","2025-11-25T01:53:29.320Z","13-14 inch laptop","1440","900","1242","724","2","21","Nov 28, 11 pm","false"
"numerosity_discrimination","2","103","68","11","9","0.8182","j","42","<div style=""width:100vw;height:100vh;background-color:black;""></div>","f","html-keyboard-response","533","2.0.0","492674","166234","testolin2020_replication","2025-11-25T01:53:29.320Z","13-14 inch laptop","1440","900","1242","724","2","21","Nov 28, 11 pm","false"
"numerosity_discrimination","2","104","178","14","11","0.7857","j","51","<div style=""width:100vw;height:100vh;background-color:black;""></div>","f","html-keyboard-response","538","2.0.0","495327","166234","testolin2020_replication","2025-11-25T01:53:29.320Z","13-14 inch laptop","1440","900","1242","724","2","21","Nov 28, 11 pm","false"
"numerosity_discrimination","2","105","30","11","9","0.8182","j","157","<div style=""width:100vw;height:100vh;background-color:black;""></div>","j","html-keyboard-response","543","2.0.0","497841","166234","testolin2020_replication","2025-11-25T01:53:29.320Z","13-14 inch laptop","1440","900","1242","724","2","21","Nov 28, 11 pm","true"
"numerosity_discrimination","2","106","86","22","25","0.88","j","23781","<div style=""width:100vw;height:100vh;background-color:black;""></div>","j","html-keyboard-response","548","2.0.0","524171","166234","testolin2020_replication","2025-11-25T01:53:29.320Z","13-14 inch laptop","1440","900","1242","724","2","21","Nov 28, 11 pm","true"
"numerosity_discrimination","2","107","244","8","12","0.6667","j","302","<div style=""width:100vw;height:100vh;background-color:black;""></div>","j","html-keyboard-response","553","2.0.0","526995","166234","testolin2020_replication","2025-11-25T01:53:29.320Z","13-14 inch laptop","1440","900","1242","724","2","21","Nov 28, 11 pm","true"
"numerosity_discrimination","2","108","195","16","12","0.75","j","262","<div style=""width:100vw;height:100vh;background-color:black;""></div>","f","html-keyboard-response","558","2.0.0","529463","166234","testolin2020_replication","2025-11-25T01:53:29.320Z","13-14 inch laptop","1440","900","1242","724","2","21","Nov 28, 11 pm","false"
"numerosity_discrimination","2","109","78","11","9","0.8182","j","132","<div style=""width:100vw;height:100vh;background-color:black;""></div>","f","html-keyboard-response","563","2.0.0","532127","166234","testolin2020_replication","2025-11-25T01:53:29.320Z","13-14 inch laptop","1440","900","1242","724","2","21","Nov 28, 11 pm","false"
"numerosity_discrimination","2","110","6","16","18","0.8889","j","424","<div style=""width:100vw;height:100vh;background-color:black;""></div>","f","html-keyboard-response","568","2.0.0","535135","166234","testolin2020_replication","2025-11-25T01:53:29.320Z","13-14 inch laptop","1440","900","1242","724","2","21","Nov 28, 11 pm","false"
"numerosity_discrimination","2","111","185","20","28","0.7143","j","209","<div style=""width:100vw;height:100vh;background-color:black;""></div>","j","html-keyboard-response","573","2.0.0","537785","166234","testolin2020_replication","2025-11-25T01:53:29.320Z","13-14 inch laptop","1440","900","1242","724","2","21","Nov 28, 11 pm","true"
"numerosity_discrimination","2","112","148","25","18","0.72","j","92","<div style=""width:100vw;height:100vh;background-color:black;""></div>","f","html-keyboard-response","578","2.0.0","540146","166234","testolin2020_replication","2025-11-25T01:53:29.320Z","13-14 inch laptop","1440","900","1242","724","2","21","Nov 28, 11 pm","false"
"numerosity_discrimination","2","113","157","7","10","0.7","j","136","<div style=""width:100vw;height:100vh;background-color:black;""></div>","f","html-keyboard-response","583","2.0.0","542895","166234","testolin2020_replication","2025-11-25T01:53:29.320Z","13-14 inch laptop","1440","900","1242","724","2","21","Nov 28, 11 pm","false"
"numerosity_discrimination","2","114","141","20","14","0.7","j","96","<div style=""width:100vw;height:100vh;background-color:black;""></div>","f","html-keyboard-response","588","2.0.0","545354","166234","testolin2020_replication","2025-11-25T01:53:29.320Z","13-14 inch laptop","1440","900","1242","724","2","21","Nov 28, 11 pm","false"
"numerosity_discrimination","2","115","253","22","14","0.6364","j","55","<div style=""width:100vw;height:100vh;background-color:black;""></div>","f","html-keyboard-response","593","2.0.0","547673","166234","testolin2020_replication","2025-11-25T01:53:29.320Z","13-14 inch laptop","1440","900","1242","724","2","21","Nov 28, 11 pm","false"
"numerosity_discrimination","2","116","214","20","12","0.6","j","4061","<div style=""width:100vw;height:100vh;background-color:black;""></div>","j","html-keyboard-response","598","2.0.0","554236","166234","testolin2020_replication","2025-11-25T01:53:29.320Z","13-14 inch laptop","1440","900","1242","724","2","21","Nov 28, 11 pm","true"
"numerosity_discrimination","2","117","102","8","7","0.875","j","450","<div style=""width:100vw;height:100vh;background-color:black;""></div>","f","html-keyboard-response","603","2.0.0","557260","166234","testolin2020_replication","2025-11-25T01:53:29.320Z","13-14 inch laptop","1440","900","1242","724","2","21","Nov 28, 11 pm","false"
"numerosity_discrimination","2","118","96","12","10","0.8333","j","135","<div style=""width:100vw;height:100vh;background-color:black;""></div>","f","html-keyboard-response","608","2.0.0","560056","166234","testolin2020_replication","2025-11-25T01:53:29.320Z","13-14 inch laptop","1440","900","1242","724","2","21","Nov 28, 11 pm","false"
"numerosity_discrimination","2","119","220","28","18","0.6429","j","126","<div style=""width:100vw;height:100vh;background-color:black;""></div>","f","html-keyboard-response","613","2.0.0","562346","166234","testolin2020_replication","2025-11-25T01:53:29.320Z","13-14 inch laptop","1440","900","1242","724","2","21","Nov 28, 11 pm","false"
"numerosity_discrimination","2","120","142","11","14","0.7857","j","306","<div style=""width:100vw;height:100vh;background-color:black;""></div>","j","html-keyboard-response","618","2.0.0","565142","166234","testolin2020_replication","2025-11-25T01:53:29.320Z","13-14 inch laptop","1440","900","1242","724","2","21","Nov 28, 11 pm","true"
"numerosity_discrimination","2","121","183","14","20","0.7","j","205","<div style=""width:100vw;height:100vh;background-color:black;""></div>","j","html-keyboard-response","623","2.0.0","567522","166234","testolin2020_replication","2025-11-25T01:53:29.320Z","13-14 inch laptop","1440","900","1242","724","2","21","Nov 28, 11 pm","true"
"numerosity_discrimination","2","122","291","11","20","0.55","j","362","<div style=""width:100vw;height:100vh;background-color:black;""></div>","f","html-keyboard-response","628","2.0.0","570220","166234","testolin2020_replication","2025-11-25T01:53:29.320Z","13-14 inch laptop","1440","900","1242","724","2","21","Nov 28, 11 pm","false"
"numerosity_discrimination","2","123","248","22","14","0.6364","j","211","<div style=""width:100vw;height:100vh;background-color:black;""></div>","f","html-keyboard-response","633","2.0.0","572649","166234","testolin2020_replication","2025-11-25T01:53:29.320Z","13-14 inch laptop","1440","900","1242","724","2","21","Nov 28, 11 pm","false"
"numerosity_discrimination","2","124","230","10","16","0.625","j","536","<div style=""width:100vw;height:100vh;background-color:black;""></div>","j","html-keyboard-response","638","2.0.0","575602","166234","testolin2020_replication","2025-11-25T01:53:29.320Z","13-14 inch laptop","1440","900","1242","724","2","21","Nov 28, 11 pm","true"
"numerosity_discrimination","2","125","283","20","11","0.55","j","160","<div style=""width:100vw;height:100vh;background-color:black;""></div>","f","html-keyboard-response","643","2.0.0","578383","166234","testolin2020_replication","2025-11-25T01:53:29.320Z","13-14 inch laptop","1440","900","1242","724","2","21","Nov 28, 11 pm","false"
"numerosity_discrimination","2","126","14","8","7","0.875","j","179","<div style=""width:100vw;height:100vh;background-color:black;""></div>","f","html-keyboard-response","648","2.0.0","581216","166234","testolin2020_replication","2025-11-25T01:53:29.320Z","13-14 inch laptop","1440","900","1242","724","2","21","Nov 28, 11 pm","false"
"numerosity_discrimination","2","127","297","18","10","0.5556","j","188","<div style=""width:100vw;height:100vh;background-color:black;""></div>","f","html-keyboard-response","653","2.0.0","583718","166234","testolin2020_replication","2025-11-25T01:53:29.320Z","13-14 inch laptop","1440","900","1242","724","2","21","Nov 28, 11 pm","false"
"numerosity_discrimination","2","128","250","18","12","0.6667","j","86","<div style=""width:100vw;height:100vh;background-color:black;""></div>","f","html-keyboard-response","658","2.0.0","586136","166234","testolin2020_replication","2025-11-25T01:53:29.320Z","13-14 inch laptop","1440","900","1242","724","2","21","Nov 28, 11 pm","false"
"numerosity_discrimination","2","129","79","16","18","0.8889","j","132","<div style=""width:100vw;height:100vh;background-color:black;""></div>","f","html-keyboard-response","663","2.0.0","588895","166234","testolin2020_replication","2025-11-25T01:53:29.320Z","13-14 inch laptop","1440","900","1242","724","2","21","Nov 28, 11 pm","false"
"numerosity_discrimination","2","130","171","12","9","0.75","j","317","<div style=""width:100vw;height:100vh;background-color:black;""></div>","j","html-keyboard-response","668","2.0.0","591826","166234","testolin2020_replication","2025-11-25T01:53:29.320Z","13-14 inch laptop","1440","900","1242","724","2","21","Nov 28, 11 pm","true"
"numerosity_discrimination","2","131","8","16","14","0.875","j","206","<div style=""width:100vw;height:100vh;background-color:black;""></div>","f","html-keyboard-response","673","2.0.0","594285","166234","testolin2020_replication","2025-11-25T01:53:29.320Z","13-14 inch laptop","1440","900","1242","724","2","21","Nov 28, 11 pm","false"
"numerosity_discrimination","2","132","107","16","18","0.8889","j","288","<div style=""width:100vw;height:100vh;background-color:black;""></div>","j","html-keyboard-response","678","2.0.0","597098","166234","testolin2020_replication","2025-11-25T01:53:29.320Z","13-14 inch laptop","1440","900","1242","724","2","21","Nov 28, 11 pm","true"
"numerosity_discrimination","2","133","99","22","18","0.8182","j","114","<div style=""width:100vw;height:100vh;background-color:black;""></div>","f","html-keyboard-response","683","2.0.0","599676","166234","testolin2020_replication","2025-11-25T01:53:29.320Z","13-14 inch laptop","1440","900","1242","724","2","21","Nov 28, 11 pm","false"
"numerosity_discrimination","2","134","224","9","14","0.6429","j","228","<div style=""width:100vw;height:100vh;background-color:black;""></div>","f","html-keyboard-response","688","2.0.0","602277","166234","testolin2020_replication","2025-11-25T01:53:29.320Z","13-14 inch laptop","1440","900","1242","724","2","21","Nov 28, 11 pm","false"
"numerosity_discrimination","2","135","151","9","7","0.7778","j","312","<div style=""width:100vw;height:100vh;background-color:black;""></div>","f","html-keyboard-response","693","2.0.0","604924","166234","testolin2020_replication","2025-11-25T01:53:29.320Z","13-14 inch laptop","1440","900","1242","724","2","21","Nov 28, 11 pm","false"
"numerosity_discrimination","2","136","133","10","14","0.7143","j","110","<div style=""width:100vw;height:100vh;background-color:black;""></div>","f","html-keyboard-response","698","2.0.0","607684","166234","testolin2020_replication","2025-11-25T01:53:29.320Z","13-14 inch laptop","1440","900","1242","724","2","21","Nov 28, 11 pm","false"
"numerosity_discrimination","2","137","258","14","22","0.6364","j","344","<div style=""width:100vw;height:100vh;background-color:black;""></div>","f","html-keyboard-response","703","2.0.0","610577","166234","testolin2020_replication","2025-11-25T01:53:29.320Z","13-14 inch laptop","1440","900","1242","724","2","21","Nov 28, 11 pm","false"
"numerosity_discrimination","2","138","82","16","14","0.875","j","102","<div style=""width:100vw;height:100vh;background-color:black;""></div>","f","html-keyboard-response","708","2.0.0","613168","166234","testolin2020_replication","2025-11-25T01:53:29.320Z","13-14 inch laptop","1440","900","1242","724","2","21","Nov 28, 11 pm","false"
"numerosity_discrimination","2","139","146","10","14","0.7143","j","286","<div style=""width:100vw;height:100vh;background-color:black;""></div>","f","html-keyboard-response","713","2.0.0","615841","166234","testolin2020_replication","2025-11-25T01:53:29.320Z","13-14 inch laptop","1440","900","1242","724","2","21","Nov 28, 11 pm","false"
"numerosity_discrimination","2","140","215","16","11","0.6875","j","34","<div style=""width:100vw;height:100vh;background-color:black;""></div>","f","html-keyboard-response","718","2.0.0","618277","166234","testolin2020_replication","2025-11-25T01:53:29.320Z","13-14 inch laptop","1440","900","1242","724","2","21","Nov 28, 11 pm","false"
"numerosity_discrimination","2","141","209","9","7","0.7778","j","3333","<div style=""width:100vw;height:100vh;background-color:black;""></div>","j","html-keyboard-response","723","2.0.0","624017","166234","testolin2020_replication","2025-11-25T01:53:29.320Z","13-14 inch laptop","1440","900","1242","724","2","21","Nov 28, 11 pm","true"
"numerosity_discrimination","2","142","156","12","16","0.75","j","114","<div style=""width:100vw;height:100vh;background-color:black;""></div>","f","html-keyboard-response","728","2.0.0","626480","166234","testolin2020_replication","2025-11-25T01:53:29.320Z","13-14 inch laptop","1440","900","1242","724","2","21","Nov 28, 11 pm","false"
"numerosity_discrimination","2","143","181","10","14","0.7143","j","2722","<div style=""width:100vw;height:100vh;background-color:black;""></div>","f","html-keyboard-response","733","2.0.0","631542","166234","testolin2020_replication","2025-11-25T01:53:29.320Z","13-14 inch laptop","1440","900","1242","724","2","21","Nov 28, 11 pm","false"
"numerosity_discrimination","2","144","270","14","22","0.6364","j","3560","<div style=""width:100vw;height:100vh;background-color:black;""></div>","j","html-keyboard-response","738","2.0.0","637738","166234","testolin2020_replication","2025-11-25T01:53:29.320Z","13-14 inch laptop","1440","900","1242","724","2","21","Nov 28, 11 pm","true"
"numerosity_discrimination","2","145","293","7","12","0.5833","j","48","<div style=""width:100vw;height:100vh;background-color:black;""></div>","f","html-keyboard-response","743","2.0.0","640140","166234","testolin2020_replication","2025-11-25T01:53:29.320Z","13-14 inch laptop","1440","900","1242","724","2","21","Nov 28, 11 pm","false"
"numerosity_discrimination","2","146","154","11","14","0.7857","j","297","<div style=""width:100vw;height:100vh;background-color:black;""></div>","f","html-keyboard-response","748","2.0.0","642660","166234","testolin2020_replication","2025-11-25T01:53:29.320Z","13-14 inch laptop","1440","900","1242","724","2","21","Nov 28, 11 pm","false"
"numerosity_discrimination","2","147","137","10","7","0.7","j","8056","<div style=""width:100vw;height:100vh;background-color:black;""></div>","f","html-keyboard-response","753","2.0.0","653190","166234","testolin2020_replication","2025-11-25T01:53:29.320Z","13-14 inch laptop","1440","900","1242","724","2","21","Nov 28, 11 pm","false"
"numerosity_discrimination","2","148","95","9","8","0.8889","j","426","<div style=""width:100vw;height:100vh;background-color:black;""></div>","j","html-keyboard-response","758","2.0.0","656112","166234","testolin2020_replication","2025-11-25T01:53:29.320Z","13-14 inch laptop","1440","900","1242","724","2","21","Nov 28, 11 pm","true"
"numerosity_discrimination","2","149","240","20","12","0.6","j","428","<div style=""width:100vw;height:100vh;background-color:black;""></div>","f","html-keyboard-response","763","2.0.0","658926","166234","testolin2020_replication","2025-11-25T01:53:29.320Z","13-14 inch laptop","1440","900","1242","724","2","21","Nov 28, 11 pm","false"
"numerosity_discrimination","2","150","191","28","20","0.7143","j","253","<div style=""width:100vw;height:100vh;background-color:black;""></div>","f","html-keyboard-response","768","2.0.0","661766","166234","testolin2020_replication","2025-11-25T01:53:29.320Z","13-14 inch laptop","1440","900","1242","724","2","21","Nov 28, 11 pm","false"
"numerosity_discrimination","2","151","162","16","22","0.7273","j","929","<div style=""width:100vw;height:100vh;background-color:black;""></div>","f","html-keyboard-response","773","2.0.0","664928","166234","testolin2020_replication","2025-11-25T01:53:29.320Z","13-14 inch laptop","1440","900","1242","724","2","21","Nov 28, 11 pm","false"
"numerosity_discrimination","2","152","64","9","11","0.8182","j","49","<div style=""width:100vw;height:100vh;background-color:black;""></div>","f","html-keyboard-response","778","2.0.0","667202","166234","testolin2020_replication","2025-11-25T01:53:29.320Z","13-14 inch laptop","1440","900","1242","724","2","21","Nov 28, 11 pm","false"
"numerosity_discrimination","2","153","58","18","22","0.8182","j","13039","<div style=""width:100vw;height:100vh;background-color:black;""></div>","f","html-keyboard-response","783","2.0.0","682704","166234","testolin2020_replication","2025-11-25T01:53:29.320Z","13-14 inch laptop","1440","900","1242","724","2","21","Nov 28, 11 pm","false"
"numerosity_discrimination","2","154","66","9","11","0.8182","j","69","<div style=""width:100vw;height:100vh;background-color:black;""></div>","f","html-keyboard-response","788","2.0.0","685223","166234","testolin2020_replication","2025-11-25T01:53:29.320Z","13-14 inch laptop","1440","900","1242","724","2","21","Nov 28, 11 pm","false"
"numerosity_discrimination","2","155","266","7","11","0.6364","j","288","<div style=""width:100vw;height:100vh;background-color:black;""></div>","f","html-keyboard-response","793","2.0.0","687993","166234","testolin2020_replication","2025-11-25T01:53:29.320Z","13-14 inch laptop","1440","900","1242","724","2","21","Nov 28, 11 pm","false"
"numerosity_discrimination","2","156","90","7","8","0.875","j","401","<div style=""width:100vw;height:100vh;background-color:black;""></div>","f","html-keyboard-response","798","2.0.0","690782","166234","testolin2020_replication","2025-11-25T01:53:29.320Z","13-14 inch laptop","1440","900","1242","724","2","21","Nov 28, 11 pm","false"
"numerosity_discrimination","2","157","74","12","10","0.8333","j","622","<div style=""width:100vw;height:100vh;background-color:black;""></div>","f","html-keyboard-response","803","2.0.0","693796","166234","testolin2020_replication","2025-11-25T01:53:29.320Z","13-14 inch laptop","1440","900","1242","724","2","21","Nov 28, 11 pm","false"
"numerosity_discrimination","2","158","288","18","10","0.5556","j","117","<div style=""width:100vw;height:100vh;background-color:black;""></div>","f","html-keyboard-response","808","2.0.0","696363","166234","testolin2020_replication","2025-11-25T01:53:29.320Z","13-14 inch laptop","1440","900","1242","724","2","21","Nov 28, 11 pm","false"
"numerosity_discrimination","2","159","85","7","8","0.875","j","379","<div style=""width:100vw;height:100vh;background-color:black;""></div>","f","html-keyboard-response","813","2.0.0","699085","166234","testolin2020_replication","2025-11-25T01:53:29.320Z","13-14 inch laptop","1440","900","1242","724","2","21","Nov 28, 11 pm","false"
"numerosity_discrimination","2","160","87","14","16","0.875","j","72","<div style=""width:100vw;height:100vh;background-color:black;""></div>","f","html-keyboard-response","818","2.0.0","701635","166234","testolin2020_replication","2025-11-25T01:53:29.320Z","13-14 inch laptop","1440","900","1242","724","2","21","Nov 28, 11 pm","false"
"numerosity_discrimination","2","161","205","14","11","0.7857","j","187","<div style=""width:100vw;height:100vh;background-color:black;""></div>","f","html-keyboard-response","823","2.0.0","704045","166234","testolin2020_replication","2025-11-25T01:53:29.320Z","13-14 inch laptop","1440","900","1242","724","2","21","Nov 28, 11 pm","false"
"numerosity_discrimination","2","162","83","7","8","0.875","j","153","<div style=""width:100vw;height:100vh;background-color:black;""></div>","f","html-keyboard-response","828","2.0.0","706516","166234","testolin2020_replication","2025-11-25T01:53:29.320Z","13-14 inch laptop","1440","900","1242","724","2","21","Nov 28, 11 pm","false"
"numerosity_discrimination","2","163","292","8","14","0.5714","j","453","<div style=""width:100vw;height:100vh;background-color:black;""></div>","f","html-keyboard-response","833","2.0.0","709225","166234","testolin2020_replication","2025-11-25T01:53:29.320Z","13-14 inch laptop","1440","900","1242","724","2","21","Nov 28, 11 pm","false"
"numerosity_discrimination","2","164","24","12","10","0.8333","j","1","<div style=""width:100vw;height:100vh;background-color:black;""></div>","f","html-keyboard-response","838","2.0.0","711678","166234","testolin2020_replication","2025-11-25T01:53:29.320Z","13-14 inch laptop","1440","900","1242","724","2","21","Nov 28, 11 pm","false"
"numerosity_discrimination","2","165","114","20","16","0.8","j","4274","<div style=""width:100vw;height:100vh;background-color:black;""></div>","j","html-keyboard-response","843","2.0.0","718113","166234","testolin2020_replication","2025-11-25T01:53:29.320Z","13-14 inch laptop","1440","900","1242","724","2","21","Nov 28, 11 pm","true"
"numerosity_discrimination","2","166","20","7","8","0.875","j","349","<div style=""width:100vw;height:100vh;background-color:black;""></div>","f","html-keyboard-response","848","2.0.0","720673","166234","testolin2020_replication","2025-11-25T01:53:29.320Z","13-14 inch laptop","1440","900","1242","724","2","21","Nov 28, 11 pm","false"
"numerosity_discrimination","2","167","36","9","11","0.8182","j","2924","<div style=""width:100vw;height:100vh;background-color:black;""></div>","f","html-keyboard-response","853","2.0.0","726198","166234","testolin2020_replication","2025-11-25T01:53:29.320Z","13-14 inch laptop","1440","900","1242","724","2","21","Nov 28, 11 pm","false"
"numerosity_discrimination","2","168","131","11","14","0.7857","j","157","<div style=""width:100vw;height:100vh;background-color:black;""></div>","f","html-keyboard-response","858","2.0.0","728640","166234","testolin2020_replication","2025-11-25T01:53:29.320Z","13-14 inch laptop","1440","900","1242","724","2","21","Nov 28, 11 pm","false"
"numerosity_discrimination","2","169","190","18","14","0.7778","j","1330","<div style=""width:100vw;height:100vh;background-color:black;""></div>","f","html-keyboard-response","863","2.0.0","732590","166234","testolin2020_replication","2025-11-25T01:53:29.320Z","13-14 inch laptop","1440","900","1242","724","2","21","Nov 28, 11 pm","false"
"numerosity_discrimination","2","170","129","12","9","0.75","j","51","<div style=""width:100vw;height:100vh;background-color:black;""></div>","f","html-keyboard-response","868","2.0.0","734849","166234","testolin2020_replication","2025-11-25T01:53:29.320Z","13-14 inch laptop","1440","900","1242","724","2","21","Nov 28, 11 pm","false"
"numerosity_discrimination","2","171","12","20","16","0.8","j","713","<div style=""width:100vw;height:100vh;background-color:black;""></div>","f","html-keyboard-response","873","2.0.0","737901","166234","testolin2020_replication","2025-11-25T01:53:29.320Z","13-14 inch laptop","1440","900","1242","724","2","21","Nov 28, 11 pm","false"
"numerosity_discrimination","2","172","42","22","25","0.88","j","54229","<div style=""width:100vw;height:100vh;background-color:black;""></div>","f","html-keyboard-response","878","2.0.0","794568","166234","testolin2020_replication","2025-11-25T01:53:29.320Z","13-14 inch laptop","1440","900","1242","724","2","21","Nov 28, 11 pm","false"
"numerosity_discrimination","2","173","127","14","10","0.7143","j","353","<div style=""width:100vw;height:100vh;background-color:black;""></div>","f","html-keyboard-response","883","2.0.0","797085","166234","testolin2020_replication","2025-11-25T01:53:29.320Z","13-14 inch laptop","1440","900","1242","724","2","21","Nov 28, 11 pm","false"
"numerosity_discrimination","2","174","13","7","8","0.875","j","598","<div style=""width:100vw;height:100vh;background-color:black;""></div>","f","html-keyboard-response","888","2.0.0","799950","166234","testolin2020_replication","2025-11-25T01:53:29.320Z","13-14 inch laptop","1440","900","1242","724","2","21","Nov 28, 11 pm","false"
"numerosity_discrimination","2","175","196","12","16","0.75","j","379","<div style=""width:100vw;height:100vh;background-color:black;""></div>","f","html-keyboard-response","893","2.0.0","802564","166234","testolin2020_replication","2025-11-25T01:53:29.320Z","13-14 inch laptop","1440","900","1242","724","2","21","Nov 28, 11 pm","false"
"numerosity_discrimination","2","176","210","14","11","0.7857","j","2551","<div style=""width:100vw;height:100vh;background-color:black;""></div>","j","html-keyboard-response","898","2.0.0","807662","166234","testolin2020_replication","2025-11-25T01:53:29.320Z","13-14 inch laptop","1440","900","1242","724","2","21","Nov 28, 11 pm","true"
"numerosity_discrimination","2","177","65","12","14","0.8571","j","509","<div style=""width:100vw;height:100vh;background-color:black;""></div>","f","html-keyboard-response","903","2.0.0","810445","166234","testolin2020_replication","2025-11-25T01:53:29.320Z","13-14 inch laptop","1440","900","1242","724","2","21","Nov 28, 11 pm","false"
"numerosity_discrimination","2","178","121","12","16","0.75","j","132","<div style=""width:100vw;height:100vh;background-color:black;""></div>","f","html-keyboard-response","908","2.0.0","812745","166234","testolin2020_replication","2025-11-25T01:53:29.320Z","13-14 inch laptop","1440","900","1242","724","2","21","Nov 28, 11 pm","false"
"numerosity_discrimination","2","179","76","8","7","0.875","j","26","<div style=""width:100vw;height:100vh;background-color:black;""></div>","f","html-keyboard-response","913","2.0.0","815097","166234","testolin2020_replication","2025-11-25T01:53:29.320Z","13-14 inch laptop","1440","900","1242","724","2","21","Nov 28, 11 pm","false"
"numerosity_discrimination","2","180","174","22","16","0.7273","j","138","<div style=""width:100vw;height:100vh;background-color:black;""></div>","f","html-keyboard-response","918","2.0.0","817691","166234","testolin2020_replication","2025-11-25T01:53:29.320Z","13-14 inch laptop","1440","900","1242","724","2","21","Nov 28, 11 pm","false"
"numerosity_discrimination","2","181","273","18","9","0.5","j","3759","<div style=""width:100vw;height:100vh;background-color:black;""></div>","j","html-keyboard-response","923","2.0.0","823805","166234","testolin2020_replication","2025-11-25T01:53:29.320Z","13-14 inch laptop","1440","900","1242","724","2","21","Nov 28, 11 pm","true"
"numerosity_discrimination","2","182","176","10","14","0.7143","j","1303","<div style=""width:100vw;height:100vh;background-color:black;""></div>","f","html-keyboard-response","928","2.0.0","827610","166234","testolin2020_replication","2025-11-25T01:53:29.320Z","13-14 inch laptop","1440","900","1242","724","2","21","Nov 28, 11 pm","false"
"numerosity_discrimination","2","183","50","14","16","0.875","j","18","<div style=""width:100vw;height:100vh;background-color:black;""></div>","f","html-keyboard-response","933","2.0.0","830155","166234","testolin2020_replication","2025-11-25T01:53:29.320Z","13-14 inch laptop","1440","900","1242","724","2","21","Nov 28, 11 pm","false"
"numerosity_discrimination","2","184","145","12","9","0.75","j","117","<div style=""width:100vw;height:100vh;background-color:black;""></div>","f","html-keyboard-response","938","2.0.0","832491","166234","testolin2020_replication","2025-11-25T01:53:29.320Z","13-14 inch laptop","1440","900","1242","724","2","21","Nov 28, 11 pm","false"
"numerosity_discrimination","2","185","219","9","14","0.6429","j","64","<div style=""width:100vw;height:100vh;background-color:black;""></div>","f","html-keyboard-response","943","2.0.0","834766","166234","testolin2020_replication","2025-11-25T01:53:29.320Z","13-14 inch laptop","1440","900","1242","724","2","21","Nov 28, 11 pm","false"
"numerosity_discrimination","2","186","3","16","14","0.875","j","230","<div style=""width:100vw;height:100vh;background-color:black;""></div>","f","html-keyboard-response","948","2.0.0","837464","166234","testolin2020_replication","2025-11-25T01:53:29.320Z","13-14 inch laptop","1440","900","1242","724","2","21","Nov 28, 11 pm","false"
"numerosity_discrimination","2","187","201","20","14","0.7","j","176","<div style=""width:100vw;height:100vh;background-color:black;""></div>","f","html-keyboard-response","953","2.0.0","839865","166234","testolin2020_replication","2025-11-25T01:53:29.320Z","13-14 inch laptop","1440","900","1242","724","2","21","Nov 28, 11 pm","false"
"numerosity_discrimination","2","188","44","20","16","0.8","j","225","<div style=""width:100vw;height:100vh;background-color:black;""></div>","f","html-keyboard-response","958","2.0.0","842450","166234","testolin2020_replication","2025-11-25T01:53:29.320Z","13-14 inch laptop","1440","900","1242","724","2","21","Nov 28, 11 pm","false"
"numerosity_discrimination","2","189","136","10","14","0.7143","j","371","<div style=""width:100vw;height:100vh;background-color:black;""></div>","j","html-keyboard-response","963","2.0.0","845020","166234","testolin2020_replication","2025-11-25T01:53:29.320Z","13-14 inch laptop","1440","900","1242","724","2","21","Nov 28, 11 pm","true"
"numerosity_discrimination","2","190","237","20","12","0.6","j","165","<div style=""width:100vw;height:100vh;background-color:black;""></div>","f","html-keyboard-response","968","2.0.0","847483","166234","testolin2020_replication","2025-11-25T01:53:29.320Z","13-14 inch laptop","1440","900","1242","724","2","21","Nov 28, 11 pm","false"
"numerosity_discrimination","2","191","294","7","12","0.5833","j","198","<div style=""width:100vw;height:100vh;background-color:black;""></div>","j","html-keyboard-response","973","2.0.0","850231","166234","testolin2020_replication","2025-11-25T01:53:29.320Z","13-14 inch laptop","1440","900","1242","724","2","21","Nov 28, 11 pm","true"
"numerosity_discrimination","2","192","21","22","18","0.8182","j","168","<div style=""width:100vw;height:100vh;background-color:black;""></div>","f","html-keyboard-response","978","2.0.0","852694","166234","testolin2020_replication","2025-11-25T01:53:29.320Z","13-14 inch laptop","1440","900","1242","724","2","21","Nov 28, 11 pm","false"
"numerosity_discrimination","2","193","125","11","14","0.7857","j","253","<div style=""width:100vw;height:100vh;background-color:black;""></div>","j","html-keyboard-response","983","2.0.0","855372","166234","testolin2020_replication","2025-11-25T01:53:29.320Z","13-14 inch laptop","1440","900","1242","724","2","21","Nov 28, 11 pm","true"
"numerosity_discrimination","2","194","228","11","16","0.6875","j","196","<div style=""width:100vw;height:100vh;background-color:black;""></div>","j","html-keyboard-response","988","2.0.0","857890","166234","testolin2020_replication","2025-11-25T01:53:29.320Z","13-14 inch laptop","1440","900","1242","724","2","21","Nov 28, 11 pm","true"
"numerosity_discrimination","2","195","111","11","9","0.8182","j","17","<div style=""width:100vw;height:100vh;background-color:black;""></div>","f","html-keyboard-response","993","2.0.0","860273","166234","testolin2020_replication","2025-11-25T01:53:29.320Z","13-14 inch laptop","1440","900","1242","724","2","21","Nov 28, 11 pm","false"
"numerosity_discrimination","2","196","62","12","14","0.8571","j","70","<div style=""width:100vw;height:100vh;background-color:black;""></div>","f","html-keyboard-response","998","2.0.0","862871","166234","testolin2020_replication","2025-11-25T01:53:29.320Z","13-14 inch laptop","1440","900","1242","724","2","21","Nov 28, 11 pm","false"
"numerosity_discrimination","2","197","153","16","22","0.7273","j","324","<div style=""width:100vw;height:100vh;background-color:black;""></div>","f","html-keyboard-response","1003","2.0.0","865729","166234","testolin2020_replication","2025-11-25T01:53:29.320Z","13-14 inch laptop","1440","900","1242","724","2","21","Nov 28, 11 pm","false"
"numerosity_discrimination","2","198","199","20","28","0.7143","j","392","<div style=""width:100vw;height:100vh;background-color:black;""></div>","f","html-keyboard-response","1008","2.0.0","868349","166234","testolin2020_replication","2025-11-25T01:53:29.320Z","13-14 inch laptop","1440","900","1242","724","2","21","Nov 28, 11 pm","false"
"numerosity_discrimination","2","199","132","20","14","0.7","j","368","<div style=""width:100vw;height:100vh;background-color:black;""></div>","f","html-keyboard-response","1013","2.0.0","871201","166234","testolin2020_replication","2025-11-25T01:53:29.320Z","13-14 inch laptop","1440","900","1242","724","2","21","Nov 28, 11 pm","false"
"numerosity_discrimination","2","200","84","7","8","0.875","j","112","<div style=""width:100vw;height:100vh;background-color:black;""></div>","f","html-keyboard-response","1018","2.0.0","873971","166234","testolin2020_replication","2025-11-25T01:53:29.320Z","13-14 inch laptop","1440","900","1242","724","2","21","Nov 28, 11 pm","false"
"numerosity_discrimination","3","201","300","9","16","0.5625","j","169","<div style=""width:100vw;height:100vh;background-color:black;""></div>","f","html-keyboard-response","1025","2.0.0","1107708","166234","testolin2020_replication","2025-11-25T01:53:29.320Z","13-14 inch laptop","1440","900","1242","724","2","21","Nov 28, 11 pm","false"
"numerosity_discrimination","3","202","234","14","9","0.6429","j","14","<div style=""width:100vw;height:100vh;background-color:black;""></div>","f","html-keyboard-response","1030","2.0.0","1110006","166234","testolin2020_replication","2025-11-25T01:53:29.320Z","13-14 inch laptop","1440","900","1242","724","2","21","Nov 28, 11 pm","false"
"numerosity_discrimination","3","203","5","22","18","0.8182","j","3","<div style=""width:100vw;height:100vh;background-color:black;""></div>","f","html-keyboard-response","1035","2.0.0","1112364","166234","testolin2020_replication","2025-11-25T01:53:29.320Z","13-14 inch laptop","1440","900","1242","724","2","21","Nov 28, 11 pm","false"
"numerosity_discrimination","3","204","170","12","16","0.75","j","57","<div style=""width:100vw;height:100vh;background-color:black;""></div>","f","html-keyboard-response","1040","2.0.0","1115019","166234","testolin2020_replication","2025-11-25T01:53:29.320Z","13-14 inch laptop","1440","900","1242","724","2","21","Nov 28, 11 pm","false"
"numerosity_discrimination","3","205","28","8","9","0.8889","j","32","<div style=""width:100vw;height:100vh;background-color:black;""></div>","f","html-keyboard-response","1045","2.0.0","1117679","166234","testolin2020_replication","2025-11-25T01:53:29.320Z","13-14 inch laptop","1440","900","1242","724","2","21","Nov 28, 11 pm","false"
"numerosity_discrimination","3","206","284","14","28","0.5","j","354","<div style=""width:100vw;height:100vh;background-color:black;""></div>","j","html-keyboard-response","1050","2.0.0","1120402","166234","testolin2020_replication","2025-11-25T01:53:29.320Z","13-14 inch laptop","1440","900","1242","724","2","21","Nov 28, 11 pm","true"
"numerosity_discrimination","3","207","29","12","14","0.8571","j","224","<div style=""width:100vw;height:100vh;background-color:black;""></div>","f","html-keyboard-response","1055","2.0.0","1123086","166234","testolin2020_replication","2025-11-25T01:53:29.320Z","13-14 inch laptop","1440","900","1242","724","2","21","Nov 28, 11 pm","false"
"numerosity_discrimination","3","208","93","8","10","0.8","j","173","<div style=""width:100vw;height:100vh;background-color:black;""></div>","f","html-keyboard-response","1060","2.0.0","1125628","166234","testolin2020_replication","2025-11-25T01:53:29.320Z","13-14 inch laptop","1440","900","1242","724","2","21","Nov 28, 11 pm","false"
"numerosity_discrimination","3","209","257","10","16","0.625","j","271","<div style=""width:100vw;height:100vh;background-color:black;""></div>","j","html-keyboard-response","1065","2.0.0","1128171","166234","testolin2020_replication","2025-11-25T01:53:29.320Z","13-14 inch laptop","1440","900","1242","724","2","21","Nov 28, 11 pm","true"
"numerosity_discrimination","3","210","16","20","16","0.8","j","117","<div style=""width:100vw;height:100vh;background-color:black;""></div>","f","html-keyboard-response","1070","2.0.0","1130552","166234","testolin2020_replication","2025-11-25T01:53:29.320Z","13-14 inch laptop","1440","900","1242","724","2","21","Nov 28, 11 pm","false"
"numerosity_discrimination","3","211","189","16","22","0.7273","j","232","<div style=""width:100vw;height:100vh;background-color:black;""></div>","f","html-keyboard-response","1075","2.0.0","1133303","166234","testolin2020_replication","2025-11-25T01:53:29.320Z","13-14 inch laptop","1440","900","1242","724","2","21","Nov 28, 11 pm","false"
"numerosity_discrimination","3","212","135","9","12","0.75","j","192","<div style=""width:100vw;height:100vh;background-color:black;""></div>","f","html-keyboard-response","1080","2.0.0","1136023","166234","testolin2020_replication","2025-11-25T01:53:29.320Z","13-14 inch laptop","1440","900","1242","724","2","21","Nov 28, 11 pm","false"
"numerosity_discrimination","3","213","260","25","16","0.64","j","82","<div style=""width:100vw;height:100vh;background-color:black;""></div>","f","html-keyboard-response","1085","2.0.0","1138700","166234","testolin2020_replication","2025-11-25T01:53:29.320Z","13-14 inch laptop","1440","900","1242","724","2","21","Nov 28, 11 pm","false"
"numerosity_discrimination","3","214","241","7","11","0.6364","j","138","<div style=""width:100vw;height:100vh;background-color:black;""></div>","j","html-keyboard-response","1090","2.0.0","1141159","166234","testolin2020_replication","2025-11-25T01:53:29.320Z","13-14 inch laptop","1440","900","1242","724","2","21","Nov 28, 11 pm","true"
"numerosity_discrimination","3","215","182","12","9","0.75","j","144","<div style=""width:100vw;height:100vh;background-color:black;""></div>","f","html-keyboard-response","1095","2.0.0","1143674","166234","testolin2020_replication","2025-11-25T01:53:29.320Z","13-14 inch laptop","1440","900","1242","724","2","21","Nov 28, 11 pm","false"
"numerosity_discrimination","3","216","15","20","25","0.8","j","242","<div style=""width:100vw;height:100vh;background-color:black;""></div>","j","html-keyboard-response","1100","2.0.0","1146276","166234","testolin2020_replication","2025-11-25T01:53:29.320Z","13-14 inch laptop","1440","900","1242","724","2","21","Nov 28, 11 pm","true"
"numerosity_discrimination","3","217","247","11","16","0.6875","j","51","<div style=""width:100vw;height:100vh;background-color:black;""></div>","f","html-keyboard-response","1105","2.0.0","1148973","166234","testolin2020_replication","2025-11-25T01:53:29.320Z","13-14 inch laptop","1440","900","1242","724","2","21","Nov 28, 11 pm","false"
"numerosity_discrimination","3","218","117","22","18","0.8182","j","17","<div style=""width:100vw;height:100vh;background-color:black;""></div>","f","html-keyboard-response","1110","2.0.0","1151227","166234","testolin2020_replication","2025-11-25T01:53:29.320Z","13-14 inch laptop","1440","900","1242","724","2","21","Nov 28, 11 pm","false"
"numerosity_discrimination","3","219","249","14","22","0.6364","j","975","<div style=""width:100vw;height:100vh;background-color:black;""></div>","f","html-keyboard-response","1115","2.0.0","1154629","166234","testolin2020_replication","2025-11-25T01:53:29.320Z","13-14 inch laptop","1440","900","1242","724","2","21","Nov 28, 11 pm","false"
"numerosity_discrimination","3","220","217","25","16","0.64","j","20","<div style=""width:100vw;height:100vh;background-color:black;""></div>","f","html-keyboard-response","1120","2.0.0","1157303","166234","testolin2020_replication","2025-11-25T01:53:29.320Z","13-14 inch laptop","1440","900","1242","724","2","21","Nov 28, 11 pm","false"
"numerosity_discrimination","3","221","242","28","18","0.6429","j","224","<div style=""width:100vw;height:100vh;background-color:black;""></div>","f","html-keyboard-response","1125","2.0.0","1160052","166234","testolin2020_replication","2025-11-25T01:53:29.320Z","13-14 inch laptop","1440","900","1242","724","2","21","Nov 28, 11 pm","false"
"numerosity_discrimination","3","222","106","25","22","0.88","j","6","<div style=""width:100vw;height:100vh;background-color:black;""></div>","f","html-keyboard-response","1130","2.0.0","1162366","166234","testolin2020_replication","2025-11-25T01:53:29.320Z","13-14 inch laptop","1440","900","1242","724","2","21","Nov 28, 11 pm","false"
"numerosity_discrimination","3","223","101","20","25","0.8","j","77","<div style=""width:100vw;height:100vh;background-color:black;""></div>","f","html-keyboard-response","1135","2.0.0","1164767","166234","testolin2020_replication","2025-11-25T01:53:29.320Z","13-14 inch laptop","1440","900","1242","724","2","21","Nov 28, 11 pm","false"
"numerosity_discrimination","3","224","113","20","16","0.8","j","3404","<div style=""width:100vw;height:100vh;background-color:black;""></div>","f","html-keyboard-response","1140","2.0.0","1170676","166234","testolin2020_replication","2025-11-25T01:53:29.320Z","13-14 inch laptop","1440","900","1242","724","2","21","Nov 28, 11 pm","false"
"numerosity_discrimination","3","225","71","22","18","0.8182","j","253","<div style=""width:100vw;height:100vh;background-color:black;""></div>","j","html-keyboard-response","1145","2.0.0","1173285","166234","testolin2020_replication","2025-11-25T01:53:29.320Z","13-14 inch laptop","1440","900","1242","724","2","21","Nov 28, 11 pm","true"
"numerosity_discrimination","3","226","52","25","28","0.8929","j","34","<div style=""width:100vw;height:100vh;background-color:black;""></div>","f","html-keyboard-response","1150","2.0.0","1175899","166234","testolin2020_replication","2025-11-25T01:53:29.320Z","13-14 inch laptop","1440","900","1242","724","2","21","Nov 28, 11 pm","false"
"numerosity_discrimination","3","227","7","14","16","0.875","j","11","<div style=""width:100vw;height:100vh;background-color:black;""></div>","f","html-keyboard-response","1155","2.0.0","1178332","166234","testolin2020_replication","2025-11-25T01:53:29.320Z","13-14 inch laptop","1440","900","1242","724","2","21","Nov 28, 11 pm","false"
"numerosity_discrimination","3","228","56","25","22","0.88","j","744","<div style=""width:100vw;height:100vh;background-color:black;""></div>","f","html-keyboard-response","1160","2.0.0","1181655","166234","testolin2020_replication","2025-11-25T01:53:29.320Z","13-14 inch laptop","1440","900","1242","724","2","21","Nov 28, 11 pm","false"
"numerosity_discrimination","3","229","138","16","12","0.75","j","86","<div style=""width:100vw;height:100vh;background-color:black;""></div>","f","html-keyboard-response","1165","2.0.0","1184224","166234","testolin2020_replication","2025-11-25T01:53:29.320Z","13-14 inch laptop","1440","900","1242","724","2","21","Nov 28, 11 pm","false"
"numerosity_discrimination","3","230","198","16","12","0.75","j","296","<div style=""width:100vw;height:100vh;background-color:black;""></div>","f","html-keyboard-response","1170","2.0.0","1187055","166234","testolin2020_replication","2025-11-25T01:53:29.320Z","13-14 inch laptop","1440","900","1242","724","2","21","Nov 28, 11 pm","false"
"numerosity_discrimination","3","231","233","8","12","0.6667","j","13","<div style=""width:100vw;height:100vh;background-color:black;""></div>","f","html-keyboard-response","1175","2.0.0","1189586","166234","testolin2020_replication","2025-11-25T01:53:29.320Z","13-14 inch laptop","1440","900","1242","724","2","21","Nov 28, 11 pm","false"
"numerosity_discrimination","3","232","264","25","16","0.64","j","2301","<div style=""width:100vw;height:100vh;background-color:black;""></div>","f","html-keyboard-response","1180","2.0.0","1194524","166234","testolin2020_replication","2025-11-25T01:53:29.320Z","13-14 inch laptop","1440","900","1242","724","2","21","Nov 28, 11 pm","false"
"numerosity_discrimination","3","233","27","14","12","0.8571","j","1253","<div style=""width:100vw;height:100vh;background-color:black;""></div>","f","html-keyboard-response","1185","2.0.0","1198171","166234","testolin2020_replication","2025-11-25T01:53:29.320Z","13-14 inch laptop","1440","900","1242","724","2","21","Nov 28, 11 pm","false"
"numerosity_discrimination","3","234","49","8","10","0.8","j","149","<div style=""width:100vw;height:100vh;background-color:black;""></div>","j","html-keyboard-response","1190","2.0.0","1200899","166234","testolin2020_replication","2025-11-25T01:53:29.320Z","13-14 inch laptop","1440","900","1242","724","2","21","Nov 28, 11 pm","true"
"numerosity_discrimination","3","235","10","9","11","0.8182","j","412","<div style=""width:100vw;height:100vh;background-color:black;""></div>","f","html-keyboard-response","1195","2.0.0","1203475","166234","testolin2020_replication","2025-11-25T01:53:29.320Z","13-14 inch laptop","1440","900","1242","724","2","21","Nov 28, 11 pm","false"
"numerosity_discrimination","3","236","232","8","12","0.6667","j","16","<div style=""width:100vw;height:100vh;background-color:black;""></div>","f","html-keyboard-response","1200","2.0.0","1205992","166234","testolin2020_replication","2025-11-25T01:53:29.320Z","13-14 inch laptop","1440","900","1242","724","2","21","Nov 28, 11 pm","false"
"numerosity_discrimination","3","237","69","10","8","0.8","j","38","<div style=""width:100vw;height:100vh;background-color:black;""></div>","f","html-keyboard-response","1205","2.0.0","1208217","166234","testolin2020_replication","2025-11-25T01:53:29.320Z","13-14 inch laptop","1440","900","1242","724","2","21","Nov 28, 11 pm","false"
"numerosity_discrimination","3","238","92","18","22","0.8182","j","478","<div style=""width:100vw;height:100vh;background-color:black;""></div>","f","html-keyboard-response","1210","2.0.0","1211291","166234","testolin2020_replication","2025-11-25T01:53:29.320Z","13-14 inch laptop","1440","900","1242","724","2","21","Nov 28, 11 pm","false"
"numerosity_discrimination","3","239","60","18","22","0.8182","j","498","<div style=""width:100vw;height:100vh;background-color:black;""></div>","f","html-keyboard-response","1215","2.0.0","1214007","166234","testolin2020_replication","2025-11-25T01:53:29.320Z","13-14 inch laptop","1440","900","1242","724","2","21","Nov 28, 11 pm","false"
"numerosity_discrimination","3","240","72","11","9","0.8182","j","31","<div style=""width:100vw;height:100vh;background-color:black;""></div>","f","html-keyboard-response","1220","2.0.0","1216478","166234","testolin2020_replication","2025-11-25T01:53:29.320Z","13-14 inch laptop","1440","900","1242","724","2","21","Nov 28, 11 pm","false"
"numerosity_discrimination","3","241","256","7","11","0.6364","j","298","<div style=""width:100vw;height:100vh;background-color:black;""></div>","f","html-keyboard-response","1225","2.0.0","1219225","166234","testolin2020_replication","2025-11-25T01:53:29.320Z","13-14 inch laptop","1440","900","1242","724","2","21","Nov 28, 11 pm","false"
"numerosity_discrimination","3","242","246","20","12","0.6","j","39","<div style=""width:100vw;height:100vh;background-color:black;""></div>","f","html-keyboard-response","1230","2.0.0","1221864","166234","testolin2020_replication","2025-11-25T01:53:29.320Z","13-14 inch laptop","1440","900","1242","724","2","21","Nov 28, 11 pm","false"
"numerosity_discrimination","3","243","149","18","14","0.7778","j","47","<div style=""width:100vw;height:100vh;background-color:black;""></div>","f","html-keyboard-response","1235","2.0.0","1224165","166234","testolin2020_replication","2025-11-25T01:53:29.320Z","13-14 inch laptop","1440","900","1242","724","2","21","Nov 28, 11 pm","false"
"numerosity_discrimination","3","244","229","20","12","0.6","j","245","<div style=""width:100vw;height:100vh;background-color:black;""></div>","f","html-keyboard-response","1240","2.0.0","1226870","166234","testolin2020_replication","2025-11-25T01:53:29.320Z","13-14 inch laptop","1440","900","1242","724","2","21","Nov 28, 11 pm","false"
"numerosity_discrimination","3","245","57","22","18","0.8182","j","317","<div style=""width:100vw;height:100vh;background-color:black;""></div>","f","html-keyboard-response","1245","2.0.0","1229727","166234","testolin2020_replication","2025-11-25T01:53:29.320Z","13-14 inch laptop","1440","900","1242","724","2","21","Nov 28, 11 pm","false"
"numerosity_discrimination","3","246","227","8","12","0.6667","j","10","<div style=""width:100vw;height:100vh;background-color:black;""></div>","f","html-keyboard-response","1250","2.0.0","1232351","166234","testolin2020_replication","2025-11-25T01:53:29.320Z","13-14 inch laptop","1440","900","1242","724","2","21","Nov 28, 11 pm","false"
"numerosity_discrimination","3","247","2","28","25","0.8929","j","266","<div style=""width:100vw;height:100vh;background-color:black;""></div>","f","html-keyboard-response","1255","2.0.0","1234852","166234","testolin2020_replication","2025-11-25T01:53:29.320Z","13-14 inch laptop","1440","900","1242","724","2","21","Nov 28, 11 pm","false"
"numerosity_discrimination","3","248","251","20","12","0.6","j","235","<div style=""width:100vw;height:100vh;background-color:black;""></div>","f","html-keyboard-response","1260","2.0.0","1237339","166234","testolin2020_replication","2025-11-25T01:53:29.320Z","13-14 inch laptop","1440","900","1242","724","2","21","Nov 28, 11 pm","false"
"numerosity_discrimination","3","249","172","16","22","0.7273","j","200","<div style=""width:100vw;height:100vh;background-color:black;""></div>","f","html-keyboard-response","1265","2.0.0","1239984","166234","testolin2020_replication","2025-11-25T01:53:29.320Z","13-14 inch laptop","1440","900","1242","724","2","21","Nov 28, 11 pm","false"
"numerosity_discrimination","3","250","161","28","22","0.7857","j","213","<div style=""width:100vw;height:100vh;background-color:black;""></div>","f","html-keyboard-response","1270","2.0.0","1242593","166234","testolin2020_replication","2025-11-25T01:53:29.320Z","13-14 inch laptop","1440","900","1242","724","2","21","Nov 28, 11 pm","false"
"numerosity_discrimination","3","251","218","14","22","0.6364","j","209","<div style=""width:100vw;height:100vh;background-color:black;""></div>","f","html-keyboard-response","1275","2.0.0","1245132","166234","testolin2020_replication","2025-11-25T01:53:29.320Z","13-14 inch laptop","1440","900","1242","724","2","21","Nov 28, 11 pm","false"
"numerosity_discrimination","3","252","168","20","14","0.7","j","560","<div style=""width:100vw;height:100vh;background-color:black;""></div>","f","html-keyboard-response","1280","2.0.0","1248153","166234","testolin2020_replication","2025-11-25T01:53:29.320Z","13-14 inch laptop","1440","900","1242","724","2","21","Nov 28, 11 pm","false"
"numerosity_discrimination","3","253","155","7","9","0.7778","j","18","<div style=""width:100vw;height:100vh;background-color:black;""></div>","f","html-keyboard-response","1285","2.0.0","1250589","166234","testolin2020_replication","2025-11-25T01:53:29.320Z","13-14 inch laptop","1440","900","1242","724","2","21","Nov 28, 11 pm","false"
"numerosity_discrimination","3","254","216","9","14","0.6429","j","35","<div style=""width:100vw;height:100vh;background-color:black;""></div>","f","html-keyboard-response","1290","2.0.0","1253132","166234","testolin2020_replication","2025-11-25T01:53:29.320Z","13-14 inch laptop","1440","900","1242","724","2","21","Nov 28, 11 pm","false"
"numerosity_discrimination","3","255","94","22","25","0.88","j","179","<div style=""width:100vw;height:100vh;background-color:black;""></div>","f","html-keyboard-response","1295","2.0.0","1255761","166234","testolin2020_replication","2025-11-25T01:53:29.320Z","13-14 inch laptop","1440","900","1242","724","2","21","Nov 28, 11 pm","false"
"numerosity_discrimination","3","256","180","9","7","0.7778","j","99","<div style=""width:100vw;height:100vh;background-color:black;""></div>","j","html-keyboard-response","1300","2.0.0","1258166","166234","testolin2020_replication","2025-11-25T01:53:29.320Z","13-14 inch laptop","1440","900","1242","724","2","21","Nov 28, 11 pm","true"
"numerosity_discrimination","3","257","276","16","8","0.5","j","78","<div style=""width:100vw;height:100vh;background-color:black;""></div>","f","html-keyboard-response","1305","2.0.0","1260579","166234","testolin2020_replication","2025-11-25T01:53:29.320Z","13-14 inch laptop","1440","900","1242","724","2","21","Nov 28, 11 pm","false"
"numerosity_discrimination","3","258","139","9","7","0.7778","j","262","<div style=""width:100vw;height:100vh;background-color:black;""></div>","j","html-keyboard-response","1310","2.0.0","1263418","166234","testolin2020_replication","2025-11-25T01:53:29.320Z","13-14 inch laptop","1440","900","1242","724","2","21","Nov 28, 11 pm","true"
"numerosity_discrimination","3","259","223","28","18","0.6429","j","120","<div style=""width:100vw;height:100vh;background-color:black;""></div>","f","html-keyboard-response","1315","2.0.0","1265785","166234","testolin2020_replication","2025-11-25T01:53:29.320Z","13-14 inch laptop","1440","900","1242","724","2","21","Nov 28, 11 pm","false"
"numerosity_discrimination","3","260","118","20","25","0.8","j","270","<div style=""width:100vw;height:100vh;background-color:black;""></div>","j","html-keyboard-response","1320","2.0.0","1268581","166234","testolin2020_replication","2025-11-25T01:53:29.320Z","13-14 inch laptop","1440","900","1242","724","2","21","Nov 28, 11 pm","true"
"numerosity_discrimination","3","261","211","8","12","0.6667","j","205","<div style=""width:100vw;height:100vh;background-color:black;""></div>","j","html-keyboard-response","1325","2.0.0","1271018","166234","testolin2020_replication","2025-11-25T01:53:29.320Z","13-14 inch laptop","1440","900","1242","724","2","21","Nov 28, 11 pm","true"
"numerosity_discrimination","3","262","97","7","8","0.875","j","199","<div style=""width:100vw;height:100vh;background-color:black;""></div>","j","html-keyboard-response","1330","2.0.0","1273640","166234","testolin2020_replication","2025-11-25T01:53:29.320Z","13-14 inch laptop","1440","900","1242","724","2","21","Nov 28, 11 pm","true"
"numerosity_discrimination","3","263","165","14","10","0.7143","j","151","<div style=""width:100vw;height:100vh;background-color:black;""></div>","j","html-keyboard-response","1335","2.0.0","1276138","166234","testolin2020_replication","2025-11-25T01:53:29.320Z","13-14 inch laptop","1440","900","1242","724","2","21","Nov 28, 11 pm","true"
"numerosity_discrimination","3","264","298","9","18","0.5","j","212","<div style=""width:100vw;height:100vh;background-color:black;""></div>","j","html-keyboard-response","1340","2.0.0","1278677","166234","testolin2020_replication","2025-11-25T01:53:29.320Z","13-14 inch laptop","1440","900","1242","724","2","21","Nov 28, 11 pm","true"
"numerosity_discrimination","3","265","152","16","12","0.75","j","179","<div style=""width:100vw;height:100vh;background-color:black;""></div>","j","html-keyboard-response","1345","2.0.0","1281053","166234","testolin2020_replication","2025-11-25T01:53:29.320Z","13-14 inch laptop","1440","900","1242","724","2","21","Nov 28, 11 pm","true"
"numerosity_discrimination","3","266","104","8","7","0.875","j","126","<div style=""width:100vw;height:100vh;background-color:black;""></div>","j","html-keyboard-response","1350","2.0.0","1283432","166234","testolin2020_replication","2025-11-25T01:53:29.320Z","13-14 inch laptop","1440","900","1242","724","2","21","Nov 28, 11 pm","true"
"numerosity_discrimination","3","267","262","9","14","0.6429","j","167","<div style=""width:100vw;height:100vh;background-color:black;""></div>","j","html-keyboard-response","1355","2.0.0","1285862","166234","testolin2020_replication","2025-11-25T01:53:29.320Z","13-14 inch laptop","1440","900","1242","724","2","21","Nov 28, 11 pm","true"
"numerosity_discrimination","3","268","269","9","14","0.6429","j","128","<div style=""width:100vw;height:100vh;background-color:black;""></div>","j","html-keyboard-response","1360","2.0.0","1288626","166234","testolin2020_replication","2025-11-25T01:53:29.320Z","13-14 inch laptop","1440","900","1242","724","2","21","Nov 28, 11 pm","true"
"numerosity_discrimination","3","269","252","18","28","0.6429","j","344","<div style=""width:100vw;height:100vh;background-color:black;""></div>","j","html-keyboard-response","1365","2.0.0","1291276","166234","testolin2020_replication","2025-11-25T01:53:29.320Z","13-14 inch laptop","1440","900","1242","724","2","21","Nov 28, 11 pm","true"
"numerosity_discrimination","3","270","130","22","28","0.7857","j","459","<div style=""width:100vw;height:100vh;background-color:black;""></div>","j","html-keyboard-response","1370","2.0.0","1294032","166234","testolin2020_replication","2025-11-25T01:53:29.320Z","13-14 inch laptop","1440","900","1242","724","2","21","Nov 28, 11 pm","true"
"numerosity_discrimination","3","271","1","9","8","0.8889","j","418","<div style=""width:100vw;height:100vh;background-color:black;""></div>","j","html-keyboard-response","1375","2.0.0","1297061","166234","testolin2020_replication","2025-11-25T01:53:29.320Z","13-14 inch laptop","1440","900","1242","724","2","21","Nov 28, 11 pm","true"
"numerosity_discrimination","3","272","255","18","28","0.6429","j","292","<div style=""width:100vw;height:100vh;background-color:black;""></div>","j","html-keyboard-response","1380","2.0.0","1299916","166234","testolin2020_replication","2025-11-25T01:53:29.320Z","13-14 inch laptop","1440","900","1242","724","2","21","Nov 28, 11 pm","true"
"numerosity_discrimination","3","273","40","10","12","0.8333","j","196","<div style=""width:100vw;height:100vh;background-color:black;""></div>","f","html-keyboard-response","1385","2.0.0","1302707","166234","testolin2020_replication","2025-11-25T01:53:29.320Z","13-14 inch laptop","1440","900","1242","724","2","21","Nov 28, 11 pm","false"
"numerosity_discrimination","3","274","277","20","10","0.5","j","241","<div style=""width:100vw;height:100vh;background-color:black;""></div>","j","html-keyboard-response","1390","2.0.0","1305263","166234","testolin2020_replication","2025-11-25T01:53:29.320Z","13-14 inch laptop","1440","900","1242","724","2","21","Nov 28, 11 pm","true"
"numerosity_discrimination","3","275","73","14","12","0.8571","j","482","<div style=""width:100vw;height:100vh;background-color:black;""></div>","f","html-keyboard-response","1395","2.0.0","1307986","166234","testolin2020_replication","2025-11-25T01:53:29.320Z","13-14 inch laptop","1440","900","1242","724","2","21","Nov 28, 11 pm","false"
"numerosity_discrimination","3","276","81","16","18","0.8889","j","148","<div style=""width:100vw;height:100vh;background-color:black;""></div>","j","html-keyboard-response","1400","2.0.0","1310733","166234","testolin2020_replication","2025-11-25T01:53:29.320Z","13-14 inch laptop","1440","900","1242","724","2","21","Nov 28, 11 pm","true"
"numerosity_discrimination","3","277","169","18","25","0.72","j","342","<div style=""width:100vw;height:100vh;background-color:black;""></div>","j","html-keyboard-response","1405","2.0.0","1313541","166234","testolin2020_replication","2025-11-25T01:53:29.320Z","13-14 inch laptop","1440","900","1242","724","2","21","Nov 28, 11 pm","true"
"numerosity_discrimination","3","278","296","9","16","0.5625","j","415","<div style=""width:100vw;height:100vh;background-color:black;""></div>","f","html-keyboard-response","1410","2.0.0","1316583","166234","testolin2020_replication","2025-11-25T01:53:29.320Z","13-14 inch laptop","1440","900","1242","724","2","21","Nov 28, 11 pm","false"
"numerosity_discrimination","3","279","25","11","9","0.8182","j","2","<div style=""width:100vw;height:100vh;background-color:black;""></div>","j","html-keyboard-response","1415","2.0.0","1318796","166234","testolin2020_replication","2025-11-25T01:53:29.320Z","13-14 inch laptop","1440","900","1242","724","2","21","Nov 28, 11 pm","true"
"numerosity_discrimination","3","280","289","22","12","0.5455","j","36","<div style=""width:100vw;height:100vh;background-color:black;""></div>","f","html-keyboard-response","1420","2.0.0","1321069","166234","testolin2020_replication","2025-11-25T01:53:29.320Z","13-14 inch laptop","1440","900","1242","724","2","21","Nov 28, 11 pm","false"
"numerosity_discrimination","3","281","33","8","9","0.8889","j","163","<div style=""width:100vw;height:100vh;background-color:black;""></div>","j","html-keyboard-response","1425","2.0.0","1323463","166234","testolin2020_replication","2025-11-25T01:53:29.320Z","13-14 inch laptop","1440","900","1242","724","2","21","Nov 28, 11 pm","true"
"numerosity_discrimination","3","282","43","11","9","0.8182","j","4","<div style=""width:100vw;height:100vh;background-color:black;""></div>","j","html-keyboard-response","1430","2.0.0","1325837","166234","testolin2020_replication","2025-11-25T01:53:29.320Z","13-14 inch laptop","1440","900","1242","724","2","21","Nov 28, 11 pm","true"
"numerosity_discrimination","3","283","147","8","11","0.7273","j","2","<div style=""width:100vw;height:100vh;background-color:black;""></div>","j","html-keyboard-response","1435","2.0.0","1328260","166234","testolin2020_replication","2025-11-25T01:53:29.320Z","13-14 inch laptop","1440","900","1242","724","2","21","Nov 28, 11 pm","true"
"numerosity_discrimination","3","284","98","25","28","0.8929","j","38","<div style=""width:100vw;height:100vh;background-color:black;""></div>","f","html-keyboard-response","1440","2.0.0","1330604","166234","testolin2020_replication","2025-11-25T01:53:29.320Z","13-14 inch laptop","1440","900","1242","724","2","21","Nov 28, 11 pm","false"
"numerosity_discrimination","3","285","39","20","16","0.8","j","113","<div style=""width:100vw;height:100vh;background-color:black;""></div>","j","html-keyboard-response","1445","2.0.0","1333221","166234","testolin2020_replication","2025-11-25T01:53:29.320Z","13-14 inch laptop","1440","900","1242","724","2","21","Nov 28, 11 pm","true"
"numerosity_discrimination","3","286","115","25","28","0.8929","j","226","<div style=""width:100vw;height:100vh;background-color:black;""></div>","j","html-keyboard-response","1450","2.0.0","1335778","166234","testolin2020_replication","2025-11-25T01:53:29.320Z","13-14 inch laptop","1440","900","1242","724","2","21","Nov 28, 11 pm","true"
"numerosity_discrimination","3","287","80","16","18","0.8889","j","353","<div style=""width:100vw;height:100vh;background-color:black;""></div>","j","html-keyboard-response","1455","2.0.0","1338716","166234","testolin2020_replication","2025-11-25T01:53:29.320Z","13-14 inch laptop","1440","900","1242","724","2","21","Nov 28, 11 pm","true"
"numerosity_discrimination","3","288","144","28","20","0.7143","j","20","<div style=""width:100vw;height:100vh;background-color:black;""></div>","f","html-keyboard-response","1460","2.0.0","1341112","166234","testolin2020_replication","2025-11-25T01:53:29.320Z","13-14 inch laptop","1440","900","1242","724","2","21","Nov 28, 11 pm","false"
"numerosity_discrimination","3","289","45","25","20","0.8","j","223","<div style=""width:100vw;height:100vh;background-color:black;""></div>","j","html-keyboard-response","1465","2.0.0","1343712","166234","testolin2020_replication","2025-11-25T01:53:29.320Z","13-14 inch laptop","1440","900","1242","724","2","21","Nov 28, 11 pm","true"
"numerosity_discrimination","3","290","200","12","9","0.75","j","54","<div style=""width:100vw;height:100vh;background-color:black;""></div>","j","html-keyboard-response","1470","2.0.0","1346111","166234","testolin2020_replication","2025-11-25T01:53:29.320Z","13-14 inch laptop","1440","900","1242","724","2","21","Nov 28, 11 pm","true"
"numerosity_discrimination","3","291","212","22","14","0.6364","j","207","<div style=""width:100vw;height:100vh;background-color:black;""></div>","j","html-keyboard-response","1475","2.0.0","1348507","166234","testolin2020_replication","2025-11-25T01:53:29.320Z","13-14 inch laptop","1440","900","1242","724","2","21","Nov 28, 11 pm","true"
"numerosity_discrimination","3","292","207","7","9","0.7778","j","169","<div style=""width:100vw;height:100vh;background-color:black;""></div>","j","html-keyboard-response","1480","2.0.0","1351068","166234","testolin2020_replication","2025-11-25T01:53:29.320Z","13-14 inch laptop","1440","900","1242","724","2","21","Nov 28, 11 pm","true"
"numerosity_discrimination","3","293","204","7","9","0.7778","j","190","<div style=""width:100vw;height:100vh;background-color:black;""></div>","j","html-keyboard-response","1485","2.0.0","1353599","166234","testolin2020_replication","2025-11-25T01:53:29.320Z","13-14 inch laptop","1440","900","1242","724","2","21","Nov 28, 11 pm","true"
"numerosity_discrimination","3","294","47","20","25","0.8","j","687","<div style=""width:100vw;height:100vh;background-color:black;""></div>","j","html-keyboard-response","1490","2.0.0","1356621","166234","testolin2020_replication","2025-11-25T01:53:29.320Z","13-14 inch laptop","1440","900","1242","724","2","21","Nov 28, 11 pm","true"
"numerosity_discrimination","3","295","206","9","7","0.7778","j","187","<div style=""width:100vw;height:100vh;background-color:black;""></div>","j","html-keyboard-response","1495","2.0.0","1359071","166234","testolin2020_replication","2025-11-25T01:53:29.320Z","13-14 inch laptop","1440","900","1242","724","2","21","Nov 28, 11 pm","true"
"numerosity_discrimination","3","296","91","12","14","0.8571","j","145","<div style=""width:100vw;height:100vh;background-color:black;""></div>","f","html-keyboard-response","1500","2.0.0","1361767","166234","testolin2020_replication","2025-11-25T01:53:29.320Z","13-14 inch laptop","1440","900","1242","724","2","21","Nov 28, 11 pm","false"
"numerosity_discrimination","3","297","263","22","14","0.6364","j","684","<div style=""width:100vw;height:100vh;background-color:black;""></div>","j","html-keyboard-response","1505","2.0.0","1365041","166234","testolin2020_replication","2025-11-25T01:53:29.320Z","13-14 inch laptop","1440","900","1242","724","2","21","Nov 28, 11 pm","true"
"numerosity_discrimination","3","298","110","7","8","0.875","j","153","<div style=""width:100vw;height:100vh;background-color:black;""></div>","j","html-keyboard-response","1510","2.0.0","1367448","166234","testolin2020_replication","2025-11-25T01:53:29.320Z","13-14 inch laptop","1440","900","1242","724","2","21","Nov 28, 11 pm","true"
"numerosity_discrimination","3","299","222","16","10","0.625","j","94","<div style=""width:100vw;height:100vh;background-color:black;""></div>","j","html-keyboard-response","1515","2.0.0","1369939","166234","testolin2020_replication","2025-11-25T01:53:29.320Z","13-14 inch laptop","1440","900","1242","724","2","21","Nov 28, 11 pm","true"
"numerosity_discrimination","3","300","143","20","28","0.7143","j","174","<div style=""width:100vw;height:100vh;background-color:black;""></div>","j","html-keyboard-response","1520","2.0.0","1372444","166234","testolin2020_replication","2025-11-25T01:53:29.320Z","13-14 inch laptop","1440","900","1242","724","2","21","Nov 28, 11 pm","true"
