"task","block","pair_order","pair_num","left_n","right_n","pair_ratio","correct_key","rt","stimulus","response","trial_type","trial_index","plugin_version","time_elapsed","participant_id","experiment","date","screen_size_category","screen_width_pixels","screen_height_pixels","window_width_pixels","window_height_pixels","pixel_ratio","participant_age","time_slot","correct"
"numerosity_discrimination","1","1","286","18","10","0.5556","j","1171","<div style=""width:100vw;height:100vh;background-color:black;""></div>","f","html-keyboard-response","21","2.0.0","101125","166675","testolin2020_replication","2025-11-28T06:03:18.379Z","11-12 inch laptop","1470","956","1470","920","2","21","November 28, 10:00am","false"
"numerosity_discrimination","1","2","61","8","10","0.8","j","716","<div style=""width:100vw;height:100vh;background-color:black;""></div>","j","html-keyboard-response","26","2.0.0","104012","166675","testolin2020_replication","2025-11-28T06:03:18.379Z","11-12 inch laptop","1470","956","1470","920","2","21","November 28, 10:00am","true"
"numerosity_discrimination","1","3","271","20","11","0.55","j","351","<div style=""width:100vw;height:100vh;background-color:black;""></div>","f","html-keyboard-response","31","2.0.0","106533","166675","testolin2020_replication","2025-11-28T06:03:18.379Z","11-12 inch laptop","1470","956","1470","920","2","21","November 28, 10:00am","false"
"numerosity_discrimination","1","4","128","22","28","0.7857","j","222","<div style=""width:100vw;height:100vh;background-color:black;""></div>","j","html-keyboard-response","36","2.0.0","109188","166675","testolin2020_replication","2025-11-28T06:03:18.379Z","11-12 inch laptop","1470","956","1470","920","2","21","November 28, 10:00am","true"
"numerosity_discrimination","1","5","278","9","18","0.5","j","163","<div style=""width:100vw;height:100vh;background-color:black;""></div>","j","html-keyboard-response","41","2.0.0","111831","166675","testolin2020_replication","2025-11-28T06:03:18.379Z","11-12 inch laptop","1470","956","1470","920","2","21","November 28, 10:00am","true"
"numerosity_discrimination","1","6","51","10","12","0.8333","j","612","<div style=""width:100vw;height:100vh;background-color:black;""></div>","j","html-keyboard-response","46","2.0.0","115060","166675","testolin2020_replication","2025-11-28T06:03:18.379Z","11-12 inch laptop","1470","956","1470","920","2","21","November 28, 10:00am","true"
"numerosity_discrimination","1","7","188","9","12","0.75","j","692","<div style=""width:100vw;height:100vh;background-color:black;""></div>","j","html-keyboard-response","51","2.0.0","117971","166675","testolin2020_replication","2025-11-28T06:03:18.379Z","11-12 inch laptop","1470","956","1470","920","2","21","November 28, 10:00am","true"
"numerosity_discrimination","1","8","236","22","14","0.6364","j","323","<div style=""width:100vw;height:100vh;background-color:black;""></div>","f","html-keyboard-response","56","2.0.0","120702","166675","testolin2020_replication","2025-11-28T06:03:18.379Z","11-12 inch laptop","1470","956","1470","920","2","21","November 28, 10:00am","false"
"numerosity_discrimination","1","9","35","9","8","0.8889","j","521","<div style=""width:100vw;height:100vh;background-color:black;""></div>","f","html-keyboard-response","61","2.0.0","123661","166675","testolin2020_replication","2025-11-28T06:03:18.379Z","11-12 inch laptop","1470","956","1470","920","2","21","November 28, 10:00am","false"
"numerosity_discrimination","1","10","267","18","28","0.6429","j","450","<div style=""width:100vw;height:100vh;background-color:black;""></div>","j","html-keyboard-response","66","2.0.0","126569","166675","testolin2020_replication","2025-11-28T06:03:18.379Z","11-12 inch laptop","1470","956","1470","920","2","21","November 28, 10:00am","true"
"numerosity_discrimination","1","11","280","28","16","0.5714","j","64","<div style=""width:100vw;height:100vh;background-color:black;""></div>","f","html-keyboard-response","71","2.0.0","129188","166675","testolin2020_replication","2025-11-28T06:03:18.379Z","11-12 inch laptop","1470","956","1470","920","2","21","November 28, 10:00am","false"
"numerosity_discrimination","1","12","279","20","11","0.55","j","288","<div style=""width:100vw;height:100vh;background-color:black;""></div>","f","html-keyboard-response","76","2.0.0","131657","166675","testolin2020_replication","2025-11-28T06:03:18.379Z","11-12 inch laptop","1470","956","1470","920","2","21","November 28, 10:00am","false"
"numerosity_discrimination","1","13","167","9","12","0.75","j","114","<div style=""width:100vw;height:100vh;background-color:black;""></div>","j","html-keyboard-response","81","2.0.0","134306","166675","testolin2020_replication","2025-11-28T06:03:18.379Z","11-12 inch laptop","1470","956","1470","920","2","21","November 28, 10:00am","true"
"numerosity_discrimination","1","14","9","9","8","0.8889","j","61","<div style=""width:100vw;height:100vh;background-color:black;""></div>","f","html-keyboard-response","86","2.0.0","137013","166675","testolin2020_replication","2025-11-28T06:03:18.379Z","11-12 inch laptop","1470","956","1470","920","2","21","November 28, 10:00am","false"
"numerosity_discrimination","1","15","202","9","7","0.7778","j","4","<div style=""width:100vw;height:100vh;background-color:black;""></div>","f","html-keyboard-response","91","2.0.0","139216","166675","testolin2020_replication","2025-11-28T06:03:18.379Z","11-12 inch laptop","1470","956","1470","920","2","21","November 28, 10:00am","false"
"numerosity_discrimination","1","16","272","10","20","0.5","j","13701","<div style=""width:100vw;height:100vh;background-color:black;""></div>","j","html-keyboard-response","96","2.0.0","155429","166675","testolin2020_replication","2025-11-28T06:03:18.379Z","11-12 inch laptop","1470","956","1470","920","2","21","November 28, 10:00am","true"
"numerosity_discrimination","1","17","235","14","9","0.6429","j","783","<div style=""width:100vw;height:100vh;background-color:black;""></div>","f","html-keyboard-response","101","2.0.0","158606","166675","testolin2020_replication","2025-11-28T06:03:18.379Z","11-12 inch laptop","1470","956","1470","920","2","21","November 28, 10:00am","false"
"numerosity_discrimination","1","18","67","11","9","0.8182","j","538","<div style=""width:100vw;height:100vh;background-color:black;""></div>","j","html-keyboard-response","106","2.0.0","161505","166675","testolin2020_replication","2025-11-28T06:03:18.379Z","11-12 inch laptop","1470","956","1470","920","2","21","November 28, 10:00am","true"
"numerosity_discrimination","1","19","160","12","16","0.75","j","137","<div style=""width:100vw;height:100vh;background-color:black;""></div>","j","html-keyboard-response","111","2.0.0","164286","166675","testolin2020_replication","2025-11-28T06:03:18.379Z","11-12 inch laptop","1470","956","1470","920","2","21","November 28, 10:00am","true"
"numerosity_discrimination","1","20","31","28","25","0.8929","j","14","<div style=""width:100vw;height:100vh;background-color:black;""></div>","f","html-keyboard-response","116","2.0.0","166666","166675","testolin2020_replication","2025-11-28T06:03:18.379Z","11-12 inch laptop","1470","956","1470","920","2","21","November 28, 10:00am","false"
"numerosity_discrimination","1","21","213","18","11","0.6111","j","13601","<div style=""width:100vw;height:100vh;background-color:black;""></div>","j","html-keyboard-response","121","2.0.0","182905","166675","testolin2020_replication","2025-11-28T06:03:18.379Z","11-12 inch laptop","1470","956","1470","920","2","21","November 28, 10:00am","true"
"numerosity_discrimination","1","22","193","25","18","0.72","j","225","<div style=""width:100vw;height:100vh;background-color:black;""></div>","f","html-keyboard-response","126","2.0.0","185789","166675","testolin2020_replication","2025-11-28T06:03:18.379Z","11-12 inch laptop","1470","956","1470","920","2","21","November 28, 10:00am","false"
"numerosity_discrimination","1","23","105","28","25","0.8929","j","526","<div style=""width:100vw;height:100vh;background-color:black;""></div>","j","html-keyboard-response","131","2.0.0","188810","166675","testolin2020_replication","2025-11-28T06:03:18.379Z","11-12 inch laptop","1470","956","1470","920","2","21","November 28, 10:00am","true"
"numerosity_discrimination","1","24","158","18","14","0.7778","j","224","<div style=""width:100vw;height:100vh;background-color:black;""></div>","f","html-keyboard-response","136","2.0.0","191407","166675","testolin2020_replication","2025-11-28T06:03:18.379Z","11-12 inch laptop","1470","956","1470","920","2","21","November 28, 10:00am","false"
"numerosity_discrimination","1","25","175","11","14","0.7857","j","302","<div style=""width:100vw;height:100vh;background-color:black;""></div>","j","html-keyboard-response","141","2.0.0","194123","166675","testolin2020_replication","2025-11-28T06:03:18.379Z","11-12 inch laptop","1470","956","1470","920","2","21","November 28, 10:00am","true"
"numerosity_discrimination","1","26","254","20","12","0.6","j","241","<div style=""width:100vw;height:100vh;background-color:black;""></div>","f","html-keyboard-response","146","2.0.0","196670","166675","testolin2020_replication","2025-11-28T06:03:18.379Z","11-12 inch laptop","1470","956","1470","920","2","21","November 28, 10:00am","false"
"numerosity_discrimination","1","27","221","16","10","0.625","j","123","<div style=""width:100vw;height:100vh;background-color:black;""></div>","f","html-keyboard-response","151","2.0.0","199168","166675","testolin2020_replication","2025-11-28T06:03:18.379Z","11-12 inch laptop","1470","956","1470","920","2","21","November 28, 10:00am","false"
"numerosity_discrimination","1","28","55","18","16","0.8889","j","98","<div style=""width:100vw;height:100vh;background-color:black;""></div>","f","html-keyboard-response","156","2.0.0","201767","166675","testolin2020_replication","2025-11-28T06:03:18.379Z","11-12 inch laptop","1470","956","1470","920","2","21","November 28, 10:00am","false"
"numerosity_discrimination","1","29","120","14","12","0.8571","j","0","<div style=""width:100vw;height:100vh;background-color:black;""></div>","f","html-keyboard-response","161","2.0.0","204005","166675","testolin2020_replication","2025-11-28T06:03:18.379Z","11-12 inch laptop","1470","956","1470","920","2","21","November 28, 10:00am","false"
"numerosity_discrimination","1","30","89","11","9","0.8182","j","15969","<div style=""width:100vw;height:100vh;background-color:black;""></div>","f","html-keyboard-response","166","2.0.0","222177","166675","testolin2020_replication","2025-11-28T06:03:18.379Z","11-12 inch laptop","1470","956","1470","920","2","21","November 28, 10:00am","false"
"numerosity_discrimination","1","31","108","8","9","0.8889","j","285","<div style=""width:100vw;height:100vh;background-color:black;""></div>","j","html-keyboard-response","171","2.0.0","225052","166675","testolin2020_replication","2025-11-28T06:03:18.379Z","11-12 inch laptop","1470","956","1470","920","2","21","November 28, 10:00am","true"
"numerosity_discrimination","1","32","23","11","9","0.8182","j","189","<div style=""width:100vw;height:100vh;background-color:black;""></div>","f","html-keyboard-response","176","2.0.0","227559","166675","testolin2020_replication","2025-11-28T06:03:18.379Z","11-12 inch laptop","1470","956","1470","920","2","21","November 28, 10:00am","false"
"numerosity_discrimination","1","33","48","14","16","0.875","j","103","<div style=""width:100vw;height:100vh;background-color:black;""></div>","f","html-keyboard-response","181","2.0.0","229828","166675","testolin2020_replication","2025-11-28T06:03:18.379Z","11-12 inch laptop","1470","956","1470","920","2","21","November 28, 10:00am","false"
"numerosity_discrimination","1","34","177","8","11","0.7273","j","287","<div style=""width:100vw;height:100vh;background-color:black;""></div>","j","html-keyboard-response","186","2.0.0","232508","166675","testolin2020_replication","2025-11-28T06:03:18.379Z","11-12 inch laptop","1470","956","1470","920","2","21","November 28, 10:00am","true"
"numerosity_discrimination","1","35","26","28","25","0.8929","j","110","<div style=""width:100vw;height:100vh;background-color:black;""></div>","j","html-keyboard-response","191","2.0.0","234928","166675","testolin2020_replication","2025-11-28T06:03:18.379Z","11-12 inch laptop","1470","956","1470","920","2","21","November 28, 10:00am","true"
"numerosity_discrimination","1","36","166","20","14","0.7","j","16","<div style=""width:100vw;height:100vh;background-color:black;""></div>","f","html-keyboard-response","196","2.0.0","237393","166675","testolin2020_replication","2025-11-28T06:03:18.379Z","11-12 inch laptop","1470","956","1470","920","2","21","November 28, 10:00am","false"
"numerosity_discrimination","1","37","261","28","18","0.6429","j","36","<div style=""width:100vw;height:100vh;background-color:black;""></div>","f","html-keyboard-response","201","2.0.0","240073","166675","testolin2020_replication","2025-11-28T06:03:18.379Z","11-12 inch laptop","1470","956","1470","920","2","21","November 28, 10:00am","false"
"numerosity_discrimination","1","38","32","16","20","0.8","j","4047","<div style=""width:100vw;height:100vh;background-color:black;""></div>","j","html-keyboard-response","206","2.0.0","246289","166675","testolin2020_replication","2025-11-28T06:03:18.379Z","11-12 inch laptop","1470","956","1470","920","2","21","November 28, 10:00am","true"
"numerosity_discrimination","1","39","103","14","12","0.8571","j","138","<div style=""width:100vw;height:100vh;background-color:black;""></div>","f","html-keyboard-response","211","2.0.0","248979","166675","testolin2020_replication","2025-11-28T06:03:18.379Z","11-12 inch laptop","1470","956","1470","920","2","21","November 28, 10:00am","false"
"numerosity_discrimination","1","40","197","12","16","0.75","j","61","<div style=""width:100vw;height:100vh;background-color:black;""></div>","j","html-keyboard-response","216","2.0.0","251354","166675","testolin2020_replication","2025-11-28T06:03:18.379Z","11-12 inch laptop","1470","956","1470","920","2","21","November 28, 10:00am","true"
"numerosity_discrimination","1","41","268","18","11","0.6111","j","2842","<div style=""width:100vw;height:100vh;background-color:black;""></div>","f","html-keyboard-response","221","2.0.0","256518","166675","testolin2020_replication","2025-11-28T06:03:18.379Z","11-12 inch laptop","1470","956","1470","920","2","21","November 28, 10:00am","false"
"numerosity_discrimination","1","42","299","20","10","0.5","j","39","<div style=""width:100vw;height:100vh;background-color:black;""></div>","f","html-keyboard-response","226","2.0.0","259197","166675","testolin2020_replication","2025-11-28T06:03:18.379Z","11-12 inch laptop","1470","956","1470","920","2","21","November 28, 10:00am","false"
"numerosity_discrimination","1","43","179","22","16","0.7273","j","118","<div style=""width:100vw;height:100vh;background-color:black;""></div>","j","html-keyboard-response","231","2.0.0","261751","166675","testolin2020_replication","2025-11-28T06:03:18.379Z","11-12 inch laptop","1470","956","1470","920","2","21","November 28, 10:00am","true"
"numerosity_discrimination","1","44","203","11","8","0.7273","j","21370","<div style=""width:100vw;height:100vh;background-color:black;""></div>","j","html-keyboard-response","236","2.0.0","285617","166675","testolin2020_replication","2025-11-28T06:03:18.379Z","11-12 inch laptop","1470","956","1470","920","2","21","November 28, 10:00am","true"
"numerosity_discrimination","1","45","245","10","16","0.625","j","422","<div style=""width:100vw;height:100vh;background-color:black;""></div>","j","html-keyboard-response","241","2.0.0","288531","166675","testolin2020_replication","2025-11-28T06:03:18.379Z","11-12 inch laptop","1470","956","1470","920","2","21","November 28, 10:00am","true"
"numerosity_discrimination","1","46","34","16","18","0.8889","j","22","<div style=""width:100vw;height:100vh;background-color:black;""></div>","f","html-keyboard-response","246","2.0.0","291026","166675","testolin2020_replication","2025-11-28T06:03:18.379Z","11-12 inch laptop","1470","956","1470","920","2","21","November 28, 10:00am","false"
"numerosity_discrimination","1","47","164","20","14","0.7","j","45","<div style=""width:100vw;height:100vh;background-color:black;""></div>","f","html-keyboard-response","251","2.0.0","293315","166675","testolin2020_replication","2025-11-28T06:03:18.379Z","11-12 inch laptop","1470","956","1470","920","2","21","November 28, 10:00am","false"
"numerosity_discrimination","1","48","186","22","28","0.7857","j","55","<div style=""width:100vw;height:100vh;background-color:black;""></div>","j","html-keyboard-response","256","2.0.0","295998","166675","testolin2020_replication","2025-11-28T06:03:18.379Z","11-12 inch laptop","1470","956","1470","920","2","21","November 28, 10:00am","true"
"numerosity_discrimination","1","49","19","18","22","0.8182","j","16","<div style=""width:100vw;height:100vh;background-color:black;""></div>","j","html-keyboard-response","261","2.0.0","298562","166675","testolin2020_replication","2025-11-28T06:03:18.379Z","11-12 inch laptop","1470","956","1470","920","2","21","November 28, 10:00am","true"
"numerosity_discrimination","1","50","22","16","20","0.8","j","5095","<div style=""width:100vw;height:100vh;background-color:black;""></div>","j","html-keyboard-response","266","2.0.0","306049","166675","testolin2020_replication","2025-11-28T06:03:18.379Z","11-12 inch laptop","1470","956","1470","920","2","21","November 28, 10:00am","true"
"numerosity_discrimination","1","51","285","11","22","0.5","j","494","<div style=""width:100vw;height:100vh;background-color:black;""></div>","j","html-keyboard-response","271","2.0.0","309067","166675","testolin2020_replication","2025-11-28T06:03:18.379Z","11-12 inch laptop","1470","956","1470","920","2","21","November 28, 10:00am","true"
"numerosity_discrimination","1","52","54","22","18","0.8182","j","2","<div style=""width:100vw;height:100vh;background-color:black;""></div>","f","html-keyboard-response","276","2.0.0","311399","166675","testolin2020_replication","2025-11-28T06:03:18.379Z","11-12 inch laptop","1470","956","1470","920","2","21","November 28, 10:00am","false"
"numerosity_discrimination","1","53","238","20","12","0.6","j","5","<div style=""width:100vw;height:100vh;background-color:black;""></div>","f","html-keyboard-response","281","2.0.0","313923","166675","testolin2020_replication","2025-11-28T06:03:18.379Z","11-12 inch laptop","1470","956","1470","920","2","21","November 28, 10:00am","false"
"numerosity_discrimination","1","54","124","16","12","0.75","j","118","<div style=""width:100vw;height:100vh;background-color:black;""></div>","f","html-keyboard-response","286","2.0.0","316491","166675","testolin2020_replication","2025-11-28T06:03:18.379Z","11-12 inch laptop","1470","956","1470","920","2","21","November 28, 10:00am","false"
"numerosity_discrimination","1","55","18","14","12","0.8571","j","3915","<div style=""width:100vw;height:100vh;background-color:black;""></div>","j","html-keyboard-response","291","2.0.0","322950","166675","testolin2020_replication","2025-11-28T06:03:18.379Z","11-12 inch laptop","1470","956","1470","920","2","21","November 28, 10:00am","true"
"numerosity_discrimination","1","56","173","25","18","0.72","j","430","<div style=""width:100vw;height:100vh;background-color:black;""></div>","f","html-keyboard-response","296","2.0.0","325763","166675","testolin2020_replication","2025-11-28T06:03:18.379Z","11-12 inch laptop","1470","956","1470","920","2","21","November 28, 10:00am","false"
"numerosity_discrimination","1","57","63","9","8","0.8889","j","83","<div style=""width:100vw;height:100vh;background-color:black;""></div>","f","html-keyboard-response","301","2.0.0","328113","166675","testolin2020_replication","2025-11-28T06:03:18.379Z","11-12 inch laptop","1470","956","1470","920","2","21","November 28, 10:00am","false"
"numerosity_discrimination","1","58","159","20","28","0.7143","j","3","<div style=""width:100vw;height:100vh;background-color:black;""></div>","j","html-keyboard-response","306","2.0.0","330508","166675","testolin2020_replication","2025-11-28T06:03:18.379Z","11-12 inch laptop","1470","956","1470","920","2","21","November 28, 10:00am","true"
"numerosity_discrimination","1","59","265","18","28","0.6429","j","3001","<div style=""width:100vw;height:100vh;background-color:black;""></div>","j","html-keyboard-response","311","2.0.0","336008","166675","testolin2020_replication","2025-11-28T06:03:18.379Z","11-12 inch laptop","1470","956","1470","920","2","21","November 28, 10:00am","true"
"numerosity_discrimination","1","60","17","12","14","0.8571","j","96","<div style=""width:100vw;height:100vh;background-color:black;""></div>","j","html-keyboard-response","316","2.0.0","338527","166675","testolin2020_replication","2025-11-28T06:03:18.379Z","11-12 inch laptop","1470","956","1470","920","2","21","November 28, 10:00am","true"
"numerosity_discrimination","1","61","140","11","8","0.7273","j","94","<div style=""width:100vw;height:100vh;background-color:black;""></div>","f","html-keyboard-response","321","2.0.0","341220","166675","testolin2020_replication","2025-11-28T06:03:18.379Z","11-12 inch laptop","1470","956","1470","920","2","21","November 28, 10:00am","false"
"numerosity_discrimination","1","62","208","9","7","0.7778","j","67","<div style=""width:100vw;height:100vh;background-color:black;""></div>","f","html-keyboard-response","326","2.0.0","343647","166675","testolin2020_replication","2025-11-28T06:03:18.379Z","11-12 inch laptop","1470","956","1470","920","2","21","November 28, 10:00am","false"
"numerosity_discrimination","1","63","53","18","22","0.8182","j","24","<div style=""width:100vw;height:100vh;background-color:black;""></div>","j","html-keyboard-response","331","2.0.0","346297","166675","testolin2020_replication","2025-11-28T06:03:18.379Z","11-12 inch laptop","1470","956","1470","920","2","21","November 28, 10:00am","true"
"numerosity_discrimination","1","64","126","9","7","0.7778","j","50","<div style=""width:100vw;height:100vh;background-color:black;""></div>","f","html-keyboard-response","336","2.0.0","348881","166675","testolin2020_replication","2025-11-28T06:03:18.379Z","11-12 inch laptop","1470","956","1470","920","2","21","November 28, 10:00am","false"
"numerosity_discrimination","1","65","88","12","10","0.8333","j","76","<div style=""width:100vw;height:100vh;background-color:black;""></div>","f","html-keyboard-response","341","2.0.0","351190","166675","testolin2020_replication","2025-11-28T06:03:18.379Z","11-12 inch laptop","1470","956","1470","920","2","21","November 28, 10:00am","false"
"numerosity_discrimination","1","66","116","28","25","0.8929","j","3","<div style=""width:100vw;height:100vh;background-color:black;""></div>","f","html-keyboard-response","346","2.0.0","353699","166675","testolin2020_replication","2025-11-28T06:03:18.379Z","11-12 inch laptop","1470","956","1470","920","2","21","November 28, 10:00am","false"
"numerosity_discrimination","1","67","4","12","14","0.8571","j","2891","<div style=""width:100vw;height:100vh;background-color:black;""></div>","j","html-keyboard-response","351","2.0.0","358928","166675","testolin2020_replication","2025-11-28T06:03:18.379Z","11-12 inch laptop","1470","956","1470","920","2","21","November 28, 10:00am","true"
"numerosity_discrimination","1","68","287","25","14","0.56","j","4492","<div style=""width:100vw;height:100vh;background-color:black;""></div>","f","html-keyboard-response","356","2.0.0","365761","166675","testolin2020_replication","2025-11-28T06:03:18.379Z","11-12 inch laptop","1470","956","1470","920","2","21","November 28, 10:00am","false"
"numerosity_discrimination","1","69","119","12","10","0.8333","j","81","<div style=""width:100vw;height:100vh;background-color:black;""></div>","j","html-keyboard-response","361","2.0.0","368402","166675","testolin2020_replication","2025-11-28T06:03:18.379Z","11-12 inch laptop","1470","956","1470","920","2","21","November 28, 10:00am","true"
"numerosity_discrimination","1","70","122","8","11","0.7273","j","3","<div style=""width:100vw;height:100vh;background-color:black;""></div>","j","html-keyboard-response","366","2.0.0","370966","166675","testolin2020_replication","2025-11-28T06:03:18.379Z","11-12 inch laptop","1470","956","1470","920","2","21","November 28, 10:00am","true"
"numerosity_discrimination","1","71","194","7","9","0.7778","j","11","<div style=""width:100vw;height:100vh;background-color:black;""></div>","j","html-keyboard-response","371","2.0.0","373227","166675","testolin2020_replication","2025-11-28T06:03:18.379Z","11-12 inch laptop","1470","956","1470","920","2","21","November 28, 10:00am","true"
"numerosity_discrimination","1","72","75","12","14","0.8571","j","92","<div style=""width:100vw;height:100vh;background-color:black;""></div>","j","html-keyboard-response","376","2.0.0","375541","166675","testolin2020_replication","2025-11-28T06:03:18.379Z","11-12 inch laptop","1470","956","1470","920","2","21","November 28, 10:00am","true"
"numerosity_discrimination","1","73","150","16","22","0.7273","j","2713","<div style=""width:100vw;height:100vh;background-color:black;""></div>","j","html-keyboard-response","381","2.0.0","380619","166675","testolin2020_replication","2025-11-28T06:03:18.379Z","11-12 inch laptop","1470","956","1470","920","2","21","November 28, 10:00am","true"
"numerosity_discrimination","1","74","70","18","16","0.8889","j","23","<div style=""width:100vw;height:100vh;background-color:black;""></div>","f","html-keyboard-response","386","2.0.0","383244","166675","testolin2020_replication","2025-11-28T06:03:18.379Z","11-12 inch laptop","1470","956","1470","920","2","21","November 28, 10:00am","false"
"numerosity_discrimination","1","75","187","18","14","0.7778","j","2","<div style=""width:100vw;height:100vh;background-color:black;""></div>","j","html-keyboard-response","391","2.0.0","385772","166675","testolin2020_replication","2025-11-28T06:03:18.379Z","11-12 inch laptop","1470","956","1470","920","2","21","November 28, 10:00am","true"
"numerosity_discrimination","1","76","275","14","7","0.5","j","22","<div style=""width:100vw;height:100vh;background-color:black;""></div>","f","html-keyboard-response","396","2.0.0","388226","166675","testolin2020_replication","2025-11-28T06:03:18.379Z","11-12 inch laptop","1470","956","1470","920","2","21","November 28, 10:00am","false"
"numerosity_discrimination","1","77","192","22","28","0.7857","j","2","<div style=""width:100vw;height:100vh;background-color:black;""></div>","j","html-keyboard-response","401","2.0.0","390514","166675","testolin2020_replication","2025-11-28T06:03:18.379Z","11-12 inch laptop","1470","956","1470","920","2","21","November 28, 10:00am","true"
"numerosity_discrimination","1","78","225","14","22","0.6364","j","3805","<div style=""width:100vw;height:100vh;background-color:black;""></div>","j","html-keyboard-response","406","2.0.0","396678","166675","testolin2020_replication","2025-11-28T06:03:18.379Z","11-12 inch laptop","1470","956","1470","920","2","21","November 28, 10:00am","true"
"numerosity_discrimination","1","79","59","14","12","0.8571","j","417","<div style=""width:100vw;height:100vh;background-color:black;""></div>","f","html-keyboard-response","411","2.0.0","399693","166675","testolin2020_replication","2025-11-28T06:03:18.379Z","11-12 inch laptop","1470","956","1470","920","2","21","November 28, 10:00am","false"
"numerosity_discrimination","1","80","239","22","14","0.6364","j","3817","<div style=""width:100vw;height:100vh;background-color:black;""></div>","f","html-keyboard-response","416","2.0.0","406080","166675","testolin2020_replication","2025-11-28T06:03:18.379Z","11-12 inch laptop","1470","956","1470","920","2","21","November 28, 10:00am","false"
"numerosity_discrimination","1","81","226","14","9","0.6429","j","542","<div style=""width:100vw;height:100vh;background-color:black;""></div>","f","html-keyboard-response","421","2.0.0","408971","166675","testolin2020_replication","2025-11-28T06:03:18.379Z","11-12 inch laptop","1470","956","1470","920","2","21","November 28, 10:00am","false"
"numerosity_discrimination","1","82","259","18","11","0.6111","j","3200","<div style=""width:100vw;height:100vh;background-color:black;""></div>","f","html-keyboard-response","426","2.0.0","414749","166675","testolin2020_replication","2025-11-28T06:03:18.379Z","11-12 inch laptop","1470","956","1470","920","2","21","November 28, 10:00am","false"
"numerosity_discrimination","1","83","184","18","14","0.7778","j","632","<div style=""width:100vw;height:100vh;background-color:black;""></div>","f","html-keyboard-response","431","2.0.0","417889","166675","testolin2020_replication","2025-11-28T06:03:18.379Z","11-12 inch laptop","1470","956","1470","920","2","21","November 28, 10:00am","false"
"numerosity_discrimination","1","84","100","28","25","0.8929","j","477","<div style=""width:100vw;height:100vh;background-color:black;""></div>","f","html-keyboard-response","436","2.0.0","420793","166675","testolin2020_replication","2025-11-28T06:03:18.379Z","11-12 inch laptop","1470","956","1470","920","2","21","November 28, 10:00am","false"
"numerosity_discrimination","1","85","38","14","16","0.875","j","37","<div style=""width:100vw;height:100vh;background-color:black;""></div>","j","html-keyboard-response","441","2.0.0","423441","166675","testolin2020_replication","2025-11-28T06:03:18.379Z","11-12 inch laptop","1470","956","1470","920","2","21","November 28, 10:00am","true"
"numerosity_discrimination","1","86","109","12","14","0.8571","j","29","<div style=""width:100vw;height:100vh;background-color:black;""></div>","f","html-keyboard-response","446","2.0.0","425948","166675","testolin2020_replication","2025-11-28T06:03:18.379Z","11-12 inch laptop","1470","956","1470","920","2","21","November 28, 10:00am","false"
"numerosity_discrimination","1","87","231","25","16","0.64","j","43","<div style=""width:100vw;height:100vh;background-color:black;""></div>","f","html-keyboard-response","451","2.0.0","428615","166675","testolin2020_replication","2025-11-28T06:03:18.379Z","11-12 inch laptop","1470","956","1470","920","2","21","November 28, 10:00am","false"
"numerosity_discrimination","1","88","282","8","14","0.5714","j","4059","<div style=""width:100vw;height:100vh;background-color:black;""></div>","f","html-keyboard-response","456","2.0.0","435027","166675","testolin2020_replication","2025-11-28T06:03:18.379Z","11-12 inch laptop","1470","956","1470","920","2","21","November 28, 10:00am","false"
"numerosity_discrimination","1","89","37","20","16","0.8","j","34","<div style=""width:100vw;height:100vh;background-color:black;""></div>","f","html-keyboard-response","461","2.0.0","437616","166675","testolin2020_replication","2025-11-28T06:03:18.379Z","11-12 inch laptop","1470","956","1470","920","2","21","November 28, 10:00am","false"
"numerosity_discrimination","1","90","41","16","20","0.8","j","2","<div style=""width:100vw;height:100vh;background-color:black;""></div>","j","html-keyboard-response","466","2.0.0","440193","166675","testolin2020_replication","2025-11-28T06:03:18.379Z","11-12 inch laptop","1470","956","1470","920","2","21","November 28, 10:00am","true"
"numerosity_discrimination","1","91","11","8","10","0.8","j","69","<div style=""width:100vw;height:100vh;background-color:black;""></div>","j","html-keyboard-response","471","2.0.0","442473","166675","testolin2020_replication","2025-11-28T06:03:18.379Z","11-12 inch laptop","1470","956","1470","920","2","21","November 28, 10:00am","true"
"numerosity_discrimination","1","92","163","18","14","0.7778","j","14","<div style=""width:100vw;height:100vh;background-color:black;""></div>","f","html-keyboard-response","476","2.0.0","444958","166675","testolin2020_replication","2025-11-28T06:03:18.379Z","11-12 inch laptop","1470","956","1470","920","2","21","November 28, 10:00am","false"
"numerosity_discrimination","1","93","243","18","12","0.6667","j","2145","<div style=""width:100vw;height:100vh;background-color:black;""></div>","j","html-keyboard-response","481","2.0.0","449573","166675","testolin2020_replication","2025-11-28T06:03:18.379Z","11-12 inch laptop","1470","956","1470","920","2","21","November 28, 10:00am","true"
"numerosity_discrimination","1","94","290","12","22","0.5455","j","21","<div style=""width:100vw;height:100vh;background-color:black;""></div>","j","html-keyboard-response","486","2.0.0","451813","166675","testolin2020_replication","2025-11-28T06:03:18.379Z","11-12 inch laptop","1470","956","1470","920","2","21","November 28, 10:00am","true"
"numerosity_discrimination","1","95","281","12","7","0.5833","j","7404","<div style=""width:100vw;height:100vh;background-color:black;""></div>","f","html-keyboard-response","491","2.0.0","461668","166675","testolin2020_replication","2025-11-28T06:03:18.379Z","11-12 inch laptop","1470","956","1470","920","2","21","November 28, 10:00am","false"
"numerosity_discrimination","1","96","134","16","12","0.75","j","46","<div style=""width:100vw;height:100vh;background-color:black;""></div>","f","html-keyboard-response","496","2.0.0","464322","166675","testolin2020_replication","2025-11-28T06:03:18.379Z","11-12 inch laptop","1470","956","1470","920","2","21","November 28, 10:00am","false"
"numerosity_discrimination","1","97","123","12","16","0.75","j","2","<div style=""width:100vw;height:100vh;background-color:black;""></div>","j","html-keyboard-response","501","2.0.0","466531","166675","testolin2020_replication","2025-11-28T06:03:18.379Z","11-12 inch laptop","1470","956","1470","920","2","21","November 28, 10:00am","true"
"numerosity_discrimination","1","98","274","18","9","0.5","j","5179","<div style=""width:100vw;height:100vh;background-color:black;""></div>","f","html-keyboard-response","506","2.0.0","474010","166675","testolin2020_replication","2025-11-28T06:03:18.379Z","11-12 inch laptop","1470","956","1470","920","2","21","November 28, 10:00am","false"
"numerosity_discrimination","1","99","112","28","25","0.8929","j","57","<div style=""width:100vw;height:100vh;background-color:black;""></div>","j","html-keyboard-response","511","2.0.0","476620","166675","testolin2020_replication","2025-11-28T06:03:18.379Z","11-12 inch laptop","1470","956","1470","920","2","21","November 28, 10:00am","true"
"numerosity_discrimination","1","100","295","20","10","0.5","j","12","<div style=""width:100vw;height:100vh;background-color:black;""></div>","f","html-keyboard-response","516","2.0.0","479160","166675","testolin2020_replication","2025-11-28T06:03:18.379Z","11-12 inch laptop","1470","956","1470","920","2","21","November 28, 10:00am","false"
"numerosity_discrimination","2","101","46","18","22","0.8182","j","564","<div style=""width:100vw;height:100vh;background-color:black;""></div>","j","html-keyboard-response","523","2.0.0","486595","166675","testolin2020_replication","2025-11-28T06:03:18.379Z","11-12 inch laptop","1470","956","1470","920","2","21","November 28, 10:00am","true"
"numerosity_discrimination","2","102","77","7","8","0.875","j","129","<div style=""width:100vw;height:100vh;background-color:black;""></div>","j","html-keyboard-response","528","2.0.0","488977","166675","testolin2020_replication","2025-11-28T06:03:18.379Z","11-12 inch laptop","1470","956","1470","920","2","21","November 28, 10:00am","true"
"numerosity_discrimination","2","103","68","11","9","0.8182","j","9024","<div style=""width:100vw;height:100vh;background-color:black;""></div>","j","html-keyboard-response","533","2.0.0","500304","166675","testolin2020_replication","2025-11-28T06:03:18.379Z","11-12 inch laptop","1470","956","1470","920","2","21","November 28, 10:00am","true"
"numerosity_discrimination","2","104","178","14","11","0.7857","j","5786","<div style=""width:100vw;height:100vh;background-color:black;""></div>","f","html-keyboard-response","538","2.0.0","508694","166675","testolin2020_replication","2025-11-28T06:03:18.379Z","11-12 inch laptop","1470","956","1470","920","2","21","November 28, 10:00am","false"
"numerosity_discrimination","2","105","30","11","9","0.8182","j","609","<div style=""width:100vw;height:100vh;background-color:black;""></div>","f","html-keyboard-response","543","2.0.0","511659","166675","testolin2020_replication","2025-11-28T06:03:18.379Z","11-12 inch laptop","1470","956","1470","920","2","21","November 28, 10:00am","false"
"numerosity_discrimination","2","106","86","22","25","0.88","j","381","<div style=""width:100vw;height:100vh;background-color:black;""></div>","j","html-keyboard-response","548","2.0.0","514589","166675","testolin2020_replication","2025-11-28T06:03:18.379Z","11-12 inch laptop","1470","956","1470","920","2","21","November 28, 10:00am","true"
"numerosity_discrimination","2","107","244","8","12","0.6667","j","124","<div style=""width:100vw;height:100vh;background-color:black;""></div>","j","html-keyboard-response","553","2.0.0","517235","166675","testolin2020_replication","2025-11-28T06:03:18.379Z","11-12 inch laptop","1470","956","1470","920","2","21","November 28, 10:00am","true"
"numerosity_discrimination","2","108","195","16","12","0.75","j","6723","<div style=""width:100vw;height:100vh;background-color:black;""></div>","f","html-keyboard-response","558","2.0.0","526164","166675","testolin2020_replication","2025-11-28T06:03:18.379Z","11-12 inch laptop","1470","956","1470","920","2","21","November 28, 10:00am","false"
"numerosity_discrimination","2","109","78","11","9","0.8182","j","135","<div style=""width:100vw;height:100vh;background-color:black;""></div>","f","html-keyboard-response","563","2.0.0","528829","166675","testolin2020_replication","2025-11-28T06:03:18.379Z","11-12 inch laptop","1470","956","1470","920","2","21","November 28, 10:00am","false"
"numerosity_discrimination","2","110","6","16","18","0.8889","j","374","<div style=""width:100vw;height:100vh;background-color:black;""></div>","f","html-keyboard-response","568","2.0.0","531787","166675","testolin2020_replication","2025-11-28T06:03:18.379Z","11-12 inch laptop","1470","956","1470","920","2","21","November 28, 10:00am","false"
"numerosity_discrimination","2","111","185","20","28","0.7143","j","2753","<div style=""width:100vw;height:100vh;background-color:black;""></div>","j","html-keyboard-response","573","2.0.0","536981","166675","testolin2020_replication","2025-11-28T06:03:18.379Z","11-12 inch laptop","1470","956","1470","920","2","21","November 28, 10:00am","true"
"numerosity_discrimination","2","112","148","25","18","0.72","j","288","<div style=""width:100vw;height:100vh;background-color:black;""></div>","f","html-keyboard-response","578","2.0.0","539536","166675","testolin2020_replication","2025-11-28T06:03:18.379Z","11-12 inch laptop","1470","956","1470","920","2","21","November 28, 10:00am","false"
"numerosity_discrimination","2","113","157","7","10","0.7","j","531","<div style=""width:100vw;height:100vh;background-color:black;""></div>","j","html-keyboard-response","583","2.0.0","542681","166675","testolin2020_replication","2025-11-28T06:03:18.379Z","11-12 inch laptop","1470","956","1470","920","2","21","November 28, 10:00am","true"
"numerosity_discrimination","2","114","141","20","14","0.7","j","5148","<div style=""width:100vw;height:100vh;background-color:black;""></div>","f","html-keyboard-response","588","2.0.0","550189","166675","testolin2020_replication","2025-11-28T06:03:18.379Z","11-12 inch laptop","1470","956","1470","920","2","21","November 28, 10:00am","false"
"numerosity_discrimination","2","115","253","22","14","0.6364","j","322","<div style=""width:100vw;height:100vh;background-color:black;""></div>","f","html-keyboard-response","593","2.0.0","552774","166675","testolin2020_replication","2025-11-28T06:03:18.379Z","11-12 inch laptop","1470","956","1470","920","2","21","November 28, 10:00am","false"
"numerosity_discrimination","2","116","214","20","12","0.6","j","5297","<div style=""width:100vw;height:100vh;background-color:black;""></div>","f","html-keyboard-response","598","2.0.0","560573","166675","testolin2020_replication","2025-11-28T06:03:18.379Z","11-12 inch laptop","1470","956","1470","920","2","21","November 28, 10:00am","false"
"numerosity_discrimination","2","117","102","8","7","0.875","j","37","<div style=""width:100vw;height:100vh;background-color:black;""></div>","f","html-keyboard-response","603","2.0.0","563184","166675","testolin2020_replication","2025-11-28T06:03:18.379Z","11-12 inch laptop","1470","956","1470","920","2","21","November 28, 10:00am","false"
"numerosity_discrimination","2","118","96","12","10","0.8333","j","14","<div style=""width:100vw;height:100vh;background-color:black;""></div>","f","html-keyboard-response","608","2.0.0","565861","166675","testolin2020_replication","2025-11-28T06:03:18.379Z","11-12 inch laptop","1470","956","1470","920","2","21","November 28, 10:00am","false"
"numerosity_discrimination","2","119","220","28","18","0.6429","j","491","<div style=""width:100vw;height:100vh;background-color:black;""></div>","j","html-keyboard-response","613","2.0.0","568515","166675","testolin2020_replication","2025-11-28T06:03:18.379Z","11-12 inch laptop","1470","956","1470","920","2","21","November 28, 10:00am","true"
"numerosity_discrimination","2","120","142","11","14","0.7857","j","2","<div style=""width:100vw;height:100vh;background-color:black;""></div>","j","html-keyboard-response","618","2.0.0","571009","166675","testolin2020_replication","2025-11-28T06:03:18.379Z","11-12 inch laptop","1470","956","1470","920","2","21","November 28, 10:00am","true"
"numerosity_discrimination","2","121","183","14","20","0.7","j","58","<div style=""width:100vw;height:100vh;background-color:black;""></div>","j","html-keyboard-response","623","2.0.0","573239","166675","testolin2020_replication","2025-11-28T06:03:18.379Z","11-12 inch laptop","1470","956","1470","920","2","21","November 28, 10:00am","true"
"numerosity_discrimination","2","122","291","11","20","0.55","j","99","<div style=""width:100vw;height:100vh;background-color:black;""></div>","j","html-keyboard-response","628","2.0.0","575676","166675","testolin2020_replication","2025-11-28T06:03:18.379Z","11-12 inch laptop","1470","956","1470","920","2","21","November 28, 10:00am","true"
"numerosity_discrimination","2","123","248","22","14","0.6364","j","3874","<div style=""width:100vw;height:100vh;background-color:black;""></div>","f","html-keyboard-response","633","2.0.0","581768","166675","testolin2020_replication","2025-11-28T06:03:18.379Z","11-12 inch laptop","1470","956","1470","920","2","21","November 28, 10:00am","false"
"numerosity_discrimination","2","124","230","10","16","0.625","j","24","<div style=""width:100vw;height:100vh;background-color:black;""></div>","j","html-keyboard-response","638","2.0.0","584211","166675","testolin2020_replication","2025-11-28T06:03:18.379Z","11-12 inch laptop","1470","956","1470","920","2","21","November 28, 10:00am","true"
"numerosity_discrimination","2","125","283","20","11","0.55","j","2597","<div style=""width:100vw;height:100vh;background-color:black;""></div>","f","html-keyboard-response","643","2.0.0","589429","166675","testolin2020_replication","2025-11-28T06:03:18.379Z","11-12 inch laptop","1470","956","1470","920","2","21","November 28, 10:00am","false"
"numerosity_discrimination","2","126","14","8","7","0.875","j","389","<div style=""width:100vw;height:100vh;background-color:black;""></div>","f","html-keyboard-response","648","2.0.0","592473","166675","testolin2020_replication","2025-11-28T06:03:18.379Z","11-12 inch laptop","1470","956","1470","920","2","21","November 28, 10:00am","false"
"numerosity_discrimination","2","127","297","18","10","0.5556","j","18","<div style=""width:100vw;height:100vh;background-color:black;""></div>","f","html-keyboard-response","653","2.0.0","594805","166675","testolin2020_replication","2025-11-28T06:03:18.379Z","11-12 inch laptop","1470","956","1470","920","2","21","November 28, 10:00am","false"
"numerosity_discrimination","2","128","250","18","12","0.6667","j","8089","<div style=""width:100vw;height:100vh;background-color:black;""></div>","f","html-keyboard-response","658","2.0.0","605226","166675","testolin2020_replication","2025-11-28T06:03:18.379Z","11-12 inch laptop","1470","956","1470","920","2","21","November 28, 10:00am","false"
"numerosity_discrimination","2","129","79","16","18","0.8889","j","10008","<div style=""width:100vw;height:100vh;background-color:black;""></div>","f","html-keyboard-response","663","2.0.0","617862","166675","testolin2020_replication","2025-11-28T06:03:18.379Z","11-12 inch laptop","1470","956","1470","920","2","21","November 28, 10:00am","false"
"numerosity_discrimination","2","130","171","12","9","0.75","j","25","<div style=""width:100vw;height:100vh;background-color:black;""></div>","f","html-keyboard-response","668","2.0.0","620501","166675","testolin2020_replication","2025-11-28T06:03:18.379Z","11-12 inch laptop","1470","956","1470","920","2","21","November 28, 10:00am","false"
"numerosity_discrimination","2","131","8","16","14","0.875","j","68","<div style=""width:100vw;height:100vh;background-color:black;""></div>","f","html-keyboard-response","673","2.0.0","622824","166675","testolin2020_replication","2025-11-28T06:03:18.379Z","11-12 inch laptop","1470","956","1470","920","2","21","November 28, 10:00am","false"
"numerosity_discrimination","2","132","107","16","18","0.8889","j","2581","<div style=""width:100vw;height:100vh;background-color:black;""></div>","f","html-keyboard-response","678","2.0.0","627931","166675","testolin2020_replication","2025-11-28T06:03:18.379Z","11-12 inch laptop","1470","956","1470","920","2","21","November 28, 10:00am","false"
"numerosity_discrimination","2","133","99","22","18","0.8182","j","4","<div style=""width:100vw;height:100vh;background-color:black;""></div>","f","html-keyboard-response","683","2.0.0","630400","166675","testolin2020_replication","2025-11-28T06:03:18.379Z","11-12 inch laptop","1470","956","1470","920","2","21","November 28, 10:00am","false"
"numerosity_discrimination","2","134","224","9","14","0.6429","j","2535","<div style=""width:100vw;height:100vh;background-color:black;""></div>","j","html-keyboard-response","688","2.0.0","635307","166675","testolin2020_replication","2025-11-28T06:03:18.379Z","11-12 inch laptop","1470","956","1470","920","2","21","November 28, 10:00am","true"
"numerosity_discrimination","2","135","151","9","7","0.7778","j","3094","<div style=""width:100vw;height:100vh;background-color:black;""></div>","f","html-keyboard-response","693","2.0.0","640734","166675","testolin2020_replication","2025-11-28T06:03:18.379Z","11-12 inch laptop","1470","956","1470","920","2","21","November 28, 10:00am","false"
"numerosity_discrimination","2","136","133","10","14","0.7143","j","3101","<div style=""width:100vw;height:100vh;background-color:black;""></div>","f","html-keyboard-response","698","2.0.0","646486","166675","testolin2020_replication","2025-11-28T06:03:18.379Z","11-12 inch laptop","1470","956","1470","920","2","21","November 28, 10:00am","false"
"numerosity_discrimination","2","137","258","14","22","0.6364","j","3915","<div style=""width:100vw;height:100vh;background-color:black;""></div>","f","html-keyboard-response","703","2.0.0","652948","166675","testolin2020_replication","2025-11-28T06:03:18.379Z","11-12 inch laptop","1470","956","1470","920","2","21","November 28, 10:00am","false"
"numerosity_discrimination","2","138","82","16","14","0.875","j","508","<div style=""width:100vw;height:100vh;background-color:black;""></div>","j","html-keyboard-response","708","2.0.0","655946","166675","testolin2020_replication","2025-11-28T06:03:18.379Z","11-12 inch laptop","1470","956","1470","920","2","21","November 28, 10:00am","true"
"numerosity_discrimination","2","139","146","10","14","0.7143","j","4","<div style=""width:100vw;height:100vh;background-color:black;""></div>","j","html-keyboard-response","713","2.0.0","658339","166675","testolin2020_replication","2025-11-28T06:03:18.379Z","11-12 inch laptop","1470","956","1470","920","2","21","November 28, 10:00am","true"
"numerosity_discrimination","2","140","215","16","11","0.6875","j","2651","<div style=""width:100vw;height:100vh;background-color:black;""></div>","f","html-keyboard-response","718","2.0.0","663393","166675","testolin2020_replication","2025-11-28T06:03:18.379Z","11-12 inch laptop","1470","956","1470","920","2","21","November 28, 10:00am","false"
"numerosity_discrimination","2","141","209","9","7","0.7778","j","2822","<div style=""width:100vw;height:100vh;background-color:black;""></div>","f","html-keyboard-response","723","2.0.0","668622","166675","testolin2020_replication","2025-11-28T06:03:18.379Z","11-12 inch laptop","1470","956","1470","920","2","21","November 28, 10:00am","false"
"numerosity_discrimination","2","142","156","12","16","0.75","j","2520","<div style=""width:100vw;height:100vh;background-color:black;""></div>","f","html-keyboard-response","728","2.0.0","673491","166675","testolin2020_replication","2025-11-28T06:03:18.379Z","11-12 inch laptop","1470","956","1470","920","2","21","November 28, 10:00am","false"
"numerosity_discrimination","2","143","181","10","14","0.7143","j","38","<div style=""width:100vw;height:100vh;background-color:black;""></div>","j","html-keyboard-response","733","2.0.0","675868","166675","testolin2020_replication","2025-11-28T06:03:18.379Z","11-12 inch laptop","1470","956","1470","920","2","21","November 28, 10:00am","true"
"numerosity_discrimination","2","144","270","14","22","0.6364","j","3632","<div style=""width:100vw;height:100vh;background-color:black;""></div>","j","html-keyboard-response","738","2.0.0","682133","166675","testolin2020_replication","2025-11-28T06:03:18.379Z","11-12 inch laptop","1470","956","1470","920","2","21","November 28, 10:00am","true"
"numerosity_discrimination","2","145","293","7","12","0.5833","j","1011","<div style=""width:100vw;height:100vh;background-color:black;""></div>","j","html-keyboard-response","743","2.0.0","685497","166675","testolin2020_replication","2025-11-28T06:03:18.379Z","11-12 inch laptop","1470","956","1470","920","2","21","November 28, 10:00am","true"
"numerosity_discrimination","2","146","154","11","14","0.7857","j","6472","<div style=""width:100vw;height:100vh;background-color:black;""></div>","j","html-keyboard-response","748","2.0.0","694188","166675","testolin2020_replication","2025-11-28T06:03:18.379Z","11-12 inch laptop","1470","956","1470","920","2","21","November 28, 10:00am","true"
"numerosity_discrimination","2","147","137","10","7","0.7","j","5008","<div style=""width:100vw;height:100vh;background-color:black;""></div>","f","html-keyboard-response","753","2.0.0","701672","166675","testolin2020_replication","2025-11-28T06:03:18.379Z","11-12 inch laptop","1470","956","1470","920","2","21","November 28, 10:00am","false"
"numerosity_discrimination","2","148","95","9","8","0.8889","j","3338","<div style=""width:100vw;height:100vh;background-color:black;""></div>","f","html-keyboard-response","758","2.0.0","707508","166675","testolin2020_replication","2025-11-28T06:03:18.379Z","11-12 inch laptop","1470","956","1470","920","2","21","November 28, 10:00am","false"
"numerosity_discrimination","2","149","240","20","12","0.6","j","744","<div style=""width:100vw;height:100vh;background-color:black;""></div>","f","html-keyboard-response","763","2.0.0","710638","166675","testolin2020_replication","2025-11-28T06:03:18.379Z","11-12 inch laptop","1470","956","1470","920","2","21","November 28, 10:00am","false"
"numerosity_discrimination","2","150","191","28","20","0.7143","j","659","<div style=""width:100vw;height:100vh;background-color:black;""></div>","f","html-keyboard-response","768","2.0.0","713885","166675","testolin2020_replication","2025-11-28T06:03:18.379Z","11-12 inch laptop","1470","956","1470","920","2","21","November 28, 10:00am","false"
"numerosity_discrimination","2","151","162","16","22","0.7273","j","483","<div style=""width:100vw;height:100vh;background-color:black;""></div>","j","html-keyboard-response","773","2.0.0","716599","166675","testolin2020_replication","2025-11-28T06:03:18.379Z","11-12 inch laptop","1470","956","1470","920","2","21","November 28, 10:00am","true"
"numerosity_discrimination","2","152","64","9","11","0.8182","j","309","<div style=""width:100vw;height:100vh;background-color:black;""></div>","f","html-keyboard-response","778","2.0.0","719137","166675","testolin2020_replication","2025-11-28T06:03:18.379Z","11-12 inch laptop","1470","956","1470","920","2","21","November 28, 10:00am","false"
"numerosity_discrimination","2","153","58","18","22","0.8182","j","264","<div style=""width:100vw;height:100vh;background-color:black;""></div>","j","html-keyboard-response","783","2.0.0","721865","166675","testolin2020_replication","2025-11-28T06:03:18.379Z","11-12 inch laptop","1470","956","1470","920","2","21","November 28, 10:00am","true"
"numerosity_discrimination","2","154","66","9","11","0.8182","j","298","<div style=""width:100vw;height:100vh;background-color:black;""></div>","f","html-keyboard-response","788","2.0.0","724612","166675","testolin2020_replication","2025-11-28T06:03:18.379Z","11-12 inch laptop","1470","956","1470","920","2","21","November 28, 10:00am","false"
"numerosity_discrimination","2","155","266","7","11","0.6364","j","262","<div style=""width:100vw;height:100vh;background-color:black;""></div>","j","html-keyboard-response","793","2.0.0","727356","166675","testolin2020_replication","2025-11-28T06:03:18.379Z","11-12 inch laptop","1470","956","1470","920","2","21","November 28, 10:00am","true"
"numerosity_discrimination","2","156","90","7","8","0.875","j","285","<div style=""width:100vw;height:100vh;background-color:black;""></div>","f","html-keyboard-response","798","2.0.0","730032","166675","testolin2020_replication","2025-11-28T06:03:18.379Z","11-12 inch laptop","1470","956","1470","920","2","21","November 28, 10:00am","false"
"numerosity_discrimination","2","157","74","12","10","0.8333","j","187","<div style=""width:100vw;height:100vh;background-color:black;""></div>","j","html-keyboard-response","803","2.0.0","732612","166675","testolin2020_replication","2025-11-28T06:03:18.379Z","11-12 inch laptop","1470","956","1470","920","2","21","November 28, 10:00am","true"
"numerosity_discrimination","2","158","288","18","10","0.5556","j","299","<div style=""width:100vw;height:100vh;background-color:black;""></div>","f","html-keyboard-response","808","2.0.0","735361","166675","testolin2020_replication","2025-11-28T06:03:18.379Z","11-12 inch laptop","1470","956","1470","920","2","21","November 28, 10:00am","false"
"numerosity_discrimination","2","159","85","7","8","0.875","j","348","<div style=""width:100vw;height:100vh;background-color:black;""></div>","j","html-keyboard-response","813","2.0.0","738052","166675","testolin2020_replication","2025-11-28T06:03:18.379Z","11-12 inch laptop","1470","956","1470","920","2","21","November 28, 10:00am","true"
"numerosity_discrimination","2","160","87","14","16","0.875","j","146","<div style=""width:100vw;height:100vh;background-color:black;""></div>","f","html-keyboard-response","818","2.0.0","740676","166675","testolin2020_replication","2025-11-28T06:03:18.379Z","11-12 inch laptop","1470","956","1470","920","2","21","November 28, 10:00am","false"
"numerosity_discrimination","2","161","205","14","11","0.7857","j","381","<div style=""width:100vw;height:100vh;background-color:black;""></div>","j","html-keyboard-response","823","2.0.0","743278","166675","testolin2020_replication","2025-11-28T06:03:18.379Z","11-12 inch laptop","1470","956","1470","920","2","21","November 28, 10:00am","true"
"numerosity_discrimination","2","162","83","7","8","0.875","j","59","<div style=""width:100vw;height:100vh;background-color:black;""></div>","j","html-keyboard-response","828","2.0.0","745654","166675","testolin2020_replication","2025-11-28T06:03:18.379Z","11-12 inch laptop","1470","956","1470","920","2","21","November 28, 10:00am","true"
"numerosity_discrimination","2","163","292","8","14","0.5714","j","325","<div style=""width:100vw;height:100vh;background-color:black;""></div>","j","html-keyboard-response","833","2.0.0","748237","166675","testolin2020_replication","2025-11-28T06:03:18.379Z","11-12 inch laptop","1470","956","1470","920","2","21","November 28, 10:00am","true"
"numerosity_discrimination","2","164","24","12","10","0.8333","j","293","<div style=""width:100vw;height:100vh;background-color:black;""></div>","f","html-keyboard-response","838","2.0.0","750982","166675","testolin2020_replication","2025-11-28T06:03:18.379Z","11-12 inch laptop","1470","956","1470","920","2","21","November 28, 10:00am","false"
"numerosity_discrimination","2","165","114","20","16","0.8","j","30","<div style=""width:100vw;height:100vh;background-color:black;""></div>","f","html-keyboard-response","843","2.0.0","753175","166675","testolin2020_replication","2025-11-28T06:03:18.379Z","11-12 inch laptop","1470","956","1470","920","2","21","November 28, 10:00am","false"
"numerosity_discrimination","2","166","20","7","8","0.875","j","268","<div style=""width:100vw;height:100vh;background-color:black;""></div>","j","html-keyboard-response","848","2.0.0","755655","166675","testolin2020_replication","2025-11-28T06:03:18.379Z","11-12 inch laptop","1470","956","1470","920","2","21","November 28, 10:00am","true"
"numerosity_discrimination","2","167","36","9","11","0.8182","j","210","<div style=""width:100vw;height:100vh;background-color:black;""></div>","f","html-keyboard-response","853","2.0.0","758465","166675","testolin2020_replication","2025-11-28T06:03:18.379Z","11-12 inch laptop","1470","956","1470","920","2","21","November 28, 10:00am","false"
"numerosity_discrimination","2","168","131","11","14","0.7857","j","309","<div style=""width:100vw;height:100vh;background-color:black;""></div>","j","html-keyboard-response","858","2.0.0","761058","166675","testolin2020_replication","2025-11-28T06:03:18.379Z","11-12 inch laptop","1470","956","1470","920","2","21","November 28, 10:00am","true"
"numerosity_discrimination","2","169","190","18","14","0.7778","j","209","<div style=""width:100vw;height:100vh;background-color:black;""></div>","f","html-keyboard-response","863","2.0.0","763889","166675","testolin2020_replication","2025-11-28T06:03:18.379Z","11-12 inch laptop","1470","956","1470","920","2","21","November 28, 10:00am","false"
"numerosity_discrimination","2","170","129","12","9","0.75","j","330","<div style=""width:100vw;height:100vh;background-color:black;""></div>","f","html-keyboard-response","868","2.0.0","766426","166675","testolin2020_replication","2025-11-28T06:03:18.379Z","11-12 inch laptop","1470","956","1470","920","2","21","November 28, 10:00am","false"
"numerosity_discrimination","2","171","12","20","16","0.8","j","259","<div style=""width:100vw;height:100vh;background-color:black;""></div>","f","html-keyboard-response","873","2.0.0","769025","166675","testolin2020_replication","2025-11-28T06:03:18.379Z","11-12 inch laptop","1470","956","1470","920","2","21","November 28, 10:00am","false"
"numerosity_discrimination","2","172","42","22","25","0.88","j","361","<div style=""width:100vw;height:100vh;background-color:black;""></div>","j","html-keyboard-response","878","2.0.0","771826","166675","testolin2020_replication","2025-11-28T06:03:18.379Z","11-12 inch laptop","1470","956","1470","920","2","21","November 28, 10:00am","true"
"numerosity_discrimination","2","173","127","14","10","0.7143","j","274","<div style=""width:100vw;height:100vh;background-color:black;""></div>","f","html-keyboard-response","883","2.0.0","774265","166675","testolin2020_replication","2025-11-28T06:03:18.379Z","11-12 inch laptop","1470","956","1470","920","2","21","November 28, 10:00am","false"
"numerosity_discrimination","2","174","13","7","8","0.875","j","238","<div style=""width:100vw;height:100vh;background-color:black;""></div>","j","html-keyboard-response","888","2.0.0","776771","166675","testolin2020_replication","2025-11-28T06:03:18.379Z","11-12 inch laptop","1470","956","1470","920","2","21","November 28, 10:00am","true"
"numerosity_discrimination","2","175","196","12","16","0.75","j","314","<div style=""width:100vw;height:100vh;background-color:black;""></div>","j","html-keyboard-response","893","2.0.0","779320","166675","testolin2020_replication","2025-11-28T06:03:18.379Z","11-12 inch laptop","1470","956","1470","920","2","21","November 28, 10:00am","true"
"numerosity_discrimination","2","176","210","14","11","0.7857","j","158","<div style=""width:100vw;height:100vh;background-color:black;""></div>","f","html-keyboard-response","898","2.0.0","782026","166675","testolin2020_replication","2025-11-28T06:03:18.379Z","11-12 inch laptop","1470","956","1470","920","2","21","November 28, 10:00am","false"
"numerosity_discrimination","2","177","65","12","14","0.8571","j","275","<div style=""width:100vw;height:100vh;background-color:black;""></div>","j","html-keyboard-response","903","2.0.0","784573","166675","testolin2020_replication","2025-11-28T06:03:18.379Z","11-12 inch laptop","1470","956","1470","920","2","21","November 28, 10:00am","true"
"numerosity_discrimination","2","178","121","12","16","0.75","j","14","<div style=""width:100vw;height:100vh;background-color:black;""></div>","j","html-keyboard-response","908","2.0.0","786756","166675","testolin2020_replication","2025-11-28T06:03:18.379Z","11-12 inch laptop","1470","956","1470","920","2","21","November 28, 10:00am","true"
"numerosity_discrimination","2","179","76","8","7","0.875","j","227","<div style=""width:100vw;height:100vh;background-color:black;""></div>","f","html-keyboard-response","913","2.0.0","789309","166675","testolin2020_replication","2025-11-28T06:03:18.379Z","11-12 inch laptop","1470","956","1470","920","2","21","November 28, 10:00am","false"
"numerosity_discrimination","2","180","174","22","16","0.7273","j","255","<div style=""width:100vw;height:100vh;background-color:black;""></div>","j","html-keyboard-response","918","2.0.0","792023","166675","testolin2020_replication","2025-11-28T06:03:18.379Z","11-12 inch laptop","1470","956","1470","920","2","21","November 28, 10:00am","true"
"numerosity_discrimination","2","181","273","18","9","0.5","j","180","<div style=""width:100vw;height:100vh;background-color:black;""></div>","f","html-keyboard-response","923","2.0.0","794555","166675","testolin2020_replication","2025-11-28T06:03:18.379Z","11-12 inch laptop","1470","956","1470","920","2","21","November 28, 10:00am","false"
"numerosity_discrimination","2","182","176","10","14","0.7143","j","185","<div style=""width:100vw;height:100vh;background-color:black;""></div>","j","html-keyboard-response","928","2.0.0","797242","166675","testolin2020_replication","2025-11-28T06:03:18.379Z","11-12 inch laptop","1470","956","1470","920","2","21","November 28, 10:00am","true"
"numerosity_discrimination","2","183","50","14","16","0.875","j","261","<div style=""width:100vw;height:100vh;background-color:black;""></div>","f","html-keyboard-response","933","2.0.0","800029","166675","testolin2020_replication","2025-11-28T06:03:18.379Z","11-12 inch laptop","1470","956","1470","920","2","21","November 28, 10:00am","false"
"numerosity_discrimination","2","184","145","12","9","0.75","j","51","<div style=""width:100vw;height:100vh;background-color:black;""></div>","f","html-keyboard-response","938","2.0.0","802301","166675","testolin2020_replication","2025-11-28T06:03:18.379Z","11-12 inch laptop","1470","956","1470","920","2","21","November 28, 10:00am","false"
"numerosity_discrimination","2","185","219","9","14","0.6429","j","240","<div style=""width:100vw;height:100vh;background-color:black;""></div>","j","html-keyboard-response","943","2.0.0","804752","166675","testolin2020_replication","2025-11-28T06:03:18.379Z","11-12 inch laptop","1470","956","1470","920","2","21","November 28, 10:00am","true"
"numerosity_discrimination","2","186","3","16","14","0.875","j","350","<div style=""width:100vw;height:100vh;background-color:black;""></div>","j","html-keyboard-response","948","2.0.0","807570","166675","testolin2020_replication","2025-11-28T06:03:18.379Z","11-12 inch laptop","1470","956","1470","920","2","21","November 28, 10:00am","true"
"numerosity_discrimination","2","187","201","20","14","0.7","j","34","<div style=""width:100vw;height:100vh;background-color:black;""></div>","f","html-keyboard-response","953","2.0.0","809827","166675","testolin2020_replication","2025-11-28T06:03:18.379Z","11-12 inch laptop","1470","956","1470","920","2","21","November 28, 10:00am","false"
"numerosity_discrimination","2","188","44","20","16","0.8","j","260","<div style=""width:100vw;height:100vh;background-color:black;""></div>","f","html-keyboard-response","958","2.0.0","812446","166675","testolin2020_replication","2025-11-28T06:03:18.379Z","11-12 inch laptop","1470","956","1470","920","2","21","November 28, 10:00am","false"
"numerosity_discrimination","2","189","136","10","14","0.7143","j","291","<div style=""width:100vw;height:100vh;background-color:black;""></div>","j","html-keyboard-response","963","2.0.0","814937","166675","testolin2020_replication","2025-11-28T06:03:18.379Z","11-12 inch laptop","1470","956","1470","920","2","21","November 28, 10:00am","true"
"numerosity_discrimination","2","190","237","20","12","0.6","j","190","<div style=""width:100vw;height:100vh;background-color:black;""></div>","f","html-keyboard-response","968","2.0.0","817427","166675","testolin2020_replication","2025-11-28T06:03:18.379Z","11-12 inch laptop","1470","956","1470","920","2","21","November 28, 10:00am","false"
"numerosity_discrimination","2","191","294","7","12","0.5833","j","245","<div style=""width:100vw;height:100vh;background-color:black;""></div>","j","html-keyboard-response","973","2.0.0","820220","166675","testolin2020_replication","2025-11-28T06:03:18.379Z","11-12 inch laptop","1470","956","1470","920","2","21","November 28, 10:00am","true"
"numerosity_discrimination","2","192","21","22","18","0.8182","j","282","<div style=""width:100vw;height:100vh;background-color:black;""></div>","f","html-keyboard-response","978","2.0.0","822797","166675","testolin2020_replication","2025-11-28T06:03:18.379Z","11-12 inch laptop","1470","956","1470","920","2","21","November 28, 10:00am","false"
"numerosity_discrimination","2","193","125","11","14","0.7857","j","230","<div style=""width:100vw;height:100vh;background-color:black;""></div>","j","html-keyboard-response","983","2.0.0","825452","166675","testolin2020_replication","2025-11-28T06:03:18.379Z","11-12 inch laptop","1470","956","1470","920","2","21","November 28, 10:00am","true"
"numerosity_discrimination","2","194","228","11","16","0.6875","j","272","<div style=""width:100vw;height:100vh;background-color:black;""></div>","f","html-keyboard-response","988","2.0.0","828047","166675","testolin2020_replication","2025-11-28T06:03:18.379Z","11-12 inch laptop","1470","956","1470","920","2","21","November 28, 10:00am","false"
"numerosity_discrimination","2","195","111","11","9","0.8182","j","258","<div style=""width:100vw;height:100vh;background-color:black;""></div>","f","html-keyboard-response","993","2.0.0","830673","166675","testolin2020_replication","2025-11-28T06:03:18.379Z","11-12 inch laptop","1470","956","1470","920","2","21","November 28, 10:00am","false"
"numerosity_discrimination","2","196","62","12","14","0.8571","j","333","<div style=""width:100vw;height:100vh;background-color:black;""></div>","j","html-keyboard-response","998","2.0.0","833534","166675","testolin2020_replication","2025-11-28T06:03:18.379Z","11-12 inch laptop","1470","956","1470","920","2","21","November 28, 10:00am","true"
"numerosity_discrimination","2","197","153","16","22","0.7273","j","277","<div style=""width:100vw;height:100vh;background-color:black;""></div>","j","html-keyboard-response","1003","2.0.0","836346","166675","testolin2020_replication","2025-11-28T06:03:18.379Z","11-12 inch laptop","1470","956","1470","920","2","21","November 28, 10:00am","true"
"numerosity_discrimination","2","198","199","20","28","0.7143","j","311","<div style=""width:100vw;height:100vh;background-color:black;""></div>","j","html-keyboard-response","1008","2.0.0","838883","166675","testolin2020_replication","2025-11-28T06:03:18.379Z","11-12 inch laptop","1470","956","1470","920","2","21","November 28, 10:00am","true"
"numerosity_discrimination","2","199","132","20","14","0.7","j","97","<div style=""width:100vw;height:100vh;background-color:black;""></div>","f","html-keyboard-response","1013","2.0.0","841465","166675","testolin2020_replication","2025-11-28T06:03:18.379Z","11-12 inch laptop","1470","956","1470","920","2","21","November 28, 10:00am","false"
"numerosity_discrimination","2","200","84","7","8","0.875","j","292","<div style=""width:100vw;height:100vh;background-color:black;""></div>","j","html-keyboard-response","1018","2.0.0","844415","166675","testolin2020_replication","2025-11-28T06:03:18.379Z","11-12 inch laptop","1470","956","1470","920","2","21","November 28, 10:00am","true"
"numerosity_discrimination","3","201","300","9","16","0.5625","j","23","<div style=""width:100vw;height:100vh;background-color:black;""></div>","j","html-keyboard-response","1025","2.0.0","849794","166675","testolin2020_replication","2025-11-28T06:03:18.379Z","11-12 inch laptop","1470","956","1470","920","2","21","November 28, 10:00am","true"
"numerosity_discrimination","3","202","234","14","9","0.6429","j","290","<div style=""width:100vw;height:100vh;background-color:black;""></div>","f","html-keyboard-response","1030","2.0.0","852366","166675","testolin2020_replication","2025-11-28T06:03:18.379Z","11-12 inch laptop","1470","956","1470","920","2","21","November 28, 10:00am","false"
"numerosity_discrimination","3","203","5","22","18","0.8182","j","259","<div style=""width:100vw;height:100vh;background-color:black;""></div>","f","html-keyboard-response","1035","2.0.0","854980","166675","testolin2020_replication","2025-11-28T06:03:18.379Z","11-12 inch laptop","1470","956","1470","920","2","21","November 28, 10:00am","false"
"numerosity_discrimination","3","204","170","12","16","0.75","j","210","<div style=""width:100vw;height:100vh;background-color:black;""></div>","j","html-keyboard-response","1040","2.0.0","857788","166675","testolin2020_replication","2025-11-28T06:03:18.379Z","11-12 inch laptop","1470","956","1470","920","2","21","November 28, 10:00am","true"
"numerosity_discrimination","3","205","28","8","9","0.8889","j","57","<div style=""width:100vw;height:100vh;background-color:black;""></div>","f","html-keyboard-response","1045","2.0.0","860473","166675","testolin2020_replication","2025-11-28T06:03:18.379Z","11-12 inch laptop","1470","956","1470","920","2","21","November 28, 10:00am","false"
"numerosity_discrimination","3","206","284","14","28","0.5","j","218","<div style=""width:100vw;height:100vh;background-color:black;""></div>","j","html-keyboard-response","1050","2.0.0","863061","166675","testolin2020_replication","2025-11-28T06:03:18.379Z","11-12 inch laptop","1470","956","1470","920","2","21","November 28, 10:00am","true"
"numerosity_discrimination","3","207","29","12","14","0.8571","j","222","<div style=""width:100vw;height:100vh;background-color:black;""></div>","f","html-keyboard-response","1055","2.0.0","865741","166675","testolin2020_replication","2025-11-28T06:03:18.379Z","11-12 inch laptop","1470","956","1470","920","2","21","November 28, 10:00am","false"
"numerosity_discrimination","3","208","93","8","10","0.8","j","186","<div style=""width:100vw;height:100vh;background-color:black;""></div>","j","html-keyboard-response","1060","2.0.0","868295","166675","testolin2020_replication","2025-11-28T06:03:18.379Z","11-12 inch laptop","1470","956","1470","920","2","21","November 28, 10:00am","true"
"numerosity_discrimination","3","209","257","10","16","0.625","j","280","<div style=""width:100vw;height:100vh;background-color:black;""></div>","j","html-keyboard-response","1065","2.0.0","870845","166675","testolin2020_replication","2025-11-28T06:03:18.379Z","11-12 inch laptop","1470","956","1470","920","2","21","November 28, 10:00am","true"
"numerosity_discrimination","3","210","16","20","16","0.8","j","256","<div style=""width:100vw;height:100vh;background-color:black;""></div>","f","html-keyboard-response","1070","2.0.0","873364","166675","testolin2020_replication","2025-11-28T06:03:18.379Z","11-12 inch laptop","1470","956","1470","920","2","21","November 28, 10:00am","false"
"numerosity_discrimination","3","211","189","16","22","0.7273","j","2","<div style=""width:100vw;height:100vh;background-color:black;""></div>","j","html-keyboard-response","1075","2.0.0","875885","166675","testolin2020_replication","2025-11-28T06:03:18.379Z","11-12 inch laptop","1470","956","1470","920","2","21","November 28, 10:00am","true"
"numerosity_discrimination","3","212","135","9","12","0.75","j","247","<div style=""width:100vw;height:100vh;background-color:black;""></div>","f","html-keyboard-response","1080","2.0.0","878659","166675","testolin2020_replication","2025-11-28T06:03:18.379Z","11-12 inch laptop","1470","956","1470","920","2","21","November 28, 10:00am","false"
"numerosity_discrimination","3","213","260","25","16","0.64","j","265","<div style=""width:100vw;height:100vh;background-color:black;""></div>","f","html-keyboard-response","1085","2.0.0","881514","166675","testolin2020_replication","2025-11-28T06:03:18.379Z","11-12 inch laptop","1470","956","1470","920","2","21","November 28, 10:00am","false"
"numerosity_discrimination","3","214","241","7","11","0.6364","j","240","<div style=""width:100vw;height:100vh;background-color:black;""></div>","j","html-keyboard-response","1090","2.0.0","884074","166675","testolin2020_replication","2025-11-28T06:03:18.379Z","11-12 inch laptop","1470","956","1470","920","2","21","November 28, 10:00am","true"
"numerosity_discrimination","3","215","182","12","9","0.75","j","150","<div style=""width:100vw;height:100vh;background-color:black;""></div>","f","html-keyboard-response","1095","2.0.0","886596","166675","testolin2020_replication","2025-11-28T06:03:18.379Z","11-12 inch laptop","1470","956","1470","920","2","21","November 28, 10:00am","false"
"numerosity_discrimination","3","216","15","20","25","0.8","j","209","<div style=""width:100vw;height:100vh;background-color:black;""></div>","j","html-keyboard-response","1100","2.0.0","889164","166675","testolin2020_replication","2025-11-28T06:03:18.379Z","11-12 inch laptop","1470","956","1470","920","2","21","November 28, 10:00am","true"
"numerosity_discrimination","3","217","247","11","16","0.6875","j","254","<div style=""width:100vw;height:100vh;background-color:black;""></div>","f","html-keyboard-response","1105","2.0.0","892063","166675","testolin2020_replication","2025-11-28T06:03:18.379Z","11-12 inch laptop","1470","956","1470","920","2","21","November 28, 10:00am","false"
"numerosity_discrimination","3","218","117","22","18","0.8182","j","142","<div style=""width:100vw;height:100vh;background-color:black;""></div>","j","html-keyboard-response","1110","2.0.0","894441","166675","testolin2020_replication","2025-11-28T06:03:18.379Z","11-12 inch laptop","1470","956","1470","920","2","21","November 28, 10:00am","true"
"numerosity_discrimination","3","219","249","14","22","0.6364","j","220","<div style=""width:100vw;height:100vh;background-color:black;""></div>","j","html-keyboard-response","1115","2.0.0","897088","166675","testolin2020_replication","2025-11-28T06:03:18.379Z","11-12 inch laptop","1470","956","1470","920","2","21","November 28, 10:00am","true"
"numerosity_discrimination","3","220","217","25","16","0.64","j","175","<div style=""width:100vw;height:100vh;background-color:black;""></div>","f","html-keyboard-response","1120","2.0.0","899919","166675","testolin2020_replication","2025-11-28T06:03:18.379Z","11-12 inch laptop","1470","956","1470","920","2","21","November 28, 10:00am","false"
"numerosity_discrimination","3","221","242","28","18","0.6429","j","56","<div style=""width:100vw;height:100vh;background-color:black;""></div>","f","html-keyboard-response","1125","2.0.0","902500","166675","testolin2020_replication","2025-11-28T06:03:18.379Z","11-12 inch laptop","1470","956","1470","920","2","21","November 28, 10:00am","false"
"numerosity_discrimination","3","222","106","25","22","0.88","j","250","<div style=""width:100vw;height:100vh;background-color:black;""></div>","j","html-keyboard-response","1130","2.0.0","905060","166675","testolin2020_replication","2025-11-28T06:03:18.379Z","11-12 inch laptop","1470","956","1470","920","2","21","November 28, 10:00am","true"
"numerosity_discrimination","3","223","101","20","25","0.8","j","231","<div style=""width:100vw;height:100vh;background-color:black;""></div>","f","html-keyboard-response","1135","2.0.0","907617","166675","testolin2020_replication","2025-11-28T06:03:18.379Z","11-12 inch laptop","1470","956","1470","920","2","21","November 28, 10:00am","false"
"numerosity_discrimination","3","224","113","20","16","0.8","j","153","<div style=""width:100vw;height:100vh;background-color:black;""></div>","f","html-keyboard-response","1140","2.0.0","910275","166675","testolin2020_replication","2025-11-28T06:03:18.379Z","11-12 inch laptop","1470","956","1470","920","2","21","November 28, 10:00am","false"
"numerosity_discrimination","3","225","71","22","18","0.8182","j","251","<div style=""width:100vw;height:100vh;background-color:black;""></div>","j","html-keyboard-response","1145","2.0.0","912881","166675","testolin2020_replication","2025-11-28T06:03:18.379Z","11-12 inch laptop","1470","956","1470","920","2","21","November 28, 10:00am","true"
"numerosity_discrimination","3","226","52","25","28","0.8929","j","209","<div style=""width:100vw;height:100vh;background-color:black;""></div>","f","html-keyboard-response","1150","2.0.0","915668","166675","testolin2020_replication","2025-11-28T06:03:18.379Z","11-12 inch laptop","1470","956","1470","920","2","21","November 28, 10:00am","false"
"numerosity_discrimination","3","227","7","14","16","0.875","j","193","<div style=""width:100vw;height:100vh;background-color:black;""></div>","j","html-keyboard-response","1155","2.0.0","918284","166675","testolin2020_replication","2025-11-28T06:03:18.379Z","11-12 inch laptop","1470","956","1470","920","2","21","November 28, 10:00am","true"
"numerosity_discrimination","3","228","56","25","22","0.88","j","190","<div style=""width:100vw;height:100vh;background-color:black;""></div>","j","html-keyboard-response","1160","2.0.0","921054","166675","testolin2020_replication","2025-11-28T06:03:18.379Z","11-12 inch laptop","1470","956","1470","920","2","21","November 28, 10:00am","true"
"numerosity_discrimination","3","229","138","16","12","0.75","j","210","<div style=""width:100vw;height:100vh;background-color:black;""></div>","f","html-keyboard-response","1165","2.0.0","923748","166675","testolin2020_replication","2025-11-28T06:03:18.379Z","11-12 inch laptop","1470","956","1470","920","2","21","November 28, 10:00am","false"
"numerosity_discrimination","3","230","198","16","12","0.75","j","172","<div style=""width:100vw;height:100vh;background-color:black;""></div>","j","html-keyboard-response","1170","2.0.0","926455","166675","testolin2020_replication","2025-11-28T06:03:18.379Z","11-12 inch laptop","1470","956","1470","920","2","21","November 28, 10:00am","true"
"numerosity_discrimination","3","231","233","8","12","0.6667","j","180","<div style=""width:100vw;height:100vh;background-color:black;""></div>","j","html-keyboard-response","1175","2.0.0","929154","166675","testolin2020_replication","2025-11-28T06:03:18.379Z","11-12 inch laptop","1470","956","1470","920","2","21","November 28, 10:00am","true"
"numerosity_discrimination","3","232","264","25","16","0.64","j","140","<div style=""width:100vw;height:100vh;background-color:black;""></div>","f","html-keyboard-response","1180","2.0.0","931932","166675","testolin2020_replication","2025-11-28T06:03:18.379Z","11-12 inch laptop","1470","956","1470","920","2","21","November 28, 10:00am","false"
"numerosity_discrimination","3","233","27","14","12","0.8571","j","57","<div style=""width:100vw;height:100vh;background-color:black;""></div>","f","html-keyboard-response","1185","2.0.0","934383","166675","testolin2020_replication","2025-11-28T06:03:18.379Z","11-12 inch laptop","1470","956","1470","920","2","21","November 28, 10:00am","false"
"numerosity_discrimination","3","234","49","8","10","0.8","j","202","<div style=""width:100vw;height:100vh;background-color:black;""></div>","j","html-keyboard-response","1190","2.0.0","937165","166675","testolin2020_replication","2025-11-28T06:03:18.379Z","11-12 inch laptop","1470","956","1470","920","2","21","November 28, 10:00am","true"
"numerosity_discrimination","3","235","10","9","11","0.8182","j","179","<div style=""width:100vw;height:100vh;background-color:black;""></div>","j","html-keyboard-response","1195","2.0.0","939512","166675","testolin2020_replication","2025-11-28T06:03:18.379Z","11-12 inch laptop","1470","956","1470","920","2","21","November 28, 10:00am","true"
"numerosity_discrimination","3","236","232","8","12","0.6667","j","417","<div style=""width:100vw;height:100vh;background-color:black;""></div>","f","html-keyboard-response","1200","2.0.0","942431","166675","testolin2020_replication","2025-11-28T06:03:18.379Z","11-12 inch laptop","1470","956","1470","920","2","21","November 28, 10:00am","false"
"numerosity_discrimination","3","237","69","10","8","0.8","j","122","<div style=""width:100vw;height:100vh;background-color:black;""></div>","f","html-keyboard-response","1205","2.0.0","944741","166675","testolin2020_replication","2025-11-28T06:03:18.379Z","11-12 inch laptop","1470","956","1470","920","2","21","November 28, 10:00am","false"
"numerosity_discrimination","3","238","92","18","22","0.8182","j","46","<div style=""width:100vw;height:100vh;background-color:black;""></div>","j","html-keyboard-response","1210","2.0.0","947383","166675","testolin2020_replication","2025-11-28T06:03:18.379Z","11-12 inch laptop","1470","956","1470","920","2","21","November 28, 10:00am","true"
"numerosity_discrimination","3","239","60","18","22","0.8182","j","430","<div style=""width:100vw;height:100vh;background-color:black;""></div>","f","html-keyboard-response","1215","2.0.0","950030","166675","testolin2020_replication","2025-11-28T06:03:18.379Z","11-12 inch laptop","1470","956","1470","920","2","21","November 28, 10:00am","false"
"numerosity_discrimination","3","240","72","11","9","0.8182","j","24","<div style=""width:100vw;height:100vh;background-color:black;""></div>","f","html-keyboard-response","1220","2.0.0","952489","166675","testolin2020_replication","2025-11-28T06:03:18.379Z","11-12 inch laptop","1470","956","1470","920","2","21","November 28, 10:00am","false"
"numerosity_discrimination","3","241","256","7","11","0.6364","j","215","<div style=""width:100vw;height:100vh;background-color:black;""></div>","j","html-keyboard-response","1225","2.0.0","955152","166675","testolin2020_replication","2025-11-28T06:03:18.379Z","11-12 inch laptop","1470","956","1470","920","2","21","November 28, 10:00am","true"
"numerosity_discrimination","3","242","246","20","12","0.6","j","200","<div style=""width:100vw;height:100vh;background-color:black;""></div>","f","html-keyboard-response","1230","2.0.0","957954","166675","testolin2020_replication","2025-11-28T06:03:18.379Z","11-12 inch laptop","1470","956","1470","920","2","21","November 28, 10:00am","false"
"numerosity_discrimination","3","243","149","18","14","0.7778","j","191","<div style=""width:100vw;height:100vh;background-color:black;""></div>","f","html-keyboard-response","1235","2.0.0","960397","166675","testolin2020_replication","2025-11-28T06:03:18.379Z","11-12 inch laptop","1470","956","1470","920","2","21","November 28, 10:00am","false"
"numerosity_discrimination","3","244","229","20","12","0.6","j","1","<div style=""width:100vw;height:100vh;background-color:black;""></div>","f","html-keyboard-response","1240","2.0.0","962858","166675","testolin2020_replication","2025-11-28T06:03:18.379Z","11-12 inch laptop","1470","956","1470","920","2","21","November 28, 10:00am","false"
"numerosity_discrimination","3","245","57","22","18","0.8182","j","416","<div style=""width:100vw;height:100vh;background-color:black;""></div>","j","html-keyboard-response","1245","2.0.0","965815","166675","testolin2020_replication","2025-11-28T06:03:18.379Z","11-12 inch laptop","1470","956","1470","920","2","21","November 28, 10:00am","true"
"numerosity_discrimination","3","246","227","8","12","0.6667","j","243","<div style=""width:100vw;height:100vh;background-color:black;""></div>","j","html-keyboard-response","1250","2.0.0","968671","166675","testolin2020_replication","2025-11-28T06:03:18.379Z","11-12 inch laptop","1470","956","1470","920","2","21","November 28, 10:00am","true"
"numerosity_discrimination","3","247","2","28","25","0.8929","j","105","<div style=""width:100vw;height:100vh;background-color:black;""></div>","j","html-keyboard-response","1255","2.0.0","971012","166675","testolin2020_replication","2025-11-28T06:03:18.379Z","11-12 inch laptop","1470","956","1470","920","2","21","November 28, 10:00am","true"
"numerosity_discrimination","3","248","251","20","12","0.6","j","7","<div style=""width:100vw;height:100vh;background-color:black;""></div>","f","html-keyboard-response","1260","2.0.0","973272","166675","testolin2020_replication","2025-11-28T06:03:18.379Z","11-12 inch laptop","1470","956","1470","920","2","21","November 28, 10:00am","false"
"numerosity_discrimination","3","249","172","16","22","0.7273","j","195","<div style=""width:100vw;height:100vh;background-color:black;""></div>","j","html-keyboard-response","1265","2.0.0","975913","166675","testolin2020_replication","2025-11-28T06:03:18.379Z","11-12 inch laptop","1470","956","1470","920","2","21","November 28, 10:00am","true"
"numerosity_discrimination","3","250","161","28","22","0.7857","j","179","<div style=""width:100vw;height:100vh;background-color:black;""></div>","f","html-keyboard-response","1270","2.0.0","978488","166675","testolin2020_replication","2025-11-28T06:03:18.379Z","11-12 inch laptop","1470","956","1470","920","2","21","November 28, 10:00am","false"
"numerosity_discrimination","3","251","218","14","22","0.6364","j","179","<div style=""width:100vw;height:100vh;background-color:black;""></div>","j","html-keyboard-response","1275","2.0.0","980996","166675","testolin2020_replication","2025-11-28T06:03:18.379Z","11-12 inch laptop","1470","956","1470","920","2","21","November 28, 10:00am","true"
"numerosity_discrimination","3","252","168","20","14","0.7","j","225","<div style=""width:100vw;height:100vh;background-color:black;""></div>","f","html-keyboard-response","1280","2.0.0","983684","166675","testolin2020_replication","2025-11-28T06:03:18.379Z","11-12 inch laptop","1470","956","1470","920","2","21","November 28, 10:00am","false"
"numerosity_discrimination","3","253","155","7","9","0.7778","j","6","<div style=""width:100vw;height:100vh;background-color:black;""></div>","j","html-keyboard-response","1285","2.0.0","986108","166675","testolin2020_replication","2025-11-28T06:03:18.379Z","11-12 inch laptop","1470","956","1470","920","2","21","November 28, 10:00am","true"
"numerosity_discrimination","3","254","216","9","14","0.6429","j","52","<div style=""width:100vw;height:100vh;background-color:black;""></div>","j","html-keyboard-response","1290","2.0.0","988669","166675","testolin2020_replication","2025-11-28T06:03:18.379Z","11-12 inch laptop","1470","956","1470","920","2","21","November 28, 10:00am","true"
"numerosity_discrimination","3","255","94","22","25","0.88","j","199","<div style=""width:100vw;height:100vh;background-color:black;""></div>","f","html-keyboard-response","1295","2.0.0","991319","166675","testolin2020_replication","2025-11-28T06:03:18.379Z","11-12 inch laptop","1470","956","1470","920","2","21","November 28, 10:00am","false"
"numerosity_discrimination","3","256","180","9","7","0.7778","j","173","<div style=""width:100vw;height:100vh;background-color:black;""></div>","f","html-keyboard-response","1300","2.0.0","993798","166675","testolin2020_replication","2025-11-28T06:03:18.379Z","11-12 inch laptop","1470","956","1470","920","2","21","November 28, 10:00am","false"
"numerosity_discrimination","3","257","276","16","8","0.5","j","28","<div style=""width:100vw;height:100vh;background-color:black;""></div>","f","html-keyboard-response","1305","2.0.0","996161","166675","testolin2020_replication","2025-11-28T06:03:18.379Z","11-12 inch laptop","1470","956","1470","920","2","21","November 28, 10:00am","false"
"numerosity_discrimination","3","258","139","9","7","0.7778","j","210","<div style=""width:100vw;height:100vh;background-color:black;""></div>","f","html-keyboard-response","1310","2.0.0","998948","166675","testolin2020_replication","2025-11-28T06:03:18.379Z","11-12 inch laptop","1470","956","1470","920","2","21","November 28, 10:00am","false"
"numerosity_discrimination","3","259","223","28","18","0.6429","j","141","<div style=""width:100vw;height:100vh;background-color:black;""></div>","f","html-keyboard-response","1315","2.0.0","1001339","166675","testolin2020_replication","2025-11-28T06:03:18.379Z","11-12 inch laptop","1470","956","1470","920","2","21","November 28, 10:00am","false"
"numerosity_discrimination","3","260","118","20","25","0.8","j","94","<div style=""width:100vw;height:100vh;background-color:black;""></div>","j","html-keyboard-response","1320","2.0.0","1003956","166675","testolin2020_replication","2025-11-28T06:03:18.379Z","11-12 inch laptop","1470","956","1470","920","2","21","November 28, 10:00am","true"
"numerosity_discrimination","3","261","211","8","12","0.6667","j","266","<div style=""width:100vw;height:100vh;background-color:black;""></div>","j","html-keyboard-response","1325","2.0.0","1006455","166675","testolin2020_replication","2025-11-28T06:03:18.379Z","11-12 inch laptop","1470","956","1470","920","2","21","November 28, 10:00am","true"
"numerosity_discrimination","3","262","97","7","8","0.875","j","221","<div style=""width:100vw;height:100vh;background-color:black;""></div>","j","html-keyboard-response","1330","2.0.0","1009097","166675","testolin2020_replication","2025-11-28T06:03:18.379Z","11-12 inch laptop","1470","956","1470","920","2","21","November 28, 10:00am","true"
"numerosity_discrimination","3","263","165","14","10","0.7143","j","170","<div style=""width:100vw;height:100vh;background-color:black;""></div>","f","html-keyboard-response","1335","2.0.0","1011615","166675","testolin2020_replication","2025-11-28T06:03:18.379Z","11-12 inch laptop","1470","956","1470","920","2","21","November 28, 10:00am","false"
"numerosity_discrimination","3","264","298","9","18","0.5","j","166","<div style=""width:100vw;height:100vh;background-color:black;""></div>","j","html-keyboard-response","1340","2.0.0","1014107","166675","testolin2020_replication","2025-11-28T06:03:18.379Z","11-12 inch laptop","1470","956","1470","920","2","21","November 28, 10:00am","true"
"numerosity_discrimination","3","265","152","16","12","0.75","j","242","<div style=""width:100vw;height:100vh;background-color:black;""></div>","f","html-keyboard-response","1345","2.0.0","1016543","166675","testolin2020_replication","2025-11-28T06:03:18.379Z","11-12 inch laptop","1470","956","1470","920","2","21","November 28, 10:00am","false"
"numerosity_discrimination","3","266","104","8","7","0.875","j","239","<div style=""width:100vw;height:100vh;background-color:black;""></div>","f","html-keyboard-response","1350","2.0.0","1019036","166675","testolin2020_replication","2025-11-28T06:03:18.379Z","11-12 inch laptop","1470","956","1470","920","2","21","November 28, 10:00am","false"
"numerosity_discrimination","3","267","262","9","14","0.6429","j","243","<div style=""width:100vw;height:100vh;background-color:black;""></div>","j","html-keyboard-response","1355","2.0.0","1021543","166675","testolin2020_replication","2025-11-28T06:03:18.379Z","11-12 inch laptop","1470","956","1470","920","2","21","November 28, 10:00am","true"
"numerosity_discrimination","3","268","269","9","14","0.6429","j","265","<div style=""width:100vw;height:100vh;background-color:black;""></div>","j","html-keyboard-response","1360","2.0.0","1024442","166675","testolin2020_replication","2025-11-28T06:03:18.379Z","11-12 inch laptop","1470","956","1470","920","2","21","November 28, 10:00am","true"
"numerosity_discrimination","3","269","252","18","28","0.6429","j","267","<div style=""width:100vw;height:100vh;background-color:black;""></div>","j","html-keyboard-response","1365","2.0.0","1027015","166675","testolin2020_replication","2025-11-28T06:03:18.379Z","11-12 inch laptop","1470","956","1470","920","2","21","November 28, 10:00am","true"
"numerosity_discrimination","3","270","130","22","28","0.7857","j","261","<div style=""width:100vw;height:100vh;background-color:black;""></div>","j","html-keyboard-response","1370","2.0.0","1029575","166675","testolin2020_replication","2025-11-28T06:03:18.379Z","11-12 inch laptop","1470","956","1470","920","2","21","November 28, 10:00am","true"
"numerosity_discrimination","3","271","1","9","8","0.8889","j","258","<div style=""width:100vw;height:100vh;background-color:black;""></div>","f","html-keyboard-response","1375","2.0.0","1032443","166675","testolin2020_replication","2025-11-28T06:03:18.379Z","11-12 inch laptop","1470","956","1470","920","2","21","November 28, 10:00am","false"
"numerosity_discrimination","3","272","255","18","28","0.6429","j","197","<div style=""width:100vw;height:100vh;background-color:black;""></div>","j","html-keyboard-response","1380","2.0.0","1035204","166675","testolin2020_replication","2025-11-28T06:03:18.379Z","11-12 inch laptop","1470","956","1470","920","2","21","November 28, 10:00am","true"
"numerosity_discrimination","3","273","40","10","12","0.8333","j","254","<div style=""width:100vw;height:100vh;background-color:black;""></div>","j","html-keyboard-response","1385","2.0.0","1038051","166675","testolin2020_replication","2025-11-28T06:03:18.379Z","11-12 inch laptop","1470","956","1470","920","2","21","November 28, 10:00am","true"
"numerosity_discrimination","3","274","277","20","10","0.5","j","242","<div style=""width:100vw;height:100vh;background-color:black;""></div>","f","html-keyboard-response","1390","2.0.0","1040609","166675","testolin2020_replication","2025-11-28T06:03:18.379Z","11-12 inch laptop","1470","956","1470","920","2","21","November 28, 10:00am","false"
"numerosity_discrimination","3","275","73","14","12","0.8571","j","22","<div style=""width:100vw;height:100vh;background-color:black;""></div>","f","html-keyboard-response","1395","2.0.0","1042874","166675","testolin2020_replication","2025-11-28T06:03:18.379Z","11-12 inch laptop","1470","956","1470","920","2","21","November 28, 10:00am","false"
"numerosity_discrimination","3","276","81","16","18","0.8889","j","200","<div style=""width:100vw;height:100vh;background-color:black;""></div>","j","html-keyboard-response","1400","2.0.0","1045674","166675","testolin2020_replication","2025-11-28T06:03:18.379Z","11-12 inch laptop","1470","956","1470","920","2","21","November 28, 10:00am","true"
"numerosity_discrimination","3","277","169","18","25","0.72","j","143","<div style=""width:100vw;height:100vh;background-color:black;""></div>","j","html-keyboard-response","1405","2.0.0","1048283","166675","testolin2020_replication","2025-11-28T06:03:18.379Z","11-12 inch laptop","1470","956","1470","920","2","21","November 28, 10:00am","true"
"numerosity_discrimination","3","278","296","9","16","0.5625","j","26","<div style=""width:100vw;height:100vh;background-color:black;""></div>","j","html-keyboard-response","1410","2.0.0","1050935","166675","testolin2020_replication","2025-11-28T06:03:18.379Z","11-12 inch laptop","1470","956","1470","920","2","21","November 28, 10:00am","true"
"numerosity_discrimination","3","279","25","11","9","0.8182","j","48","<div style=""width:100vw;height:100vh;background-color:black;""></div>","f","html-keyboard-response","1415","2.0.0","1053197","166675","testolin2020_replication","2025-11-28T06:03:18.379Z","11-12 inch laptop","1470","956","1470","920","2","21","November 28, 10:00am","false"
"numerosity_discrimination","3","280","289","22","12","0.5455","j","27","<div style=""width:100vw;height:100vh;background-color:black;""></div>","f","html-keyboard-response","1420","2.0.0","1055464","166675","testolin2020_replication","2025-11-28T06:03:18.379Z","11-12 inch laptop","1470","956","1470","920","2","21","November 28, 10:00am","false"
"numerosity_discrimination","3","281","33","8","9","0.8889","j","207","<div style=""width:100vw;height:100vh;background-color:black;""></div>","j","html-keyboard-response","1425","2.0.0","1057901","166675","testolin2020_replication","2025-11-28T06:03:18.379Z","11-12 inch laptop","1470","956","1470","920","2","21","November 28, 10:00am","true"
"numerosity_discrimination","3","282","43","11","9","0.8182","j","166","<div style=""width:100vw;height:100vh;background-color:black;""></div>","f","html-keyboard-response","1430","2.0.0","1060437","166675","testolin2020_replication","2025-11-28T06:03:18.379Z","11-12 inch laptop","1470","956","1470","920","2","21","November 28, 10:00am","false"
"numerosity_discrimination","3","283","147","8","11","0.7273","j","202","<div style=""width:100vw;height:100vh;background-color:black;""></div>","j","html-keyboard-response","1435","2.0.0","1063062","166675","testolin2020_replication","2025-11-28T06:03:18.379Z","11-12 inch laptop","1470","956","1470","920","2","21","November 28, 10:00am","true"
"numerosity_discrimination","3","284","98","25","28","0.8929","j","198","<div style=""width:100vw;height:100vh;background-color:black;""></div>","j","html-keyboard-response","1440","2.0.0","1065565","166675","testolin2020_replication","2025-11-28T06:03:18.379Z","11-12 inch laptop","1470","956","1470","920","2","21","November 28, 10:00am","true"
"numerosity_discrimination","3","285","39","20","16","0.8","j","189","<div style=""width:100vw;height:100vh;background-color:black;""></div>","f","html-keyboard-response","1445","2.0.0","1068258","166675","testolin2020_replication","2025-11-28T06:03:18.379Z","11-12 inch laptop","1470","956","1470","920","2","21","November 28, 10:00am","false"
"numerosity_discrimination","3","286","115","25","28","0.8929","j","175","<div style=""width:100vw;height:100vh;background-color:black;""></div>","j","html-keyboard-response","1450","2.0.0","1070765","166675","testolin2020_replication","2025-11-28T06:03:18.379Z","11-12 inch laptop","1470","956","1470","920","2","21","November 28, 10:00am","true"
"numerosity_discrimination","3","287","80","16","18","0.8889","j","248","<div style=""width:100vw;height:100vh;background-color:black;""></div>","j","html-keyboard-response","1455","2.0.0","1073600","166675","testolin2020_replication","2025-11-28T06:03:18.379Z","11-12 inch laptop","1470","956","1470","920","2","21","November 28, 10:00am","true"
"numerosity_discrimination","3","288","144","28","20","0.7143","j","45","<div style=""width:100vw;height:100vh;background-color:black;""></div>","f","html-keyboard-response","1460","2.0.0","1076024","166675","testolin2020_replication","2025-11-28T06:03:18.379Z","11-12 inch laptop","1470","956","1470","920","2","21","November 28, 10:00am","false"
"numerosity_discrimination","3","289","45","25","20","0.8","j","117","<div style=""width:100vw;height:100vh;background-color:black;""></div>","j","html-keyboard-response","1465","2.0.0","1078520","166675","testolin2020_replication","2025-11-28T06:03:18.379Z","11-12 inch laptop","1470","956","1470","920","2","21","November 28, 10:00am","true"
"numerosity_discrimination","3","290","200","12","9","0.75","j","205","<div style=""width:100vw;height:100vh;background-color:black;""></div>","f","html-keyboard-response","1470","2.0.0","1081072","166675","testolin2020_replication","2025-11-28T06:03:18.379Z","11-12 inch laptop","1470","956","1470","920","2","21","November 28, 10:00am","false"
"numerosity_discrimination","3","291","212","22","14","0.6364","j","235","<div style=""width:100vw;height:100vh;background-color:black;""></div>","f","html-keyboard-response","1475","2.0.0","1083497","166675","testolin2020_replication","2025-11-28T06:03:18.379Z","11-12 inch laptop","1470","956","1470","920","2","21","November 28, 10:00am","false"
"numerosity_discrimination","3","292","207","7","9","0.7778","j","276","<div style=""width:100vw;height:100vh;background-color:black;""></div>","j","html-keyboard-response","1480","2.0.0","1086165","166675","testolin2020_replication","2025-11-28T06:03:18.379Z","11-12 inch laptop","1470","956","1470","920","2","21","November 28, 10:00am","true"
"numerosity_discrimination","3","293","204","7","9","0.7778","j","202","<div style=""width:100vw;height:100vh;background-color:black;""></div>","f","html-keyboard-response","1485","2.0.0","1088709","166675","testolin2020_replication","2025-11-28T06:03:18.379Z","11-12 inch laptop","1470","956","1470","920","2","21","November 28, 10:00am","false"
"numerosity_discrimination","3","294","47","20","25","0.8","j","189","<div style=""width:100vw;height:100vh;background-color:black;""></div>","j","html-keyboard-response","1490","2.0.0","1091235","166675","testolin2020_replication","2025-11-28T06:03:18.379Z","11-12 inch laptop","1470","956","1470","920","2","21","November 28, 10:00am","true"
"numerosity_discrimination","3","295","206","9","7","0.7778","j","10","<div style=""width:100vw;height:100vh;background-color:black;""></div>","f","html-keyboard-response","1495","2.0.0","1093509","166675","testolin2020_replication","2025-11-28T06:03:18.379Z","11-12 inch laptop","1470","956","1470","920","2","21","November 28, 10:00am","false"
"numerosity_discrimination","3","296","91","12","14","0.8571","j","186","<div style=""width:100vw;height:100vh;background-color:black;""></div>","j","html-keyboard-response","1500","2.0.0","1096246","166675","testolin2020_replication","2025-11-28T06:03:18.379Z","11-12 inch laptop","1470","956","1470","920","2","21","November 28, 10:00am","true"
"numerosity_discrimination","3","297","263","22","14","0.6364","j","178","<div style=""width:100vw;height:100vh;background-color:black;""></div>","f","html-keyboard-response","1505","2.0.0","1099014","166675","testolin2020_replication","2025-11-28T06:03:18.379Z","11-12 inch laptop","1470","956","1470","920","2","21","November 28, 10:00am","false"
"numerosity_discrimination","3","298","110","7","8","0.875","j","188","<div style=""width:100vw;height:100vh;background-color:black;""></div>","j","html-keyboard-response","1510","2.0.0","1101452","166675","testolin2020_replication","2025-11-28T06:03:18.379Z","11-12 inch laptop","1470","956","1470","920","2","21","November 28, 10:00am","true"
"numerosity_discrimination","3","299","222","16","10","0.625","j","188","<div style=""width:100vw;height:100vh;background-color:black;""></div>","f","html-keyboard-response","1515","2.0.0","1104040","166675","testolin2020_replication","2025-11-28T06:03:18.379Z","11-12 inch laptop","1470","956","1470","920","2","21","November 28, 10:00am","false"
"numerosity_discrimination","3","300","143","20","28","0.7143","j","188","<div style=""width:100vw;height:100vh;background-color:black;""></div>","j","html-keyboard-response","1520","2.0.0","1106561","166675","testolin2020_replication","2025-11-28T06:03:18.379Z","11-12 inch laptop","1470","956","1470","920","2","21","November 28, 10:00am","true"
