"task","block","pair_order","pair_num","left_n","right_n","pair_ratio","correct_key","rt","stimulus","response","trial_type","trial_index","plugin_version","time_elapsed","participant_id","experiment","date","screen_size_category","screen_width_pixels","screen_height_pixels","window_width_pixels","window_height_pixels","pixel_ratio","participant_age","time_slot","correct"
"numerosity_discrimination","1","1","286","18","10","0.5556","j","1273","<div style=""width:100vw;height:100vh;background-color:black;""></div>","f","html-keyboard-response","21","2.0.0","96006","170005","testolin2020_replication","2025-11-26T06:31:44.888Z","13-14 inch laptop","1280","720","1280","569","1.5","21","Nov 28, 11:00pm","false"
"numerosity_discrimination","1","2","61","8","10","0.8","j","636","<div style=""width:100vw;height:100vh;background-color:black;""></div>","f","html-keyboard-response","26","2.0.0","98830","170005","testolin2020_replication","2025-11-26T06:31:44.888Z","13-14 inch laptop","1280","720","1280","569","1.5","21","Nov 28, 11:00pm","false"
"numerosity_discrimination","1","3","271","20","11","0.55","j","125","<div style=""width:100vw;height:100vh;background-color:black;""></div>","f","html-keyboard-response","31","2.0.0","101155","170005","testolin2020_replication","2025-11-26T06:31:44.888Z","13-14 inch laptop","1280","720","1280","569","1.5","21","Nov 28, 11:00pm","false"
"numerosity_discrimination","1","4","128","22","28","0.7857","j","472","<div style=""width:100vw;height:100vh;background-color:black;""></div>","j","html-keyboard-response","36","2.0.0","104101","170005","testolin2020_replication","2025-11-26T06:31:44.888Z","13-14 inch laptop","1280","720","1280","569","1.5","21","Nov 28, 11:00pm","true"
"numerosity_discrimination","1","5","278","9","18","0.5","j","290","<div style=""width:100vw;height:100vh;background-color:black;""></div>","j","html-keyboard-response","41","2.0.0","106902","170005","testolin2020_replication","2025-11-26T06:31:44.888Z","13-14 inch laptop","1280","720","1280","569","1.5","21","Nov 28, 11:00pm","true"
"numerosity_discrimination","1","6","51","10","12","0.8333","j","311","<div style=""width:100vw;height:100vh;background-color:black;""></div>","j","html-keyboard-response","46","2.0.0","109867","170005","testolin2020_replication","2025-11-26T06:31:44.888Z","13-14 inch laptop","1280","720","1280","569","1.5","21","Nov 28, 11:00pm","true"
"numerosity_discrimination","1","7","188","9","12","0.75","j","83","<div style=""width:100vw;height:100vh;background-color:black;""></div>","f","html-keyboard-response","51","2.0.0","112199","170005","testolin2020_replication","2025-11-26T06:31:44.888Z","13-14 inch laptop","1280","720","1280","569","1.5","21","Nov 28, 11:00pm","false"
"numerosity_discrimination","1","8","236","22","14","0.6364","j","157","<div style=""width:100vw;height:100vh;background-color:black;""></div>","f","html-keyboard-response","56","2.0.0","114785","170005","testolin2020_replication","2025-11-26T06:31:44.888Z","13-14 inch laptop","1280","720","1280","569","1.5","21","Nov 28, 11:00pm","false"
"numerosity_discrimination","1","9","35","9","8","0.8889","j","4948","<div style=""width:100vw;height:100vh;background-color:black;""></div>","f","html-keyboard-response","61","2.0.0","122202","170005","testolin2020_replication","2025-11-26T06:31:44.888Z","13-14 inch laptop","1280","720","1280","569","1.5","21","Nov 28, 11:00pm","false"
"numerosity_discrimination","1","10","267","18","28","0.6429","j","326","<div style=""width:100vw;height:100vh;background-color:black;""></div>","f","html-keyboard-response","66","2.0.0","125031","170005","testolin2020_replication","2025-11-26T06:31:44.888Z","13-14 inch laptop","1280","720","1280","569","1.5","21","Nov 28, 11:00pm","false"
"numerosity_discrimination","1","11","280","28","16","0.5714","j","357","<div style=""width:100vw;height:100vh;background-color:black;""></div>","f","html-keyboard-response","71","2.0.0","127973","170005","testolin2020_replication","2025-11-26T06:31:44.888Z","13-14 inch laptop","1280","720","1280","569","1.5","21","Nov 28, 11:00pm","false"
"numerosity_discrimination","1","12","279","20","11","0.55","j","347","<div style=""width:100vw;height:100vh;background-color:black;""></div>","f","html-keyboard-response","76","2.0.0","130529","170005","testolin2020_replication","2025-11-26T06:31:44.888Z","13-14 inch laptop","1280","720","1280","569","1.5","21","Nov 28, 11:00pm","false"
"numerosity_discrimination","1","13","167","9","12","0.75","j","363","<div style=""width:100vw;height:100vh;background-color:black;""></div>","j","html-keyboard-response","81","2.0.0","133457","170005","testolin2020_replication","2025-11-26T06:31:44.888Z","13-14 inch laptop","1280","720","1280","569","1.5","21","Nov 28, 11:00pm","true"
"numerosity_discrimination","1","14","9","9","8","0.8889","j","590","<div style=""width:100vw;height:100vh;background-color:black;""></div>","f","html-keyboard-response","86","2.0.0","136699","170005","testolin2020_replication","2025-11-26T06:31:44.888Z","13-14 inch laptop","1280","720","1280","569","1.5","21","Nov 28, 11:00pm","false"
"numerosity_discrimination","1","15","202","9","7","0.7778","j","546","<div style=""width:100vw;height:100vh;background-color:black;""></div>","f","html-keyboard-response","91","2.0.0","139478","170005","testolin2020_replication","2025-11-26T06:31:44.888Z","13-14 inch laptop","1280","720","1280","569","1.5","21","Nov 28, 11:00pm","false"
"numerosity_discrimination","1","16","272","10","20","0.5","j","209","<div style=""width:100vw;height:100vh;background-color:black;""></div>","j","html-keyboard-response","96","2.0.0","142218","170005","testolin2020_replication","2025-11-26T06:31:44.888Z","13-14 inch laptop","1280","720","1280","569","1.5","21","Nov 28, 11:00pm","true"
"numerosity_discrimination","1","17","235","14","9","0.6429","j","111","<div style=""width:100vw;height:100vh;background-color:black;""></div>","f","html-keyboard-response","101","2.0.0","144744","170005","testolin2020_replication","2025-11-26T06:31:44.888Z","13-14 inch laptop","1280","720","1280","569","1.5","21","Nov 28, 11:00pm","false"
"numerosity_discrimination","1","18","67","11","9","0.8182","j","378","<div style=""width:100vw;height:100vh;background-color:black;""></div>","f","html-keyboard-response","106","2.0.0","147518","170005","testolin2020_replication","2025-11-26T06:31:44.888Z","13-14 inch laptop","1280","720","1280","569","1.5","21","Nov 28, 11:00pm","false"
"numerosity_discrimination","1","19","160","12","16","0.75","j","759","<div style=""width:100vw;height:100vh;background-color:black;""></div>","j","html-keyboard-response","111","2.0.0","150947","170005","testolin2020_replication","2025-11-26T06:31:44.888Z","13-14 inch laptop","1280","720","1280","569","1.5","21","Nov 28, 11:00pm","true"
"numerosity_discrimination","1","20","31","28","25","0.8929","j","273","<div style=""width:100vw;height:100vh;background-color:black;""></div>","f","html-keyboard-response","116","2.0.0","153621","170005","testolin2020_replication","2025-11-26T06:31:44.888Z","13-14 inch laptop","1280","720","1280","569","1.5","21","Nov 28, 11:00pm","false"
"numerosity_discrimination","1","21","213","18","11","0.6111","j","106","<div style=""width:100vw;height:100vh;background-color:black;""></div>","f","html-keyboard-response","121","2.0.0","156394","170005","testolin2020_replication","2025-11-26T06:31:44.888Z","13-14 inch laptop","1280","720","1280","569","1.5","21","Nov 28, 11:00pm","false"
"numerosity_discrimination","1","22","193","25","18","0.72","j","559","<div style=""width:100vw;height:100vh;background-color:black;""></div>","f","html-keyboard-response","126","2.0.0","159635","170005","testolin2020_replication","2025-11-26T06:31:44.888Z","13-14 inch laptop","1280","720","1280","569","1.5","21","Nov 28, 11:00pm","false"
"numerosity_discrimination","1","23","105","28","25","0.8929","j","96","<div style=""width:100vw;height:100vh;background-color:black;""></div>","f","html-keyboard-response","131","2.0.0","162256","170005","testolin2020_replication","2025-11-26T06:31:44.888Z","13-14 inch laptop","1280","720","1280","569","1.5","21","Nov 28, 11:00pm","false"
"numerosity_discrimination","1","24","158","18","14","0.7778","j","554","<div style=""width:100vw;height:100vh;background-color:black;""></div>","f","html-keyboard-response","136","2.0.0","165206","170005","testolin2020_replication","2025-11-26T06:31:44.888Z","13-14 inch laptop","1280","720","1280","569","1.5","21","Nov 28, 11:00pm","false"
"numerosity_discrimination","1","25","175","11","14","0.7857","j","795","<div style=""width:100vw;height:100vh;background-color:black;""></div>","f","html-keyboard-response","141","2.0.0","168432","170005","testolin2020_replication","2025-11-26T06:31:44.888Z","13-14 inch laptop","1280","720","1280","569","1.5","21","Nov 28, 11:00pm","false"
"numerosity_discrimination","1","26","254","20","12","0.6","j","442","<div style=""width:100vw;height:100vh;background-color:black;""></div>","f","html-keyboard-response","146","2.0.0","171202","170005","testolin2020_replication","2025-11-26T06:31:44.888Z","13-14 inch laptop","1280","720","1280","569","1.5","21","Nov 28, 11:00pm","false"
"numerosity_discrimination","1","27","221","16","10","0.625","j","669","<div style=""width:100vw;height:100vh;background-color:black;""></div>","f","html-keyboard-response","151","2.0.0","174273","170005","testolin2020_replication","2025-11-26T06:31:44.888Z","13-14 inch laptop","1280","720","1280","569","1.5","21","Nov 28, 11:00pm","false"
"numerosity_discrimination","1","28","55","18","16","0.8889","j","275","<div style=""width:100vw;height:100vh;background-color:black;""></div>","f","html-keyboard-response","156","2.0.0","177059","170005","testolin2020_replication","2025-11-26T06:31:44.888Z","13-14 inch laptop","1280","720","1280","569","1.5","21","Nov 28, 11:00pm","false"
"numerosity_discrimination","1","29","120","14","12","0.8571","j","1710","<div style=""width:100vw;height:100vh;background-color:black;""></div>","f","html-keyboard-response","161","2.0.0","181046","170005","testolin2020_replication","2025-11-26T06:31:44.888Z","13-14 inch laptop","1280","720","1280","569","1.5","21","Nov 28, 11:00pm","false"
"numerosity_discrimination","1","30","89","11","9","0.8182","j","1223","<div style=""width:100vw;height:100vh;background-color:black;""></div>","f","html-keyboard-response","166","2.0.0","184508","170005","testolin2020_replication","2025-11-26T06:31:44.888Z","13-14 inch laptop","1280","720","1280","569","1.5","21","Nov 28, 11:00pm","false"
"numerosity_discrimination","1","31","108","8","9","0.8889","j","3638","<div style=""width:100vw;height:100vh;background-color:black;""></div>","f","html-keyboard-response","171","2.0.0","190749","170005","testolin2020_replication","2025-11-26T06:31:44.888Z","13-14 inch laptop","1280","720","1280","569","1.5","21","Nov 28, 11:00pm","false"
"numerosity_discrimination","1","32","23","11","9","0.8182","j","2512","<div style=""width:100vw;height:100vh;background-color:black;""></div>","f","html-keyboard-response","176","2.0.0","195618","170005","testolin2020_replication","2025-11-26T06:31:44.888Z","13-14 inch laptop","1280","720","1280","569","1.5","21","Nov 28, 11:00pm","false"
"numerosity_discrimination","1","33","48","14","16","0.875","j","988","<div style=""width:100vw;height:100vh;background-color:black;""></div>","f","html-keyboard-response","181","2.0.0","198803","170005","testolin2020_replication","2025-11-26T06:31:44.888Z","13-14 inch laptop","1280","720","1280","569","1.5","21","Nov 28, 11:00pm","false"
"numerosity_discrimination","1","34","177","8","11","0.7273","j","866","<div style=""width:100vw;height:100vh;background-color:black;""></div>","j","html-keyboard-response","186","2.0.0","202096","170005","testolin2020_replication","2025-11-26T06:31:44.888Z","13-14 inch laptop","1280","720","1280","569","1.5","21","Nov 28, 11:00pm","true"
"numerosity_discrimination","1","35","26","28","25","0.8929","j","69","<div style=""width:100vw;height:100vh;background-color:black;""></div>","f","html-keyboard-response","191","2.0.0","204509","170005","testolin2020_replication","2025-11-26T06:31:44.888Z","13-14 inch laptop","1280","720","1280","569","1.5","21","Nov 28, 11:00pm","false"
"numerosity_discrimination","1","36","166","20","14","0.7","j","1006","<div style=""width:100vw;height:100vh;background-color:black;""></div>","f","html-keyboard-response","196","2.0.0","207996","170005","testolin2020_replication","2025-11-26T06:31:44.888Z","13-14 inch laptop","1280","720","1280","569","1.5","21","Nov 28, 11:00pm","false"
"numerosity_discrimination","1","37","261","28","18","0.6429","j","543","<div style=""width:100vw;height:100vh;background-color:black;""></div>","f","html-keyboard-response","201","2.0.0","211224","170005","testolin2020_replication","2025-11-26T06:31:44.888Z","13-14 inch laptop","1280","720","1280","569","1.5","21","Nov 28, 11:00pm","false"
"numerosity_discrimination","1","38","32","16","20","0.8","j","781","<div style=""width:100vw;height:100vh;background-color:black;""></div>","f","html-keyboard-response","206","2.0.0","214207","170005","testolin2020_replication","2025-11-26T06:31:44.888Z","13-14 inch laptop","1280","720","1280","569","1.5","21","Nov 28, 11:00pm","false"
"numerosity_discrimination","1","39","103","14","12","0.8571","j","591","<div style=""width:100vw;height:100vh;background-color:black;""></div>","f","html-keyboard-response","211","2.0.0","217383","170005","testolin2020_replication","2025-11-26T06:31:44.888Z","13-14 inch laptop","1280","720","1280","569","1.5","21","Nov 28, 11:00pm","false"
"numerosity_discrimination","1","40","197","12","16","0.75","j","919","<div style=""width:100vw;height:100vh;background-color:black;""></div>","f","html-keyboard-response","216","2.0.0","220643","170005","testolin2020_replication","2025-11-26T06:31:44.888Z","13-14 inch laptop","1280","720","1280","569","1.5","21","Nov 28, 11:00pm","false"
"numerosity_discrimination","1","41","268","18","11","0.6111","j","791","<div style=""width:100vw;height:100vh;background-color:black;""></div>","f","html-keyboard-response","221","2.0.0","223792","170005","testolin2020_replication","2025-11-26T06:31:44.888Z","13-14 inch laptop","1280","720","1280","569","1.5","21","Nov 28, 11:00pm","false"
"numerosity_discrimination","1","42","299","20","10","0.5","j","1002","<div style=""width:100vw;height:100vh;background-color:black;""></div>","f","html-keyboard-response","226","2.0.0","227467","170005","testolin2020_replication","2025-11-26T06:31:44.888Z","13-14 inch laptop","1280","720","1280","569","1.5","21","Nov 28, 11:00pm","false"
"numerosity_discrimination","1","43","179","22","16","0.7273","j","1021","<div style=""width:100vw;height:100vh;background-color:black;""></div>","f","html-keyboard-response","231","2.0.0","230953","170005","testolin2020_replication","2025-11-26T06:31:44.888Z","13-14 inch laptop","1280","720","1280","569","1.5","21","Nov 28, 11:00pm","false"
"numerosity_discrimination","1","44","203","11","8","0.7273","j","689","<div style=""width:100vw;height:100vh;background-color:black;""></div>","f","html-keyboard-response","236","2.0.0","234159","170005","testolin2020_replication","2025-11-26T06:31:44.888Z","13-14 inch laptop","1280","720","1280","569","1.5","21","Nov 28, 11:00pm","false"
"numerosity_discrimination","1","45","245","10","16","0.625","j","2686","<div style=""width:100vw;height:100vh;background-color:black;""></div>","f","html-keyboard-response","241","2.0.0","239370","170005","testolin2020_replication","2025-11-26T06:31:44.888Z","13-14 inch laptop","1280","720","1280","569","1.5","21","Nov 28, 11:00pm","false"
"numerosity_discrimination","1","46","34","16","18","0.8889","j","643","<div style=""width:100vw;height:100vh;background-color:black;""></div>","f","html-keyboard-response","246","2.0.0","242521","170005","testolin2020_replication","2025-11-26T06:31:44.888Z","13-14 inch laptop","1280","720","1280","569","1.5","21","Nov 28, 11:00pm","false"
"numerosity_discrimination","1","47","164","20","14","0.7","j","597","<div style=""width:100vw;height:100vh;background-color:black;""></div>","f","html-keyboard-response","251","2.0.0","245391","170005","testolin2020_replication","2025-11-26T06:31:44.888Z","13-14 inch laptop","1280","720","1280","569","1.5","21","Nov 28, 11:00pm","false"
"numerosity_discrimination","1","48","186","22","28","0.7857","j","507","<div style=""width:100vw;height:100vh;background-color:black;""></div>","f","html-keyboard-response","256","2.0.0","248551","170005","testolin2020_replication","2025-11-26T06:31:44.888Z","13-14 inch laptop","1280","720","1280","569","1.5","21","Nov 28, 11:00pm","false"
"numerosity_discrimination","1","49","19","18","22","0.8182","j","389","<div style=""width:100vw;height:100vh;background-color:black;""></div>","f","html-keyboard-response","261","2.0.0","251501","170005","testolin2020_replication","2025-11-26T06:31:44.888Z","13-14 inch laptop","1280","720","1280","569","1.5","21","Nov 28, 11:00pm","false"
"numerosity_discrimination","1","50","22","16","20","0.8","j","490","<div style=""width:100vw;height:100vh;background-color:black;""></div>","f","html-keyboard-response","266","2.0.0","254417","170005","testolin2020_replication","2025-11-26T06:31:44.888Z","13-14 inch laptop","1280","720","1280","569","1.5","21","Nov 28, 11:00pm","false"
"numerosity_discrimination","1","51","285","11","22","0.5","j","903","<div style=""width:100vw;height:100vh;background-color:black;""></div>","f","html-keyboard-response","271","2.0.0","257867","170005","testolin2020_replication","2025-11-26T06:31:44.888Z","13-14 inch laptop","1280","720","1280","569","1.5","21","Nov 28, 11:00pm","false"
"numerosity_discrimination","1","52","54","22","18","0.8182","j","504","<div style=""width:100vw;height:100vh;background-color:black;""></div>","f","html-keyboard-response","276","2.0.0","260725","170005","testolin2020_replication","2025-11-26T06:31:44.888Z","13-14 inch laptop","1280","720","1280","569","1.5","21","Nov 28, 11:00pm","false"
"numerosity_discrimination","1","53","238","20","12","0.6","j","5011","<div style=""width:100vw;height:100vh;background-color:black;""></div>","f","html-keyboard-response","281","2.0.0","268285","170005","testolin2020_replication","2025-11-26T06:31:44.888Z","13-14 inch laptop","1280","720","1280","569","1.5","21","Nov 28, 11:00pm","false"
"numerosity_discrimination","1","54","124","16","12","0.75","j","727","<div style=""width:100vw;height:100vh;background-color:black;""></div>","f","html-keyboard-response","286","2.0.0","271492","170005","testolin2020_replication","2025-11-26T06:31:44.888Z","13-14 inch laptop","1280","720","1280","569","1.5","21","Nov 28, 11:00pm","false"
"numerosity_discrimination","1","55","18","14","12","0.8571","j","1172","<div style=""width:100vw;height:100vh;background-color:black;""></div>","f","html-keyboard-response","291","2.0.0","275244","170005","testolin2020_replication","2025-11-26T06:31:44.888Z","13-14 inch laptop","1280","720","1280","569","1.5","21","Nov 28, 11:00pm","false"
"numerosity_discrimination","1","56","173","25","18","0.72","j","592","<div style=""width:100vw;height:100vh;background-color:black;""></div>","f","html-keyboard-response","296","2.0.0","278236","170005","testolin2020_replication","2025-11-26T06:31:44.888Z","13-14 inch laptop","1280","720","1280","569","1.5","21","Nov 28, 11:00pm","false"
"numerosity_discrimination","1","57","63","9","8","0.8889","j","916","<div style=""width:100vw;height:100vh;background-color:black;""></div>","f","html-keyboard-response","301","2.0.0","281444","170005","testolin2020_replication","2025-11-26T06:31:44.888Z","13-14 inch laptop","1280","720","1280","569","1.5","21","Nov 28, 11:00pm","false"
"numerosity_discrimination","1","58","159","20","28","0.7143","j","612","<div style=""width:100vw;height:100vh;background-color:black;""></div>","f","html-keyboard-response","306","2.0.0","284487","170005","testolin2020_replication","2025-11-26T06:31:44.888Z","13-14 inch laptop","1280","720","1280","569","1.5","21","Nov 28, 11:00pm","false"
"numerosity_discrimination","1","59","265","18","28","0.6429","j","1816","<div style=""width:100vw;height:100vh;background-color:black;""></div>","f","html-keyboard-response","311","2.0.0","288830","170005","testolin2020_replication","2025-11-26T06:31:44.888Z","13-14 inch laptop","1280","720","1280","569","1.5","21","Nov 28, 11:00pm","false"
"numerosity_discrimination","1","60","17","12","14","0.8571","j","1293","<div style=""width:100vw;height:100vh;background-color:black;""></div>","f","html-keyboard-response","316","2.0.0","292586","170005","testolin2020_replication","2025-11-26T06:31:44.888Z","13-14 inch laptop","1280","720","1280","569","1.5","21","Nov 28, 11:00pm","false"
"numerosity_discrimination","1","61","140","11","8","0.7273","j","6614","<div style=""width:100vw;height:100vh;background-color:black;""></div>","f","html-keyboard-response","321","2.0.0","301828","170005","testolin2020_replication","2025-11-26T06:31:44.888Z","13-14 inch laptop","1280","720","1280","569","1.5","21","Nov 28, 11:00pm","false"
"numerosity_discrimination","1","62","208","9","7","0.7778","j","6238","<div style=""width:100vw;height:100vh;background-color:black;""></div>","f","html-keyboard-response","326","2.0.0","310451","170005","testolin2020_replication","2025-11-26T06:31:44.888Z","13-14 inch laptop","1280","720","1280","569","1.5","21","Nov 28, 11:00pm","false"
"numerosity_discrimination","1","63","53","18","22","0.8182","j","239","<div style=""width:100vw;height:100vh;background-color:black;""></div>","f","html-keyboard-response","331","2.0.0","313340","170005","testolin2020_replication","2025-11-26T06:31:44.888Z","13-14 inch laptop","1280","720","1280","569","1.5","21","Nov 28, 11:00pm","false"
"numerosity_discrimination","1","64","126","9","7","0.7778","j","9853","<div style=""width:100vw;height:100vh;background-color:black;""></div>","f","html-keyboard-response","336","2.0.0","325739","170005","testolin2020_replication","2025-11-26T06:31:44.888Z","13-14 inch laptop","1280","720","1280","569","1.5","21","Nov 28, 11:00pm","false"
"numerosity_discrimination","1","65","88","12","10","0.8333","j","9808","<div style=""width:100vw;height:100vh;background-color:black;""></div>","f","html-keyboard-response","341","2.0.0","337807","170005","testolin2020_replication","2025-11-26T06:31:44.888Z","13-14 inch laptop","1280","720","1280","569","1.5","21","Nov 28, 11:00pm","false"
"numerosity_discrimination","1","66","116","28","25","0.8929","j","1567","<div style=""width:100vw;height:100vh;background-color:black;""></div>","f","html-keyboard-response","346","2.0.0","341916","170005","testolin2020_replication","2025-11-26T06:31:44.888Z","13-14 inch laptop","1280","720","1280","569","1.5","21","Nov 28, 11:00pm","false"
"numerosity_discrimination","1","67","4","12","14","0.8571","j","6609","<div style=""width:100vw;height:100vh;background-color:black;""></div>","f","html-keyboard-response","351","2.0.0","350896","170005","testolin2020_replication","2025-11-26T06:31:44.888Z","13-14 inch laptop","1280","720","1280","569","1.5","21","Nov 28, 11:00pm","false"
"numerosity_discrimination","1","68","287","25","14","0.56","j","914","<div style=""width:100vw;height:100vh;background-color:black;""></div>","f","html-keyboard-response","356","2.0.0","354187","170005","testolin2020_replication","2025-11-26T06:31:44.888Z","13-14 inch laptop","1280","720","1280","569","1.5","21","Nov 28, 11:00pm","false"
"numerosity_discrimination","1","69","119","12","10","0.8333","j","3652","<div style=""width:100vw;height:100vh;background-color:black;""></div>","f","html-keyboard-response","361","2.0.0","360417","170005","testolin2020_replication","2025-11-26T06:31:44.888Z","13-14 inch laptop","1280","720","1280","569","1.5","21","Nov 28, 11:00pm","false"
"numerosity_discrimination","1","70","122","8","11","0.7273","j","763","<div style=""width:100vw;height:100vh;background-color:black;""></div>","f","html-keyboard-response","366","2.0.0","363764","170005","testolin2020_replication","2025-11-26T06:31:44.888Z","13-14 inch laptop","1280","720","1280","569","1.5","21","Nov 28, 11:00pm","false"
"numerosity_discrimination","1","71","194","7","9","0.7778","j","876","<div style=""width:100vw;height:100vh;background-color:black;""></div>","f","html-keyboard-response","371","2.0.0","366925","170005","testolin2020_replication","2025-11-26T06:31:44.888Z","13-14 inch laptop","1280","720","1280","569","1.5","21","Nov 28, 11:00pm","false"
"numerosity_discrimination","1","72","75","12","14","0.8571","j","2465","<div style=""width:100vw;height:100vh;background-color:black;""></div>","f","html-keyboard-response","376","2.0.0","371634","170005","testolin2020_replication","2025-11-26T06:31:44.888Z","13-14 inch laptop","1280","720","1280","569","1.5","21","Nov 28, 11:00pm","false"
"numerosity_discrimination","1","73","150","16","22","0.7273","j","216","<div style=""width:100vw;height:100vh;background-color:black;""></div>","f","html-keyboard-response","381","2.0.0","374242","170005","testolin2020_replication","2025-11-26T06:31:44.888Z","13-14 inch laptop","1280","720","1280","569","1.5","21","Nov 28, 11:00pm","false"
"numerosity_discrimination","1","74","70","18","16","0.8889","j","1740","<div style=""width:100vw;height:100vh;background-color:black;""></div>","f","html-keyboard-response","386","2.0.0","378606","170005","testolin2020_replication","2025-11-26T06:31:44.888Z","13-14 inch laptop","1280","720","1280","569","1.5","21","Nov 28, 11:00pm","false"
"numerosity_discrimination","1","75","187","18","14","0.7778","j","5422","<div style=""width:100vw;height:100vh;background-color:black;""></div>","f","html-keyboard-response","391","2.0.0","386586","170005","testolin2020_replication","2025-11-26T06:31:44.888Z","13-14 inch laptop","1280","720","1280","569","1.5","21","Nov 28, 11:00pm","false"
"numerosity_discrimination","1","76","275","14","7","0.5","j","974","<div style=""width:100vw;height:100vh;background-color:black;""></div>","f","html-keyboard-response","396","2.0.0","390011","170005","testolin2020_replication","2025-11-26T06:31:44.888Z","13-14 inch laptop","1280","720","1280","569","1.5","21","Nov 28, 11:00pm","false"
"numerosity_discrimination","1","77","192","22","28","0.7857","j","389","<div style=""width:100vw;height:100vh;background-color:black;""></div>","f","html-keyboard-response","401","2.0.0","392713","170005","testolin2020_replication","2025-11-26T06:31:44.888Z","13-14 inch laptop","1280","720","1280","569","1.5","21","Nov 28, 11:00pm","false"
"numerosity_discrimination","1","78","225","14","22","0.6364","j","1874","<div style=""width:100vw;height:100vh;background-color:black;""></div>","f","html-keyboard-response","406","2.0.0","396978","170005","testolin2020_replication","2025-11-26T06:31:44.888Z","13-14 inch laptop","1280","720","1280","569","1.5","21","Nov 28, 11:00pm","false"
"numerosity_discrimination","1","79","59","14","12","0.8571","j","5308","<div style=""width:100vw;height:100vh;background-color:black;""></div>","f","html-keyboard-response","411","2.0.0","404906","170005","testolin2020_replication","2025-11-26T06:31:44.888Z","13-14 inch laptop","1280","720","1280","569","1.5","21","Nov 28, 11:00pm","false"
"numerosity_discrimination","1","80","239","22","14","0.6364","j","462","<div style=""width:100vw;height:100vh;background-color:black;""></div>","f","html-keyboard-response","416","2.0.0","407958","170005","testolin2020_replication","2025-11-26T06:31:44.888Z","13-14 inch laptop","1280","720","1280","569","1.5","21","Nov 28, 11:00pm","false"
"numerosity_discrimination","1","81","226","14","9","0.6429","j","426","<div style=""width:100vw;height:100vh;background-color:black;""></div>","f","html-keyboard-response","421","2.0.0","410767","170005","testolin2020_replication","2025-11-26T06:31:44.888Z","13-14 inch laptop","1280","720","1280","569","1.5","21","Nov 28, 11:00pm","false"
"numerosity_discrimination","1","82","259","18","11","0.6111","j","2514","<div style=""width:100vw;height:100vh;background-color:black;""></div>","f","html-keyboard-response","426","2.0.0","415891","170005","testolin2020_replication","2025-11-26T06:31:44.888Z","13-14 inch laptop","1280","720","1280","569","1.5","21","Nov 28, 11:00pm","false"
"numerosity_discrimination","1","83","184","18","14","0.7778","j","1300","<div style=""width:100vw;height:100vh;background-color:black;""></div>","f","html-keyboard-response","431","2.0.0","419728","170005","testolin2020_replication","2025-11-26T06:31:44.888Z","13-14 inch laptop","1280","720","1280","569","1.5","21","Nov 28, 11:00pm","false"
"numerosity_discrimination","1","84","100","28","25","0.8929","j","535","<div style=""width:100vw;height:100vh;background-color:black;""></div>","f","html-keyboard-response","436","2.0.0","422721","170005","testolin2020_replication","2025-11-26T06:31:44.888Z","13-14 inch laptop","1280","720","1280","569","1.5","21","Nov 28, 11:00pm","false"
"numerosity_discrimination","1","85","38","14","16","0.875","j","331","<div style=""width:100vw;height:100vh;background-color:black;""></div>","f","html-keyboard-response","441","2.0.0","425686","170005","testolin2020_replication","2025-11-26T06:31:44.888Z","13-14 inch laptop","1280","720","1280","569","1.5","21","Nov 28, 11:00pm","false"
"numerosity_discrimination","1","86","109","12","14","0.8571","j","400","<div style=""width:100vw;height:100vh;background-color:black;""></div>","f","html-keyboard-response","446","2.0.0","428588","170005","testolin2020_replication","2025-11-26T06:31:44.888Z","13-14 inch laptop","1280","720","1280","569","1.5","21","Nov 28, 11:00pm","false"
"numerosity_discrimination","1","87","231","25","16","0.64","j","205","<div style=""width:100vw;height:100vh;background-color:black;""></div>","f","html-keyboard-response","451","2.0.0","431450","170005","testolin2020_replication","2025-11-26T06:31:44.888Z","13-14 inch laptop","1280","720","1280","569","1.5","21","Nov 28, 11:00pm","false"
"numerosity_discrimination","1","88","282","8","14","0.5714","j","985","<div style=""width:100vw;height:100vh;background-color:black;""></div>","j","html-keyboard-response","456","2.0.0","434808","170005","testolin2020_replication","2025-11-26T06:31:44.888Z","13-14 inch laptop","1280","720","1280","569","1.5","21","Nov 28, 11:00pm","true"
"numerosity_discrimination","1","89","37","20","16","0.8","j","620","<div style=""width:100vw;height:100vh;background-color:black;""></div>","f","html-keyboard-response","461","2.0.0","438009","170005","testolin2020_replication","2025-11-26T06:31:44.888Z","13-14 inch laptop","1280","720","1280","569","1.5","21","Nov 28, 11:00pm","false"
"numerosity_discrimination","1","90","41","16","20","0.8","j","614","<div style=""width:100vw;height:100vh;background-color:black;""></div>","f","html-keyboard-response","466","2.0.0","441219","170005","testolin2020_replication","2025-11-26T06:31:44.888Z","13-14 inch laptop","1280","720","1280","569","1.5","21","Nov 28, 11:00pm","false"
"numerosity_discrimination","1","91","11","8","10","0.8","j","11938","<div style=""width:100vw;height:100vh;background-color:black;""></div>","f","html-keyboard-response","471","2.0.0","455400","170005","testolin2020_replication","2025-11-26T06:31:44.888Z","13-14 inch laptop","1280","720","1280","569","1.5","21","Nov 28, 11:00pm","false"
"numerosity_discrimination","1","92","163","18","14","0.7778","j","581","<div style=""width:100vw;height:100vh;background-color:black;""></div>","f","html-keyboard-response","476","2.0.0","458458","170005","testolin2020_replication","2025-11-26T06:31:44.888Z","13-14 inch laptop","1280","720","1280","569","1.5","21","Nov 28, 11:00pm","false"
"numerosity_discrimination","1","93","243","18","12","0.6667","j","94199","<div style=""width:100vw;height:100vh;background-color:black;""></div>","f","html-keyboard-response","481","2.0.0","555150","170005","testolin2020_replication","2025-11-26T06:31:44.888Z","13-14 inch laptop","1280","720","1280","569","1.5","21","Nov 28, 11:00pm","false"
"numerosity_discrimination","1","94","290","12","22","0.5455","j","474","<div style=""width:100vw;height:100vh;background-color:black;""></div>","j","html-keyboard-response","486","2.0.0","557865","170005","testolin2020_replication","2025-11-26T06:31:44.888Z","13-14 inch laptop","1280","720","1280","569","1.5","21","Nov 28, 11:00pm","true"
"numerosity_discrimination","1","95","281","12","7","0.5833","j","1157","<div style=""width:100vw;height:100vh;background-color:black;""></div>","f","html-keyboard-response","491","2.0.0","561497","170005","testolin2020_replication","2025-11-26T06:31:44.888Z","13-14 inch laptop","1280","720","1280","569","1.5","21","Nov 28, 11:00pm","false"
"numerosity_discrimination","1","96","134","16","12","0.75","j","880","<div style=""width:100vw;height:100vh;background-color:black;""></div>","f","html-keyboard-response","496","2.0.0","565014","170005","testolin2020_replication","2025-11-26T06:31:44.888Z","13-14 inch laptop","1280","720","1280","569","1.5","21","Nov 28, 11:00pm","false"
"numerosity_discrimination","1","97","123","12","16","0.75","j","1436","<div style=""width:100vw;height:100vh;background-color:black;""></div>","j","html-keyboard-response","501","2.0.0","568692","170005","testolin2020_replication","2025-11-26T06:31:44.888Z","13-14 inch laptop","1280","720","1280","569","1.5","21","Nov 28, 11:00pm","true"
"numerosity_discrimination","1","98","274","18","9","0.5","j","954","<div style=""width:100vw;height:100vh;background-color:black;""></div>","f","html-keyboard-response","506","2.0.0","571976","170005","testolin2020_replication","2025-11-26T06:31:44.888Z","13-14 inch laptop","1280","720","1280","569","1.5","21","Nov 28, 11:00pm","false"
"numerosity_discrimination","1","99","112","28","25","0.8929","j","765","<div style=""width:100vw;height:100vh;background-color:black;""></div>","f","html-keyboard-response","511","2.0.0","575319","170005","testolin2020_replication","2025-11-26T06:31:44.888Z","13-14 inch laptop","1280","720","1280","569","1.5","21","Nov 28, 11:00pm","false"
"numerosity_discrimination","1","100","295","20","10","0.5","j","859","<div style=""width:100vw;height:100vh;background-color:black;""></div>","f","html-keyboard-response","516","2.0.0","578728","170005","testolin2020_replication","2025-11-26T06:31:44.888Z","13-14 inch laptop","1280","720","1280","569","1.5","21","Nov 28, 11:00pm","false"
"numerosity_discrimination","2","101","46","18","22","0.8182","j","2430","<div style=""width:100vw;height:100vh;background-color:black;""></div>","f","html-keyboard-response","523","2.0.0","794628","170005","testolin2020_replication","2025-11-26T06:31:44.888Z","13-14 inch laptop","1280","720","1280","569","1.5","21","Nov 28, 11:00pm","false"
"numerosity_discrimination","2","102","77","7","8","0.875","j","424","<div style=""width:100vw;height:100vh;background-color:black;""></div>","j","html-keyboard-response","528","2.0.0","797328","170005","testolin2020_replication","2025-11-26T06:31:44.888Z","13-14 inch laptop","1280","720","1280","569","1.5","21","Nov 28, 11:00pm","true"
"numerosity_discrimination","2","103","68","11","9","0.8182","j","1227","<div style=""width:100vw;height:100vh;background-color:black;""></div>","f","html-keyboard-response","533","2.0.0","800890","170005","testolin2020_replication","2025-11-26T06:31:44.888Z","13-14 inch laptop","1280","720","1280","569","1.5","21","Nov 28, 11:00pm","false"
"numerosity_discrimination","2","104","178","14","11","0.7857","j","865","<div style=""width:100vw;height:100vh;background-color:black;""></div>","f","html-keyboard-response","538","2.0.0","804377","170005","testolin2020_replication","2025-11-26T06:31:44.888Z","13-14 inch laptop","1280","720","1280","569","1.5","21","Nov 28, 11:00pm","false"
"numerosity_discrimination","2","105","30","11","9","0.8182","j","587","<div style=""width:100vw;height:100vh;background-color:black;""></div>","f","html-keyboard-response","543","2.0.0","807340","170005","testolin2020_replication","2025-11-26T06:31:44.888Z","13-14 inch laptop","1280","720","1280","569","1.5","21","Nov 28, 11:00pm","false"
"numerosity_discrimination","2","106","86","22","25","0.88","j","386","<div style=""width:100vw;height:100vh;background-color:black;""></div>","f","html-keyboard-response","548","2.0.0","810295","170005","testolin2020_replication","2025-11-26T06:31:44.888Z","13-14 inch laptop","1280","720","1280","569","1.5","21","Nov 28, 11:00pm","false"
"numerosity_discrimination","2","107","244","8","12","0.6667","j","241","<div style=""width:100vw;height:100vh;background-color:black;""></div>","j","html-keyboard-response","553","2.0.0","813081","170005","testolin2020_replication","2025-11-26T06:31:44.888Z","13-14 inch laptop","1280","720","1280","569","1.5","21","Nov 28, 11:00pm","true"
"numerosity_discrimination","2","108","195","16","12","0.75","j","267","<div style=""width:100vw;height:100vh;background-color:black;""></div>","f","html-keyboard-response","558","2.0.0","815588","170005","testolin2020_replication","2025-11-26T06:31:44.888Z","13-14 inch laptop","1280","720","1280","569","1.5","21","Nov 28, 11:00pm","false"
"numerosity_discrimination","2","109","78","11","9","0.8182","j","340","<div style=""width:100vw;height:100vh;background-color:black;""></div>","f","html-keyboard-response","563","2.0.0","818492","170005","testolin2020_replication","2025-11-26T06:31:44.888Z","13-14 inch laptop","1280","720","1280","569","1.5","21","Nov 28, 11:00pm","false"
"numerosity_discrimination","2","110","6","16","18","0.8889","j","316","<div style=""width:100vw;height:100vh;background-color:black;""></div>","f","html-keyboard-response","568","2.0.0","821418","170005","testolin2020_replication","2025-11-26T06:31:44.888Z","13-14 inch laptop","1280","720","1280","569","1.5","21","Nov 28, 11:00pm","false"
"numerosity_discrimination","2","111","185","20","28","0.7143","j","669","<div style=""width:100vw;height:100vh;background-color:black;""></div>","f","html-keyboard-response","573","2.0.0","824546","170005","testolin2020_replication","2025-11-26T06:31:44.888Z","13-14 inch laptop","1280","720","1280","569","1.5","21","Nov 28, 11:00pm","false"
"numerosity_discrimination","2","112","148","25","18","0.72","j","802","<div style=""width:100vw;height:100vh;background-color:black;""></div>","f","html-keyboard-response","578","2.0.0","827638","170005","testolin2020_replication","2025-11-26T06:31:44.888Z","13-14 inch laptop","1280","720","1280","569","1.5","21","Nov 28, 11:00pm","false"
"numerosity_discrimination","2","113","157","7","10","0.7","j","462","<div style=""width:100vw;height:100vh;background-color:black;""></div>","f","html-keyboard-response","583","2.0.0","830742","170005","testolin2020_replication","2025-11-26T06:31:44.888Z","13-14 inch laptop","1280","720","1280","569","1.5","21","Nov 28, 11:00pm","false"
"numerosity_discrimination","2","114","141","20","14","0.7","j","511","<div style=""width:100vw;height:100vh;background-color:black;""></div>","f","html-keyboard-response","588","2.0.0","833650","170005","testolin2020_replication","2025-11-26T06:31:44.888Z","13-14 inch laptop","1280","720","1280","569","1.5","21","Nov 28, 11:00pm","false"
"numerosity_discrimination","2","115","253","22","14","0.6364","j","1649","<div style=""width:100vw;height:100vh;background-color:black;""></div>","f","html-keyboard-response","593","2.0.0","837594","170005","testolin2020_replication","2025-11-26T06:31:44.888Z","13-14 inch laptop","1280","720","1280","569","1.5","21","Nov 28, 11:00pm","false"
"numerosity_discrimination","2","116","214","20","12","0.6","j","348","<div style=""width:100vw;height:100vh;background-color:black;""></div>","f","html-keyboard-response","598","2.0.0","840477","170005","testolin2020_replication","2025-11-26T06:31:44.888Z","13-14 inch laptop","1280","720","1280","569","1.5","21","Nov 28, 11:00pm","false"
"numerosity_discrimination","2","117","102","8","7","0.875","j","4874","<div style=""width:100vw;height:100vh;background-color:black;""></div>","f","html-keyboard-response","603","2.0.0","847946","170005","testolin2020_replication","2025-11-26T06:31:44.888Z","13-14 inch laptop","1280","720","1280","569","1.5","21","Nov 28, 11:00pm","false"
"numerosity_discrimination","2","118","96","12","10","0.8333","j","373","<div style=""width:100vw;height:100vh;background-color:black;""></div>","f","html-keyboard-response","608","2.0.0","850998","170005","testolin2020_replication","2025-11-26T06:31:44.888Z","13-14 inch laptop","1280","720","1280","569","1.5","21","Nov 28, 11:00pm","false"
"numerosity_discrimination","2","119","220","28","18","0.6429","j","321","<div style=""width:100vw;height:100vh;background-color:black;""></div>","f","html-keyboard-response","613","2.0.0","853503","170005","testolin2020_replication","2025-11-26T06:31:44.888Z","13-14 inch laptop","1280","720","1280","569","1.5","21","Nov 28, 11:00pm","false"
"numerosity_discrimination","2","120","142","11","14","0.7857","j","436","<div style=""width:100vw;height:100vh;background-color:black;""></div>","f","html-keyboard-response","618","2.0.0","856452","170005","testolin2020_replication","2025-11-26T06:31:44.888Z","13-14 inch laptop","1280","720","1280","569","1.5","21","Nov 28, 11:00pm","false"
"numerosity_discrimination","2","121","183","14","20","0.7","j","32234","<div style=""width:100vw;height:100vh;background-color:black;""></div>","f","html-keyboard-response","623","2.0.0","890885","170005","testolin2020_replication","2025-11-26T06:31:44.888Z","13-14 inch laptop","1280","720","1280","569","1.5","21","Nov 28, 11:00pm","false"
"numerosity_discrimination","2","122","291","11","20","0.55","j","1008","<div style=""width:100vw;height:100vh;background-color:black;""></div>","f","html-keyboard-response","628","2.0.0","894261","170005","testolin2020_replication","2025-11-26T06:31:44.888Z","13-14 inch laptop","1280","720","1280","569","1.5","21","Nov 28, 11:00pm","false"
"numerosity_discrimination","2","123","248","22","14","0.6364","j","1739","<div style=""width:100vw;height:100vh;background-color:black;""></div>","f","html-keyboard-response","633","2.0.0","898242","170005","testolin2020_replication","2025-11-26T06:31:44.888Z","13-14 inch laptop","1280","720","1280","569","1.5","21","Nov 28, 11:00pm","false"
"numerosity_discrimination","2","124","230","10","16","0.625","j","993","<div style=""width:100vw;height:100vh;background-color:black;""></div>","f","html-keyboard-response","638","2.0.0","901684","170005","testolin2020_replication","2025-11-26T06:31:44.888Z","13-14 inch laptop","1280","720","1280","569","1.5","21","Nov 28, 11:00pm","false"
"numerosity_discrimination","2","125","283","20","11","0.55","j","1059","<div style=""width:100vw;height:100vh;background-color:black;""></div>","f","html-keyboard-response","643","2.0.0","905391","170005","testolin2020_replication","2025-11-26T06:31:44.888Z","13-14 inch laptop","1280","720","1280","569","1.5","21","Nov 28, 11:00pm","false"
"numerosity_discrimination","2","126","14","8","7","0.875","j","867","<div style=""width:100vw;height:100vh;background-color:black;""></div>","f","html-keyboard-response","648","2.0.0","908929","170005","testolin2020_replication","2025-11-26T06:31:44.888Z","13-14 inch laptop","1280","720","1280","569","1.5","21","Nov 28, 11:00pm","false"
"numerosity_discrimination","2","127","297","18","10","0.5556","j","325","<div style=""width:100vw;height:100vh;background-color:black;""></div>","f","html-keyboard-response","653","2.0.0","911586","170005","testolin2020_replication","2025-11-26T06:31:44.888Z","13-14 inch laptop","1280","720","1280","569","1.5","21","Nov 28, 11:00pm","false"
"numerosity_discrimination","2","128","250","18","12","0.6667","j","260","<div style=""width:100vw;height:100vh;background-color:black;""></div>","f","html-keyboard-response","658","2.0.0","914199","170005","testolin2020_replication","2025-11-26T06:31:44.888Z","13-14 inch laptop","1280","720","1280","569","1.5","21","Nov 28, 11:00pm","false"
"numerosity_discrimination","2","129","79","16","18","0.8889","j","43","<div style=""width:100vw;height:100vh;background-color:black;""></div>","f","html-keyboard-response","663","2.0.0","916884","170005","testolin2020_replication","2025-11-26T06:31:44.888Z","13-14 inch laptop","1280","720","1280","569","1.5","21","Nov 28, 11:00pm","false"
"numerosity_discrimination","2","130","171","12","9","0.75","j","594","<div style=""width:100vw;height:100vh;background-color:black;""></div>","f","html-keyboard-response","668","2.0.0","920123","170005","testolin2020_replication","2025-11-26T06:31:44.888Z","13-14 inch laptop","1280","720","1280","569","1.5","21","Nov 28, 11:00pm","false"
"numerosity_discrimination","2","131","8","16","14","0.875","j","15","<div style=""width:100vw;height:100vh;background-color:black;""></div>","f","html-keyboard-response","673","2.0.0","922428","170005","testolin2020_replication","2025-11-26T06:31:44.888Z","13-14 inch laptop","1280","720","1280","569","1.5","21","Nov 28, 11:00pm","false"
"numerosity_discrimination","2","132","107","16","18","0.8889","j","396","<div style=""width:100vw;height:100vh;background-color:black;""></div>","f","html-keyboard-response","678","2.0.0","925373","170005","testolin2020_replication","2025-11-26T06:31:44.888Z","13-14 inch laptop","1280","720","1280","569","1.5","21","Nov 28, 11:00pm","false"
"numerosity_discrimination","2","133","99","22","18","0.8182","j","201","<div style=""width:100vw;height:100vh;background-color:black;""></div>","f","html-keyboard-response","683","2.0.0","928068","170005","testolin2020_replication","2025-11-26T06:31:44.888Z","13-14 inch laptop","1280","720","1280","569","1.5","21","Nov 28, 11:00pm","false"
"numerosity_discrimination","2","134","224","9","14","0.6429","j","751","<div style=""width:100vw;height:100vh;background-color:black;""></div>","j","html-keyboard-response","688","2.0.0","931224","170005","testolin2020_replication","2025-11-26T06:31:44.888Z","13-14 inch laptop","1280","720","1280","569","1.5","21","Nov 28, 11:00pm","true"
"numerosity_discrimination","2","135","151","9","7","0.7778","j","516","<div style=""width:100vw;height:100vh;background-color:black;""></div>","f","html-keyboard-response","693","2.0.0","934104","170005","testolin2020_replication","2025-11-26T06:31:44.888Z","13-14 inch laptop","1280","720","1280","569","1.5","21","Nov 28, 11:00pm","false"
"numerosity_discrimination","2","136","133","10","14","0.7143","j","390","<div style=""width:100vw;height:100vh;background-color:black;""></div>","f","html-keyboard-response","698","2.0.0","937165","170005","testolin2020_replication","2025-11-26T06:31:44.888Z","13-14 inch laptop","1280","720","1280","569","1.5","21","Nov 28, 11:00pm","false"
"numerosity_discrimination","2","137","258","14","22","0.6364","j","537","<div style=""width:100vw;height:100vh;background-color:black;""></div>","j","html-keyboard-response","703","2.0.0","940275","170005","testolin2020_replication","2025-11-26T06:31:44.888Z","13-14 inch laptop","1280","720","1280","569","1.5","21","Nov 28, 11:00pm","true"
"numerosity_discrimination","2","138","82","16","14","0.875","j","772","<div style=""width:100vw;height:100vh;background-color:black;""></div>","f","html-keyboard-response","708","2.0.0","943564","170005","testolin2020_replication","2025-11-26T06:31:44.888Z","13-14 inch laptop","1280","720","1280","569","1.5","21","Nov 28, 11:00pm","false"
"numerosity_discrimination","2","139","146","10","14","0.7143","j","304","<div style=""width:100vw;height:100vh;background-color:black;""></div>","j","html-keyboard-response","713","2.0.0","946282","170005","testolin2020_replication","2025-11-26T06:31:44.888Z","13-14 inch laptop","1280","720","1280","569","1.5","21","Nov 28, 11:00pm","true"
"numerosity_discrimination","2","140","215","16","11","0.6875","j","241","<div style=""width:100vw;height:100vh;background-color:black;""></div>","f","html-keyboard-response","718","2.0.0","948946","170005","testolin2020_replication","2025-11-26T06:31:44.888Z","13-14 inch laptop","1280","720","1280","569","1.5","21","Nov 28, 11:00pm","false"
"numerosity_discrimination","2","141","209","9","7","0.7778","j","275","<div style=""width:100vw;height:100vh;background-color:black;""></div>","f","html-keyboard-response","723","2.0.0","951662","170005","testolin2020_replication","2025-11-26T06:31:44.888Z","13-14 inch laptop","1280","720","1280","569","1.5","21","Nov 28, 11:00pm","false"
"numerosity_discrimination","2","142","156","12","16","0.75","j","306","<div style=""width:100vw;height:100vh;background-color:black;""></div>","f","html-keyboard-response","728","2.0.0","954335","170005","testolin2020_replication","2025-11-26T06:31:44.888Z","13-14 inch laptop","1280","720","1280","569","1.5","21","Nov 28, 11:00pm","false"
"numerosity_discrimination","2","143","181","10","14","0.7143","j","361","<div style=""width:100vw;height:100vh;background-color:black;""></div>","j","html-keyboard-response","733","2.0.0","957063","170005","testolin2020_replication","2025-11-26T06:31:44.888Z","13-14 inch laptop","1280","720","1280","569","1.5","21","Nov 28, 11:00pm","true"
"numerosity_discrimination","2","144","270","14","22","0.6364","j","663","<div style=""width:100vw;height:100vh;background-color:black;""></div>","f","html-keyboard-response","738","2.0.0","960385","170005","testolin2020_replication","2025-11-26T06:31:44.888Z","13-14 inch laptop","1280","720","1280","569","1.5","21","Nov 28, 11:00pm","false"
"numerosity_discrimination","2","145","293","7","12","0.5833","j","451","<div style=""width:100vw;height:100vh;background-color:black;""></div>","j","html-keyboard-response","743","2.0.0","963218","170005","testolin2020_replication","2025-11-26T06:31:44.888Z","13-14 inch laptop","1280","720","1280","569","1.5","21","Nov 28, 11:00pm","true"
"numerosity_discrimination","2","146","154","11","14","0.7857","j","325","<div style=""width:100vw;height:100vh;background-color:black;""></div>","f","html-keyboard-response","748","2.0.0","965789","170005","testolin2020_replication","2025-11-26T06:31:44.888Z","13-14 inch laptop","1280","720","1280","569","1.5","21","Nov 28, 11:00pm","false"
"numerosity_discrimination","2","147","137","10","7","0.7","j","332","<div style=""width:100vw;height:100vh;background-color:black;""></div>","f","html-keyboard-response","753","2.0.0","968609","170005","testolin2020_replication","2025-11-26T06:31:44.888Z","13-14 inch laptop","1280","720","1280","569","1.5","21","Nov 28, 11:00pm","false"
"numerosity_discrimination","2","148","95","9","8","0.8889","j","310","<div style=""width:100vw;height:100vh;background-color:black;""></div>","j","html-keyboard-response","758","2.0.0","971448","170005","testolin2020_replication","2025-11-26T06:31:44.888Z","13-14 inch laptop","1280","720","1280","569","1.5","21","Nov 28, 11:00pm","true"
"numerosity_discrimination","2","149","240","20","12","0.6","j","323","<div style=""width:100vw;height:100vh;background-color:black;""></div>","f","html-keyboard-response","763","2.0.0","974182","170005","testolin2020_replication","2025-11-26T06:31:44.888Z","13-14 inch laptop","1280","720","1280","569","1.5","21","Nov 28, 11:00pm","false"
"numerosity_discrimination","2","150","191","28","20","0.7143","j","474","<div style=""width:100vw;height:100vh;background-color:black;""></div>","f","html-keyboard-response","768","2.0.0","977259","170005","testolin2020_replication","2025-11-26T06:31:44.888Z","13-14 inch laptop","1280","720","1280","569","1.5","21","Nov 28, 11:00pm","false"
"numerosity_discrimination","2","151","162","16","22","0.7273","j","361","<div style=""width:100vw;height:100vh;background-color:black;""></div>","f","html-keyboard-response","773","2.0.0","979881","170005","testolin2020_replication","2025-11-26T06:31:44.888Z","13-14 inch laptop","1280","720","1280","569","1.5","21","Nov 28, 11:00pm","false"
"numerosity_discrimination","2","152","64","9","11","0.8182","j","35","<div style=""width:100vw;height:100vh;background-color:black;""></div>","f","html-keyboard-response","778","2.0.0","982180","170005","testolin2020_replication","2025-11-26T06:31:44.888Z","13-14 inch laptop","1280","720","1280","569","1.5","21","Nov 28, 11:00pm","false"
"numerosity_discrimination","2","153","58","18","22","0.8182","j","64","<div style=""width:100vw;height:100vh;background-color:black;""></div>","f","html-keyboard-response","783","2.0.0","984740","170005","testolin2020_replication","2025-11-26T06:31:44.888Z","13-14 inch laptop","1280","720","1280","569","1.5","21","Nov 28, 11:00pm","false"
"numerosity_discrimination","2","154","66","9","11","0.8182","j","33","<div style=""width:100vw;height:100vh;background-color:black;""></div>","f","html-keyboard-response","788","2.0.0","987250","170005","testolin2020_replication","2025-11-26T06:31:44.888Z","13-14 inch laptop","1280","720","1280","569","1.5","21","Nov 28, 11:00pm","false"
"numerosity_discrimination","2","155","266","7","11","0.6364","j","4324","<div style=""width:100vw;height:100vh;background-color:black;""></div>","f","html-keyboard-response","793","2.0.0","994087","170005","testolin2020_replication","2025-11-26T06:31:44.888Z","13-14 inch laptop","1280","720","1280","569","1.5","21","Nov 28, 11:00pm","false"
"numerosity_discrimination","2","156","90","7","8","0.875","j","726","<div style=""width:100vw;height:100vh;background-color:black;""></div>","j","html-keyboard-response","798","2.0.0","997226","170005","testolin2020_replication","2025-11-26T06:31:44.888Z","13-14 inch laptop","1280","720","1280","569","1.5","21","Nov 28, 11:00pm","true"
"numerosity_discrimination","2","157","74","12","10","0.8333","j","407","<div style=""width:100vw;height:100vh;background-color:black;""></div>","f","html-keyboard-response","803","2.0.0","1000054","170005","testolin2020_replication","2025-11-26T06:31:44.888Z","13-14 inch laptop","1280","720","1280","569","1.5","21","Nov 28, 11:00pm","false"
"numerosity_discrimination","2","158","288","18","10","0.5556","j","287","<div style=""width:100vw;height:100vh;background-color:black;""></div>","f","html-keyboard-response","808","2.0.0","1002820","170005","testolin2020_replication","2025-11-26T06:31:44.888Z","13-14 inch laptop","1280","720","1280","569","1.5","21","Nov 28, 11:00pm","false"
"numerosity_discrimination","2","159","85","7","8","0.875","j","1062","<div style=""width:100vw;height:100vh;background-color:black;""></div>","f","html-keyboard-response","813","2.0.0","1006257","170005","testolin2020_replication","2025-11-26T06:31:44.888Z","13-14 inch laptop","1280","720","1280","569","1.5","21","Nov 28, 11:00pm","false"
"numerosity_discrimination","2","160","87","14","16","0.875","j","282","<div style=""width:100vw;height:100vh;background-color:black;""></div>","f","html-keyboard-response","818","2.0.0","1009045","170005","testolin2020_replication","2025-11-26T06:31:44.888Z","13-14 inch laptop","1280","720","1280","569","1.5","21","Nov 28, 11:00pm","false"
"numerosity_discrimination","2","161","205","14","11","0.7857","j","522","<div style=""width:100vw;height:100vh;background-color:black;""></div>","f","html-keyboard-response","823","2.0.0","1011813","170005","testolin2020_replication","2025-11-26T06:31:44.888Z","13-14 inch laptop","1280","720","1280","569","1.5","21","Nov 28, 11:00pm","false"
"numerosity_discrimination","2","162","83","7","8","0.875","j","529","<div style=""width:100vw;height:100vh;background-color:black;""></div>","j","html-keyboard-response","828","2.0.0","1014684","170005","testolin2020_replication","2025-11-26T06:31:44.888Z","13-14 inch laptop","1280","720","1280","569","1.5","21","Nov 28, 11:00pm","true"
"numerosity_discrimination","2","163","292","8","14","0.5714","j","443","<div style=""width:100vw;height:100vh;background-color:black;""></div>","j","html-keyboard-response","833","2.0.0","1017410","170005","testolin2020_replication","2025-11-26T06:31:44.888Z","13-14 inch laptop","1280","720","1280","569","1.5","21","Nov 28, 11:00pm","true"
"numerosity_discrimination","2","164","24","12","10","0.8333","j","325","<div style=""width:100vw;height:100vh;background-color:black;""></div>","j","html-keyboard-response","838","2.0.0","1020204","170005","testolin2020_replication","2025-11-26T06:31:44.888Z","13-14 inch laptop","1280","720","1280","569","1.5","21","Nov 28, 11:00pm","true"
"numerosity_discrimination","2","165","114","20","16","0.8","j","280","<div style=""width:100vw;height:100vh;background-color:black;""></div>","f","html-keyboard-response","843","2.0.0","1022675","170005","testolin2020_replication","2025-11-26T06:31:44.888Z","13-14 inch laptop","1280","720","1280","569","1.5","21","Nov 28, 11:00pm","false"
"numerosity_discrimination","2","166","20","7","8","0.875","j","361","<div style=""width:100vw;height:100vh;background-color:black;""></div>","j","html-keyboard-response","848","2.0.0","1025268","170005","testolin2020_replication","2025-11-26T06:31:44.888Z","13-14 inch laptop","1280","720","1280","569","1.5","21","Nov 28, 11:00pm","true"
"numerosity_discrimination","2","167","36","9","11","0.8182","j","389","<div style=""width:100vw;height:100vh;background-color:black;""></div>","j","html-keyboard-response","853","2.0.0","1028282","170005","testolin2020_replication","2025-11-26T06:31:44.888Z","13-14 inch laptop","1280","720","1280","569","1.5","21","Nov 28, 11:00pm","true"
"numerosity_discrimination","2","168","131","11","14","0.7857","j","649","<div style=""width:100vw;height:100vh;background-color:black;""></div>","f","html-keyboard-response","858","2.0.0","1031247","170005","testolin2020_replication","2025-11-26T06:31:44.888Z","13-14 inch laptop","1280","720","1280","569","1.5","21","Nov 28, 11:00pm","false"
"numerosity_discrimination","2","169","190","18","14","0.7778","j","639","<div style=""width:100vw;height:100vh;background-color:black;""></div>","j","html-keyboard-response","863","2.0.0","1034529","170005","testolin2020_replication","2025-11-26T06:31:44.888Z","13-14 inch laptop","1280","720","1280","569","1.5","21","Nov 28, 11:00pm","true"
"numerosity_discrimination","2","170","129","12","9","0.75","j","29003","<div style=""width:100vw;height:100vh;background-color:black;""></div>","f","html-keyboard-response","868","2.0.0","1065766","170005","testolin2020_replication","2025-11-26T06:31:44.888Z","13-14 inch laptop","1280","720","1280","569","1.5","21","Nov 28, 11:00pm","false"
"numerosity_discrimination","2","171","12","20","16","0.8","j","6294","<div style=""width:100vw;height:100vh;background-color:black;""></div>","f","html-keyboard-response","873","2.0.0","1074409","170005","testolin2020_replication","2025-11-26T06:31:44.888Z","13-14 inch laptop","1280","720","1280","569","1.5","21","Nov 28, 11:00pm","false"
"numerosity_discrimination","2","172","42","22","25","0.88","j","299","<div style=""width:100vw;height:100vh;background-color:black;""></div>","f","html-keyboard-response","878","2.0.0","1077183","170005","testolin2020_replication","2025-11-26T06:31:44.888Z","13-14 inch laptop","1280","720","1280","569","1.5","21","Nov 28, 11:00pm","false"
"numerosity_discrimination","2","173","127","14","10","0.7143","j","4108","<div style=""width:100vw;height:100vh;background-color:black;""></div>","f","html-keyboard-response","883","2.0.0","1083487","170005","testolin2020_replication","2025-11-26T06:31:44.888Z","13-14 inch laptop","1280","720","1280","569","1.5","21","Nov 28, 11:00pm","false"
"numerosity_discrimination","2","174","13","7","8","0.875","j","8239","<div style=""width:100vw;height:100vh;background-color:black;""></div>","f","html-keyboard-response","888","2.0.0","1094020","170005","testolin2020_replication","2025-11-26T06:31:44.888Z","13-14 inch laptop","1280","720","1280","569","1.5","21","Nov 28, 11:00pm","false"
"numerosity_discrimination","2","175","196","12","16","0.75","j","1170","<div style=""width:100vw;height:100vh;background-color:black;""></div>","f","html-keyboard-response","893","2.0.0","1097456","170005","testolin2020_replication","2025-11-26T06:31:44.888Z","13-14 inch laptop","1280","720","1280","569","1.5","21","Nov 28, 11:00pm","false"
"numerosity_discrimination","2","176","210","14","11","0.7857","j","396","<div style=""width:100vw;height:100vh;background-color:black;""></div>","f","html-keyboard-response","898","2.0.0","1100431","170005","testolin2020_replication","2025-11-26T06:31:44.888Z","13-14 inch laptop","1280","720","1280","569","1.5","21","Nov 28, 11:00pm","false"
"numerosity_discrimination","2","177","65","12","14","0.8571","j","969","<div style=""width:100vw;height:100vh;background-color:black;""></div>","f","html-keyboard-response","903","2.0.0","1103696","170005","testolin2020_replication","2025-11-26T06:31:44.888Z","13-14 inch laptop","1280","720","1280","569","1.5","21","Nov 28, 11:00pm","false"
"numerosity_discrimination","2","178","121","12","16","0.75","j","1262","<div style=""width:100vw;height:100vh;background-color:black;""></div>","f","html-keyboard-response","908","2.0.0","1107161","170005","testolin2020_replication","2025-11-26T06:31:44.888Z","13-14 inch laptop","1280","720","1280","569","1.5","21","Nov 28, 11:00pm","false"
"numerosity_discrimination","2","179","76","8","7","0.875","j","727","<div style=""width:100vw;height:100vh;background-color:black;""></div>","f","html-keyboard-response","913","2.0.0","1110245","170005","testolin2020_replication","2025-11-26T06:31:44.888Z","13-14 inch laptop","1280","720","1280","569","1.5","21","Nov 28, 11:00pm","false"
"numerosity_discrimination","2","180","174","22","16","0.7273","j","6666","<div style=""width:100vw;height:100vh;background-color:black;""></div>","f","html-keyboard-response","918","2.0.0","1119401","170005","testolin2020_replication","2025-11-26T06:31:44.888Z","13-14 inch laptop","1280","720","1280","569","1.5","21","Nov 28, 11:00pm","false"
"numerosity_discrimination","2","181","273","18","9","0.5","j","4872","<div style=""width:100vw;height:100vh;background-color:black;""></div>","f","html-keyboard-response","923","2.0.0","1126643","170005","testolin2020_replication","2025-11-26T06:31:44.888Z","13-14 inch laptop","1280","720","1280","569","1.5","21","Nov 28, 11:00pm","false"
"numerosity_discrimination","2","182","176","10","14","0.7143","j","2939","<div style=""width:100vw;height:100vh;background-color:black;""></div>","f","html-keyboard-response","928","2.0.0","1132119","170005","testolin2020_replication","2025-11-26T06:31:44.888Z","13-14 inch laptop","1280","720","1280","569","1.5","21","Nov 28, 11:00pm","false"
"numerosity_discrimination","2","183","50","14","16","0.875","j","425","<div style=""width:100vw;height:100vh;background-color:black;""></div>","f","html-keyboard-response","933","2.0.0","1135097","170005","testolin2020_replication","2025-11-26T06:31:44.888Z","13-14 inch laptop","1280","720","1280","569","1.5","21","Nov 28, 11:00pm","false"
"numerosity_discrimination","2","184","145","12","9","0.75","j","4646","<div style=""width:100vw;height:100vh;background-color:black;""></div>","f","html-keyboard-response","938","2.0.0","1141993","170005","testolin2020_replication","2025-11-26T06:31:44.888Z","13-14 inch laptop","1280","720","1280","569","1.5","21","Nov 28, 11:00pm","false"
"numerosity_discrimination","2","185","219","9","14","0.6429","j","300","<div style=""width:100vw;height:100vh;background-color:black;""></div>","f","html-keyboard-response","943","2.0.0","1144529","170005","testolin2020_replication","2025-11-26T06:31:44.888Z","13-14 inch laptop","1280","720","1280","569","1.5","21","Nov 28, 11:00pm","false"
"numerosity_discrimination","2","186","3","16","14","0.875","j","202","<div style=""width:100vw;height:100vh;background-color:black;""></div>","f","html-keyboard-response","948","2.0.0","1147221","170005","testolin2020_replication","2025-11-26T06:31:44.888Z","13-14 inch laptop","1280","720","1280","569","1.5","21","Nov 28, 11:00pm","false"
"numerosity_discrimination","2","187","201","20","14","0.7","j","2728","<div style=""width:100vw;height:100vh;background-color:black;""></div>","f","html-keyboard-response","953","2.0.0","1152212","170005","testolin2020_replication","2025-11-26T06:31:44.888Z","13-14 inch laptop","1280","720","1280","569","1.5","21","Nov 28, 11:00pm","false"
"numerosity_discrimination","2","188","44","20","16","0.8","j","763","<div style=""width:100vw;height:100vh;background-color:black;""></div>","f","html-keyboard-response","958","2.0.0","1155372","170005","testolin2020_replication","2025-11-26T06:31:44.888Z","13-14 inch laptop","1280","720","1280","569","1.5","21","Nov 28, 11:00pm","false"
"numerosity_discrimination","2","189","136","10","14","0.7143","j","575","<div style=""width:100vw;height:100vh;background-color:black;""></div>","j","html-keyboard-response","963","2.0.0","1158172","170005","testolin2020_replication","2025-11-26T06:31:44.888Z","13-14 inch laptop","1280","720","1280","569","1.5","21","Nov 28, 11:00pm","true"
"numerosity_discrimination","2","190","237","20","12","0.6","j","284","<div style=""width:100vw;height:100vh;background-color:black;""></div>","f","html-keyboard-response","968","2.0.0","1160772","170005","testolin2020_replication","2025-11-26T06:31:44.888Z","13-14 inch laptop","1280","720","1280","569","1.5","21","Nov 28, 11:00pm","false"
"numerosity_discrimination","2","191","294","7","12","0.5833","j","270","<div style=""width:100vw;height:100vh;background-color:black;""></div>","j","html-keyboard-response","973","2.0.0","1163622","170005","testolin2020_replication","2025-11-26T06:31:44.888Z","13-14 inch laptop","1280","720","1280","569","1.5","21","Nov 28, 11:00pm","true"
"numerosity_discrimination","2","192","21","22","18","0.8182","j","436","<div style=""width:100vw;height:100vh;background-color:black;""></div>","f","html-keyboard-response","978","2.0.0","1166384","170005","testolin2020_replication","2025-11-26T06:31:44.888Z","13-14 inch laptop","1280","720","1280","569","1.5","21","Nov 28, 11:00pm","false"
"numerosity_discrimination","2","193","125","11","14","0.7857","j","394","<div style=""width:100vw;height:100vh;background-color:black;""></div>","f","html-keyboard-response","983","2.0.0","1169236","170005","testolin2020_replication","2025-11-26T06:31:44.888Z","13-14 inch laptop","1280","720","1280","569","1.5","21","Nov 28, 11:00pm","false"
"numerosity_discrimination","2","194","228","11","16","0.6875","j","111","<div style=""width:100vw;height:100vh;background-color:black;""></div>","f","html-keyboard-response","988","2.0.0","1171693","170005","testolin2020_replication","2025-11-26T06:31:44.888Z","13-14 inch laptop","1280","720","1280","569","1.5","21","Nov 28, 11:00pm","false"
"numerosity_discrimination","2","195","111","11","9","0.8182","j","586","<div style=""width:100vw;height:100vh;background-color:black;""></div>","f","html-keyboard-response","993","2.0.0","1174669","170005","testolin2020_replication","2025-11-26T06:31:44.888Z","13-14 inch laptop","1280","720","1280","569","1.5","21","Nov 28, 11:00pm","false"
"numerosity_discrimination","2","196","62","12","14","0.8571","j","135","<div style=""width:100vw;height:100vh;background-color:black;""></div>","f","html-keyboard-response","998","2.0.0","1177364","170005","testolin2020_replication","2025-11-26T06:31:44.888Z","13-14 inch laptop","1280","720","1280","569","1.5","21","Nov 28, 11:00pm","false"
"numerosity_discrimination","2","197","153","16","22","0.7273","j","257","<div style=""width:100vw;height:100vh;background-color:black;""></div>","f","html-keyboard-response","1003","2.0.0","1180178","170005","testolin2020_replication","2025-11-26T06:31:44.888Z","13-14 inch laptop","1280","720","1280","569","1.5","21","Nov 28, 11:00pm","false"
"numerosity_discrimination","2","198","199","20","28","0.7143","j","247","<div style=""width:100vw;height:100vh;background-color:black;""></div>","f","html-keyboard-response","1008","2.0.0","1182679","170005","testolin2020_replication","2025-11-26T06:31:44.888Z","13-14 inch laptop","1280","720","1280","569","1.5","21","Nov 28, 11:00pm","false"
"numerosity_discrimination","2","199","132","20","14","0.7","j","191","<div style=""width:100vw;height:100vh;background-color:black;""></div>","f","html-keyboard-response","1013","2.0.0","1185391","170005","testolin2020_replication","2025-11-26T06:31:44.888Z","13-14 inch laptop","1280","720","1280","569","1.5","21","Nov 28, 11:00pm","false"
"numerosity_discrimination","2","200","84","7","8","0.875","j","460","<div style=""width:100vw;height:100vh;background-color:black;""></div>","f","html-keyboard-response","1018","2.0.0","1188548","170005","testolin2020_replication","2025-11-26T06:31:44.888Z","13-14 inch laptop","1280","720","1280","569","1.5","21","Nov 28, 11:00pm","false"
"numerosity_discrimination","3","201","300","9","16","0.5625","j","3275","<div style=""width:100vw;height:100vh;background-color:black;""></div>","f","html-keyboard-response","1025","2.0.0","1911313","170005","testolin2020_replication","2025-11-26T06:31:44.888Z","13-14 inch laptop","1280","720","1280","569","1.5","21","Nov 28, 11:00pm","false"
"numerosity_discrimination","3","202","234","14","9","0.6429","j","185","<div style=""width:100vw;height:100vh;background-color:black;""></div>","f","html-keyboard-response","1030","2.0.0","1913815","170005","testolin2020_replication","2025-11-26T06:31:44.888Z","13-14 inch laptop","1280","720","1280","569","1.5","21","Nov 28, 11:00pm","false"
"numerosity_discrimination","3","203","5","22","18","0.8182","j","132","<div style=""width:100vw;height:100vh;background-color:black;""></div>","f","html-keyboard-response","1035","2.0.0","1916332","170005","testolin2020_replication","2025-11-26T06:31:44.888Z","13-14 inch laptop","1280","720","1280","569","1.5","21","Nov 28, 11:00pm","false"
"numerosity_discrimination","3","204","170","12","16","0.75","j","73","<div style=""width:100vw;height:100vh;background-color:black;""></div>","f","html-keyboard-response","1040","2.0.0","1919033","170005","testolin2020_replication","2025-11-26T06:31:44.888Z","13-14 inch laptop","1280","720","1280","569","1.5","21","Nov 28, 11:00pm","false"
"numerosity_discrimination","3","205","28","8","9","0.8889","j","218","<div style=""width:100vw;height:100vh;background-color:black;""></div>","j","html-keyboard-response","1045","2.0.0","1921904","170005","testolin2020_replication","2025-11-26T06:31:44.888Z","13-14 inch laptop","1280","720","1280","569","1.5","21","Nov 28, 11:00pm","true"
"numerosity_discrimination","3","206","284","14","28","0.5","j","100","<div style=""width:100vw;height:100vh;background-color:black;""></div>","j","html-keyboard-response","1050","2.0.0","1924404","170005","testolin2020_replication","2025-11-26T06:31:44.888Z","13-14 inch laptop","1280","720","1280","569","1.5","21","Nov 28, 11:00pm","true"
"numerosity_discrimination","3","207","29","12","14","0.8571","j","174","<div style=""width:100vw;height:100vh;background-color:black;""></div>","j","html-keyboard-response","1055","2.0.0","1927069","170005","testolin2020_replication","2025-11-26T06:31:44.888Z","13-14 inch laptop","1280","720","1280","569","1.5","21","Nov 28, 11:00pm","true"
"numerosity_discrimination","3","208","93","8","10","0.8","j","251","<div style=""width:100vw;height:100vh;background-color:black;""></div>","j","html-keyboard-response","1060","2.0.0","1929717","170005","testolin2020_replication","2025-11-26T06:31:44.888Z","13-14 inch laptop","1280","720","1280","569","1.5","21","Nov 28, 11:00pm","true"
"numerosity_discrimination","3","209","257","10","16","0.625","j","174","<div style=""width:100vw;height:100vh;background-color:black;""></div>","j","html-keyboard-response","1065","2.0.0","1932193","170005","testolin2020_replication","2025-11-26T06:31:44.888Z","13-14 inch laptop","1280","720","1280","569","1.5","21","Nov 28, 11:00pm","true"
"numerosity_discrimination","3","210","16","20","16","0.8","j","153","<div style=""width:100vw;height:100vh;background-color:black;""></div>","f","html-keyboard-response","1070","2.0.0","1934635","170005","testolin2020_replication","2025-11-26T06:31:44.888Z","13-14 inch laptop","1280","720","1280","569","1.5","21","Nov 28, 11:00pm","false"
"numerosity_discrimination","3","211","189","16","22","0.7273","j","360","<div style=""width:100vw;height:100vh;background-color:black;""></div>","j","html-keyboard-response","1075","2.0.0","1937550","170005","testolin2020_replication","2025-11-26T06:31:44.888Z","13-14 inch laptop","1280","720","1280","569","1.5","21","Nov 28, 11:00pm","true"
"numerosity_discrimination","3","212","135","9","12","0.75","j","1081","<div style=""width:100vw;height:100vh;background-color:black;""></div>","f","html-keyboard-response","1080","2.0.0","1941189","170005","testolin2020_replication","2025-11-26T06:31:44.888Z","13-14 inch laptop","1280","720","1280","569","1.5","21","Nov 28, 11:00pm","false"
"numerosity_discrimination","3","213","260","25","16","0.64","j","497","<div style=""width:100vw;height:100vh;background-color:black;""></div>","f","html-keyboard-response","1085","2.0.0","1944316","170005","testolin2020_replication","2025-11-26T06:31:44.888Z","13-14 inch laptop","1280","720","1280","569","1.5","21","Nov 28, 11:00pm","false"
"numerosity_discrimination","3","214","241","7","11","0.6364","j","251","<div style=""width:100vw;height:100vh;background-color:black;""></div>","j","html-keyboard-response","1090","2.0.0","1946919","170005","testolin2020_replication","2025-11-26T06:31:44.888Z","13-14 inch laptop","1280","720","1280","569","1.5","21","Nov 28, 11:00pm","true"
"numerosity_discrimination","3","215","182","12","9","0.75","j","422","<div style=""width:100vw;height:100vh;background-color:black;""></div>","j","html-keyboard-response","1095","2.0.0","1949754","170005","testolin2020_replication","2025-11-26T06:31:44.888Z","13-14 inch laptop","1280","720","1280","569","1.5","21","Nov 28, 11:00pm","true"
"numerosity_discrimination","3","216","15","20","25","0.8","j","517","<div style=""width:100vw;height:100vh;background-color:black;""></div>","j","html-keyboard-response","1100","2.0.0","1952652","170005","testolin2020_replication","2025-11-26T06:31:44.888Z","13-14 inch laptop","1280","720","1280","569","1.5","21","Nov 28, 11:00pm","true"
"numerosity_discrimination","3","217","247","11","16","0.6875","j","521","<div style=""width:100vw;height:100vh;background-color:black;""></div>","f","html-keyboard-response","1105","2.0.0","1955851","170005","testolin2020_replication","2025-11-26T06:31:44.888Z","13-14 inch laptop","1280","720","1280","569","1.5","21","Nov 28, 11:00pm","false"
"numerosity_discrimination","3","218","117","22","18","0.8182","j","370","<div style=""width:100vw;height:100vh;background-color:black;""></div>","f","html-keyboard-response","1110","2.0.0","1958482","170005","testolin2020_replication","2025-11-26T06:31:44.888Z","13-14 inch laptop","1280","720","1280","569","1.5","21","Nov 28, 11:00pm","false"
"numerosity_discrimination","3","219","249","14","22","0.6364","j","226","<div style=""width:100vw;height:100vh;background-color:black;""></div>","j","html-keyboard-response","1115","2.0.0","1961177","170005","testolin2020_replication","2025-11-26T06:31:44.888Z","13-14 inch laptop","1280","720","1280","569","1.5","21","Nov 28, 11:00pm","true"
"numerosity_discrimination","3","220","217","25","16","0.64","j","361","<div style=""width:100vw;height:100vh;background-color:black;""></div>","f","html-keyboard-response","1120","2.0.0","1964217","170005","testolin2020_replication","2025-11-26T06:31:44.888Z","13-14 inch laptop","1280","720","1280","569","1.5","21","Nov 28, 11:00pm","false"
"numerosity_discrimination","3","221","242","28","18","0.6429","j","156","<div style=""width:100vw;height:100vh;background-color:black;""></div>","f","html-keyboard-response","1125","2.0.0","1966929","170005","testolin2020_replication","2025-11-26T06:31:44.888Z","13-14 inch laptop","1280","720","1280","569","1.5","21","Nov 28, 11:00pm","false"
"numerosity_discrimination","3","222","106","25","22","0.88","j","241","<div style=""width:100vw;height:100vh;background-color:black;""></div>","j","html-keyboard-response","1130","2.0.0","1969505","170005","testolin2020_replication","2025-11-26T06:31:44.888Z","13-14 inch laptop","1280","720","1280","569","1.5","21","Nov 28, 11:00pm","true"
"numerosity_discrimination","3","223","101","20","25","0.8","j","554","<div style=""width:100vw;height:100vh;background-color:black;""></div>","j","html-keyboard-response","1135","2.0.0","1972409","170005","testolin2020_replication","2025-11-26T06:31:44.888Z","13-14 inch laptop","1280","720","1280","569","1.5","21","Nov 28, 11:00pm","true"
"numerosity_discrimination","3","224","113","20","16","0.8","j","249","<div style=""width:100vw;height:100vh;background-color:black;""></div>","j","html-keyboard-response","1140","2.0.0","1975195","170005","testolin2020_replication","2025-11-26T06:31:44.888Z","13-14 inch laptop","1280","720","1280","569","1.5","21","Nov 28, 11:00pm","true"
"numerosity_discrimination","3","225","71","22","18","0.8182","j","487","<div style=""width:100vw;height:100vh;background-color:black;""></div>","f","html-keyboard-response","1145","2.0.0","1978064","170005","testolin2020_replication","2025-11-26T06:31:44.888Z","13-14 inch laptop","1280","720","1280","569","1.5","21","Nov 28, 11:00pm","false"
"numerosity_discrimination","3","226","52","25","28","0.8929","j","231","<div style=""width:100vw;height:100vh;background-color:black;""></div>","j","html-keyboard-response","1150","2.0.0","1980912","170005","testolin2020_replication","2025-11-26T06:31:44.888Z","13-14 inch laptop","1280","720","1280","569","1.5","21","Nov 28, 11:00pm","true"
"numerosity_discrimination","3","227","7","14","16","0.875","j","376","<div style=""width:100vw;height:100vh;background-color:black;""></div>","j","html-keyboard-response","1155","2.0.0","1983734","170005","testolin2020_replication","2025-11-26T06:31:44.888Z","13-14 inch laptop","1280","720","1280","569","1.5","21","Nov 28, 11:00pm","true"
"numerosity_discrimination","3","228","56","25","22","0.88","j","362","<div style=""width:100vw;height:100vh;background-color:black;""></div>","j","html-keyboard-response","1160","2.0.0","1986702","170005","testolin2020_replication","2025-11-26T06:31:44.888Z","13-14 inch laptop","1280","720","1280","569","1.5","21","Nov 28, 11:00pm","true"
"numerosity_discrimination","3","229","138","16","12","0.75","j","215","<div style=""width:100vw;height:100vh;background-color:black;""></div>","f","html-keyboard-response","1165","2.0.0","1989414","170005","testolin2020_replication","2025-11-26T06:31:44.888Z","13-14 inch laptop","1280","720","1280","569","1.5","21","Nov 28, 11:00pm","false"
"numerosity_discrimination","3","230","198","16","12","0.75","j","3909","<div style=""width:100vw;height:100vh;background-color:black;""></div>","f","html-keyboard-response","1170","2.0.0","1995894","170005","testolin2020_replication","2025-11-26T06:31:44.888Z","13-14 inch laptop","1280","720","1280","569","1.5","21","Nov 28, 11:00pm","false"
"numerosity_discrimination","3","231","233","8","12","0.6667","j","60","<div style=""width:100vw;height:100vh;background-color:black;""></div>","f","html-keyboard-response","1175","2.0.0","1998494","170005","testolin2020_replication","2025-11-26T06:31:44.888Z","13-14 inch laptop","1280","720","1280","569","1.5","21","Nov 28, 11:00pm","false"
"numerosity_discrimination","3","232","264","25","16","0.64","j","1","<div style=""width:100vw;height:100vh;background-color:black;""></div>","f","html-keyboard-response","1180","2.0.0","2001157","170005","testolin2020_replication","2025-11-26T06:31:44.888Z","13-14 inch laptop","1280","720","1280","569","1.5","21","Nov 28, 11:00pm","false"
"numerosity_discrimination","3","233","27","14","12","0.8571","j","62","<div style=""width:100vw;height:100vh;background-color:black;""></div>","f","html-keyboard-response","1185","2.0.0","2003621","170005","testolin2020_replication","2025-11-26T06:31:44.888Z","13-14 inch laptop","1280","720","1280","569","1.5","21","Nov 28, 11:00pm","false"
"numerosity_discrimination","3","234","49","8","10","0.8","j","2950","<div style=""width:100vw;height:100vh;background-color:black;""></div>","f","html-keyboard-response","1190","2.0.0","2009188","170005","testolin2020_replication","2025-11-26T06:31:44.888Z","13-14 inch laptop","1280","720","1280","569","1.5","21","Nov 28, 11:00pm","false"
"numerosity_discrimination","3","235","10","9","11","0.8182","j","468","<div style=""width:100vw;height:100vh;background-color:black;""></div>","f","html-keyboard-response","1195","2.0.0","2011837","170005","testolin2020_replication","2025-11-26T06:31:44.888Z","13-14 inch laptop","1280","720","1280","569","1.5","21","Nov 28, 11:00pm","false"
"numerosity_discrimination","3","236","232","8","12","0.6667","j","12915","<div style=""width:100vw;height:100vh;background-color:black;""></div>","f","html-keyboard-response","1200","2.0.0","2027290","170005","testolin2020_replication","2025-11-26T06:31:44.888Z","13-14 inch laptop","1280","720","1280","569","1.5","21","Nov 28, 11:00pm","false"
"numerosity_discrimination","3","237","69","10","8","0.8","j","581","<div style=""width:100vw;height:100vh;background-color:black;""></div>","f","html-keyboard-response","1205","2.0.0","2030091","170005","testolin2020_replication","2025-11-26T06:31:44.888Z","13-14 inch laptop","1280","720","1280","569","1.5","21","Nov 28, 11:00pm","false"
"numerosity_discrimination","3","238","92","18","22","0.8182","j","160","<div style=""width:100vw;height:100vh;background-color:black;""></div>","f","html-keyboard-response","1210","2.0.0","2032883","170005","testolin2020_replication","2025-11-26T06:31:44.888Z","13-14 inch laptop","1280","720","1280","569","1.5","21","Nov 28, 11:00pm","false"
"numerosity_discrimination","3","239","60","18","22","0.8182","j","229","<div style=""width:100vw;height:100vh;background-color:black;""></div>","f","html-keyboard-response","1215","2.0.0","2035353","170005","testolin2020_replication","2025-11-26T06:31:44.888Z","13-14 inch laptop","1280","720","1280","569","1.5","21","Nov 28, 11:00pm","false"
"numerosity_discrimination","3","240","72","11","9","0.8182","j","242","<div style=""width:100vw;height:100vh;background-color:black;""></div>","f","html-keyboard-response","1220","2.0.0","2038058","170005","testolin2020_replication","2025-11-26T06:31:44.888Z","13-14 inch laptop","1280","720","1280","569","1.5","21","Nov 28, 11:00pm","false"
"numerosity_discrimination","3","241","256","7","11","0.6364","j","426","<div style=""width:100vw;height:100vh;background-color:black;""></div>","j","html-keyboard-response","1225","2.0.0","2040952","170005","testolin2020_replication","2025-11-26T06:31:44.888Z","13-14 inch laptop","1280","720","1280","569","1.5","21","Nov 28, 11:00pm","true"
"numerosity_discrimination","3","242","246","20","12","0.6","j","135","<div style=""width:100vw;height:100vh;background-color:black;""></div>","f","html-keyboard-response","1230","2.0.0","2043725","170005","testolin2020_replication","2025-11-26T06:31:44.888Z","13-14 inch laptop","1280","720","1280","569","1.5","21","Nov 28, 11:00pm","false"
"numerosity_discrimination","3","243","149","18","14","0.7778","j","193","<div style=""width:100vw;height:100vh;background-color:black;""></div>","j","html-keyboard-response","1235","2.0.0","2046195","170005","testolin2020_replication","2025-11-26T06:31:44.888Z","13-14 inch laptop","1280","720","1280","569","1.5","21","Nov 28, 11:00pm","true"
"numerosity_discrimination","3","244","229","20","12","0.6","j","519","<div style=""width:100vw;height:100vh;background-color:black;""></div>","f","html-keyboard-response","1240","2.0.0","2049202","170005","testolin2020_replication","2025-11-26T06:31:44.888Z","13-14 inch laptop","1280","720","1280","569","1.5","21","Nov 28, 11:00pm","false"
"numerosity_discrimination","3","245","57","22","18","0.8182","j","207","<div style=""width:100vw;height:100vh;background-color:black;""></div>","f","html-keyboard-response","1245","2.0.0","2051980","170005","testolin2020_replication","2025-11-26T06:31:44.888Z","13-14 inch laptop","1280","720","1280","569","1.5","21","Nov 28, 11:00pm","false"
"numerosity_discrimination","3","246","227","8","12","0.6667","j","309","<div style=""width:100vw;height:100vh;background-color:black;""></div>","f","html-keyboard-response","1250","2.0.0","2054938","170005","testolin2020_replication","2025-11-26T06:31:44.888Z","13-14 inch laptop","1280","720","1280","569","1.5","21","Nov 28, 11:00pm","false"
"numerosity_discrimination","3","247","2","28","25","0.8929","j","336","<div style=""width:100vw;height:100vh;background-color:black;""></div>","f","html-keyboard-response","1255","2.0.0","2057535","170005","testolin2020_replication","2025-11-26T06:31:44.888Z","13-14 inch laptop","1280","720","1280","569","1.5","21","Nov 28, 11:00pm","false"
"numerosity_discrimination","3","248","251","20","12","0.6","j","344","<div style=""width:100vw;height:100vh;background-color:black;""></div>","f","html-keyboard-response","1260","2.0.0","2060157","170005","testolin2020_replication","2025-11-26T06:31:44.888Z","13-14 inch laptop","1280","720","1280","569","1.5","21","Nov 28, 11:00pm","false"
"numerosity_discrimination","3","249","172","16","22","0.7273","j","3534","<div style=""width:100vw;height:100vh;background-color:black;""></div>","f","html-keyboard-response","1265","2.0.0","2066167","170005","testolin2020_replication","2025-11-26T06:31:44.888Z","13-14 inch laptop","1280","720","1280","569","1.5","21","Nov 28, 11:00pm","false"
"numerosity_discrimination","3","250","161","28","22","0.7857","j","327","<div style=""width:100vw;height:100vh;background-color:black;""></div>","f","html-keyboard-response","1270","2.0.0","2068893","170005","testolin2020_replication","2025-11-26T06:31:44.888Z","13-14 inch laptop","1280","720","1280","569","1.5","21","Nov 28, 11:00pm","false"
"numerosity_discrimination","3","251","218","14","22","0.6364","j","341","<div style=""width:100vw;height:100vh;background-color:black;""></div>","f","html-keyboard-response","1275","2.0.0","2071586","170005","testolin2020_replication","2025-11-26T06:31:44.888Z","13-14 inch laptop","1280","720","1280","569","1.5","21","Nov 28, 11:00pm","false"
"numerosity_discrimination","3","252","168","20","14","0.7","j","229","<div style=""width:100vw;height:100vh;background-color:black;""></div>","f","html-keyboard-response","1280","2.0.0","2074301","170005","testolin2020_replication","2025-11-26T06:31:44.888Z","13-14 inch laptop","1280","720","1280","569","1.5","21","Nov 28, 11:00pm","false"
"numerosity_discrimination","3","253","155","7","9","0.7778","j","471","<div style=""width:100vw;height:100vh;background-color:black;""></div>","f","html-keyboard-response","1285","2.0.0","2077226","170005","testolin2020_replication","2025-11-26T06:31:44.888Z","13-14 inch laptop","1280","720","1280","569","1.5","21","Nov 28, 11:00pm","false"
"numerosity_discrimination","3","254","216","9","14","0.6429","j","556","<div style=""width:100vw;height:100vh;background-color:black;""></div>","f","html-keyboard-response","1290","2.0.0","2080323","170005","testolin2020_replication","2025-11-26T06:31:44.888Z","13-14 inch laptop","1280","720","1280","569","1.5","21","Nov 28, 11:00pm","false"
"numerosity_discrimination","3","255","94","22","25","0.88","j","660","<div style=""width:100vw;height:100vh;background-color:black;""></div>","f","html-keyboard-response","1295","2.0.0","2083464","170005","testolin2020_replication","2025-11-26T06:31:44.888Z","13-14 inch laptop","1280","720","1280","569","1.5","21","Nov 28, 11:00pm","false"
"numerosity_discrimination","3","256","180","9","7","0.7778","j","603","<div style=""width:100vw;height:100vh;background-color:black;""></div>","f","html-keyboard-response","1300","2.0.0","2086399","170005","testolin2020_replication","2025-11-26T06:31:44.888Z","13-14 inch laptop","1280","720","1280","569","1.5","21","Nov 28, 11:00pm","false"
"numerosity_discrimination","3","257","276","16","8","0.5","j","759","<div style=""width:100vw;height:100vh;background-color:black;""></div>","f","html-keyboard-response","1305","2.0.0","2089515","170005","testolin2020_replication","2025-11-26T06:31:44.888Z","13-14 inch laptop","1280","720","1280","569","1.5","21","Nov 28, 11:00pm","false"
"numerosity_discrimination","3","258","139","9","7","0.7778","j","476","<div style=""width:100vw;height:100vh;background-color:black;""></div>","f","html-keyboard-response","1310","2.0.0","2092599","170005","testolin2020_replication","2025-11-26T06:31:44.888Z","13-14 inch laptop","1280","720","1280","569","1.5","21","Nov 28, 11:00pm","false"
"numerosity_discrimination","3","259","223","28","18","0.6429","j","715","<div style=""width:100vw;height:100vh;background-color:black;""></div>","f","html-keyboard-response","1315","2.0.0","2095589","170005","testolin2020_replication","2025-11-26T06:31:44.888Z","13-14 inch laptop","1280","720","1280","569","1.5","21","Nov 28, 11:00pm","false"
"numerosity_discrimination","3","260","118","20","25","0.8","j","711","<div style=""width:100vw;height:100vh;background-color:black;""></div>","f","html-keyboard-response","1320","2.0.0","2098859","170005","testolin2020_replication","2025-11-26T06:31:44.888Z","13-14 inch laptop","1280","720","1280","569","1.5","21","Nov 28, 11:00pm","false"
"numerosity_discrimination","3","261","211","8","12","0.6667","j","1129","<div style=""width:100vw;height:100vh;background-color:black;""></div>","j","html-keyboard-response","1325","2.0.0","2102235","170005","testolin2020_replication","2025-11-26T06:31:44.888Z","13-14 inch laptop","1280","720","1280","569","1.5","21","Nov 28, 11:00pm","true"
"numerosity_discrimination","3","262","97","7","8","0.875","j","623","<div style=""width:100vw;height:100vh;background-color:black;""></div>","j","html-keyboard-response","1330","2.0.0","2105309","170005","testolin2020_replication","2025-11-26T06:31:44.888Z","13-14 inch laptop","1280","720","1280","569","1.5","21","Nov 28, 11:00pm","true"
"numerosity_discrimination","3","263","165","14","10","0.7143","j","584","<div style=""width:100vw;height:100vh;background-color:black;""></div>","f","html-keyboard-response","1335","2.0.0","2108277","170005","testolin2020_replication","2025-11-26T06:31:44.888Z","13-14 inch laptop","1280","720","1280","569","1.5","21","Nov 28, 11:00pm","false"
"numerosity_discrimination","3","264","298","9","18","0.5","j","854","<div style=""width:100vw;height:100vh;background-color:black;""></div>","j","html-keyboard-response","1340","2.0.0","2111471","170005","testolin2020_replication","2025-11-26T06:31:44.888Z","13-14 inch laptop","1280","720","1280","569","1.5","21","Nov 28, 11:00pm","true"
"numerosity_discrimination","3","265","152","16","12","0.75","j","1276","<div style=""width:100vw;height:100vh;background-color:black;""></div>","j","html-keyboard-response","1345","2.0.0","2114952","170005","testolin2020_replication","2025-11-26T06:31:44.888Z","13-14 inch laptop","1280","720","1280","569","1.5","21","Nov 28, 11:00pm","true"
"numerosity_discrimination","3","266","104","8","7","0.875","j","1017","<div style=""width:100vw;height:100vh;background-color:black;""></div>","f","html-keyboard-response","1350","2.0.0","2118254","170005","testolin2020_replication","2025-11-26T06:31:44.888Z","13-14 inch laptop","1280","720","1280","569","1.5","21","Nov 28, 11:00pm","false"
"numerosity_discrimination","3","267","262","9","14","0.6429","j","3235","<div style=""width:100vw;height:100vh;background-color:black;""></div>","f","html-keyboard-response","1355","2.0.0","2123773","170005","testolin2020_replication","2025-11-26T06:31:44.888Z","13-14 inch laptop","1280","720","1280","569","1.5","21","Nov 28, 11:00pm","false"
"numerosity_discrimination","3","268","269","9","14","0.6429","j","1463","<div style=""width:100vw;height:100vh;background-color:black;""></div>","f","html-keyboard-response","1360","2.0.0","2127899","170005","testolin2020_replication","2025-11-26T06:31:44.888Z","13-14 inch laptop","1280","720","1280","569","1.5","21","Nov 28, 11:00pm","false"
"numerosity_discrimination","3","269","252","18","28","0.6429","j","648","<div style=""width:100vw;height:100vh;background-color:black;""></div>","f","html-keyboard-response","1365","2.0.0","2130883","170005","testolin2020_replication","2025-11-26T06:31:44.888Z","13-14 inch laptop","1280","720","1280","569","1.5","21","Nov 28, 11:00pm","false"
"numerosity_discrimination","3","270","130","22","28","0.7857","j","1448","<div style=""width:100vw;height:100vh;background-color:black;""></div>","f","html-keyboard-response","1370","2.0.0","2134665","170005","testolin2020_replication","2025-11-26T06:31:44.888Z","13-14 inch laptop","1280","720","1280","569","1.5","21","Nov 28, 11:00pm","false"
"numerosity_discrimination","3","271","1","9","8","0.8889","j","212","<div style=""width:100vw;height:100vh;background-color:black;""></div>","f","html-keyboard-response","1375","2.0.0","2137489","170005","testolin2020_replication","2025-11-26T06:31:44.888Z","13-14 inch laptop","1280","720","1280","569","1.5","21","Nov 28, 11:00pm","false"
"numerosity_discrimination","3","272","255","18","28","0.6429","j","113","<div style=""width:100vw;height:100vh;background-color:black;""></div>","f","html-keyboard-response","1380","2.0.0","2140195","170005","testolin2020_replication","2025-11-26T06:31:44.888Z","13-14 inch laptop","1280","720","1280","569","1.5","21","Nov 28, 11:00pm","false"
"numerosity_discrimination","3","273","40","10","12","0.8333","j","109","<div style=""width:100vw;height:100vh;background-color:black;""></div>","f","html-keyboard-response","1385","2.0.0","2142917","170005","testolin2020_replication","2025-11-26T06:31:44.888Z","13-14 inch laptop","1280","720","1280","569","1.5","21","Nov 28, 11:00pm","false"
"numerosity_discrimination","3","274","277","20","10","0.5","j","3575","<div style=""width:100vw;height:100vh;background-color:black;""></div>","f","html-keyboard-response","1390","2.0.0","2148820","170005","testolin2020_replication","2025-11-26T06:31:44.888Z","13-14 inch laptop","1280","720","1280","569","1.5","21","Nov 28, 11:00pm","false"
"numerosity_discrimination","3","275","73","14","12","0.8571","j","172","<div style=""width:100vw;height:100vh;background-color:black;""></div>","f","html-keyboard-response","1395","2.0.0","2151264","170005","testolin2020_replication","2025-11-26T06:31:44.888Z","13-14 inch laptop","1280","720","1280","569","1.5","21","Nov 28, 11:00pm","false"
"numerosity_discrimination","3","276","81","16","18","0.8889","j","3615","<div style=""width:100vw;height:100vh;background-color:black;""></div>","f","html-keyboard-response","1400","2.0.0","2157499","170005","testolin2020_replication","2025-11-26T06:31:44.888Z","13-14 inch laptop","1280","720","1280","569","1.5","21","Nov 28, 11:00pm","false"
"numerosity_discrimination","3","277","169","18","25","0.72","j","180","<div style=""width:100vw;height:100vh;background-color:black;""></div>","f","html-keyboard-response","1405","2.0.0","2160166","170005","testolin2020_replication","2025-11-26T06:31:44.888Z","13-14 inch laptop","1280","720","1280","569","1.5","21","Nov 28, 11:00pm","false"
"numerosity_discrimination","3","278","296","9","16","0.5625","j","157","<div style=""width:100vw;height:100vh;background-color:black;""></div>","f","html-keyboard-response","1410","2.0.0","2162974","170005","testolin2020_replication","2025-11-26T06:31:44.888Z","13-14 inch laptop","1280","720","1280","569","1.5","21","Nov 28, 11:00pm","false"
"numerosity_discrimination","3","279","25","11","9","0.8182","j","1124","<div style=""width:100vw;height:100vh;background-color:black;""></div>","j","html-keyboard-response","1415","2.0.0","2166342","170005","testolin2020_replication","2025-11-26T06:31:44.888Z","13-14 inch laptop","1280","720","1280","569","1.5","21","Nov 28, 11:00pm","true"
"numerosity_discrimination","3","280","289","22","12","0.5455","j","231","<div style=""width:100vw;height:100vh;background-color:black;""></div>","f","html-keyboard-response","1420","2.0.0","2168825","170005","testolin2020_replication","2025-11-26T06:31:44.888Z","13-14 inch laptop","1280","720","1280","569","1.5","21","Nov 28, 11:00pm","false"
"numerosity_discrimination","3","281","33","8","9","0.8889","j","499","<div style=""width:100vw;height:100vh;background-color:black;""></div>","f","html-keyboard-response","1425","2.0.0","2171590","170005","testolin2020_replication","2025-11-26T06:31:44.888Z","13-14 inch laptop","1280","720","1280","569","1.5","21","Nov 28, 11:00pm","false"
"numerosity_discrimination","3","282","43","11","9","0.8182","j","4828","<div style=""width:100vw;height:100vh;background-color:black;""></div>","f","html-keyboard-response","1430","2.0.0","2178814","170005","testolin2020_replication","2025-11-26T06:31:44.888Z","13-14 inch laptop","1280","720","1280","569","1.5","21","Nov 28, 11:00pm","false"
"numerosity_discrimination","3","283","147","8","11","0.7273","j","71","<div style=""width:100vw;height:100vh;background-color:black;""></div>","j","html-keyboard-response","1435","2.0.0","2181315","170005","testolin2020_replication","2025-11-26T06:31:44.888Z","13-14 inch laptop","1280","720","1280","569","1.5","21","Nov 28, 11:00pm","true"
"numerosity_discrimination","3","284","98","25","28","0.8929","j","132","<div style=""width:100vw;height:100vh;background-color:black;""></div>","j","html-keyboard-response","1440","2.0.0","2183769","170005","testolin2020_replication","2025-11-26T06:31:44.888Z","13-14 inch laptop","1280","720","1280","569","1.5","21","Nov 28, 11:00pm","true"
"numerosity_discrimination","3","285","39","20","16","0.8","j","3021","<div style=""width:100vw;height:100vh;background-color:black;""></div>","j","html-keyboard-response","1445","2.0.0","2189319","170005","testolin2020_replication","2025-11-26T06:31:44.888Z","13-14 inch laptop","1280","720","1280","569","1.5","21","Nov 28, 11:00pm","true"
"numerosity_discrimination","3","286","115","25","28","0.8929","j","2076","<div style=""width:100vw;height:100vh;background-color:black;""></div>","f","html-keyboard-response","1450","2.0.0","2193757","170005","testolin2020_replication","2025-11-26T06:31:44.888Z","13-14 inch laptop","1280","720","1280","569","1.5","21","Nov 28, 11:00pm","false"
"numerosity_discrimination","3","287","80","16","18","0.8889","j","317","<div style=""width:100vw;height:100vh;background-color:black;""></div>","j","html-keyboard-response","1455","2.0.0","2196680","170005","testolin2020_replication","2025-11-26T06:31:44.888Z","13-14 inch laptop","1280","720","1280","569","1.5","21","Nov 28, 11:00pm","true"
"numerosity_discrimination","3","288","144","28","20","0.7143","j","87","<div style=""width:100vw;height:100vh;background-color:black;""></div>","f","html-keyboard-response","1460","2.0.0","2199163","170005","testolin2020_replication","2025-11-26T06:31:44.888Z","13-14 inch laptop","1280","720","1280","569","1.5","21","Nov 28, 11:00pm","false"
"numerosity_discrimination","3","289","45","25","20","0.8","j","15","<div style=""width:100vw;height:100vh;background-color:black;""></div>","f","html-keyboard-response","1465","2.0.0","2201568","170005","testolin2020_replication","2025-11-26T06:31:44.888Z","13-14 inch laptop","1280","720","1280","569","1.5","21","Nov 28, 11:00pm","false"
"numerosity_discrimination","3","290","200","12","9","0.75","j","437","<div style=""width:100vw;height:100vh;background-color:black;""></div>","f","html-keyboard-response","1470","2.0.0","2204379","170005","testolin2020_replication","2025-11-26T06:31:44.888Z","13-14 inch laptop","1280","720","1280","569","1.5","21","Nov 28, 11:00pm","false"
"numerosity_discrimination","3","291","212","22","14","0.6364","j","2799","<div style=""width:100vw;height:100vh;background-color:black;""></div>","f","html-keyboard-response","1475","2.0.0","2209388","170005","testolin2020_replication","2025-11-26T06:31:44.888Z","13-14 inch laptop","1280","720","1280","569","1.5","21","Nov 28, 11:00pm","false"
"numerosity_discrimination","3","292","207","7","9","0.7778","j","73","<div style=""width:100vw;height:100vh;background-color:black;""></div>","f","html-keyboard-response","1480","2.0.0","2211888","170005","testolin2020_replication","2025-11-26T06:31:44.888Z","13-14 inch laptop","1280","720","1280","569","1.5","21","Nov 28, 11:00pm","false"
"numerosity_discrimination","3","293","204","7","9","0.7778","j","286","<div style=""width:100vw;height:100vh;background-color:black;""></div>","f","html-keyboard-response","1485","2.0.0","2214530","170005","testolin2020_replication","2025-11-26T06:31:44.888Z","13-14 inch laptop","1280","720","1280","569","1.5","21","Nov 28, 11:00pm","false"
"numerosity_discrimination","3","294","47","20","25","0.8","j","591","<div style=""width:100vw;height:100vh;background-color:black;""></div>","j","html-keyboard-response","1490","2.0.0","2217473","170005","testolin2020_replication","2025-11-26T06:31:44.888Z","13-14 inch laptop","1280","720","1280","569","1.5","21","Nov 28, 11:00pm","true"
"numerosity_discrimination","3","295","206","9","7","0.7778","j","8","<div style=""width:100vw;height:100vh;background-color:black;""></div>","j","html-keyboard-response","1495","2.0.0","2219774","170005","testolin2020_replication","2025-11-26T06:31:44.888Z","13-14 inch laptop","1280","720","1280","569","1.5","21","Nov 28, 11:00pm","true"
"numerosity_discrimination","3","296","91","12","14","0.8571","j","104","<div style=""width:100vw;height:100vh;background-color:black;""></div>","f","html-keyboard-response","1500","2.0.0","2222434","170005","testolin2020_replication","2025-11-26T06:31:44.888Z","13-14 inch laptop","1280","720","1280","569","1.5","21","Nov 28, 11:00pm","false"
"numerosity_discrimination","3","297","263","22","14","0.6364","j","164","<div style=""width:100vw;height:100vh;background-color:black;""></div>","f","html-keyboard-response","1505","2.0.0","2225209","170005","testolin2020_replication","2025-11-26T06:31:44.888Z","13-14 inch laptop","1280","720","1280","569","1.5","21","Nov 28, 11:00pm","false"
"numerosity_discrimination","3","298","110","7","8","0.875","j","358","<div style=""width:100vw;height:100vh;background-color:black;""></div>","f","html-keyboard-response","1510","2.0.0","2227837","170005","testolin2020_replication","2025-11-26T06:31:44.888Z","13-14 inch laptop","1280","720","1280","569","1.5","21","Nov 28, 11:00pm","false"
"numerosity_discrimination","3","299","222","16","10","0.625","j","46","<div style=""width:100vw;height:100vh;background-color:black;""></div>","f","html-keyboard-response","1515","2.0.0","2230289","170005","testolin2020_replication","2025-11-26T06:31:44.888Z","13-14 inch laptop","1280","720","1280","569","1.5","21","Nov 28, 11:00pm","false"
"numerosity_discrimination","3","300","143","20","28","0.7143","j","26","<div style=""width:100vw;height:100vh;background-color:black;""></div>","j","html-keyboard-response","1520","2.0.0","2232665","170005","testolin2020_replication","2025-11-26T06:31:44.888Z","13-14 inch laptop","1280","720","1280","569","1.5","21","Nov 28, 11:00pm","true"
