"task","block","pair_order","pair_num","left_n","right_n","pair_ratio","correct_key","rt","stimulus","response","trial_type","trial_index","plugin_version","time_elapsed","participant_id","experiment","date","screen_size_category","screen_width_pixels","screen_height_pixels","window_width_pixels","window_height_pixels","pixel_ratio","participant_age","time_slot","correct"
"numerosity_discrimination","1","1","286","18","10","0.5556","j","90","<div style=""width:100vw;height:100vh;background-color:black;""></div>","f","html-keyboard-response","21","2.0.0","41625","171172","testolin2020_replication","2025-11-22T00:56:34.098Z","13-14 inch laptop","1470","956","1470","721","2","19","Nov 21 5:00PM","false"
"numerosity_discrimination","1","2","61","8","10","0.8","j","221","<div style=""width:100vw;height:100vh;background-color:black;""></div>","f","html-keyboard-response","26","2.0.0","44018","171172","testolin2020_replication","2025-11-22T00:56:34.098Z","13-14 inch laptop","1470","956","1470","721","2","19","Nov 21 5:00PM","false"
"numerosity_discrimination","1","3","271","20","11","0.55","j","177","<div style=""width:100vw;height:100vh;background-color:black;""></div>","j","html-keyboard-response","31","2.0.0","46366","171172","testolin2020_replication","2025-11-22T00:56:34.098Z","13-14 inch laptop","1470","956","1470","721","2","19","Nov 21 5:00PM","true"
"numerosity_discrimination","1","4","128","22","28","0.7857","j","243","<div style=""width:100vw;height:100vh;background-color:black;""></div>","j","html-keyboard-response","36","2.0.0","49043","171172","testolin2020_replication","2025-11-22T00:56:34.098Z","13-14 inch laptop","1470","956","1470","721","2","19","Nov 21 5:00PM","true"
"numerosity_discrimination","1","5","278","9","18","0.5","j","336","<div style=""width:100vw;height:100vh;background-color:black;""></div>","j","html-keyboard-response","41","2.0.0","51859","171172","testolin2020_replication","2025-11-22T00:56:34.098Z","13-14 inch laptop","1470","956","1470","721","2","19","Nov 21 5:00PM","true"
"numerosity_discrimination","1","6","51","10","12","0.8333","j","74","<div style=""width:100vw;height:100vh;background-color:black;""></div>","j","html-keyboard-response","46","2.0.0","54550","171172","testolin2020_replication","2025-11-22T00:56:34.098Z","13-14 inch laptop","1470","956","1470","721","2","19","Nov 21 5:00PM","true"
"numerosity_discrimination","1","7","188","9","12","0.75","j","74","<div style=""width:100vw;height:100vh;background-color:black;""></div>","j","html-keyboard-response","51","2.0.0","56843","171172","testolin2020_replication","2025-11-22T00:56:34.098Z","13-14 inch laptop","1470","956","1470","721","2","19","Nov 21 5:00PM","true"
"numerosity_discrimination","1","8","236","22","14","0.6364","j","160","<div style=""width:100vw;height:100vh;background-color:black;""></div>","j","html-keyboard-response","56","2.0.0","59412","171172","testolin2020_replication","2025-11-22T00:56:34.098Z","13-14 inch laptop","1470","956","1470","721","2","19","Nov 21 5:00PM","true"
"numerosity_discrimination","1","9","35","9","8","0.8889","j","239","<div style=""width:100vw;height:100vh;background-color:black;""></div>","j","html-keyboard-response","61","2.0.0","62086","171172","testolin2020_replication","2025-11-22T00:56:34.098Z","13-14 inch laptop","1470","956","1470","721","2","19","Nov 21 5:00PM","true"
"numerosity_discrimination","1","10","267","18","28","0.6429","j","239","<div style=""width:100vw;height:100vh;background-color:black;""></div>","j","html-keyboard-response","66","2.0.0","64784","171172","testolin2020_replication","2025-11-22T00:56:34.098Z","13-14 inch laptop","1470","956","1470","721","2","19","Nov 21 5:00PM","true"
"numerosity_discrimination","1","11","280","28","16","0.5714","j","67","<div style=""width:100vw;height:100vh;background-color:black;""></div>","f","html-keyboard-response","71","2.0.0","67406","171172","testolin2020_replication","2025-11-22T00:56:34.098Z","13-14 inch laptop","1470","956","1470","721","2","19","Nov 21 5:00PM","false"
"numerosity_discrimination","1","12","279","20","11","0.55","j","285","<div style=""width:100vw;height:100vh;background-color:black;""></div>","f","html-keyboard-response","76","2.0.0","69871","171172","testolin2020_replication","2025-11-22T00:56:34.098Z","13-14 inch laptop","1470","956","1470","721","2","19","Nov 21 5:00PM","false"
"numerosity_discrimination","1","13","167","9","12","0.75","j","19","<div style=""width:100vw;height:100vh;background-color:black;""></div>","f","html-keyboard-response","81","2.0.0","72420","171172","testolin2020_replication","2025-11-22T00:56:34.098Z","13-14 inch laptop","1470","956","1470","721","2","19","Nov 21 5:00PM","false"
"numerosity_discrimination","1","14","9","9","8","0.8889","j","92","<div style=""width:100vw;height:100vh;background-color:black;""></div>","j","html-keyboard-response","86","2.0.0","75155","171172","testolin2020_replication","2025-11-22T00:56:34.098Z","13-14 inch laptop","1470","956","1470","721","2","19","Nov 21 5:00PM","true"
"numerosity_discrimination","1","15","202","9","7","0.7778","j","403","<div style=""width:100vw;height:100vh;background-color:black;""></div>","j","html-keyboard-response","91","2.0.0","77755","171172","testolin2020_replication","2025-11-22T00:56:34.098Z","13-14 inch laptop","1470","956","1470","721","2","19","Nov 21 5:00PM","true"
"numerosity_discrimination","1","16","272","10","20","0.5","j","89","<div style=""width:100vw;height:100vh;background-color:black;""></div>","j","html-keyboard-response","96","2.0.0","80354","171172","testolin2020_replication","2025-11-22T00:56:34.098Z","13-14 inch laptop","1470","956","1470","721","2","19","Nov 21 5:00PM","true"
"numerosity_discrimination","1","17","235","14","9","0.6429","j","173","<div style=""width:100vw;height:100vh;background-color:black;""></div>","j","html-keyboard-response","101","2.0.0","82918","171172","testolin2020_replication","2025-11-22T00:56:34.098Z","13-14 inch laptop","1470","956","1470","721","2","19","Nov 21 5:00PM","true"
"numerosity_discrimination","1","18","67","11","9","0.8182","j","99","<div style=""width:100vw;height:100vh;background-color:black;""></div>","f","html-keyboard-response","106","2.0.0","85377","171172","testolin2020_replication","2025-11-22T00:56:34.098Z","13-14 inch laptop","1470","956","1470","721","2","19","Nov 21 5:00PM","false"
"numerosity_discrimination","1","19","160","12","16","0.75","j","356","<div style=""width:100vw;height:100vh;background-color:black;""></div>","f","html-keyboard-response","111","2.0.0","88374","171172","testolin2020_replication","2025-11-22T00:56:34.098Z","13-14 inch laptop","1470","956","1470","721","2","19","Nov 21 5:00PM","false"
"numerosity_discrimination","1","20","31","28","25","0.8929","j","346","<div style=""width:100vw;height:100vh;background-color:black;""></div>","f","html-keyboard-response","116","2.0.0","91083","171172","testolin2020_replication","2025-11-22T00:56:34.098Z","13-14 inch laptop","1470","956","1470","721","2","19","Nov 21 5:00PM","false"
"numerosity_discrimination","1","21","213","18","11","0.6111","j","184","<div style=""width:100vw;height:100vh;background-color:black;""></div>","j","html-keyboard-response","121","2.0.0","93906","171172","testolin2020_replication","2025-11-22T00:56:34.098Z","13-14 inch laptop","1470","956","1470","721","2","19","Nov 21 5:00PM","true"
"numerosity_discrimination","1","22","193","25","18","0.72","j","41","<div style=""width:100vw;height:100vh;background-color:black;""></div>","f","html-keyboard-response","126","2.0.0","96605","171172","testolin2020_replication","2025-11-22T00:56:34.098Z","13-14 inch laptop","1470","956","1470","721","2","19","Nov 21 5:00PM","false"
"numerosity_discrimination","1","23","105","28","25","0.8929","j","196","<div style=""width:100vw;height:100vh;background-color:black;""></div>","j","html-keyboard-response","131","2.0.0","99293","171172","testolin2020_replication","2025-11-22T00:56:34.098Z","13-14 inch laptop","1470","956","1470","721","2","19","Nov 21 5:00PM","true"
"numerosity_discrimination","1","24","158","18","14","0.7778","j","1622","<div style=""width:100vw;height:100vh;background-color:black;""></div>","f","html-keyboard-response","136","2.0.0","103289","171172","testolin2020_replication","2025-11-22T00:56:34.098Z","13-14 inch laptop","1470","956","1470","721","2","19","Nov 21 5:00PM","false"
"numerosity_discrimination","1","25","175","11","14","0.7857","j","306","<div style=""width:100vw;height:100vh;background-color:black;""></div>","f","html-keyboard-response","141","2.0.0","106006","171172","testolin2020_replication","2025-11-22T00:56:34.098Z","13-14 inch laptop","1470","956","1470","721","2","19","Nov 21 5:00PM","false"
"numerosity_discrimination","1","26","254","20","12","0.6","j","2431","<div style=""width:100vw;height:100vh;background-color:black;""></div>","f","html-keyboard-response","146","2.0.0","110743","171172","testolin2020_replication","2025-11-22T00:56:34.098Z","13-14 inch laptop","1470","956","1470","721","2","19","Nov 21 5:00PM","false"
"numerosity_discrimination","1","27","221","16","10","0.625","j","31","<div style=""width:100vw;height:100vh;background-color:black;""></div>","j","html-keyboard-response","151","2.0.0","113147","171172","testolin2020_replication","2025-11-22T00:56:34.098Z","13-14 inch laptop","1470","956","1470","721","2","19","Nov 21 5:00PM","true"
"numerosity_discrimination","1","28","55","18","16","0.8889","j","97","<div style=""width:100vw;height:100vh;background-color:black;""></div>","f","html-keyboard-response","156","2.0.0","115742","171172","testolin2020_replication","2025-11-22T00:56:34.098Z","13-14 inch laptop","1470","956","1470","721","2","19","Nov 21 5:00PM","false"
"numerosity_discrimination","1","29","120","14","12","0.8571","j","28","<div style=""width:100vw;height:100vh;background-color:black;""></div>","f","html-keyboard-response","161","2.0.0","118007","171172","testolin2020_replication","2025-11-22T00:56:34.098Z","13-14 inch laptop","1470","956","1470","721","2","19","Nov 21 5:00PM","false"
"numerosity_discrimination","1","30","89","11","9","0.8182","j","271","<div style=""width:100vw;height:100vh;background-color:black;""></div>","j","html-keyboard-response","166","2.0.0","120481","171172","testolin2020_replication","2025-11-22T00:56:34.098Z","13-14 inch laptop","1470","956","1470","721","2","19","Nov 21 5:00PM","true"
"numerosity_discrimination","1","31","108","8","9","0.8889","j","128","<div style=""width:100vw;height:100vh;background-color:black;""></div>","j","html-keyboard-response","171","2.0.0","123197","171172","testolin2020_replication","2025-11-22T00:56:34.098Z","13-14 inch laptop","1470","956","1470","721","2","19","Nov 21 5:00PM","true"
"numerosity_discrimination","1","32","23","11","9","0.8182","j","202","<div style=""width:100vw;height:100vh;background-color:black;""></div>","j","html-keyboard-response","176","2.0.0","125714","171172","testolin2020_replication","2025-11-22T00:56:34.098Z","13-14 inch laptop","1470","956","1470","721","2","19","Nov 21 5:00PM","true"
"numerosity_discrimination","1","33","48","14","16","0.875","j","10","<div style=""width:100vw;height:100vh;background-color:black;""></div>","f","html-keyboard-response","181","2.0.0","127886","171172","testolin2020_replication","2025-11-22T00:56:34.098Z","13-14 inch laptop","1470","956","1470","721","2","19","Nov 21 5:00PM","false"
"numerosity_discrimination","1","34","177","8","11","0.7273","j","435","<div style=""width:100vw;height:100vh;background-color:black;""></div>","j","html-keyboard-response","186","2.0.0","130713","171172","testolin2020_replication","2025-11-22T00:56:34.098Z","13-14 inch laptop","1470","956","1470","721","2","19","Nov 21 5:00PM","true"
"numerosity_discrimination","1","35","26","28","25","0.8929","j","260","<div style=""width:100vw;height:100vh;background-color:black;""></div>","f","html-keyboard-response","191","2.0.0","133280","171172","testolin2020_replication","2025-11-22T00:56:34.098Z","13-14 inch laptop","1470","956","1470","721","2","19","Nov 21 5:00PM","false"
"numerosity_discrimination","1","36","166","20","14","0.7","j","83","<div style=""width:100vw;height:100vh;background-color:black;""></div>","f","html-keyboard-response","196","2.0.0","135810","171172","testolin2020_replication","2025-11-22T00:56:34.098Z","13-14 inch laptop","1470","956","1470","721","2","19","Nov 21 5:00PM","false"
"numerosity_discrimination","1","37","261","28","18","0.6429","j","549","<div style=""width:100vw;height:100vh;background-color:black;""></div>","f","html-keyboard-response","201","2.0.0","139002","171172","testolin2020_replication","2025-11-22T00:56:34.098Z","13-14 inch laptop","1470","956","1470","721","2","19","Nov 21 5:00PM","false"
"numerosity_discrimination","1","38","32","16","20","0.8","j","181","<div style=""width:100vw;height:100vh;background-color:black;""></div>","j","html-keyboard-response","206","2.0.0","141351","171172","testolin2020_replication","2025-11-22T00:56:34.098Z","13-14 inch laptop","1470","956","1470","721","2","19","Nov 21 5:00PM","true"
"numerosity_discrimination","1","39","103","14","12","0.8571","j","45","<div style=""width:100vw;height:100vh;background-color:black;""></div>","j","html-keyboard-response","211","2.0.0","143947","171172","testolin2020_replication","2025-11-22T00:56:34.098Z","13-14 inch laptop","1470","956","1470","721","2","19","Nov 21 5:00PM","true"
"numerosity_discrimination","1","40","197","12","16","0.75","j","1127","<div style=""width:100vw;height:100vh;background-color:black;""></div>","f","html-keyboard-response","216","2.0.0","147385","171172","testolin2020_replication","2025-11-22T00:56:34.098Z","13-14 inch laptop","1470","956","1470","721","2","19","Nov 21 5:00PM","false"
"numerosity_discrimination","1","41","268","18","11","0.6111","j","206","<div style=""width:100vw;height:100vh;background-color:black;""></div>","f","html-keyboard-response","221","2.0.0","149912","171172","testolin2020_replication","2025-11-22T00:56:34.098Z","13-14 inch laptop","1470","956","1470","721","2","19","Nov 21 5:00PM","false"
"numerosity_discrimination","1","42","299","20","10","0.5","j","283","<div style=""width:100vw;height:100vh;background-color:black;""></div>","f","html-keyboard-response","226","2.0.0","152835","171172","testolin2020_replication","2025-11-22T00:56:34.098Z","13-14 inch laptop","1470","956","1470","721","2","19","Nov 21 5:00PM","false"
"numerosity_discrimination","1","43","179","22","16","0.7273","j","5544","<div style=""width:100vw;height:100vh;background-color:black;""></div>","f","html-keyboard-response","231","2.0.0","160813","171172","testolin2020_replication","2025-11-22T00:56:34.098Z","13-14 inch laptop","1470","956","1470","721","2","19","Nov 21 5:00PM","false"
"numerosity_discrimination","1","44","203","11","8","0.7273","j","1535","<div style=""width:100vw;height:100vh;background-color:black;""></div>","j","html-keyboard-response","236","2.0.0","164843","171172","testolin2020_replication","2025-11-22T00:56:34.098Z","13-14 inch laptop","1470","956","1470","721","2","19","Nov 21 5:00PM","true"
"numerosity_discrimination","1","45","245","10","16","0.625","j","172","<div style=""width:100vw;height:100vh;background-color:black;""></div>","f","html-keyboard-response","241","2.0.0","167504","171172","testolin2020_replication","2025-11-22T00:56:34.098Z","13-14 inch laptop","1470","956","1470","721","2","19","Nov 21 5:00PM","false"
"numerosity_discrimination","1","46","34","16","18","0.8889","j","311","<div style=""width:100vw;height:100vh;background-color:black;""></div>","j","html-keyboard-response","246","2.0.0","170286","171172","testolin2020_replication","2025-11-22T00:56:34.098Z","13-14 inch laptop","1470","956","1470","721","2","19","Nov 21 5:00PM","true"
"numerosity_discrimination","1","47","164","20","14","0.7","j","351","<div style=""width:100vw;height:100vh;background-color:black;""></div>","j","html-keyboard-response","251","2.0.0","172879","171172","testolin2020_replication","2025-11-22T00:56:34.098Z","13-14 inch laptop","1470","956","1470","721","2","19","Nov 21 5:00PM","true"
"numerosity_discrimination","1","48","186","22","28","0.7857","j","95","<div style=""width:100vw;height:100vh;background-color:black;""></div>","j","html-keyboard-response","256","2.0.0","175600","171172","testolin2020_replication","2025-11-22T00:56:34.098Z","13-14 inch laptop","1470","956","1470","721","2","19","Nov 21 5:00PM","true"
"numerosity_discrimination","1","49","19","18","22","0.8182","j","114","<div style=""width:100vw;height:100vh;background-color:black;""></div>","f","html-keyboard-response","261","2.0.0","178262","171172","testolin2020_replication","2025-11-22T00:56:34.098Z","13-14 inch laptop","1470","956","1470","721","2","19","Nov 21 5:00PM","false"
"numerosity_discrimination","1","50","22","16","20","0.8","j","141","<div style=""width:100vw;height:100vh;background-color:black;""></div>","j","html-keyboard-response","266","2.0.0","180791","171172","testolin2020_replication","2025-11-22T00:56:34.098Z","13-14 inch laptop","1470","956","1470","721","2","19","Nov 21 5:00PM","true"
"numerosity_discrimination","1","51","285","11","22","0.5","j","376","<div style=""width:100vw;height:100vh;background-color:black;""></div>","f","html-keyboard-response","271","2.0.0","183692","171172","testolin2020_replication","2025-11-22T00:56:34.098Z","13-14 inch laptop","1470","956","1470","721","2","19","Nov 21 5:00PM","false"
"numerosity_discrimination","1","52","54","22","18","0.8182","j","67","<div style=""width:100vw;height:100vh;background-color:black;""></div>","f","html-keyboard-response","276","2.0.0","186086","171172","testolin2020_replication","2025-11-22T00:56:34.098Z","13-14 inch laptop","1470","956","1470","721","2","19","Nov 21 5:00PM","false"
"numerosity_discrimination","1","53","238","20","12","0.6","j","131","<div style=""width:100vw;height:100vh;background-color:black;""></div>","j","html-keyboard-response","281","2.0.0","188736","171172","testolin2020_replication","2025-11-22T00:56:34.098Z","13-14 inch laptop","1470","956","1470","721","2","19","Nov 21 5:00PM","true"
"numerosity_discrimination","1","54","124","16","12","0.75","j","239","<div style=""width:100vw;height:100vh;background-color:black;""></div>","j","html-keyboard-response","286","2.0.0","191424","171172","testolin2020_replication","2025-11-22T00:56:34.098Z","13-14 inch laptop","1470","956","1470","721","2","19","Nov 21 5:00PM","true"
"numerosity_discrimination","1","55","18","14","12","0.8571","j","6","<div style=""width:100vw;height:100vh;background-color:black;""></div>","f","html-keyboard-response","291","2.0.0","193973","171172","testolin2020_replication","2025-11-22T00:56:34.098Z","13-14 inch laptop","1470","956","1470","721","2","19","Nov 21 5:00PM","false"
"numerosity_discrimination","1","56","173","25","18","0.72","j","13","<div style=""width:100vw;height:100vh;background-color:black;""></div>","j","html-keyboard-response","296","2.0.0","196368","171172","testolin2020_replication","2025-11-22T00:56:34.098Z","13-14 inch laptop","1470","956","1470","721","2","19","Nov 21 5:00PM","true"
"numerosity_discrimination","1","57","63","9","8","0.8889","j","8908","<div style=""width:100vw;height:100vh;background-color:black;""></div>","j","html-keyboard-response","301","2.0.0","207541","171172","testolin2020_replication","2025-11-22T00:56:34.098Z","13-14 inch laptop","1470","956","1470","721","2","19","Nov 21 5:00PM","true"
"numerosity_discrimination","1","58","159","20","28","0.7143","j","49","<div style=""width:100vw;height:100vh;background-color:black;""></div>","f","html-keyboard-response","306","2.0.0","209978","171172","testolin2020_replication","2025-11-22T00:56:34.098Z","13-14 inch laptop","1470","956","1470","721","2","19","Nov 21 5:00PM","false"
"numerosity_discrimination","1","59","265","18","28","0.6429","j","415","<div style=""width:100vw;height:100vh;background-color:black;""></div>","f","html-keyboard-response","311","2.0.0","212889","171172","testolin2020_replication","2025-11-22T00:56:34.098Z","13-14 inch laptop","1470","956","1470","721","2","19","Nov 21 5:00PM","false"
"numerosity_discrimination","1","60","17","12","14","0.8571","j","242","<div style=""width:100vw;height:100vh;background-color:black;""></div>","f","html-keyboard-response","316","2.0.0","215553","171172","testolin2020_replication","2025-11-22T00:56:34.098Z","13-14 inch laptop","1470","956","1470","721","2","19","Nov 21 5:00PM","false"
"numerosity_discrimination","1","61","140","11","8","0.7273","j","87","<div style=""width:100vw;height:100vh;background-color:black;""></div>","f","html-keyboard-response","321","2.0.0","218239","171172","testolin2020_replication","2025-11-22T00:56:34.098Z","13-14 inch laptop","1470","956","1470","721","2","19","Nov 21 5:00PM","false"
"numerosity_discrimination","1","62","208","9","7","0.7778","j","130","<div style=""width:100vw;height:100vh;background-color:black;""></div>","j","html-keyboard-response","326","2.0.0","220723","171172","testolin2020_replication","2025-11-22T00:56:34.098Z","13-14 inch laptop","1470","956","1470","721","2","19","Nov 21 5:00PM","true"
"numerosity_discrimination","1","63","53","18","22","0.8182","j","232","<div style=""width:100vw;height:100vh;background-color:black;""></div>","f","html-keyboard-response","331","2.0.0","223581","171172","testolin2020_replication","2025-11-22T00:56:34.098Z","13-14 inch laptop","1470","956","1470","721","2","19","Nov 21 5:00PM","false"
"numerosity_discrimination","1","64","126","9","7","0.7778","j","275","<div style=""width:100vw;height:100vh;background-color:black;""></div>","j","html-keyboard-response","336","2.0.0","226390","171172","testolin2020_replication","2025-11-22T00:56:34.098Z","13-14 inch laptop","1470","956","1470","721","2","19","Nov 21 5:00PM","true"
"numerosity_discrimination","1","65","88","12","10","0.8333","j","132","<div style=""width:100vw;height:100vh;background-color:black;""></div>","j","html-keyboard-response","341","2.0.0","228755","171172","testolin2020_replication","2025-11-22T00:56:34.098Z","13-14 inch laptop","1470","956","1470","721","2","19","Nov 21 5:00PM","true"
"numerosity_discrimination","1","66","116","28","25","0.8929","j","28","<div style=""width:100vw;height:100vh;background-color:black;""></div>","j","html-keyboard-response","346","2.0.0","231288","171172","testolin2020_replication","2025-11-22T00:56:34.098Z","13-14 inch laptop","1470","956","1470","721","2","19","Nov 21 5:00PM","true"
"numerosity_discrimination","1","67","4","12","14","0.8571","j","198","<div style=""width:100vw;height:100vh;background-color:black;""></div>","f","html-keyboard-response","351","2.0.0","233821","171172","testolin2020_replication","2025-11-22T00:56:34.098Z","13-14 inch laptop","1470","956","1470","721","2","19","Nov 21 5:00PM","false"
"numerosity_discrimination","1","68","287","25","14","0.56","j","310","<div style=""width:100vw;height:100vh;background-color:black;""></div>","f","html-keyboard-response","356","2.0.0","236472","171172","testolin2020_replication","2025-11-22T00:56:34.098Z","13-14 inch laptop","1470","956","1470","721","2","19","Nov 21 5:00PM","false"
"numerosity_discrimination","1","69","119","12","10","0.8333","j","126","<div style=""width:100vw;height:100vh;background-color:black;""></div>","f","html-keyboard-response","361","2.0.0","239157","171172","testolin2020_replication","2025-11-22T00:56:34.098Z","13-14 inch laptop","1470","956","1470","721","2","19","Nov 21 5:00PM","false"
"numerosity_discrimination","1","70","122","8","11","0.7273","j","50","<div style=""width:100vw;height:100vh;background-color:black;""></div>","j","html-keyboard-response","366","2.0.0","241770","171172","testolin2020_replication","2025-11-22T00:56:34.098Z","13-14 inch laptop","1470","956","1470","721","2","19","Nov 21 5:00PM","true"
"numerosity_discrimination","1","71","194","7","9","0.7778","j","39","<div style=""width:100vw;height:100vh;background-color:black;""></div>","f","html-keyboard-response","371","2.0.0","244057","171172","testolin2020_replication","2025-11-22T00:56:34.098Z","13-14 inch laptop","1470","956","1470","721","2","19","Nov 21 5:00PM","false"
"numerosity_discrimination","1","72","75","12","14","0.8571","j","645","<div style=""width:100vw;height:100vh;background-color:black;""></div>","j","html-keyboard-response","376","2.0.0","246923","171172","testolin2020_replication","2025-11-22T00:56:34.098Z","13-14 inch laptop","1470","956","1470","721","2","19","Nov 21 5:00PM","true"
"numerosity_discrimination","1","73","150","16","22","0.7273","j","267","<div style=""width:100vw;height:100vh;background-color:black;""></div>","j","html-keyboard-response","381","2.0.0","249555","171172","testolin2020_replication","2025-11-22T00:56:34.098Z","13-14 inch laptop","1470","956","1470","721","2","19","Nov 21 5:00PM","true"
"numerosity_discrimination","1","74","70","18","16","0.8889","j","100","<div style=""width:100vw;height:100vh;background-color:black;""></div>","j","html-keyboard-response","386","2.0.0","252255","171172","testolin2020_replication","2025-11-22T00:56:34.098Z","13-14 inch laptop","1470","956","1470","721","2","19","Nov 21 5:00PM","true"
"numerosity_discrimination","1","75","187","18","14","0.7778","j","607","<div style=""width:100vw;height:100vh;background-color:black;""></div>","j","html-keyboard-response","391","2.0.0","255387","171172","testolin2020_replication","2025-11-22T00:56:34.098Z","13-14 inch laptop","1470","956","1470","721","2","19","Nov 21 5:00PM","true"
"numerosity_discrimination","1","76","275","14","7","0.5","j","2584","<div style=""width:100vw;height:100vh;background-color:black;""></div>","f","html-keyboard-response","396","2.0.0","260402","171172","testolin2020_replication","2025-11-22T00:56:34.098Z","13-14 inch laptop","1470","956","1470","721","2","19","Nov 21 5:00PM","false"
"numerosity_discrimination","1","77","192","22","28","0.7857","j","1470","<div style=""width:100vw;height:100vh;background-color:black;""></div>","j","html-keyboard-response","401","2.0.0","264156","171172","testolin2020_replication","2025-11-22T00:56:34.098Z","13-14 inch laptop","1470","956","1470","721","2","19","Nov 21 5:00PM","true"
"numerosity_discrimination","1","78","225","14","22","0.6364","j","145","<div style=""width:100vw;height:100vh;background-color:black;""></div>","j","html-keyboard-response","406","2.0.0","266657","171172","testolin2020_replication","2025-11-22T00:56:34.098Z","13-14 inch laptop","1470","956","1470","721","2","19","Nov 21 5:00PM","true"
"numerosity_discrimination","1","79","59","14","12","0.8571","j","983","<div style=""width:100vw;height:100vh;background-color:black;""></div>","j","html-keyboard-response","411","2.0.0","270237","171172","testolin2020_replication","2025-11-22T00:56:34.098Z","13-14 inch laptop","1470","956","1470","721","2","19","Nov 21 5:00PM","true"
"numerosity_discrimination","1","80","239","22","14","0.6364","j","717","<div style=""width:100vw;height:100vh;background-color:black;""></div>","j","html-keyboard-response","416","2.0.0","273522","171172","testolin2020_replication","2025-11-22T00:56:34.098Z","13-14 inch laptop","1470","956","1470","721","2","19","Nov 21 5:00PM","true"
"numerosity_discrimination","1","81","226","14","9","0.6429","j","199","<div style=""width:100vw;height:100vh;background-color:black;""></div>","j","html-keyboard-response","421","2.0.0","276069","171172","testolin2020_replication","2025-11-22T00:56:34.098Z","13-14 inch laptop","1470","956","1470","721","2","19","Nov 21 5:00PM","true"
"numerosity_discrimination","1","82","259","18","11","0.6111","j","145","<div style=""width:100vw;height:100vh;background-color:black;""></div>","f","html-keyboard-response","426","2.0.0","278793","171172","testolin2020_replication","2025-11-22T00:56:34.098Z","13-14 inch laptop","1470","956","1470","721","2","19","Nov 21 5:00PM","false"
"numerosity_discrimination","1","83","184","18","14","0.7778","j","210","<div style=""width:100vw;height:100vh;background-color:black;""></div>","f","html-keyboard-response","431","2.0.0","281511","171172","testolin2020_replication","2025-11-22T00:56:34.098Z","13-14 inch laptop","1470","956","1470","721","2","19","Nov 21 5:00PM","false"
"numerosity_discrimination","1","84","100","28","25","0.8929","j","533","<div style=""width:100vw;height:100vh;background-color:black;""></div>","j","html-keyboard-response","436","2.0.0","284469","171172","testolin2020_replication","2025-11-22T00:56:34.098Z","13-14 inch laptop","1470","956","1470","721","2","19","Nov 21 5:00PM","true"
"numerosity_discrimination","1","85","38","14","16","0.875","j","148","<div style=""width:100vw;height:100vh;background-color:black;""></div>","j","html-keyboard-response","441","2.0.0","287224","171172","testolin2020_replication","2025-11-22T00:56:34.098Z","13-14 inch laptop","1470","956","1470","721","2","19","Nov 21 5:00PM","true"
"numerosity_discrimination","1","86","109","12","14","0.8571","j","4337","<div style=""width:100vw;height:100vh;background-color:black;""></div>","j","html-keyboard-response","446","2.0.0","294040","171172","testolin2020_replication","2025-11-22T00:56:34.098Z","13-14 inch laptop","1470","956","1470","721","2","19","Nov 21 5:00PM","true"
"numerosity_discrimination","1","87","231","25","16","0.64","j","886","<div style=""width:100vw;height:100vh;background-color:black;""></div>","j","html-keyboard-response","451","2.0.0","297550","171172","testolin2020_replication","2025-11-22T00:56:34.098Z","13-14 inch laptop","1470","956","1470","721","2","19","Nov 21 5:00PM","true"
"numerosity_discrimination","1","88","282","8","14","0.5714","j","2207","<div style=""width:100vw;height:100vh;background-color:black;""></div>","j","html-keyboard-response","456","2.0.0","302111","171172","testolin2020_replication","2025-11-22T00:56:34.098Z","13-14 inch laptop","1470","956","1470","721","2","19","Nov 21 5:00PM","true"
"numerosity_discrimination","1","89","37","20","16","0.8","j","221","<div style=""width:100vw;height:100vh;background-color:black;""></div>","j","html-keyboard-response","461","2.0.0","304886","171172","testolin2020_replication","2025-11-22T00:56:34.098Z","13-14 inch laptop","1470","956","1470","721","2","19","Nov 21 5:00PM","true"
"numerosity_discrimination","1","90","41","16","20","0.8","j","1209","<div style=""width:100vw;height:100vh;background-color:black;""></div>","j","html-keyboard-response","466","2.0.0","308670","171172","testolin2020_replication","2025-11-22T00:56:34.098Z","13-14 inch laptop","1470","956","1470","721","2","19","Nov 21 5:00PM","true"
"numerosity_discrimination","1","91","11","8","10","0.8","j","5136","<div style=""width:100vw;height:100vh;background-color:black;""></div>","f","html-keyboard-response","471","2.0.0","316016","171172","testolin2020_replication","2025-11-22T00:56:34.098Z","13-14 inch laptop","1470","956","1470","721","2","19","Nov 21 5:00PM","false"
"numerosity_discrimination","1","92","163","18","14","0.7778","j","257","<div style=""width:100vw;height:100vh;background-color:black;""></div>","j","html-keyboard-response","476","2.0.0","318743","171172","testolin2020_replication","2025-11-22T00:56:34.098Z","13-14 inch laptop","1470","956","1470","721","2","19","Nov 21 5:00PM","true"
"numerosity_discrimination","1","93","243","18","12","0.6667","j","2015","<div style=""width:100vw;height:100vh;background-color:black;""></div>","f","html-keyboard-response","481","2.0.0","323226","171172","testolin2020_replication","2025-11-22T00:56:34.098Z","13-14 inch laptop","1470","956","1470","721","2","19","Nov 21 5:00PM","false"
"numerosity_discrimination","1","94","290","12","22","0.5455","j","273","<div style=""width:100vw;height:100vh;background-color:black;""></div>","j","html-keyboard-response","486","2.0.0","325714","171172","testolin2020_replication","2025-11-22T00:56:34.098Z","13-14 inch laptop","1470","956","1470","721","2","19","Nov 21 5:00PM","true"
"numerosity_discrimination","1","95","281","12","7","0.5833","j","77","<div style=""width:100vw;height:100vh;background-color:black;""></div>","f","html-keyboard-response","491","2.0.0","328241","171172","testolin2020_replication","2025-11-22T00:56:34.098Z","13-14 inch laptop","1470","956","1470","721","2","19","Nov 21 5:00PM","false"
"numerosity_discrimination","1","96","134","16","12","0.75","j","385","<div style=""width:100vw;height:100vh;background-color:black;""></div>","f","html-keyboard-response","496","2.0.0","331232","171172","testolin2020_replication","2025-11-22T00:56:34.098Z","13-14 inch laptop","1470","956","1470","721","2","19","Nov 21 5:00PM","false"
"numerosity_discrimination","1","97","123","12","16","0.75","j","1191","<div style=""width:100vw;height:100vh;background-color:black;""></div>","f","html-keyboard-response","501","2.0.0","334631","171172","testolin2020_replication","2025-11-22T00:56:34.098Z","13-14 inch laptop","1470","956","1470","721","2","19","Nov 21 5:00PM","false"
"numerosity_discrimination","1","98","274","18","9","0.5","j","221","<div style=""width:100vw;height:100vh;background-color:black;""></div>","f","html-keyboard-response","506","2.0.0","337152","171172","testolin2020_replication","2025-11-22T00:56:34.098Z","13-14 inch laptop","1470","956","1470","721","2","19","Nov 21 5:00PM","false"
"numerosity_discrimination","1","99","112","28","25","0.8929","j","109","<div style=""width:100vw;height:100vh;background-color:black;""></div>","f","html-keyboard-response","511","2.0.0","339813","171172","testolin2020_replication","2025-11-22T00:56:34.098Z","13-14 inch laptop","1470","956","1470","721","2","19","Nov 21 5:00PM","false"
"numerosity_discrimination","1","100","295","20","10","0.5","j","396","<div style=""width:100vw;height:100vh;background-color:black;""></div>","j","html-keyboard-response","516","2.0.0","342734","171172","testolin2020_replication","2025-11-22T00:56:34.098Z","13-14 inch laptop","1470","956","1470","721","2","19","Nov 21 5:00PM","true"
"numerosity_discrimination","2","101","46","18","22","0.8182","j","35","<div style=""width:100vw;height:100vh;background-color:black;""></div>","j","html-keyboard-response","523","2.0.0","345687","171172","testolin2020_replication","2025-11-22T00:56:34.098Z","13-14 inch laptop","1470","956","1470","721","2","19","Nov 21 5:00PM","true"
"numerosity_discrimination","2","102","77","7","8","0.875","j","3185","<div style=""width:100vw;height:100vh;background-color:black;""></div>","f","html-keyboard-response","528","2.0.0","351122","171172","testolin2020_replication","2025-11-22T00:56:34.098Z","13-14 inch laptop","1470","956","1470","721","2","19","Nov 21 5:00PM","false"
"numerosity_discrimination","2","103","68","11","9","0.8182","j","5313","<div style=""width:100vw;height:100vh;background-color:black;""></div>","j","html-keyboard-response","533","2.0.0","358736","171172","testolin2020_replication","2025-11-22T00:56:34.098Z","13-14 inch laptop","1470","956","1470","721","2","19","Nov 21 5:00PM","true"
"numerosity_discrimination","2","104","178","14","11","0.7857","j","416","<div style=""width:100vw;height:100vh;background-color:black;""></div>","f","html-keyboard-response","538","2.0.0","361754","171172","testolin2020_replication","2025-11-22T00:56:34.098Z","13-14 inch laptop","1470","956","1470","721","2","19","Nov 21 5:00PM","false"
"numerosity_discrimination","2","105","30","11","9","0.8182","j","261","<div style=""width:100vw;height:100vh;background-color:black;""></div>","f","html-keyboard-response","543","2.0.0","364372","171172","testolin2020_replication","2025-11-22T00:56:34.098Z","13-14 inch laptop","1470","956","1470","721","2","19","Nov 21 5:00PM","false"
"numerosity_discrimination","2","106","86","22","25","0.88","j","102","<div style=""width:100vw;height:100vh;background-color:black;""></div>","j","html-keyboard-response","548","2.0.0","367019","171172","testolin2020_replication","2025-11-22T00:56:34.098Z","13-14 inch laptop","1470","956","1470","721","2","19","Nov 21 5:00PM","true"
"numerosity_discrimination","2","107","244","8","12","0.6667","j","33","<div style=""width:100vw;height:100vh;background-color:black;""></div>","j","html-keyboard-response","553","2.0.0","369571","171172","testolin2020_replication","2025-11-22T00:56:34.098Z","13-14 inch laptop","1470","956","1470","721","2","19","Nov 21 5:00PM","true"
"numerosity_discrimination","2","108","195","16","12","0.75","j","1142","<div style=""width:100vw;height:100vh;background-color:black;""></div>","j","html-keyboard-response","558","2.0.0","372916","171172","testolin2020_replication","2025-11-22T00:56:34.098Z","13-14 inch laptop","1470","956","1470","721","2","19","Nov 21 5:00PM","true"
"numerosity_discrimination","2","109","78","11","9","0.8182","j","825","<div style=""width:100vw;height:100vh;background-color:black;""></div>","j","html-keyboard-response","563","2.0.0","376270","171172","testolin2020_replication","2025-11-22T00:56:34.098Z","13-14 inch laptop","1470","956","1470","721","2","19","Nov 21 5:00PM","true"
"numerosity_discrimination","2","110","6","16","18","0.8889","j","592","<div style=""width:100vw;height:100vh;background-color:black;""></div>","j","html-keyboard-response","568","2.0.0","379446","171172","testolin2020_replication","2025-11-22T00:56:34.098Z","13-14 inch laptop","1470","956","1470","721","2","19","Nov 21 5:00PM","true"
"numerosity_discrimination","2","111","185","20","28","0.7143","j","152","<div style=""width:100vw;height:100vh;background-color:black;""></div>","f","html-keyboard-response","573","2.0.0","382038","171172","testolin2020_replication","2025-11-22T00:56:34.098Z","13-14 inch laptop","1470","956","1470","721","2","19","Nov 21 5:00PM","false"
"numerosity_discrimination","2","112","148","25","18","0.72","j","2841","<div style=""width:100vw;height:100vh;background-color:black;""></div>","j","html-keyboard-response","578","2.0.0","387146","171172","testolin2020_replication","2025-11-22T00:56:34.098Z","13-14 inch laptop","1470","956","1470","721","2","19","Nov 21 5:00PM","true"
"numerosity_discrimination","2","113","157","7","10","0.7","j","4395","<div style=""width:100vw;height:100vh;background-color:black;""></div>","j","html-keyboard-response","583","2.0.0","394153","171172","testolin2020_replication","2025-11-22T00:56:34.098Z","13-14 inch laptop","1470","956","1470","721","2","19","Nov 21 5:00PM","true"
"numerosity_discrimination","2","114","141","20","14","0.7","j","2383","<div style=""width:100vw;height:100vh;background-color:black;""></div>","j","html-keyboard-response","588","2.0.0","398896","171172","testolin2020_replication","2025-11-22T00:56:34.098Z","13-14 inch laptop","1470","956","1470","721","2","19","Nov 21 5:00PM","true"
"numerosity_discrimination","2","115","253","22","14","0.6364","j","728","<div style=""width:100vw;height:100vh;background-color:black;""></div>","j","html-keyboard-response","593","2.0.0","401887","171172","testolin2020_replication","2025-11-22T00:56:34.098Z","13-14 inch laptop","1470","956","1470","721","2","19","Nov 21 5:00PM","true"
"numerosity_discrimination","2","116","214","20","12","0.6","j","4867","<div style=""width:100vw;height:100vh;background-color:black;""></div>","j","html-keyboard-response","598","2.0.0","409256","171172","testolin2020_replication","2025-11-22T00:56:34.098Z","13-14 inch laptop","1470","956","1470","721","2","19","Nov 21 5:00PM","true"
"numerosity_discrimination","2","117","102","8","7","0.875","j","1699","<div style=""width:100vw;height:100vh;background-color:black;""></div>","f","html-keyboard-response","603","2.0.0","413529","171172","testolin2020_replication","2025-11-22T00:56:34.098Z","13-14 inch laptop","1470","956","1470","721","2","19","Nov 21 5:00PM","false"
"numerosity_discrimination","2","118","96","12","10","0.8333","j","80","<div style=""width:100vw;height:100vh;background-color:black;""></div>","f","html-keyboard-response","608","2.0.0","416270","171172","testolin2020_replication","2025-11-22T00:56:34.098Z","13-14 inch laptop","1470","956","1470","721","2","19","Nov 21 5:00PM","false"
"numerosity_discrimination","2","119","220","28","18","0.6429","j","12651","<div style=""width:100vw;height:100vh;background-color:black;""></div>","f","html-keyboard-response","613","2.0.0","431084","171172","testolin2020_replication","2025-11-22T00:56:34.098Z","13-14 inch laptop","1470","956","1470","721","2","19","Nov 21 5:00PM","false"
"numerosity_discrimination","2","120","142","11","14","0.7857","j","113","<div style=""width:100vw;height:100vh;background-color:black;""></div>","j","html-keyboard-response","618","2.0.0","433686","171172","testolin2020_replication","2025-11-22T00:56:34.098Z","13-14 inch laptop","1470","956","1470","721","2","19","Nov 21 5:00PM","true"
"numerosity_discrimination","2","121","183","14","20","0.7","j","1640","<div style=""width:100vw;height:100vh;background-color:black;""></div>","j","html-keyboard-response","623","2.0.0","437496","171172","testolin2020_replication","2025-11-22T00:56:34.098Z","13-14 inch laptop","1470","956","1470","721","2","19","Nov 21 5:00PM","true"
"numerosity_discrimination","2","122","291","11","20","0.55","j","163","<div style=""width:100vw;height:100vh;background-color:black;""></div>","j","html-keyboard-response","628","2.0.0","439996","171172","testolin2020_replication","2025-11-22T00:56:34.098Z","13-14 inch laptop","1470","956","1470","721","2","19","Nov 21 5:00PM","true"
"numerosity_discrimination","2","123","248","22","14","0.6364","j","388","<div style=""width:100vw;height:100vh;background-color:black;""></div>","f","html-keyboard-response","633","2.0.0","442601","171172","testolin2020_replication","2025-11-22T00:56:34.098Z","13-14 inch laptop","1470","956","1470","721","2","19","Nov 21 5:00PM","false"
"numerosity_discrimination","2","124","230","10","16","0.625","j","194","<div style=""width:100vw;height:100vh;background-color:black;""></div>","j","html-keyboard-response","638","2.0.0","445212","171172","testolin2020_replication","2025-11-22T00:56:34.098Z","13-14 inch laptop","1470","956","1470","721","2","19","Nov 21 5:00PM","true"
"numerosity_discrimination","2","125","283","20","11","0.55","j","91","<div style=""width:100vw;height:100vh;background-color:black;""></div>","j","html-keyboard-response","643","2.0.0","447920","171172","testolin2020_replication","2025-11-22T00:56:34.098Z","13-14 inch laptop","1470","956","1470","721","2","19","Nov 21 5:00PM","true"
"numerosity_discrimination","2","126","14","8","7","0.875","j","103482","<div style=""width:100vw;height:100vh;background-color:black;""></div>","f","html-keyboard-response","648","2.0.0","554057","171172","testolin2020_replication","2025-11-22T00:56:34.098Z","13-14 inch laptop","1470","956","1470","721","2","19","Nov 21 5:00PM","false"
"numerosity_discrimination","2","127","297","18","10","0.5556","j","6","<div style=""width:100vw;height:100vh;background-color:black;""></div>","j","html-keyboard-response","653","2.0.0","556376","171172","testolin2020_replication","2025-11-22T00:56:34.098Z","13-14 inch laptop","1470","956","1470","721","2","19","Nov 21 5:00PM","true"
"numerosity_discrimination","2","128","250","18","12","0.6667","j","758","<div style=""width:100vw;height:100vh;background-color:black;""></div>","j","html-keyboard-response","658","2.0.0","559465","171172","testolin2020_replication","2025-11-22T00:56:34.098Z","13-14 inch laptop","1470","956","1470","721","2","19","Nov 21 5:00PM","true"
"numerosity_discrimination","2","129","79","16","18","0.8889","j","686","<div style=""width:100vw;height:100vh;background-color:black;""></div>","j","html-keyboard-response","663","2.0.0","562775","171172","testolin2020_replication","2025-11-22T00:56:34.098Z","13-14 inch laptop","1470","956","1470","721","2","19","Nov 21 5:00PM","true"
"numerosity_discrimination","2","130","171","12","9","0.75","j","576","<div style=""width:100vw;height:100vh;background-color:black;""></div>","f","html-keyboard-response","668","2.0.0","565965","171172","testolin2020_replication","2025-11-22T00:56:34.098Z","13-14 inch laptop","1470","956","1470","721","2","19","Nov 21 5:00PM","false"
"numerosity_discrimination","2","131","8","16","14","0.875","j","5","<div style=""width:100vw;height:100vh;background-color:black;""></div>","j","html-keyboard-response","673","2.0.0","568223","171172","testolin2020_replication","2025-11-22T00:56:34.098Z","13-14 inch laptop","1470","956","1470","721","2","19","Nov 21 5:00PM","true"
"numerosity_discrimination","2","132","107","16","18","0.8889","j","1072","<div style=""width:100vw;height:100vh;background-color:black;""></div>","f","html-keyboard-response","678","2.0.0","571819","171172","testolin2020_replication","2025-11-22T00:56:34.098Z","13-14 inch laptop","1470","956","1470","721","2","19","Nov 21 5:00PM","false"
"numerosity_discrimination","2","133","99","22","18","0.8182","j","390","<div style=""width:100vw;height:100vh;background-color:black;""></div>","j","html-keyboard-response","683","2.0.0","574671","171172","testolin2020_replication","2025-11-22T00:56:34.098Z","13-14 inch laptop","1470","956","1470","721","2","19","Nov 21 5:00PM","true"
"numerosity_discrimination","2","134","224","9","14","0.6429","j","402","<div style=""width:100vw;height:100vh;background-color:black;""></div>","f","html-keyboard-response","688","2.0.0","577446","171172","testolin2020_replication","2025-11-22T00:56:34.098Z","13-14 inch laptop","1470","956","1470","721","2","19","Nov 21 5:00PM","false"
"numerosity_discrimination","2","135","151","9","7","0.7778","j","520","<div style=""width:100vw;height:100vh;background-color:black;""></div>","j","html-keyboard-response","693","2.0.0","580299","171172","testolin2020_replication","2025-11-22T00:56:34.098Z","13-14 inch laptop","1470","956","1470","721","2","19","Nov 21 5:00PM","true"
"numerosity_discrimination","2","136","133","10","14","0.7143","j","280","<div style=""width:100vw;height:100vh;background-color:black;""></div>","j","html-keyboard-response","698","2.0.0","583230","171172","testolin2020_replication","2025-11-22T00:56:34.098Z","13-14 inch laptop","1470","956","1470","721","2","19","Nov 21 5:00PM","true"
"numerosity_discrimination","2","137","258","14","22","0.6364","j","622","<div style=""width:100vw;height:100vh;background-color:black;""></div>","f","html-keyboard-response","703","2.0.0","586395","171172","testolin2020_replication","2025-11-22T00:56:34.098Z","13-14 inch laptop","1470","956","1470","721","2","19","Nov 21 5:00PM","false"
"numerosity_discrimination","2","138","82","16","14","0.875","j","75","<div style=""width:100vw;height:100vh;background-color:black;""></div>","j","html-keyboard-response","708","2.0.0","588958","171172","testolin2020_replication","2025-11-22T00:56:34.098Z","13-14 inch laptop","1470","956","1470","721","2","19","Nov 21 5:00PM","true"
"numerosity_discrimination","2","139","146","10","14","0.7143","j","27663","<div style=""width:100vw;height:100vh;background-color:black;""></div>","j","html-keyboard-response","713","2.0.0","619008","171172","testolin2020_replication","2025-11-22T00:56:34.098Z","13-14 inch laptop","1470","956","1470","721","2","19","Nov 21 5:00PM","true"
"numerosity_discrimination","2","140","215","16","11","0.6875","j","602","<div style=""width:100vw;height:100vh;background-color:black;""></div>","j","html-keyboard-response","718","2.0.0","622010","171172","testolin2020_replication","2025-11-22T00:56:34.098Z","13-14 inch laptop","1470","956","1470","721","2","19","Nov 21 5:00PM","true"
"numerosity_discrimination","2","141","209","9","7","0.7778","j","396","<div style=""width:100vw;height:100vh;background-color:black;""></div>","f","html-keyboard-response","723","2.0.0","624811","171172","testolin2020_replication","2025-11-22T00:56:34.098Z","13-14 inch laptop","1470","956","1470","721","2","19","Nov 21 5:00PM","false"
"numerosity_discrimination","2","142","156","12","16","0.75","j","13","<div style=""width:100vw;height:100vh;background-color:black;""></div>","f","html-keyboard-response","728","2.0.0","627171","171172","testolin2020_replication","2025-11-22T00:56:34.098Z","13-14 inch laptop","1470","956","1470","721","2","19","Nov 21 5:00PM","false"
"numerosity_discrimination","2","143","181","10","14","0.7143","j","67","<div style=""width:100vw;height:100vh;background-color:black;""></div>","j","html-keyboard-response","733","2.0.0","629576","171172","testolin2020_replication","2025-11-22T00:56:34.098Z","13-14 inch laptop","1470","956","1470","721","2","19","Nov 21 5:00PM","true"
"numerosity_discrimination","2","144","270","14","22","0.6364","j","64","<div style=""width:100vw;height:100vh;background-color:black;""></div>","f","html-keyboard-response","738","2.0.0","632271","171172","testolin2020_replication","2025-11-22T00:56:34.098Z","13-14 inch laptop","1470","956","1470","721","2","19","Nov 21 5:00PM","false"
"numerosity_discrimination","2","145","293","7","12","0.5833","j","80","<div style=""width:100vw;height:100vh;background-color:black;""></div>","j","html-keyboard-response","743","2.0.0","634704","171172","testolin2020_replication","2025-11-22T00:56:34.098Z","13-14 inch laptop","1470","956","1470","721","2","19","Nov 21 5:00PM","true"
"numerosity_discrimination","2","146","154","11","14","0.7857","j","87","<div style=""width:100vw;height:100vh;background-color:black;""></div>","f","html-keyboard-response","748","2.0.0","637007","171172","testolin2020_replication","2025-11-22T00:56:34.098Z","13-14 inch laptop","1470","956","1470","721","2","19","Nov 21 5:00PM","false"
"numerosity_discrimination","2","147","137","10","7","0.7","j","526","<div style=""width:100vw;height:100vh;background-color:black;""></div>","f","html-keyboard-response","753","2.0.0","640005","171172","testolin2020_replication","2025-11-22T00:56:34.098Z","13-14 inch laptop","1470","956","1470","721","2","19","Nov 21 5:00PM","false"
"numerosity_discrimination","2","148","95","9","8","0.8889","j","109","<div style=""width:100vw;height:100vh;background-color:black;""></div>","f","html-keyboard-response","758","2.0.0","642612","171172","testolin2020_replication","2025-11-22T00:56:34.098Z","13-14 inch laptop","1470","956","1470","721","2","19","Nov 21 5:00PM","false"
"numerosity_discrimination","2","149","240","20","12","0.6","j","211","<div style=""width:100vw;height:100vh;background-color:black;""></div>","j","html-keyboard-response","763","2.0.0","645208","171172","testolin2020_replication","2025-11-22T00:56:34.098Z","13-14 inch laptop","1470","956","1470","721","2","19","Nov 21 5:00PM","true"
"numerosity_discrimination","2","150","191","28","20","0.7143","j","765","<div style=""width:100vw;height:100vh;background-color:black;""></div>","j","html-keyboard-response","768","2.0.0","648560","171172","testolin2020_replication","2025-11-22T00:56:34.098Z","13-14 inch laptop","1470","956","1470","721","2","19","Nov 21 5:00PM","true"
"numerosity_discrimination","2","151","162","16","22","0.7273","j","230","<div style=""width:100vw;height:100vh;background-color:black;""></div>","j","html-keyboard-response","773","2.0.0","651020","171172","testolin2020_replication","2025-11-22T00:56:34.098Z","13-14 inch laptop","1470","956","1470","721","2","19","Nov 21 5:00PM","true"
"numerosity_discrimination","2","152","64","9","11","0.8182","j","5705","<div style=""width:100vw;height:100vh;background-color:black;""></div>","f","html-keyboard-response","778","2.0.0","658950","171172","testolin2020_replication","2025-11-22T00:56:34.098Z","13-14 inch laptop","1470","956","1470","721","2","19","Nov 21 5:00PM","false"
"numerosity_discrimination","2","153","58","18","22","0.8182","j","29476","<div style=""width:100vw;height:100vh;background-color:black;""></div>","f","html-keyboard-response","783","2.0.0","690890","171172","testolin2020_replication","2025-11-22T00:56:34.098Z","13-14 inch laptop","1470","956","1470","721","2","19","Nov 21 5:00PM","false"
"numerosity_discrimination","2","154","66","9","11","0.8182","j","1508","<div style=""width:100vw;height:100vh;background-color:black;""></div>","j","html-keyboard-response","788","2.0.0","694846","171172","testolin2020_replication","2025-11-22T00:56:34.098Z","13-14 inch laptop","1470","956","1470","721","2","19","Nov 21 5:00PM","true"
"numerosity_discrimination","2","155","266","7","11","0.6364","j","7617","<div style=""width:100vw;height:100vh;background-color:black;""></div>","f","html-keyboard-response","793","2.0.0","704942","171172","testolin2020_replication","2025-11-22T00:56:34.098Z","13-14 inch laptop","1470","956","1470","721","2","19","Nov 21 5:00PM","false"
"numerosity_discrimination","2","156","90","7","8","0.875","j","520","<div style=""width:100vw;height:100vh;background-color:black;""></div>","f","html-keyboard-response","798","2.0.0","707848","171172","testolin2020_replication","2025-11-22T00:56:34.098Z","13-14 inch laptop","1470","956","1470","721","2","19","Nov 21 5:00PM","false"
"numerosity_discrimination","2","157","74","12","10","0.8333","j","219","<div style=""width:100vw;height:100vh;background-color:black;""></div>","f","html-keyboard-response","803","2.0.0","710456","171172","testolin2020_replication","2025-11-22T00:56:34.098Z","13-14 inch laptop","1470","956","1470","721","2","19","Nov 21 5:00PM","false"
"numerosity_discrimination","2","158","288","18","10","0.5556","j","51","<div style=""width:100vw;height:100vh;background-color:black;""></div>","j","html-keyboard-response","808","2.0.0","712958","171172","testolin2020_replication","2025-11-22T00:56:34.098Z","13-14 inch laptop","1470","956","1470","721","2","19","Nov 21 5:00PM","true"
"numerosity_discrimination","2","159","85","7","8","0.875","j","1553","<div style=""width:100vw;height:100vh;background-color:black;""></div>","j","html-keyboard-response","813","2.0.0","716854","171172","testolin2020_replication","2025-11-22T00:56:34.098Z","13-14 inch laptop","1470","956","1470","721","2","19","Nov 21 5:00PM","true"
"numerosity_discrimination","2","160","87","14","16","0.875","j","3420","<div style=""width:100vw;height:100vh;background-color:black;""></div>","f","html-keyboard-response","818","2.0.0","722753","171172","testolin2020_replication","2025-11-22T00:56:34.098Z","13-14 inch laptop","1470","956","1470","721","2","19","Nov 21 5:00PM","false"
"numerosity_discrimination","2","161","205","14","11","0.7857","j","2543","<div style=""width:100vw;height:100vh;background-color:black;""></div>","f","html-keyboard-response","823","2.0.0","727517","171172","testolin2020_replication","2025-11-22T00:56:34.098Z","13-14 inch laptop","1470","956","1470","721","2","19","Nov 21 5:00PM","false"
"numerosity_discrimination","2","162","83","7","8","0.875","j","663","<div style=""width:100vw;height:100vh;background-color:black;""></div>","j","html-keyboard-response","828","2.0.0","730495","171172","testolin2020_replication","2025-11-22T00:56:34.098Z","13-14 inch laptop","1470","956","1470","721","2","19","Nov 21 5:00PM","true"
"numerosity_discrimination","2","163","292","8","14","0.5714","j","9333","<div style=""width:100vw;height:100vh;background-color:black;""></div>","j","html-keyboard-response","833","2.0.0","742082","171172","testolin2020_replication","2025-11-22T00:56:34.098Z","13-14 inch laptop","1470","956","1470","721","2","19","Nov 21 5:00PM","true"
"numerosity_discrimination","2","164","24","12","10","0.8333","j","3867","<div style=""width:100vw;height:100vh;background-color:black;""></div>","j","html-keyboard-response","838","2.0.0","748399","171172","testolin2020_replication","2025-11-22T00:56:34.098Z","13-14 inch laptop","1470","956","1470","721","2","19","Nov 21 5:00PM","true"
"numerosity_discrimination","2","165","114","20","16","0.8","j","1380","<div style=""width:100vw;height:100vh;background-color:black;""></div>","f","html-keyboard-response","843","2.0.0","751941","171172","testolin2020_replication","2025-11-22T00:56:34.098Z","13-14 inch laptop","1470","956","1470","721","2","19","Nov 21 5:00PM","false"
"numerosity_discrimination","2","166","20","7","8","0.875","j","5390","<div style=""width:100vw;height:100vh;background-color:black;""></div>","f","html-keyboard-response","848","2.0.0","759541","171172","testolin2020_replication","2025-11-22T00:56:34.098Z","13-14 inch laptop","1470","956","1470","721","2","19","Nov 21 5:00PM","false"
"numerosity_discrimination","2","167","36","9","11","0.8182","j","2758","<div style=""width:100vw;height:100vh;background-color:black;""></div>","f","html-keyboard-response","853","2.0.0","764897","171172","testolin2020_replication","2025-11-22T00:56:34.098Z","13-14 inch laptop","1470","956","1470","721","2","19","Nov 21 5:00PM","false"
"numerosity_discrimination","2","168","131","11","14","0.7857","j","5330","<div style=""width:100vw;height:100vh;background-color:black;""></div>","f","html-keyboard-response","858","2.0.0","772510","171172","testolin2020_replication","2025-11-22T00:56:34.098Z","13-14 inch laptop","1470","956","1470","721","2","19","Nov 21 5:00PM","false"
"numerosity_discrimination","2","169","190","18","14","0.7778","j","6357","<div style=""width:100vw;height:100vh;background-color:black;""></div>","f","html-keyboard-response","863","2.0.0","781483","171172","testolin2020_replication","2025-11-22T00:56:34.098Z","13-14 inch laptop","1470","956","1470","721","2","19","Nov 21 5:00PM","false"
"numerosity_discrimination","2","170","129","12","9","0.75","j","2717","<div style=""width:100vw;height:100vh;background-color:black;""></div>","f","html-keyboard-response","868","2.0.0","786407","171172","testolin2020_replication","2025-11-22T00:56:34.098Z","13-14 inch laptop","1470","956","1470","721","2","19","Nov 21 5:00PM","false"
"numerosity_discrimination","2","171","12","20","16","0.8","j","368","<div style=""width:100vw;height:100vh;background-color:black;""></div>","j","html-keyboard-response","873","2.0.0","789112","171172","testolin2020_replication","2025-11-22T00:56:34.098Z","13-14 inch laptop","1470","956","1470","721","2","19","Nov 21 5:00PM","true"
"numerosity_discrimination","2","172","42","22","25","0.88","j","1101","<div style=""width:100vw;height:100vh;background-color:black;""></div>","j","html-keyboard-response","878","2.0.0","792650","171172","testolin2020_replication","2025-11-22T00:56:34.098Z","13-14 inch laptop","1470","956","1470","721","2","19","Nov 21 5:00PM","true"
"numerosity_discrimination","2","173","127","14","10","0.7143","j","1117","<div style=""width:100vw;height:100vh;background-color:black;""></div>","f","html-keyboard-response","883","2.0.0","795931","171172","testolin2020_replication","2025-11-22T00:56:34.098Z","13-14 inch laptop","1470","956","1470","721","2","19","Nov 21 5:00PM","false"
"numerosity_discrimination","2","174","13","7","8","0.875","j","297","<div style=""width:100vw;height:100vh;background-color:black;""></div>","j","html-keyboard-response","888","2.0.0","798497","171172","testolin2020_replication","2025-11-22T00:56:34.098Z","13-14 inch laptop","1470","956","1470","721","2","19","Nov 21 5:00PM","true"
"numerosity_discrimination","2","175","196","12","16","0.75","j","556","<div style=""width:100vw;height:100vh;background-color:black;""></div>","j","html-keyboard-response","893","2.0.0","801288","171172","testolin2020_replication","2025-11-22T00:56:34.098Z","13-14 inch laptop","1470","956","1470","721","2","19","Nov 21 5:00PM","true"
"numerosity_discrimination","2","176","210","14","11","0.7857","j","511","<div style=""width:100vw;height:100vh;background-color:black;""></div>","f","html-keyboard-response","898","2.0.0","804346","171172","testolin2020_replication","2025-11-22T00:56:34.098Z","13-14 inch laptop","1470","956","1470","721","2","19","Nov 21 5:00PM","false"
"numerosity_discrimination","2","177","65","12","14","0.8571","j","2809","<div style=""width:100vw;height:100vh;background-color:black;""></div>","f","html-keyboard-response","903","2.0.0","809428","171172","testolin2020_replication","2025-11-22T00:56:34.098Z","13-14 inch laptop","1470","956","1470","721","2","19","Nov 21 5:00PM","false"
"numerosity_discrimination","2","178","121","12","16","0.75","j","132","<div style=""width:100vw;height:100vh;background-color:black;""></div>","j","html-keyboard-response","908","2.0.0","811729","171172","testolin2020_replication","2025-11-22T00:56:34.098Z","13-14 inch laptop","1470","956","1470","721","2","19","Nov 21 5:00PM","true"
"numerosity_discrimination","2","179","76","8","7","0.875","j","75","<div style=""width:100vw;height:100vh;background-color:black;""></div>","f","html-keyboard-response","913","2.0.0","814129","171172","testolin2020_replication","2025-11-22T00:56:34.098Z","13-14 inch laptop","1470","956","1470","721","2","19","Nov 21 5:00PM","false"
"numerosity_discrimination","2","180","174","22","16","0.7273","j","1068","<div style=""width:100vw;height:100vh;background-color:black;""></div>","f","html-keyboard-response","918","2.0.0","817654","171172","testolin2020_replication","2025-11-22T00:56:34.098Z","13-14 inch laptop","1470","956","1470","721","2","19","Nov 21 5:00PM","false"
"numerosity_discrimination","2","181","273","18","9","0.5","j","1320","<div style=""width:100vw;height:100vh;background-color:black;""></div>","f","html-keyboard-response","923","2.0.0","821325","171172","testolin2020_replication","2025-11-22T00:56:34.098Z","13-14 inch laptop","1470","956","1470","721","2","19","Nov 21 5:00PM","false"
"numerosity_discrimination","2","182","176","10","14","0.7143","j","332","<div style=""width:100vw;height:100vh;background-color:black;""></div>","j","html-keyboard-response","928","2.0.0","824159","171172","testolin2020_replication","2025-11-22T00:56:34.098Z","13-14 inch laptop","1470","956","1470","721","2","19","Nov 21 5:00PM","true"
"numerosity_discrimination","2","183","50","14","16","0.875","j","493","<div style=""width:100vw;height:100vh;background-color:black;""></div>","f","html-keyboard-response","933","2.0.0","827177","171172","testolin2020_replication","2025-11-22T00:56:34.098Z","13-14 inch laptop","1470","956","1470","721","2","19","Nov 21 5:00PM","false"
"numerosity_discrimination","2","184","145","12","9","0.75","j","1212","<div style=""width:100vw;height:100vh;background-color:black;""></div>","j","html-keyboard-response","938","2.0.0","830609","171172","testolin2020_replication","2025-11-22T00:56:34.098Z","13-14 inch laptop","1470","956","1470","721","2","19","Nov 21 5:00PM","true"
"numerosity_discrimination","2","185","219","9","14","0.6429","j","4085","<div style=""width:100vw;height:100vh;background-color:black;""></div>","f","html-keyboard-response","943","2.0.0","836906","171172","testolin2020_replication","2025-11-22T00:56:34.098Z","13-14 inch laptop","1470","956","1470","721","2","19","Nov 21 5:00PM","false"
"numerosity_discrimination","2","186","3","16","14","0.875","j","168","<div style=""width:100vw;height:100vh;background-color:black;""></div>","j","html-keyboard-response","948","2.0.0","839537","171172","testolin2020_replication","2025-11-22T00:56:34.098Z","13-14 inch laptop","1470","956","1470","721","2","19","Nov 21 5:00PM","true"
"numerosity_discrimination","2","187","201","20","14","0.7","j","84","<div style=""width:100vw;height:100vh;background-color:black;""></div>","f","html-keyboard-response","953","2.0.0","841843","171172","testolin2020_replication","2025-11-22T00:56:34.098Z","13-14 inch laptop","1470","956","1470","721","2","19","Nov 21 5:00PM","false"
"numerosity_discrimination","2","188","44","20","16","0.8","j","8039","<div style=""width:100vw;height:100vh;background-color:black;""></div>","j","html-keyboard-response","958","2.0.0","852239","171172","testolin2020_replication","2025-11-22T00:56:34.098Z","13-14 inch laptop","1470","956","1470","721","2","19","Nov 21 5:00PM","true"
"numerosity_discrimination","2","189","136","10","14","0.7143","j","120","<div style=""width:100vw;height:100vh;background-color:black;""></div>","j","html-keyboard-response","963","2.0.0","854560","171172","testolin2020_replication","2025-11-22T00:56:34.098Z","13-14 inch laptop","1470","956","1470","721","2","19","Nov 21 5:00PM","true"
"numerosity_discrimination","2","190","237","20","12","0.6","j","176","<div style=""width:100vw;height:100vh;background-color:black;""></div>","f","html-keyboard-response","968","2.0.0","857034","171172","testolin2020_replication","2025-11-22T00:56:34.098Z","13-14 inch laptop","1470","956","1470","721","2","19","Nov 21 5:00PM","false"
"numerosity_discrimination","2","191","294","7","12","0.5833","j","29","<div style=""width:100vw;height:100vh;background-color:black;""></div>","j","html-keyboard-response","973","2.0.0","859611","171172","testolin2020_replication","2025-11-22T00:56:34.098Z","13-14 inch laptop","1470","956","1470","721","2","19","Nov 21 5:00PM","true"
"numerosity_discrimination","2","192","21","22","18","0.8182","j","74","<div style=""width:100vw;height:100vh;background-color:black;""></div>","j","html-keyboard-response","978","2.0.0","861981","171172","testolin2020_replication","2025-11-22T00:56:34.098Z","13-14 inch laptop","1470","956","1470","721","2","19","Nov 21 5:00PM","true"
"numerosity_discrimination","2","193","125","11","14","0.7857","j","201","<div style=""width:100vw;height:100vh;background-color:black;""></div>","j","html-keyboard-response","983","2.0.0","864607","171172","testolin2020_replication","2025-11-22T00:56:34.098Z","13-14 inch laptop","1470","956","1470","721","2","19","Nov 21 5:00PM","true"
"numerosity_discrimination","2","194","228","11","16","0.6875","j","379","<div style=""width:100vw;height:100vh;background-color:black;""></div>","j","html-keyboard-response","988","2.0.0","867309","171172","testolin2020_replication","2025-11-22T00:56:34.098Z","13-14 inch laptop","1470","956","1470","721","2","19","Nov 21 5:00PM","true"
"numerosity_discrimination","2","195","111","11","9","0.8182","j","87","<div style=""width:100vw;height:100vh;background-color:black;""></div>","j","html-keyboard-response","993","2.0.0","869764","171172","testolin2020_replication","2025-11-22T00:56:34.098Z","13-14 inch laptop","1470","956","1470","721","2","19","Nov 21 5:00PM","true"
"numerosity_discrimination","2","196","62","12","14","0.8571","j","421","<div style=""width:100vw;height:100vh;background-color:black;""></div>","j","html-keyboard-response","998","2.0.0","872711","171172","testolin2020_replication","2025-11-22T00:56:34.098Z","13-14 inch laptop","1470","956","1470","721","2","19","Nov 21 5:00PM","true"
"numerosity_discrimination","2","197","153","16","22","0.7273","j","162","<div style=""width:100vw;height:100vh;background-color:black;""></div>","f","html-keyboard-response","1003","2.0.0","875406","171172","testolin2020_replication","2025-11-22T00:56:34.098Z","13-14 inch laptop","1470","956","1470","721","2","19","Nov 21 5:00PM","false"
"numerosity_discrimination","2","198","199","20","28","0.7143","j","136","<div style=""width:100vw;height:100vh;background-color:black;""></div>","j","html-keyboard-response","1008","2.0.0","877766","171172","testolin2020_replication","2025-11-22T00:56:34.098Z","13-14 inch laptop","1470","956","1470","721","2","19","Nov 21 5:00PM","true"
"numerosity_discrimination","2","199","132","20","14","0.7","j","68","<div style=""width:100vw;height:100vh;background-color:black;""></div>","f","html-keyboard-response","1013","2.0.0","880320","171172","testolin2020_replication","2025-11-22T00:56:34.098Z","13-14 inch laptop","1470","956","1470","721","2","19","Nov 21 5:00PM","false"
"numerosity_discrimination","2","200","84","7","8","0.875","j","782","<div style=""width:100vw;height:100vh;background-color:black;""></div>","j","html-keyboard-response","1018","2.0.0","883761","171172","testolin2020_replication","2025-11-22T00:56:34.098Z","13-14 inch laptop","1470","956","1470","721","2","19","Nov 21 5:00PM","true"
"numerosity_discrimination","3","201","300","9","16","0.5625","j","567","<div style=""width:100vw;height:100vh;background-color:black;""></div>","f","html-keyboard-response","1025","2.0.0","887232","171172","testolin2020_replication","2025-11-22T00:56:34.098Z","13-14 inch laptop","1470","956","1470","721","2","19","Nov 21 5:00PM","false"
"numerosity_discrimination","3","202","234","14","9","0.6429","j","272","<div style=""width:100vw;height:100vh;background-color:black;""></div>","j","html-keyboard-response","1030","2.0.0","889788","171172","testolin2020_replication","2025-11-22T00:56:34.098Z","13-14 inch laptop","1470","956","1470","721","2","19","Nov 21 5:00PM","true"
"numerosity_discrimination","3","203","5","22","18","0.8182","j","432","<div style=""width:100vw;height:100vh;background-color:black;""></div>","f","html-keyboard-response","1035","2.0.0","892574","171172","testolin2020_replication","2025-11-22T00:56:34.098Z","13-14 inch laptop","1470","956","1470","721","2","19","Nov 21 5:00PM","false"
"numerosity_discrimination","3","204","170","12","16","0.75","j","130","<div style=""width:100vw;height:100vh;background-color:black;""></div>","f","html-keyboard-response","1040","2.0.0","895300","171172","testolin2020_replication","2025-11-22T00:56:34.098Z","13-14 inch laptop","1470","956","1470","721","2","19","Nov 21 5:00PM","false"
"numerosity_discrimination","3","205","28","8","9","0.8889","j","3773","<div style=""width:100vw;height:100vh;background-color:black;""></div>","j","html-keyboard-response","1045","2.0.0","901700","171172","testolin2020_replication","2025-11-22T00:56:34.098Z","13-14 inch laptop","1470","956","1470","721","2","19","Nov 21 5:00PM","true"
"numerosity_discrimination","3","206","284","14","28","0.5","j","185","<div style=""width:100vw;height:100vh;background-color:black;""></div>","f","html-keyboard-response","1050","2.0.0","904255","171172","testolin2020_replication","2025-11-22T00:56:34.098Z","13-14 inch laptop","1470","956","1470","721","2","19","Nov 21 5:00PM","false"
"numerosity_discrimination","3","207","29","12","14","0.8571","j","2071","<div style=""width:100vw;height:100vh;background-color:black;""></div>","f","html-keyboard-response","1055","2.0.0","908784","171172","testolin2020_replication","2025-11-22T00:56:34.098Z","13-14 inch laptop","1470","956","1470","721","2","19","Nov 21 5:00PM","false"
"numerosity_discrimination","3","208","93","8","10","0.8","j","220","<div style=""width:100vw;height:100vh;background-color:black;""></div>","j","html-keyboard-response","1060","2.0.0","911373","171172","testolin2020_replication","2025-11-22T00:56:34.098Z","13-14 inch laptop","1470","956","1470","721","2","19","Nov 21 5:00PM","true"
"numerosity_discrimination","3","209","257","10","16","0.625","j","455","<div style=""width:100vw;height:100vh;background-color:black;""></div>","j","html-keyboard-response","1065","2.0.0","914099","171172","testolin2020_replication","2025-11-22T00:56:34.098Z","13-14 inch laptop","1470","956","1470","721","2","19","Nov 21 5:00PM","true"
"numerosity_discrimination","3","210","16","20","16","0.8","j","40","<div style=""width:100vw;height:100vh;background-color:black;""></div>","j","html-keyboard-response","1070","2.0.0","916404","171172","testolin2020_replication","2025-11-22T00:56:34.098Z","13-14 inch laptop","1470","956","1470","721","2","19","Nov 21 5:00PM","true"
"numerosity_discrimination","3","211","189","16","22","0.7273","j","5","<div style=""width:100vw;height:100vh;background-color:black;""></div>","f","html-keyboard-response","1075","2.0.0","918927","171172","testolin2020_replication","2025-11-22T00:56:34.098Z","13-14 inch laptop","1470","956","1470","721","2","19","Nov 21 5:00PM","false"
"numerosity_discrimination","3","212","135","9","12","0.75","j","373","<div style=""width:100vw;height:100vh;background-color:black;""></div>","j","html-keyboard-response","1080","2.0.0","921829","171172","testolin2020_replication","2025-11-22T00:56:34.098Z","13-14 inch laptop","1470","956","1470","721","2","19","Nov 21 5:00PM","true"
"numerosity_discrimination","3","213","260","25","16","0.64","j","164","<div style=""width:100vw;height:100vh;background-color:black;""></div>","f","html-keyboard-response","1085","2.0.0","924585","171172","testolin2020_replication","2025-11-22T00:56:34.098Z","13-14 inch laptop","1470","956","1470","721","2","19","Nov 21 5:00PM","false"
"numerosity_discrimination","3","214","241","7","11","0.6364","j","1000","<div style=""width:100vw;height:100vh;background-color:black;""></div>","f","html-keyboard-response","1090","2.0.0","927903","171172","testolin2020_replication","2025-11-22T00:56:34.098Z","13-14 inch laptop","1470","956","1470","721","2","19","Nov 21 5:00PM","false"
"numerosity_discrimination","3","215","182","12","9","0.75","j","54","<div style=""width:100vw;height:100vh;background-color:black;""></div>","f","html-keyboard-response","1095","2.0.0","930328","171172","testolin2020_replication","2025-11-22T00:56:34.098Z","13-14 inch laptop","1470","956","1470","721","2","19","Nov 21 5:00PM","false"
"numerosity_discrimination","3","216","15","20","25","0.8","j","311","<div style=""width:100vw;height:100vh;background-color:black;""></div>","j","html-keyboard-response","1100","2.0.0","932996","171172","testolin2020_replication","2025-11-22T00:56:34.098Z","13-14 inch laptop","1470","956","1470","721","2","19","Nov 21 5:00PM","true"
"numerosity_discrimination","3","217","247","11","16","0.6875","j","4","<div style=""width:100vw;height:100vh;background-color:black;""></div>","f","html-keyboard-response","1105","2.0.0","935646","171172","testolin2020_replication","2025-11-22T00:56:34.098Z","13-14 inch laptop","1470","956","1470","721","2","19","Nov 21 5:00PM","false"
"numerosity_discrimination","3","218","117","22","18","0.8182","j","1169","<div style=""width:100vw;height:100vh;background-color:black;""></div>","j","html-keyboard-response","1110","2.0.0","939048","171172","testolin2020_replication","2025-11-22T00:56:34.098Z","13-14 inch laptop","1470","956","1470","721","2","19","Nov 21 5:00PM","true"
"numerosity_discrimination","3","219","249","14","22","0.6364","j","3189","<div style=""width:100vw;height:100vh;background-color:black;""></div>","f","html-keyboard-response","1115","2.0.0","944665","171172","testolin2020_replication","2025-11-22T00:56:34.098Z","13-14 inch laptop","1470","956","1470","721","2","19","Nov 21 5:00PM","false"
"numerosity_discrimination","3","220","217","25","16","0.64","j","78","<div style=""width:100vw;height:100vh;background-color:black;""></div>","f","html-keyboard-response","1120","2.0.0","947397","171172","testolin2020_replication","2025-11-22T00:56:34.098Z","13-14 inch laptop","1470","956","1470","721","2","19","Nov 21 5:00PM","false"
"numerosity_discrimination","3","221","242","28","18","0.6429","j","342","<div style=""width:100vw;height:100vh;background-color:black;""></div>","j","html-keyboard-response","1125","2.0.0","950260","171172","testolin2020_replication","2025-11-22T00:56:34.098Z","13-14 inch laptop","1470","956","1470","721","2","19","Nov 21 5:00PM","true"
"numerosity_discrimination","3","222","106","25","22","0.88","j","837","<div style=""width:100vw;height:100vh;background-color:black;""></div>","j","html-keyboard-response","1130","2.0.0","953406","171172","testolin2020_replication","2025-11-22T00:56:34.098Z","13-14 inch laptop","1470","956","1470","721","2","19","Nov 21 5:00PM","true"
"numerosity_discrimination","3","223","101","20","25","0.8","j","14744","<div style=""width:100vw;height:100vh;background-color:black;""></div>","f","html-keyboard-response","1135","2.0.0","970473","171172","testolin2020_replication","2025-11-22T00:56:34.098Z","13-14 inch laptop","1470","956","1470","721","2","19","Nov 21 5:00PM","false"
"numerosity_discrimination","3","224","113","20","16","0.8","j","7562","<div style=""width:100vw;height:100vh;background-color:black;""></div>","f","html-keyboard-response","1140","2.0.0","980538","171172","testolin2020_replication","2025-11-22T00:56:34.098Z","13-14 inch laptop","1470","956","1470","721","2","19","Nov 21 5:00PM","false"
"numerosity_discrimination","3","225","71","22","18","0.8182","j","13329","<div style=""width:100vw;height:100vh;background-color:black;""></div>","f","html-keyboard-response","1145","2.0.0","996224","171172","testolin2020_replication","2025-11-22T00:56:34.098Z","13-14 inch laptop","1470","956","1470","721","2","19","Nov 21 5:00PM","false"
"numerosity_discrimination","3","226","52","25","28","0.8929","j","2101","<div style=""width:100vw;height:100vh;background-color:black;""></div>","f","html-keyboard-response","1150","2.0.0","1000904","171172","testolin2020_replication","2025-11-22T00:56:34.098Z","13-14 inch laptop","1470","956","1470","721","2","19","Nov 21 5:00PM","false"
"numerosity_discrimination","3","227","7","14","16","0.875","j","2699","<div style=""width:100vw;height:100vh;background-color:black;""></div>","f","html-keyboard-response","1155","2.0.0","1006024","171172","testolin2020_replication","2025-11-22T00:56:34.098Z","13-14 inch laptop","1470","956","1470","721","2","19","Nov 21 5:00PM","false"
"numerosity_discrimination","3","228","56","25","22","0.88","j","2238","<div style=""width:100vw;height:100vh;background-color:black;""></div>","j","html-keyboard-response","1160","2.0.0","1010841","171172","testolin2020_replication","2025-11-22T00:56:34.098Z","13-14 inch laptop","1470","956","1470","721","2","19","Nov 21 5:00PM","true"
"numerosity_discrimination","3","229","138","16","12","0.75","j","356","<div style=""width:100vw;height:100vh;background-color:black;""></div>","f","html-keyboard-response","1165","2.0.0","1013681","171172","testolin2020_replication","2025-11-22T00:56:34.098Z","13-14 inch laptop","1470","956","1470","721","2","19","Nov 21 5:00PM","false"
"numerosity_discrimination","3","230","198","16","12","0.75","j","891","<div style=""width:100vw;height:100vh;background-color:black;""></div>","j","html-keyboard-response","1170","2.0.0","1017107","171172","testolin2020_replication","2025-11-22T00:56:34.098Z","13-14 inch laptop","1470","956","1470","721","2","19","Nov 21 5:00PM","true"
"numerosity_discrimination","3","231","233","8","12","0.6667","j","3931","<div style=""width:100vw;height:100vh;background-color:black;""></div>","f","html-keyboard-response","1175","2.0.0","1023556","171172","testolin2020_replication","2025-11-22T00:56:34.098Z","13-14 inch laptop","1470","956","1470","721","2","19","Nov 21 5:00PM","false"
"numerosity_discrimination","3","232","264","25","16","0.64","j","425","<div style=""width:100vw;height:100vh;background-color:black;""></div>","f","html-keyboard-response","1180","2.0.0","1026619","171172","testolin2020_replication","2025-11-22T00:56:34.098Z","13-14 inch laptop","1470","956","1470","721","2","19","Nov 21 5:00PM","false"
"numerosity_discrimination","3","233","27","14","12","0.8571","j","529","<div style=""width:100vw;height:100vh;background-color:black;""></div>","j","html-keyboard-response","1185","2.0.0","1029540","171172","testolin2020_replication","2025-11-22T00:56:34.098Z","13-14 inch laptop","1470","956","1470","721","2","19","Nov 21 5:00PM","true"
"numerosity_discrimination","3","234","49","8","10","0.8","j","909","<div style=""width:100vw;height:100vh;background-color:black;""></div>","f","html-keyboard-response","1190","2.0.0","1033028","171172","testolin2020_replication","2025-11-22T00:56:34.098Z","13-14 inch laptop","1470","956","1470","721","2","19","Nov 21 5:00PM","false"
"numerosity_discrimination","3","235","10","9","11","0.8182","j","1635","<div style=""width:100vw;height:100vh;background-color:black;""></div>","j","html-keyboard-response","1195","2.0.0","1036827","171172","testolin2020_replication","2025-11-22T00:56:34.098Z","13-14 inch laptop","1470","956","1470","721","2","19","Nov 21 5:00PM","true"
"numerosity_discrimination","3","236","232","8","12","0.6667","j","96","<div style=""width:100vw;height:100vh;background-color:black;""></div>","j","html-keyboard-response","1200","2.0.0","1039424","171172","testolin2020_replication","2025-11-22T00:56:34.098Z","13-14 inch laptop","1470","956","1470","721","2","19","Nov 21 5:00PM","true"
"numerosity_discrimination","3","237","69","10","8","0.8","j","105","<div style=""width:100vw;height:100vh;background-color:black;""></div>","j","html-keyboard-response","1205","2.0.0","1041715","171172","testolin2020_replication","2025-11-22T00:56:34.098Z","13-14 inch laptop","1470","956","1470","721","2","19","Nov 21 5:00PM","true"
"numerosity_discrimination","3","238","92","18","22","0.8182","j","2751","<div style=""width:100vw;height:100vh;background-color:black;""></div>","j","html-keyboard-response","1210","2.0.0","1047062","171172","testolin2020_replication","2025-11-22T00:56:34.098Z","13-14 inch laptop","1470","956","1470","721","2","19","Nov 21 5:00PM","true"
"numerosity_discrimination","3","239","60","18","22","0.8182","j","191","<div style=""width:100vw;height:100vh;background-color:black;""></div>","f","html-keyboard-response","1215","2.0.0","1049470","171172","testolin2020_replication","2025-11-22T00:56:34.098Z","13-14 inch laptop","1470","956","1470","721","2","19","Nov 21 5:00PM","false"
"numerosity_discrimination","3","240","72","11","9","0.8182","j","204","<div style=""width:100vw;height:100vh;background-color:black;""></div>","j","html-keyboard-response","1220","2.0.0","1052111","171172","testolin2020_replication","2025-11-22T00:56:34.098Z","13-14 inch laptop","1470","956","1470","721","2","19","Nov 21 5:00PM","true"
"numerosity_discrimination","3","241","256","7","11","0.6364","j","11795","<div style=""width:100vw;height:100vh;background-color:black;""></div>","j","html-keyboard-response","1225","2.0.0","1066354","171172","testolin2020_replication","2025-11-22T00:56:34.098Z","13-14 inch laptop","1470","956","1470","721","2","19","Nov 21 5:00PM","true"
"numerosity_discrimination","3","242","246","20","12","0.6","j","688","<div style=""width:100vw;height:100vh;background-color:black;""></div>","f","html-keyboard-response","1230","2.0.0","1069643","171172","testolin2020_replication","2025-11-22T00:56:34.098Z","13-14 inch laptop","1470","956","1470","721","2","19","Nov 21 5:00PM","false"
"numerosity_discrimination","3","243","149","18","14","0.7778","j","8274","<div style=""width:100vw;height:100vh;background-color:black;""></div>","j","html-keyboard-response","1235","2.0.0","1080170","171172","testolin2020_replication","2025-11-22T00:56:34.098Z","13-14 inch laptop","1470","956","1470","721","2","19","Nov 21 5:00PM","true"
"numerosity_discrimination","3","244","229","20","12","0.6","j","904","<div style=""width:100vw;height:100vh;background-color:black;""></div>","f","html-keyboard-response","1240","2.0.0","1083534","171172","testolin2020_replication","2025-11-22T00:56:34.098Z","13-14 inch laptop","1470","956","1470","721","2","19","Nov 21 5:00PM","false"
"numerosity_discrimination","3","245","57","22","18","0.8182","j","500","<div style=""width:100vw;height:100vh;background-color:black;""></div>","f","html-keyboard-response","1245","2.0.0","1086575","171172","testolin2020_replication","2025-11-22T00:56:34.098Z","13-14 inch laptop","1470","956","1470","721","2","19","Nov 21 5:00PM","false"
"numerosity_discrimination","3","246","227","8","12","0.6667","j","337","<div style=""width:100vw;height:100vh;background-color:black;""></div>","f","html-keyboard-response","1250","2.0.0","1089524","171172","testolin2020_replication","2025-11-22T00:56:34.098Z","13-14 inch laptop","1470","956","1470","721","2","19","Nov 21 5:00PM","false"
"numerosity_discrimination","3","247","2","28","25","0.8929","j","1473","<div style=""width:100vw;height:100vh;background-color:black;""></div>","j","html-keyboard-response","1255","2.0.0","1093231","171172","testolin2020_replication","2025-11-22T00:56:34.098Z","13-14 inch laptop","1470","956","1470","721","2","19","Nov 21 5:00PM","true"
"numerosity_discrimination","3","248","251","20","12","0.6","j","1069","<div style=""width:100vw;height:100vh;background-color:black;""></div>","f","html-keyboard-response","1260","2.0.0","1096552","171172","testolin2020_replication","2025-11-22T00:56:34.098Z","13-14 inch laptop","1470","956","1470","721","2","19","Nov 21 5:00PM","false"
"numerosity_discrimination","3","249","172","16","22","0.7273","j","741","<div style=""width:100vw;height:100vh;background-color:black;""></div>","j","html-keyboard-response","1265","2.0.0","1099737","171172","testolin2020_replication","2025-11-22T00:56:34.098Z","13-14 inch laptop","1470","956","1470","721","2","19","Nov 21 5:00PM","true"
"numerosity_discrimination","3","250","161","28","22","0.7857","j","149","<div style=""width:100vw;height:100vh;background-color:black;""></div>","f","html-keyboard-response","1270","2.0.0","1102281","171172","testolin2020_replication","2025-11-22T00:56:34.098Z","13-14 inch laptop","1470","956","1470","721","2","19","Nov 21 5:00PM","false"
"numerosity_discrimination","3","251","218","14","22","0.6364","j","5522","<div style=""width:100vw;height:100vh;background-color:black;""></div>","f","html-keyboard-response","1275","2.0.0","1110132","171172","testolin2020_replication","2025-11-22T00:56:34.098Z","13-14 inch laptop","1470","956","1470","721","2","19","Nov 21 5:00PM","false"
"numerosity_discrimination","3","252","168","20","14","0.7","j","1566","<div style=""width:100vw;height:100vh;background-color:black;""></div>","j","html-keyboard-response","1280","2.0.0","1114159","171172","testolin2020_replication","2025-11-22T00:56:34.098Z","13-14 inch laptop","1470","956","1470","721","2","19","Nov 21 5:00PM","true"
"numerosity_discrimination","3","253","155","7","9","0.7778","j","2447","<div style=""width:100vw;height:100vh;background-color:black;""></div>","f","html-keyboard-response","1285","2.0.0","1119023","171172","testolin2020_replication","2025-11-22T00:56:34.098Z","13-14 inch laptop","1470","956","1470","721","2","19","Nov 21 5:00PM","false"
"numerosity_discrimination","3","254","216","9","14","0.6429","j","405","<div style=""width:100vw;height:100vh;background-color:black;""></div>","j","html-keyboard-response","1290","2.0.0","1121938","171172","testolin2020_replication","2025-11-22T00:56:34.098Z","13-14 inch laptop","1470","956","1470","721","2","19","Nov 21 5:00PM","true"
"numerosity_discrimination","3","255","94","22","25","0.88","j","611","<div style=""width:100vw;height:100vh;background-color:black;""></div>","j","html-keyboard-response","1295","2.0.0","1124998","171172","testolin2020_replication","2025-11-22T00:56:34.098Z","13-14 inch laptop","1470","956","1470","721","2","19","Nov 21 5:00PM","true"
"numerosity_discrimination","3","256","180","9","7","0.7778","j","736","<div style=""width:100vw;height:100vh;background-color:black;""></div>","f","html-keyboard-response","1300","2.0.0","1128040","171172","testolin2020_replication","2025-11-22T00:56:34.098Z","13-14 inch laptop","1470","956","1470","721","2","19","Nov 21 5:00PM","false"
"numerosity_discrimination","3","257","276","16","8","0.5","j","1297","<div style=""width:100vw;height:100vh;background-color:black;""></div>","f","html-keyboard-response","1305","2.0.0","1131672","171172","testolin2020_replication","2025-11-22T00:56:34.098Z","13-14 inch laptop","1470","956","1470","721","2","19","Nov 21 5:00PM","false"
"numerosity_discrimination","3","258","139","9","7","0.7778","j","990","<div style=""width:100vw;height:100vh;background-color:black;""></div>","f","html-keyboard-response","1310","2.0.0","1135240","171172","testolin2020_replication","2025-11-22T00:56:34.098Z","13-14 inch laptop","1470","956","1470","721","2","19","Nov 21 5:00PM","false"
"numerosity_discrimination","3","259","223","28","18","0.6429","j","618","<div style=""width:100vw;height:100vh;background-color:black;""></div>","f","html-keyboard-response","1315","2.0.0","1138105","171172","testolin2020_replication","2025-11-22T00:56:34.098Z","13-14 inch laptop","1470","956","1470","721","2","19","Nov 21 5:00PM","false"
"numerosity_discrimination","3","260","118","20","25","0.8","j","104","<div style=""width:100vw;height:100vh;background-color:black;""></div>","j","html-keyboard-response","1320","2.0.0","1140732","171172","testolin2020_replication","2025-11-22T00:56:34.098Z","13-14 inch laptop","1470","956","1470","721","2","19","Nov 21 5:00PM","true"
"numerosity_discrimination","3","261","211","8","12","0.6667","j","363","<div style=""width:100vw;height:100vh;background-color:black;""></div>","f","html-keyboard-response","1325","2.0.0","1143330","171172","testolin2020_replication","2025-11-22T00:56:34.098Z","13-14 inch laptop","1470","956","1470","721","2","19","Nov 21 5:00PM","false"
"numerosity_discrimination","3","262","97","7","8","0.875","j","264","<div style=""width:100vw;height:100vh;background-color:black;""></div>","j","html-keyboard-response","1330","2.0.0","1146015","171172","testolin2020_replication","2025-11-22T00:56:34.098Z","13-14 inch laptop","1470","956","1470","721","2","19","Nov 21 5:00PM","true"
"numerosity_discrimination","3","263","165","14","10","0.7143","j","2912","<div style=""width:100vw;height:100vh;background-color:black;""></div>","f","html-keyboard-response","1335","2.0.0","1151271","171172","testolin2020_replication","2025-11-22T00:56:34.098Z","13-14 inch laptop","1470","956","1470","721","2","19","Nov 21 5:00PM","false"
"numerosity_discrimination","3","264","298","9","18","0.5","j","558","<div style=""width:100vw;height:100vh;background-color:black;""></div>","f","html-keyboard-response","1340","2.0.0","1154153","171172","testolin2020_replication","2025-11-22T00:56:34.098Z","13-14 inch laptop","1470","956","1470","721","2","19","Nov 21 5:00PM","false"
"numerosity_discrimination","3","265","152","16","12","0.75","j","600","<div style=""width:100vw;height:100vh;background-color:black;""></div>","f","html-keyboard-response","1345","2.0.0","1156949","171172","testolin2020_replication","2025-11-22T00:56:34.098Z","13-14 inch laptop","1470","956","1470","721","2","19","Nov 21 5:00PM","false"
"numerosity_discrimination","3","266","104","8","7","0.875","j","230","<div style=""width:100vw;height:100vh;background-color:black;""></div>","j","html-keyboard-response","1350","2.0.0","1159431","171172","testolin2020_replication","2025-11-22T00:56:34.098Z","13-14 inch laptop","1470","956","1470","721","2","19","Nov 21 5:00PM","true"
"numerosity_discrimination","3","267","262","9","14","0.6429","j","526","<div style=""width:100vw;height:100vh;background-color:black;""></div>","f","html-keyboard-response","1355","2.0.0","1162218","171172","testolin2020_replication","2025-11-22T00:56:34.098Z","13-14 inch laptop","1470","956","1470","721","2","19","Nov 21 5:00PM","false"
"numerosity_discrimination","3","268","269","9","14","0.6429","j","1694","<div style=""width:100vw;height:100vh;background-color:black;""></div>","f","html-keyboard-response","1360","2.0.0","1166547","171172","testolin2020_replication","2025-11-22T00:56:34.098Z","13-14 inch laptop","1470","956","1470","721","2","19","Nov 21 5:00PM","false"
"numerosity_discrimination","3","269","252","18","28","0.6429","j","697","<div style=""width:100vw;height:100vh;background-color:black;""></div>","j","html-keyboard-response","1365","2.0.0","1169548","171172","testolin2020_replication","2025-11-22T00:56:34.098Z","13-14 inch laptop","1470","956","1470","721","2","19","Nov 21 5:00PM","true"
"numerosity_discrimination","3","270","130","22","28","0.7857","j","513","<div style=""width:100vw;height:100vh;background-color:black;""></div>","f","html-keyboard-response","1370","2.0.0","1172358","171172","testolin2020_replication","2025-11-22T00:56:34.098Z","13-14 inch laptop","1470","956","1470","721","2","19","Nov 21 5:00PM","false"
"numerosity_discrimination","3","271","1","9","8","0.8889","j","610","<div style=""width:100vw;height:100vh;background-color:black;""></div>","f","html-keyboard-response","1375","2.0.0","1175578","171172","testolin2020_replication","2025-11-22T00:56:34.098Z","13-14 inch laptop","1470","956","1470","721","2","19","Nov 21 5:00PM","false"
"numerosity_discrimination","3","272","255","18","28","0.6429","j","2458","<div style=""width:100vw;height:100vh;background-color:black;""></div>","j","html-keyboard-response","1380","2.0.0","1180599","171172","testolin2020_replication","2025-11-22T00:56:34.098Z","13-14 inch laptop","1470","956","1470","721","2","19","Nov 21 5:00PM","true"
"numerosity_discrimination","3","273","40","10","12","0.8333","j","20","<div style=""width:100vw;height:100vh;background-color:black;""></div>","f","html-keyboard-response","1385","2.0.0","1183209","171172","testolin2020_replication","2025-11-22T00:56:34.098Z","13-14 inch laptop","1470","956","1470","721","2","19","Nov 21 5:00PM","false"
"numerosity_discrimination","3","274","277","20","10","0.5","j","1624","<div style=""width:100vw;height:100vh;background-color:black;""></div>","j","html-keyboard-response","1390","2.0.0","1187147","171172","testolin2020_replication","2025-11-22T00:56:34.098Z","13-14 inch laptop","1470","956","1470","721","2","19","Nov 21 5:00PM","true"
"numerosity_discrimination","3","275","73","14","12","0.8571","j","2035","<div style=""width:100vw;height:100vh;background-color:black;""></div>","f","html-keyboard-response","1395","2.0.0","1191425","171172","testolin2020_replication","2025-11-22T00:56:34.098Z","13-14 inch laptop","1470","956","1470","721","2","19","Nov 21 5:00PM","false"
"numerosity_discrimination","3","276","81","16","18","0.8889","j","1279","<div style=""width:100vw;height:100vh;background-color:black;""></div>","f","html-keyboard-response","1400","2.0.0","1195302","171172","testolin2020_replication","2025-11-22T00:56:34.098Z","13-14 inch laptop","1470","956","1470","721","2","19","Nov 21 5:00PM","false"
"numerosity_discrimination","3","277","169","18","25","0.72","j","509230","<div style=""width:100vw;height:100vh;background-color:black;""></div>","f","html-keyboard-response","1405","2.0.0","3428880","171172","testolin2020_replication","2025-11-22T00:56:34.098Z","13-14 inch laptop","1470","956","1470","721","2","19","Nov 21 5:00PM","false"
"numerosity_discrimination","3","278","296","9","16","0.5625","j","4228078","<div style=""width:100vw;height:100vh;background-color:black;""></div>","f","html-keyboard-response","1410","2.0.0","12083377","171172","testolin2020_replication","2025-11-22T00:56:34.098Z","13-14 inch laptop","1470","956","1470","721","2","19","Nov 21 5:00PM","false"
"numerosity_discrimination","3","279","25","11","9","0.8182","j","3402","<div style=""width:100vw;height:100vh;background-color:black;""></div>","j","html-keyboard-response","1415","2.0.0","12088993","171172","testolin2020_replication","2025-11-22T00:56:34.098Z","13-14 inch laptop","1470","956","1470","721","2","19","Nov 21 5:00PM","true"
"numerosity_discrimination","3","280","289","22","12","0.5455","j","67","<div style=""width:100vw;height:100vh;background-color:black;""></div>","j","html-keyboard-response","1420","2.0.0","12091296","171172","testolin2020_replication","2025-11-22T00:56:34.098Z","13-14 inch laptop","1470","956","1470","721","2","19","Nov 21 5:00PM","true"
"numerosity_discrimination","3","281","33","8","9","0.8889","j","56","<div style=""width:100vw;height:100vh;background-color:black;""></div>","f","html-keyboard-response","1425","2.0.0","12093581","171172","testolin2020_replication","2025-11-22T00:56:34.098Z","13-14 inch laptop","1470","956","1470","721","2","19","Nov 21 5:00PM","false"
"numerosity_discrimination","3","282","43","11","9","0.8182","j","11","<div style=""width:100vw;height:100vh;background-color:black;""></div>","f","html-keyboard-response","1430","2.0.0","12095961","171172","testolin2020_replication","2025-11-22T00:56:34.098Z","13-14 inch laptop","1470","956","1470","721","2","19","Nov 21 5:00PM","false"
"numerosity_discrimination","3","283","147","8","11","0.7273","j","5967","<div style=""width:100vw;height:100vh;background-color:black;""></div>","f","html-keyboard-response","1435","2.0.0","12104350","171172","testolin2020_replication","2025-11-22T00:56:34.098Z","13-14 inch laptop","1470","956","1470","721","2","19","Nov 21 5:00PM","false"
"numerosity_discrimination","3","284","98","25","28","0.8929","j","85","<div style=""width:100vw;height:100vh;background-color:black;""></div>","f","html-keyboard-response","1440","2.0.0","12106740","171172","testolin2020_replication","2025-11-22T00:56:34.098Z","13-14 inch laptop","1470","956","1470","721","2","19","Nov 21 5:00PM","false"
"numerosity_discrimination","3","285","39","20","16","0.8","j","16","<div style=""width:100vw;height:100vh;background-color:black;""></div>","f","html-keyboard-response","1445","2.0.0","12109256","171172","testolin2020_replication","2025-11-22T00:56:34.098Z","13-14 inch laptop","1470","956","1470","721","2","19","Nov 21 5:00PM","false"
"numerosity_discrimination","3","286","115","25","28","0.8929","j","985","<div style=""width:100vw;height:100vh;background-color:black;""></div>","f","html-keyboard-response","1450","2.0.0","12112573","171172","testolin2020_replication","2025-11-22T00:56:34.098Z","13-14 inch laptop","1470","956","1470","721","2","19","Nov 21 5:00PM","false"
"numerosity_discrimination","3","287","80","16","18","0.8889","j","936","<div style=""width:100vw;height:100vh;background-color:black;""></div>","f","html-keyboard-response","1455","2.0.0","12116096","171172","testolin2020_replication","2025-11-22T00:56:34.098Z","13-14 inch laptop","1470","956","1470","721","2","19","Nov 21 5:00PM","false"
"numerosity_discrimination","3","288","144","28","20","0.7143","j","6432062","<div style=""width:100vw;height:100vh;background-color:black;""></div>","j","html-keyboard-response","1460","2.0.0","99183212","171172","testolin2020_replication","2025-11-22T00:56:34.098Z","13-14 inch laptop","1470","956","1470","721","2","19","Nov 21 5:00PM","true"
"numerosity_discrimination","3","289","45","25","20","0.8","j","1294","<div style=""width:100vw;height:100vh;background-color:black;""></div>","j","html-keyboard-response","1465","2.0.0","99186883","171172","testolin2020_replication","2025-11-22T00:56:34.098Z","13-14 inch laptop","1470","956","1470","721","2","19","Nov 21 5:00PM","true"
"numerosity_discrimination","3","290","200","12","9","0.75","j","206","<div style=""width:100vw;height:100vh;background-color:black;""></div>","j","html-keyboard-response","1470","2.0.0","99189435","171172","testolin2020_replication","2025-11-22T00:56:34.098Z","13-14 inch laptop","1470","956","1470","721","2","19","Nov 21 5:00PM","true"
"numerosity_discrimination","3","291","212","22","14","0.6364","j","102","<div style=""width:100vw;height:100vh;background-color:black;""></div>","j","html-keyboard-response","1475","2.0.0","99191727","171172","testolin2020_replication","2025-11-22T00:56:34.098Z","13-14 inch laptop","1470","956","1470","721","2","19","Nov 21 5:00PM","true"
"numerosity_discrimination","3","292","207","7","9","0.7778","j","25","<div style=""width:100vw;height:100vh;background-color:black;""></div>","f","html-keyboard-response","1480","2.0.0","99194145","171172","testolin2020_replication","2025-11-22T00:56:34.098Z","13-14 inch laptop","1470","956","1470","721","2","19","Nov 21 5:00PM","false"
"numerosity_discrimination","3","293","204","7","9","0.7778","j","56","<div style=""width:100vw;height:100vh;background-color:black;""></div>","f","html-keyboard-response","1485","2.0.0","99196541","171172","testolin2020_replication","2025-11-22T00:56:34.098Z","13-14 inch laptop","1470","956","1470","721","2","19","Nov 21 5:00PM","false"
"numerosity_discrimination","3","294","47","20","25","0.8","j","6","<div style=""width:100vw;height:100vh;background-color:black;""></div>","j","html-keyboard-response","1490","2.0.0","99198880","171172","testolin2020_replication","2025-11-22T00:56:34.098Z","13-14 inch laptop","1470","956","1470","721","2","19","Nov 21 5:00PM","true"
"numerosity_discrimination","3","295","206","9","7","0.7778","j","909","<div style=""width:100vw;height:100vh;background-color:black;""></div>","j","html-keyboard-response","1495","2.0.0","99202054","171172","testolin2020_replication","2025-11-22T00:56:34.098Z","13-14 inch laptop","1470","956","1470","721","2","19","Nov 21 5:00PM","true"
"numerosity_discrimination","3","296","91","12","14","0.8571","j","28218","<div style=""width:100vw;height:100vh;background-color:black;""></div>","j","html-keyboard-response","1500","2.0.0","99232823","171172","testolin2020_replication","2025-11-22T00:56:34.098Z","13-14 inch laptop","1470","956","1470","721","2","19","Nov 21 5:00PM","true"
"numerosity_discrimination","3","297","263","22","14","0.6364","j","691","<div style=""width:100vw;height:100vh;background-color:black;""></div>","f","html-keyboard-response","1505","2.0.0","99236104","171172","testolin2020_replication","2025-11-22T00:56:34.098Z","13-14 inch laptop","1470","956","1470","721","2","19","Nov 21 5:00PM","false"
"numerosity_discrimination","3","298","110","7","8","0.875","j","321","<div style=""width:100vw;height:100vh;background-color:black;""></div>","j","html-keyboard-response","1510","2.0.0","99238675","171172","testolin2020_replication","2025-11-22T00:56:34.098Z","13-14 inch laptop","1470","956","1470","721","2","19","Nov 21 5:00PM","true"
"numerosity_discrimination","3","299","222","16","10","0.625","j","51596","<div style=""width:100vw;height:100vh;background-color:black;""></div>","j","html-keyboard-response","1515","2.0.0","99292670","171172","testolin2020_replication","2025-11-22T00:56:34.098Z","13-14 inch laptop","1470","956","1470","721","2","19","Nov 21 5:00PM","true"
"numerosity_discrimination","3","300","143","20","28","0.7143","j","488574","<div style=""width:100vw;height:100vh;background-color:black;""></div>","f","html-keyboard-response","1520","2.0.0","99783570","171172","testolin2020_replication","2025-11-22T00:56:34.098Z","13-14 inch laptop","1470","956","1470","721","2","19","Nov 21 5:00PM","false"
