"task","block","pair_order","pair_num","left_n","right_n","pair_ratio","correct_key","rt","stimulus","response","trial_type","trial_index","plugin_version","time_elapsed","participant_id","experiment","date","screen_size_category","screen_width_pixels","screen_height_pixels","window_width_pixels","window_height_pixels","pixel_ratio","participant_age","time_slot","correct"
"numerosity_discrimination","1","1","286","18","10","0.5556","j","1205","<div style=""width:100vw;height:100vh;background-color:black;""></div>","f","html-keyboard-response","21","2.0.0","339577","171898","testolin2020_replication","2025-11-24T05:59:12.903Z","13-14 inch laptop","1470","956","1470","797","2","19","Nov 28, 11:00pm","false"
"numerosity_discrimination","1","2","61","8","10","0.8","j","1527","<div style=""width:100vw;height:100vh;background-color:black;""></div>","j","html-keyboard-response","26","2.0.0","343277","171898","testolin2020_replication","2025-11-24T05:59:12.903Z","13-14 inch laptop","1470","956","1470","797","2","19","Nov 28, 11:00pm","true"
"numerosity_discrimination","1","3","271","20","11","0.55","j","625","<div style=""width:100vw;height:100vh;background-color:black;""></div>","f","html-keyboard-response","31","2.0.0","346072","171898","testolin2020_replication","2025-11-24T05:59:12.903Z","13-14 inch laptop","1470","956","1470","797","2","19","Nov 28, 11:00pm","false"
"numerosity_discrimination","1","4","128","22","28","0.7857","j","532","<div style=""width:100vw;height:100vh;background-color:black;""></div>","j","html-keyboard-response","36","2.0.0","349038","171898","testolin2020_replication","2025-11-24T05:59:12.903Z","13-14 inch laptop","1470","956","1470","797","2","19","Nov 28, 11:00pm","true"
"numerosity_discrimination","1","5","278","9","18","0.5","j","728","<div style=""width:100vw;height:100vh;background-color:black;""></div>","j","html-keyboard-response","41","2.0.0","352244","171898","testolin2020_replication","2025-11-24T05:59:12.903Z","13-14 inch laptop","1470","956","1470","797","2","19","Nov 28, 11:00pm","true"
"numerosity_discrimination","1","6","51","10","12","0.8333","j","741","<div style=""width:100vw;height:100vh;background-color:black;""></div>","j","html-keyboard-response","46","2.0.0","355601","171898","testolin2020_replication","2025-11-24T05:59:12.903Z","13-14 inch laptop","1470","956","1470","797","2","19","Nov 28, 11:00pm","true"
"numerosity_discrimination","1","7","188","9","12","0.75","j","742","<div style=""width:100vw;height:100vh;background-color:black;""></div>","j","html-keyboard-response","51","2.0.0","358559","171898","testolin2020_replication","2025-11-24T05:59:12.903Z","13-14 inch laptop","1470","956","1470","797","2","19","Nov 28, 11:00pm","true"
"numerosity_discrimination","1","8","236","22","14","0.6364","j","660","<div style=""width:100vw;height:100vh;background-color:black;""></div>","f","html-keyboard-response","56","2.0.0","361630","171898","testolin2020_replication","2025-11-24T05:59:12.903Z","13-14 inch laptop","1470","956","1470","797","2","19","Nov 28, 11:00pm","false"
"numerosity_discrimination","1","9","35","9","8","0.8889","j","669","<div style=""width:100vw;height:100vh;background-color:black;""></div>","j","html-keyboard-response","61","2.0.0","364733","171898","testolin2020_replication","2025-11-24T05:59:12.903Z","13-14 inch laptop","1470","956","1470","797","2","19","Nov 28, 11:00pm","true"
"numerosity_discrimination","1","10","267","18","28","0.6429","j","623","<div style=""width:100vw;height:100vh;background-color:black;""></div>","j","html-keyboard-response","66","2.0.0","367816","171898","testolin2020_replication","2025-11-24T05:59:12.903Z","13-14 inch laptop","1470","956","1470","797","2","19","Nov 28, 11:00pm","true"
"numerosity_discrimination","1","11","280","28","16","0.5714","j","450","<div style=""width:100vw;height:100vh;background-color:black;""></div>","f","html-keyboard-response","71","2.0.0","370819","171898","testolin2020_replication","2025-11-24T05:59:12.903Z","13-14 inch laptop","1470","956","1470","797","2","19","Nov 28, 11:00pm","false"
"numerosity_discrimination","1","12","279","20","11","0.55","j","443","<div style=""width:100vw;height:100vh;background-color:black;""></div>","f","html-keyboard-response","76","2.0.0","373443","171898","testolin2020_replication","2025-11-24T05:59:12.903Z","13-14 inch laptop","1470","956","1470","797","2","19","Nov 28, 11:00pm","false"
"numerosity_discrimination","1","13","167","9","12","0.75","j","539","<div style=""width:100vw;height:100vh;background-color:black;""></div>","j","html-keyboard-response","81","2.0.0","376515","171898","testolin2020_replication","2025-11-24T05:59:12.903Z","13-14 inch laptop","1470","956","1470","797","2","19","Nov 28, 11:00pm","true"
"numerosity_discrimination","1","14","9","9","8","0.8889","j","696","<div style=""width:100vw;height:100vh;background-color:black;""></div>","f","html-keyboard-response","86","2.0.0","379854","171898","testolin2020_replication","2025-11-24T05:59:12.903Z","13-14 inch laptop","1470","956","1470","797","2","19","Nov 28, 11:00pm","false"
"numerosity_discrimination","1","15","202","9","7","0.7778","j","1172","<div style=""width:100vw;height:100vh;background-color:black;""></div>","j","html-keyboard-response","91","2.0.0","383222","171898","testolin2020_replication","2025-11-24T05:59:12.903Z","13-14 inch laptop","1470","956","1470","797","2","19","Nov 28, 11:00pm","true"
"numerosity_discrimination","1","16","272","10","20","0.5","j","455","<div style=""width:100vw;height:100vh;background-color:black;""></div>","j","html-keyboard-response","96","2.0.0","386188","171898","testolin2020_replication","2025-11-24T05:59:12.903Z","13-14 inch laptop","1470","956","1470","797","2","19","Nov 28, 11:00pm","true"
"numerosity_discrimination","1","17","235","14","9","0.6429","j","511","<div style=""width:100vw;height:100vh;background-color:black;""></div>","f","html-keyboard-response","101","2.0.0","389089","171898","testolin2020_replication","2025-11-24T05:59:12.903Z","13-14 inch laptop","1470","956","1470","797","2","19","Nov 28, 11:00pm","false"
"numerosity_discrimination","1","18","67","11","9","0.8182","j","446","<div style=""width:100vw;height:100vh;background-color:black;""></div>","f","html-keyboard-response","106","2.0.0","391894","171898","testolin2020_replication","2025-11-24T05:59:12.903Z","13-14 inch laptop","1470","956","1470","797","2","19","Nov 28, 11:00pm","false"
"numerosity_discrimination","1","19","160","12","16","0.75","j","136","<div style=""width:100vw;height:100vh;background-color:black;""></div>","j","html-keyboard-response","111","2.0.0","394672","171898","testolin2020_replication","2025-11-24T05:59:12.903Z","13-14 inch laptop","1470","956","1470","797","2","19","Nov 28, 11:00pm","true"
"numerosity_discrimination","1","20","31","28","25","0.8929","j","184","<div style=""width:100vw;height:100vh;background-color:black;""></div>","f","html-keyboard-response","116","2.0.0","397220","171898","testolin2020_replication","2025-11-24T05:59:12.903Z","13-14 inch laptop","1470","956","1470","797","2","19","Nov 28, 11:00pm","false"
"numerosity_discrimination","1","21","213","18","11","0.6111","j","38","<div style=""width:100vw;height:100vh;background-color:black;""></div>","j","html-keyboard-response","121","2.0.0","399897","171898","testolin2020_replication","2025-11-24T05:59:12.903Z","13-14 inch laptop","1470","956","1470","797","2","19","Nov 28, 11:00pm","true"
"numerosity_discrimination","1","22","193","25","18","0.72","j","436","<div style=""width:100vw;height:100vh;background-color:black;""></div>","f","html-keyboard-response","126","2.0.0","402993","171898","testolin2020_replication","2025-11-24T05:59:12.903Z","13-14 inch laptop","1470","956","1470","797","2","19","Nov 28, 11:00pm","false"
"numerosity_discrimination","1","23","105","28","25","0.8929","j","227","<div style=""width:100vw;height:100vh;background-color:black;""></div>","f","html-keyboard-response","131","2.0.0","405715","171898","testolin2020_replication","2025-11-24T05:59:12.903Z","13-14 inch laptop","1470","956","1470","797","2","19","Nov 28, 11:00pm","false"
"numerosity_discrimination","1","24","158","18","14","0.7778","j","484","<div style=""width:100vw;height:100vh;background-color:black;""></div>","f","html-keyboard-response","136","2.0.0","408572","171898","testolin2020_replication","2025-11-24T05:59:12.903Z","13-14 inch laptop","1470","956","1470","797","2","19","Nov 28, 11:00pm","false"
"numerosity_discrimination","1","25","175","11","14","0.7857","j","506","<div style=""width:100vw;height:100vh;background-color:black;""></div>","j","html-keyboard-response","141","2.0.0","411488","171898","testolin2020_replication","2025-11-24T05:59:12.903Z","13-14 inch laptop","1470","956","1470","797","2","19","Nov 28, 11:00pm","true"
"numerosity_discrimination","1","26","254","20","12","0.6","j","172","<div style=""width:100vw;height:100vh;background-color:black;""></div>","f","html-keyboard-response","146","2.0.0","413965","171898","testolin2020_replication","2025-11-24T05:59:12.903Z","13-14 inch laptop","1470","956","1470","797","2","19","Nov 28, 11:00pm","false"
"numerosity_discrimination","1","27","221","16","10","0.625","j","295","<div style=""width:100vw;height:100vh;background-color:black;""></div>","f","html-keyboard-response","151","2.0.0","416632","171898","testolin2020_replication","2025-11-24T05:59:12.903Z","13-14 inch laptop","1470","956","1470","797","2","19","Nov 28, 11:00pm","false"
"numerosity_discrimination","1","28","55","18","16","0.8889","j","962","<div style=""width:100vw;height:100vh;background-color:black;""></div>","f","html-keyboard-response","156","2.0.0","420094","171898","testolin2020_replication","2025-11-24T05:59:12.903Z","13-14 inch laptop","1470","956","1470","797","2","19","Nov 28, 11:00pm","false"
"numerosity_discrimination","1","29","120","14","12","0.8571","j","610","<div style=""width:100vw;height:100vh;background-color:black;""></div>","j","html-keyboard-response","161","2.0.0","422943","171898","testolin2020_replication","2025-11-24T05:59:12.903Z","13-14 inch laptop","1470","956","1470","797","2","19","Nov 28, 11:00pm","true"
"numerosity_discrimination","1","30","89","11","9","0.8182","j","360","<div style=""width:100vw;height:100vh;background-color:black;""></div>","f","html-keyboard-response","166","2.0.0","425508","171898","testolin2020_replication","2025-11-24T05:59:12.903Z","13-14 inch laptop","1470","956","1470","797","2","19","Nov 28, 11:00pm","false"
"numerosity_discrimination","1","31","108","8","9","0.8889","j","301","<div style=""width:100vw;height:100vh;background-color:black;""></div>","j","html-keyboard-response","171","2.0.0","428398","171898","testolin2020_replication","2025-11-24T05:59:12.903Z","13-14 inch laptop","1470","956","1470","797","2","19","Nov 28, 11:00pm","true"
"numerosity_discrimination","1","32","23","11","9","0.8182","j","340","<div style=""width:100vw;height:100vh;background-color:black;""></div>","f","html-keyboard-response","176","2.0.0","431053","171898","testolin2020_replication","2025-11-24T05:59:12.903Z","13-14 inch laptop","1470","956","1470","797","2","19","Nov 28, 11:00pm","false"
"numerosity_discrimination","1","33","48","14","16","0.875","j","423","<div style=""width:100vw;height:100vh;background-color:black;""></div>","j","html-keyboard-response","181","2.0.0","433639","171898","testolin2020_replication","2025-11-24T05:59:12.903Z","13-14 inch laptop","1470","956","1470","797","2","19","Nov 28, 11:00pm","true"
"numerosity_discrimination","1","34","177","8","11","0.7273","j","248","<div style=""width:100vw;height:100vh;background-color:black;""></div>","j","html-keyboard-response","186","2.0.0","436279","171898","testolin2020_replication","2025-11-24T05:59:12.903Z","13-14 inch laptop","1470","956","1470","797","2","19","Nov 28, 11:00pm","true"
"numerosity_discrimination","1","35","26","28","25","0.8929","j","361","<div style=""width:100vw;height:100vh;background-color:black;""></div>","f","html-keyboard-response","191","2.0.0","438947","171898","testolin2020_replication","2025-11-24T05:59:12.903Z","13-14 inch laptop","1470","956","1470","797","2","19","Nov 28, 11:00pm","false"
"numerosity_discrimination","1","36","166","20","14","0.7","j","988","<div style=""width:100vw;height:100vh;background-color:black;""></div>","f","html-keyboard-response","196","2.0.0","442383","171898","testolin2020_replication","2025-11-24T05:59:12.903Z","13-14 inch laptop","1470","956","1470","797","2","19","Nov 28, 11:00pm","false"
"numerosity_discrimination","1","37","261","28","18","0.6429","j","158","<div style=""width:100vw;height:100vh;background-color:black;""></div>","f","html-keyboard-response","201","2.0.0","445184","171898","testolin2020_replication","2025-11-24T05:59:12.903Z","13-14 inch laptop","1470","956","1470","797","2","19","Nov 28, 11:00pm","false"
"numerosity_discrimination","1","38","32","16","20","0.8","j","65","<div style=""width:100vw;height:100vh;background-color:black;""></div>","j","html-keyboard-response","206","2.0.0","447417","171898","testolin2020_replication","2025-11-24T05:59:12.903Z","13-14 inch laptop","1470","956","1470","797","2","19","Nov 28, 11:00pm","true"
"numerosity_discrimination","1","39","103","14","12","0.8571","j","230","<div style=""width:100vw;height:100vh;background-color:black;""></div>","f","html-keyboard-response","211","2.0.0","450198","171898","testolin2020_replication","2025-11-24T05:59:12.903Z","13-14 inch laptop","1470","956","1470","797","2","19","Nov 28, 11:00pm","false"
"numerosity_discrimination","1","40","197","12","16","0.75","j","242","<div style=""width:100vw;height:100vh;background-color:black;""></div>","j","html-keyboard-response","216","2.0.0","452753","171898","testolin2020_replication","2025-11-24T05:59:12.903Z","13-14 inch laptop","1470","956","1470","797","2","19","Nov 28, 11:00pm","true"
"numerosity_discrimination","1","41","268","18","11","0.6111","j","57","<div style=""width:100vw;height:100vh;background-color:black;""></div>","f","html-keyboard-response","221","2.0.0","455132","171898","testolin2020_replication","2025-11-24T05:59:12.903Z","13-14 inch laptop","1470","956","1470","797","2","19","Nov 28, 11:00pm","false"
"numerosity_discrimination","1","42","299","20","10","0.5","j","204","<div style=""width:100vw;height:100vh;background-color:black;""></div>","f","html-keyboard-response","226","2.0.0","457976","171898","testolin2020_replication","2025-11-24T05:59:12.903Z","13-14 inch laptop","1470","956","1470","797","2","19","Nov 28, 11:00pm","false"
"numerosity_discrimination","1","43","179","22","16","0.7273","j","182","<div style=""width:100vw;height:100vh;background-color:black;""></div>","f","html-keyboard-response","231","2.0.0","460591","171898","testolin2020_replication","2025-11-24T05:59:12.903Z","13-14 inch laptop","1470","956","1470","797","2","19","Nov 28, 11:00pm","false"
"numerosity_discrimination","1","44","203","11","8","0.7273","j","291","<div style=""width:100vw;height:100vh;background-color:black;""></div>","j","html-keyboard-response","236","2.0.0","463377","171898","testolin2020_replication","2025-11-24T05:59:12.903Z","13-14 inch laptop","1470","956","1470","797","2","19","Nov 28, 11:00pm","true"
"numerosity_discrimination","1","45","245","10","16","0.625","j","498","<div style=""width:100vw;height:100vh;background-color:black;""></div>","j","html-keyboard-response","241","2.0.0","466363","171898","testolin2020_replication","2025-11-24T05:59:12.903Z","13-14 inch laptop","1470","956","1470","797","2","19","Nov 28, 11:00pm","true"
"numerosity_discrimination","1","46","34","16","18","0.8889","j","289","<div style=""width:100vw;height:100vh;background-color:black;""></div>","f","html-keyboard-response","246","2.0.0","469125","171898","testolin2020_replication","2025-11-24T05:59:12.903Z","13-14 inch laptop","1470","956","1470","797","2","19","Nov 28, 11:00pm","false"
"numerosity_discrimination","1","47","164","20","14","0.7","j","394","<div style=""width:100vw;height:100vh;background-color:black;""></div>","f","html-keyboard-response","251","2.0.0","471758","171898","testolin2020_replication","2025-11-24T05:59:12.903Z","13-14 inch laptop","1470","956","1470","797","2","19","Nov 28, 11:00pm","false"
"numerosity_discrimination","1","48","186","22","28","0.7857","j","111","<div style=""width:100vw;height:100vh;background-color:black;""></div>","j","html-keyboard-response","256","2.0.0","474498","171898","testolin2020_replication","2025-11-24T05:59:12.903Z","13-14 inch laptop","1470","956","1470","797","2","19","Nov 28, 11:00pm","true"
"numerosity_discrimination","1","49","19","18","22","0.8182","j","300","<div style=""width:100vw;height:100vh;background-color:black;""></div>","j","html-keyboard-response","261","2.0.0","477343","171898","testolin2020_replication","2025-11-24T05:59:12.903Z","13-14 inch laptop","1470","956","1470","797","2","19","Nov 28, 11:00pm","true"
"numerosity_discrimination","1","50","22","16","20","0.8","j","421","<div style=""width:100vw;height:100vh;background-color:black;""></div>","j","html-keyboard-response","266","2.0.0","480153","171898","testolin2020_replication","2025-11-24T05:59:12.903Z","13-14 inch laptop","1470","956","1470","797","2","19","Nov 28, 11:00pm","true"
"numerosity_discrimination","1","51","285","11","22","0.5","j","208","<div style=""width:100vw;height:100vh;background-color:black;""></div>","j","html-keyboard-response","271","2.0.0","482886","171898","testolin2020_replication","2025-11-24T05:59:12.903Z","13-14 inch laptop","1470","956","1470","797","2","19","Nov 28, 11:00pm","true"
"numerosity_discrimination","1","52","54","22","18","0.8182","j","151","<div style=""width:100vw;height:100vh;background-color:black;""></div>","f","html-keyboard-response","276","2.0.0","485363","171898","testolin2020_replication","2025-11-24T05:59:12.903Z","13-14 inch laptop","1470","956","1470","797","2","19","Nov 28, 11:00pm","false"
"numerosity_discrimination","1","53","238","20","12","0.6","j","239","<div style=""width:100vw;height:100vh;background-color:black;""></div>","f","html-keyboard-response","281","2.0.0","488123","171898","testolin2020_replication","2025-11-24T05:59:12.903Z","13-14 inch laptop","1470","956","1470","797","2","19","Nov 28, 11:00pm","false"
"numerosity_discrimination","1","54","124","16","12","0.75","j","239","<div style=""width:100vw;height:100vh;background-color:black;""></div>","f","html-keyboard-response","286","2.0.0","490811","171898","testolin2020_replication","2025-11-24T05:59:12.903Z","13-14 inch laptop","1470","956","1470","797","2","19","Nov 28, 11:00pm","false"
"numerosity_discrimination","1","55","18","14","12","0.8571","j","403","<div style=""width:100vw;height:100vh;background-color:black;""></div>","f","html-keyboard-response","291","2.0.0","493756","171898","testolin2020_replication","2025-11-24T05:59:12.903Z","13-14 inch laptop","1470","956","1470","797","2","19","Nov 28, 11:00pm","false"
"numerosity_discrimination","1","56","173","25","18","0.72","j","265","<div style=""width:100vw;height:100vh;background-color:black;""></div>","f","html-keyboard-response","296","2.0.0","496403","171898","testolin2020_replication","2025-11-24T05:59:12.903Z","13-14 inch laptop","1470","956","1470","797","2","19","Nov 28, 11:00pm","false"
"numerosity_discrimination","1","57","63","9","8","0.8889","j","1024","<div style=""width:100vw;height:100vh;background-color:black;""></div>","j","html-keyboard-response","301","2.0.0","499690","171898","testolin2020_replication","2025-11-24T05:59:12.903Z","13-14 inch laptop","1470","956","1470","797","2","19","Nov 28, 11:00pm","true"
"numerosity_discrimination","1","58","159","20","28","0.7143","j","421","<div style=""width:100vw;height:100vh;background-color:black;""></div>","j","html-keyboard-response","306","2.0.0","502500","171898","testolin2020_replication","2025-11-24T05:59:12.903Z","13-14 inch laptop","1470","956","1470","797","2","19","Nov 28, 11:00pm","true"
"numerosity_discrimination","1","59","265","18","28","0.6429","j","414","<div style=""width:100vw;height:100vh;background-color:black;""></div>","j","html-keyboard-response","311","2.0.0","505410","171898","testolin2020_replication","2025-11-24T05:59:12.903Z","13-14 inch laptop","1470","956","1470","797","2","19","Nov 28, 11:00pm","true"
"numerosity_discrimination","1","60","17","12","14","0.8571","j","220","<div style=""width:100vw;height:100vh;background-color:black;""></div>","j","html-keyboard-response","316","2.0.0","508052","171898","testolin2020_replication","2025-11-24T05:59:12.903Z","13-14 inch laptop","1470","956","1470","797","2","19","Nov 28, 11:00pm","true"
"numerosity_discrimination","1","61","140","11","8","0.7273","j","345","<div style=""width:100vw;height:100vh;background-color:black;""></div>","f","html-keyboard-response","321","2.0.0","510995","171898","testolin2020_replication","2025-11-24T05:59:12.903Z","13-14 inch laptop","1470","956","1470","797","2","19","Nov 28, 11:00pm","false"
"numerosity_discrimination","1","62","208","9","7","0.7778","j","582","<div style=""width:100vw;height:100vh;background-color:black;""></div>","j","html-keyboard-response","326","2.0.0","513933","171898","testolin2020_replication","2025-11-24T05:59:12.903Z","13-14 inch laptop","1470","956","1470","797","2","19","Nov 28, 11:00pm","true"
"numerosity_discrimination","1","63","53","18","22","0.8182","j","332","<div style=""width:100vw;height:100vh;background-color:black;""></div>","j","html-keyboard-response","331","2.0.0","516889","171898","testolin2020_replication","2025-11-24T05:59:12.903Z","13-14 inch laptop","1470","956","1470","797","2","19","Nov 28, 11:00pm","true"
"numerosity_discrimination","1","64","126","9","7","0.7778","j","955","<div style=""width:100vw;height:100vh;background-color:black;""></div>","j","html-keyboard-response","336","2.0.0","520377","171898","testolin2020_replication","2025-11-24T05:59:12.903Z","13-14 inch laptop","1470","956","1470","797","2","19","Nov 28, 11:00pm","true"
"numerosity_discrimination","1","65","88","12","10","0.8333","j","163","<div style=""width:100vw;height:100vh;background-color:black;""></div>","f","html-keyboard-response","341","2.0.0","522772","171898","testolin2020_replication","2025-11-24T05:59:12.903Z","13-14 inch laptop","1470","956","1470","797","2","19","Nov 28, 11:00pm","false"
"numerosity_discrimination","1","66","116","28","25","0.8929","j","202","<div style=""width:100vw;height:100vh;background-color:black;""></div>","f","html-keyboard-response","346","2.0.0","525478","171898","testolin2020_replication","2025-11-24T05:59:12.903Z","13-14 inch laptop","1470","956","1470","797","2","19","Nov 28, 11:00pm","false"
"numerosity_discrimination","1","67","4","12","14","0.8571","j","953","<div style=""width:100vw;height:100vh;background-color:black;""></div>","f","html-keyboard-response","351","2.0.0","528768","171898","testolin2020_replication","2025-11-24T05:59:12.903Z","13-14 inch laptop","1470","956","1470","797","2","19","Nov 28, 11:00pm","false"
"numerosity_discrimination","1","68","287","25","14","0.56","j","1382","<div style=""width:100vw;height:100vh;background-color:black;""></div>","f","html-keyboard-response","356","2.0.0","532491","171898","testolin2020_replication","2025-11-24T05:59:12.903Z","13-14 inch laptop","1470","956","1470","797","2","19","Nov 28, 11:00pm","false"
"numerosity_discrimination","1","69","119","12","10","0.8333","j","983","<div style=""width:100vw;height:100vh;background-color:black;""></div>","f","html-keyboard-response","361","2.0.0","536030","171898","testolin2020_replication","2025-11-24T05:59:12.903Z","13-14 inch laptop","1470","956","1470","797","2","19","Nov 28, 11:00pm","false"
"numerosity_discrimination","1","70","122","8","11","0.7273","j","268","<div style=""width:100vw;height:100vh;background-color:black;""></div>","j","html-keyboard-response","366","2.0.0","538859","171898","testolin2020_replication","2025-11-24T05:59:12.903Z","13-14 inch laptop","1470","956","1470","797","2","19","Nov 28, 11:00pm","true"
"numerosity_discrimination","1","71","194","7","9","0.7778","j","221","<div style=""width:100vw;height:100vh;background-color:black;""></div>","j","html-keyboard-response","371","2.0.0","541329","171898","testolin2020_replication","2025-11-24T05:59:12.903Z","13-14 inch laptop","1470","956","1470","797","2","19","Nov 28, 11:00pm","true"
"numerosity_discrimination","1","72","75","12","14","0.8571","j","313","<div style=""width:100vw;height:100vh;background-color:black;""></div>","j","html-keyboard-response","376","2.0.0","543862","171898","testolin2020_replication","2025-11-24T05:59:12.903Z","13-14 inch laptop","1470","956","1470","797","2","19","Nov 28, 11:00pm","true"
"numerosity_discrimination","1","73","150","16","22","0.7273","j","550","<div style=""width:100vw;height:100vh;background-color:black;""></div>","j","html-keyboard-response","381","2.0.0","546776","171898","testolin2020_replication","2025-11-24T05:59:12.903Z","13-14 inch laptop","1470","956","1470","797","2","19","Nov 28, 11:00pm","true"
"numerosity_discrimination","1","74","70","18","16","0.8889","j","229","<div style=""width:100vw;height:100vh;background-color:black;""></div>","f","html-keyboard-response","386","2.0.0","549604","171898","testolin2020_replication","2025-11-24T05:59:12.903Z","13-14 inch laptop","1470","956","1470","797","2","19","Nov 28, 11:00pm","false"
"numerosity_discrimination","1","75","187","18","14","0.7778","j","1040","<div style=""width:100vw;height:100vh;background-color:black;""></div>","j","html-keyboard-response","391","2.0.0","553164","171898","testolin2020_replication","2025-11-24T05:59:12.903Z","13-14 inch laptop","1470","956","1470","797","2","19","Nov 28, 11:00pm","true"
"numerosity_discrimination","1","76","275","14","7","0.5","j","259","<div style=""width:100vw;height:100vh;background-color:black;""></div>","f","html-keyboard-response","396","2.0.0","555853","171898","testolin2020_replication","2025-11-24T05:59:12.903Z","13-14 inch laptop","1470","956","1470","797","2","19","Nov 28, 11:00pm","false"
"numerosity_discrimination","1","77","192","22","28","0.7857","j","289","<div style=""width:100vw;height:100vh;background-color:black;""></div>","j","html-keyboard-response","401","2.0.0","558429","171898","testolin2020_replication","2025-11-24T05:59:12.903Z","13-14 inch laptop","1470","956","1470","797","2","19","Nov 28, 11:00pm","true"
"numerosity_discrimination","1","78","225","14","22","0.6364","j","272","<div style=""width:100vw;height:100vh;background-color:black;""></div>","j","html-keyboard-response","406","2.0.0","561059","171898","testolin2020_replication","2025-11-24T05:59:12.903Z","13-14 inch laptop","1470","956","1470","797","2","19","Nov 28, 11:00pm","true"
"numerosity_discrimination","1","79","59","14","12","0.8571","j","340","<div style=""width:100vw;height:100vh;background-color:black;""></div>","f","html-keyboard-response","411","2.0.0","563996","171898","testolin2020_replication","2025-11-24T05:59:12.903Z","13-14 inch laptop","1470","956","1470","797","2","19","Nov 28, 11:00pm","false"
"numerosity_discrimination","1","80","239","22","14","0.6364","j","309","<div style=""width:100vw;height:100vh;background-color:black;""></div>","f","html-keyboard-response","416","2.0.0","566873","171898","testolin2020_replication","2025-11-24T05:59:12.903Z","13-14 inch laptop","1470","956","1470","797","2","19","Nov 28, 11:00pm","false"
"numerosity_discrimination","1","81","226","14","9","0.6429","j","513","<div style=""width:100vw;height:100vh;background-color:black;""></div>","f","html-keyboard-response","421","2.0.0","569733","171898","testolin2020_replication","2025-11-24T05:59:12.903Z","13-14 inch laptop","1470","956","1470","797","2","19","Nov 28, 11:00pm","false"
"numerosity_discrimination","1","82","259","18","11","0.6111","j","114","<div style=""width:100vw;height:100vh;background-color:black;""></div>","f","html-keyboard-response","426","2.0.0","572424","171898","testolin2020_replication","2025-11-24T05:59:12.903Z","13-14 inch laptop","1470","956","1470","797","2","19","Nov 28, 11:00pm","false"
"numerosity_discrimination","1","83","184","18","14","0.7778","j","390","<div style=""width:100vw;height:100vh;background-color:black;""></div>","f","html-keyboard-response","431","2.0.0","575320","171898","testolin2020_replication","2025-11-24T05:59:12.903Z","13-14 inch laptop","1470","956","1470","797","2","19","Nov 28, 11:00pm","false"
"numerosity_discrimination","1","84","100","28","25","0.8929","j","192","<div style=""width:100vw;height:100vh;background-color:black;""></div>","f","html-keyboard-response","436","2.0.0","577936","171898","testolin2020_replication","2025-11-24T05:59:12.903Z","13-14 inch laptop","1470","956","1470","797","2","19","Nov 28, 11:00pm","false"
"numerosity_discrimination","1","85","38","14","16","0.875","j","212","<div style=""width:100vw;height:100vh;background-color:black;""></div>","j","html-keyboard-response","441","2.0.0","580760","171898","testolin2020_replication","2025-11-24T05:59:12.903Z","13-14 inch laptop","1470","956","1470","797","2","19","Nov 28, 11:00pm","true"
"numerosity_discrimination","1","86","109","12","14","0.8571","j","364","<div style=""width:100vw;height:100vh;background-color:black;""></div>","f","html-keyboard-response","446","2.0.0","583601","171898","testolin2020_replication","2025-11-24T05:59:12.903Z","13-14 inch laptop","1470","956","1470","797","2","19","Nov 28, 11:00pm","false"
"numerosity_discrimination","1","87","231","25","16","0.64","j","210","<div style=""width:100vw;height:100vh;background-color:black;""></div>","f","html-keyboard-response","451","2.0.0","586434","171898","testolin2020_replication","2025-11-24T05:59:12.903Z","13-14 inch laptop","1470","956","1470","797","2","19","Nov 28, 11:00pm","false"
"numerosity_discrimination","1","88","282","8","14","0.5714","j","94","<div style=""width:100vw;height:100vh;background-color:black;""></div>","j","html-keyboard-response","456","2.0.0","588881","171898","testolin2020_replication","2025-11-24T05:59:12.903Z","13-14 inch laptop","1470","956","1470","797","2","19","Nov 28, 11:00pm","true"
"numerosity_discrimination","1","89","37","20","16","0.8","j","218","<div style=""width:100vw;height:100vh;background-color:black;""></div>","f","html-keyboard-response","461","2.0.0","591651","171898","testolin2020_replication","2025-11-24T05:59:12.903Z","13-14 inch laptop","1470","956","1470","797","2","19","Nov 28, 11:00pm","false"
"numerosity_discrimination","1","90","41","16","20","0.8","j","985","<div style=""width:100vw;height:100vh;background-color:black;""></div>","j","html-keyboard-response","466","2.0.0","595210","171898","testolin2020_replication","2025-11-24T05:59:12.903Z","13-14 inch laptop","1470","956","1470","797","2","19","Nov 28, 11:00pm","true"
"numerosity_discrimination","1","91","11","8","10","0.8","j","225","<div style=""width:100vw;height:100vh;background-color:black;""></div>","j","html-keyboard-response","471","2.0.0","597645","171898","testolin2020_replication","2025-11-24T05:59:12.903Z","13-14 inch laptop","1470","956","1470","797","2","19","Nov 28, 11:00pm","true"
"numerosity_discrimination","1","92","163","18","14","0.7778","j","33","<div style=""width:100vw;height:100vh;background-color:black;""></div>","f","html-keyboard-response","476","2.0.0","600147","171898","testolin2020_replication","2025-11-24T05:59:12.903Z","13-14 inch laptop","1470","956","1470","797","2","19","Nov 28, 11:00pm","false"
"numerosity_discrimination","1","93","243","18","12","0.6667","j","205","<div style=""width:100vw;height:100vh;background-color:black;""></div>","f","html-keyboard-response","481","2.0.0","602819","171898","testolin2020_replication","2025-11-24T05:59:12.903Z","13-14 inch laptop","1470","956","1470","797","2","19","Nov 28, 11:00pm","false"
"numerosity_discrimination","1","94","290","12","22","0.5455","j","209","<div style=""width:100vw;height:100vh;background-color:black;""></div>","j","html-keyboard-response","486","2.0.0","605245","171898","testolin2020_replication","2025-11-24T05:59:12.903Z","13-14 inch laptop","1470","956","1470","797","2","19","Nov 28, 11:00pm","true"
"numerosity_discrimination","1","95","281","12","7","0.5833","j","230","<div style=""width:100vw;height:100vh;background-color:black;""></div>","f","html-keyboard-response","491","2.0.0","607925","171898","testolin2020_replication","2025-11-24T05:59:12.903Z","13-14 inch laptop","1470","956","1470","797","2","19","Nov 28, 11:00pm","false"
"numerosity_discrimination","1","96","134","16","12","0.75","j","1580","<div style=""width:100vw;height:100vh;background-color:black;""></div>","j","html-keyboard-response","496","2.0.0","612111","171898","testolin2020_replication","2025-11-24T05:59:12.903Z","13-14 inch laptop","1470","956","1470","797","2","19","Nov 28, 11:00pm","true"
"numerosity_discrimination","1","97","123","12","16","0.75","j","414","<div style=""width:100vw;height:100vh;background-color:black;""></div>","j","html-keyboard-response","501","2.0.0","614730","171898","testolin2020_replication","2025-11-24T05:59:12.903Z","13-14 inch laptop","1470","956","1470","797","2","19","Nov 28, 11:00pm","true"
"numerosity_discrimination","1","98","274","18","9","0.5","j","270","<div style=""width:100vw;height:100vh;background-color:black;""></div>","f","html-keyboard-response","506","2.0.0","617300","171898","testolin2020_replication","2025-11-24T05:59:12.903Z","13-14 inch laptop","1470","956","1470","797","2","19","Nov 28, 11:00pm","false"
"numerosity_discrimination","1","99","112","28","25","0.8929","j","309","<div style=""width:100vw;height:100vh;background-color:black;""></div>","f","html-keyboard-response","511","2.0.0","620161","171898","testolin2020_replication","2025-11-24T05:59:12.903Z","13-14 inch laptop","1470","956","1470","797","2","19","Nov 28, 11:00pm","false"
"numerosity_discrimination","1","100","295","20","10","0.5","j","275","<div style=""width:100vw;height:100vh;background-color:black;""></div>","f","html-keyboard-response","516","2.0.0","622962","171898","testolin2020_replication","2025-11-24T05:59:12.903Z","13-14 inch laptop","1470","956","1470","797","2","19","Nov 28, 11:00pm","false"
"numerosity_discrimination","2","101","46","18","22","0.8182","j","289","<div style=""width:100vw;height:100vh;background-color:black;""></div>","j","html-keyboard-response","523","2.0.0","800958","171898","testolin2020_replication","2025-11-24T05:59:12.903Z","13-14 inch laptop","1470","956","1470","797","2","19","Nov 28, 11:00pm","true"
"numerosity_discrimination","2","102","77","7","8","0.875","j","327","<div style=""width:100vw;height:100vh;background-color:black;""></div>","j","html-keyboard-response","528","2.0.0","803535","171898","testolin2020_replication","2025-11-24T05:59:12.903Z","13-14 inch laptop","1470","956","1470","797","2","19","Nov 28, 11:00pm","true"
"numerosity_discrimination","2","103","68","11","9","0.8182","j","374","<div style=""width:100vw;height:100vh;background-color:black;""></div>","j","html-keyboard-response","533","2.0.0","806209","171898","testolin2020_replication","2025-11-24T05:59:12.903Z","13-14 inch laptop","1470","956","1470","797","2","19","Nov 28, 11:00pm","true"
"numerosity_discrimination","2","104","178","14","11","0.7857","j","294","<div style=""width:100vw;height:100vh;background-color:black;""></div>","f","html-keyboard-response","538","2.0.0","809105","171898","testolin2020_replication","2025-11-24T05:59:12.903Z","13-14 inch laptop","1470","956","1470","797","2","19","Nov 28, 11:00pm","false"
"numerosity_discrimination","2","105","30","11","9","0.8182","j","364","<div style=""width:100vw;height:100vh;background-color:black;""></div>","f","html-keyboard-response","543","2.0.0","811828","171898","testolin2020_replication","2025-11-24T05:59:12.903Z","13-14 inch laptop","1470","956","1470","797","2","19","Nov 28, 11:00pm","false"
"numerosity_discrimination","2","106","86","22","25","0.88","j","446","<div style=""width:100vw;height:100vh;background-color:black;""></div>","j","html-keyboard-response","548","2.0.0","814823","171898","testolin2020_replication","2025-11-24T05:59:12.903Z","13-14 inch laptop","1470","956","1470","797","2","19","Nov 28, 11:00pm","true"
"numerosity_discrimination","2","107","244","8","12","0.6667","j","256","<div style=""width:100vw;height:100vh;background-color:black;""></div>","j","html-keyboard-response","553","2.0.0","817602","171898","testolin2020_replication","2025-11-24T05:59:12.903Z","13-14 inch laptop","1470","956","1470","797","2","19","Nov 28, 11:00pm","true"
"numerosity_discrimination","2","108","195","16","12","0.75","j","240","<div style=""width:100vw;height:100vh;background-color:black;""></div>","f","html-keyboard-response","558","2.0.0","820049","171898","testolin2020_replication","2025-11-24T05:59:12.903Z","13-14 inch laptop","1470","956","1470","797","2","19","Nov 28, 11:00pm","false"
"numerosity_discrimination","2","109","78","11","9","0.8182","j","973","<div style=""width:100vw;height:100vh;background-color:black;""></div>","j","html-keyboard-response","563","2.0.0","823552","171898","testolin2020_replication","2025-11-24T05:59:12.903Z","13-14 inch laptop","1470","956","1470","797","2","19","Nov 28, 11:00pm","true"
"numerosity_discrimination","2","110","6","16","18","0.8889","j","463","<div style=""width:100vw;height:100vh;background-color:black;""></div>","f","html-keyboard-response","568","2.0.0","826598","171898","testolin2020_replication","2025-11-24T05:59:12.903Z","13-14 inch laptop","1470","956","1470","797","2","19","Nov 28, 11:00pm","false"
"numerosity_discrimination","2","111","185","20","28","0.7143","j","306","<div style=""width:100vw;height:100vh;background-color:black;""></div>","j","html-keyboard-response","573","2.0.0","829347","171898","testolin2020_replication","2025-11-24T05:59:12.903Z","13-14 inch laptop","1470","956","1470","797","2","19","Nov 28, 11:00pm","true"
"numerosity_discrimination","2","112","148","25","18","0.72","j","245","<div style=""width:100vw;height:100vh;background-color:black;""></div>","f","html-keyboard-response","578","2.0.0","831864","171898","testolin2020_replication","2025-11-24T05:59:12.903Z","13-14 inch laptop","1470","956","1470","797","2","19","Nov 28, 11:00pm","false"
"numerosity_discrimination","2","113","157","7","10","0.7","j","422","<div style=""width:100vw;height:100vh;background-color:black;""></div>","j","html-keyboard-response","583","2.0.0","834899","171898","testolin2020_replication","2025-11-24T05:59:12.903Z","13-14 inch laptop","1470","956","1470","797","2","19","Nov 28, 11:00pm","true"
"numerosity_discrimination","2","114","141","20","14","0.7","j","337","<div style=""width:100vw;height:100vh;background-color:black;""></div>","f","html-keyboard-response","588","2.0.0","837598","171898","testolin2020_replication","2025-11-24T05:59:12.903Z","13-14 inch laptop","1470","956","1470","797","2","19","Nov 28, 11:00pm","false"
"numerosity_discrimination","2","115","253","22","14","0.6364","j","313","<div style=""width:100vw;height:100vh;background-color:black;""></div>","f","html-keyboard-response","593","2.0.0","840174","171898","testolin2020_replication","2025-11-24T05:59:12.903Z","13-14 inch laptop","1470","956","1470","797","2","19","Nov 28, 11:00pm","false"
"numerosity_discrimination","2","116","214","20","12","0.6","j","451","<div style=""width:100vw;height:100vh;background-color:black;""></div>","f","html-keyboard-response","598","2.0.0","843127","171898","testolin2020_replication","2025-11-24T05:59:12.903Z","13-14 inch laptop","1470","956","1470","797","2","19","Nov 28, 11:00pm","false"
"numerosity_discrimination","2","117","102","8","7","0.875","j","762","<div style=""width:100vw;height:100vh;background-color:black;""></div>","f","html-keyboard-response","603","2.0.0","846458","171898","testolin2020_replication","2025-11-24T05:59:12.903Z","13-14 inch laptop","1470","956","1470","797","2","19","Nov 28, 11:00pm","false"
"numerosity_discrimination","2","118","96","12","10","0.8333","j","436","<div style=""width:100vw;height:100vh;background-color:black;""></div>","f","html-keyboard-response","608","2.0.0","849556","171898","testolin2020_replication","2025-11-24T05:59:12.903Z","13-14 inch laptop","1470","956","1470","797","2","19","Nov 28, 11:00pm","false"
"numerosity_discrimination","2","119","220","28","18","0.6429","j","732","<div style=""width:100vw;height:100vh;background-color:black;""></div>","j","html-keyboard-response","613","2.0.0","852450","171898","testolin2020_replication","2025-11-24T05:59:12.903Z","13-14 inch laptop","1470","956","1470","797","2","19","Nov 28, 11:00pm","true"
"numerosity_discrimination","2","120","142","11","14","0.7857","j","554","<div style=""width:100vw;height:100vh;background-color:black;""></div>","j","html-keyboard-response","618","2.0.0","855494","171898","testolin2020_replication","2025-11-24T05:59:12.903Z","13-14 inch laptop","1470","956","1470","797","2","19","Nov 28, 11:00pm","true"
"numerosity_discrimination","2","121","183","14","20","0.7","j","561","<div style=""width:100vw;height:100vh;background-color:black;""></div>","j","html-keyboard-response","623","2.0.0","858226","171898","testolin2020_replication","2025-11-24T05:59:12.903Z","13-14 inch laptop","1470","956","1470","797","2","19","Nov 28, 11:00pm","true"
"numerosity_discrimination","2","122","291","11","20","0.55","j","216","<div style=""width:100vw;height:100vh;background-color:black;""></div>","j","html-keyboard-response","628","2.0.0","860778","171898","testolin2020_replication","2025-11-24T05:59:12.903Z","13-14 inch laptop","1470","956","1470","797","2","19","Nov 28, 11:00pm","true"
"numerosity_discrimination","2","123","248","22","14","0.6364","j","229","<div style=""width:100vw;height:100vh;background-color:black;""></div>","f","html-keyboard-response","633","2.0.0","863225","171898","testolin2020_replication","2025-11-24T05:59:12.903Z","13-14 inch laptop","1470","956","1470","797","2","19","Nov 28, 11:00pm","false"
"numerosity_discrimination","2","124","230","10","16","0.625","j","365","<div style=""width:100vw;height:100vh;background-color:black;""></div>","j","html-keyboard-response","638","2.0.0","866009","171898","testolin2020_replication","2025-11-24T05:59:12.903Z","13-14 inch laptop","1470","956","1470","797","2","19","Nov 28, 11:00pm","true"
"numerosity_discrimination","2","125","283","20","11","0.55","j","244","<div style=""width:100vw;height:100vh;background-color:black;""></div>","f","html-keyboard-response","643","2.0.0","868871","171898","testolin2020_replication","2025-11-24T05:59:12.903Z","13-14 inch laptop","1470","956","1470","797","2","19","Nov 28, 11:00pm","false"
"numerosity_discrimination","2","126","14","8","7","0.875","j","273","<div style=""width:100vw;height:100vh;background-color:black;""></div>","j","html-keyboard-response","648","2.0.0","871803","171898","testolin2020_replication","2025-11-24T05:59:12.903Z","13-14 inch laptop","1470","956","1470","797","2","19","Nov 28, 11:00pm","true"
"numerosity_discrimination","2","127","297","18","10","0.5556","j","518","<div style=""width:100vw;height:100vh;background-color:black;""></div>","f","html-keyboard-response","653","2.0.0","874634","171898","testolin2020_replication","2025-11-24T05:59:12.903Z","13-14 inch laptop","1470","956","1470","797","2","19","Nov 28, 11:00pm","false"
"numerosity_discrimination","2","128","250","18","12","0.6667","j","341","<div style=""width:100vw;height:100vh;background-color:black;""></div>","f","html-keyboard-response","658","2.0.0","877306","171898","testolin2020_replication","2025-11-24T05:59:12.903Z","13-14 inch laptop","1470","956","1470","797","2","19","Nov 28, 11:00pm","false"
"numerosity_discrimination","2","129","79","16","18","0.8889","j","543","<div style=""width:100vw;height:100vh;background-color:black;""></div>","j","html-keyboard-response","663","2.0.0","880475","171898","testolin2020_replication","2025-11-24T05:59:12.903Z","13-14 inch laptop","1470","956","1470","797","2","19","Nov 28, 11:00pm","true"
"numerosity_discrimination","2","130","171","12","9","0.75","j","768","<div style=""width:100vw;height:100vh;background-color:black;""></div>","f","html-keyboard-response","668","2.0.0","883857","171898","testolin2020_replication","2025-11-24T05:59:12.903Z","13-14 inch laptop","1470","956","1470","797","2","19","Nov 28, 11:00pm","false"
"numerosity_discrimination","2","131","8","16","14","0.875","j","663","<div style=""width:100vw;height:100vh;background-color:black;""></div>","f","html-keyboard-response","673","2.0.0","886774","171898","testolin2020_replication","2025-11-24T05:59:12.903Z","13-14 inch laptop","1470","956","1470","797","2","19","Nov 28, 11:00pm","false"
"numerosity_discrimination","2","132","107","16","18","0.8889","j","847","<div style=""width:100vw;height:100vh;background-color:black;""></div>","f","html-keyboard-response","678","2.0.0","890145","171898","testolin2020_replication","2025-11-24T05:59:12.903Z","13-14 inch laptop","1470","956","1470","797","2","19","Nov 28, 11:00pm","false"
"numerosity_discrimination","2","133","99","22","18","0.8182","j","1002","<div style=""width:100vw;height:100vh;background-color:black;""></div>","j","html-keyboard-response","683","2.0.0","893608","171898","testolin2020_replication","2025-11-24T05:59:12.903Z","13-14 inch laptop","1470","956","1470","797","2","19","Nov 28, 11:00pm","true"
"numerosity_discrimination","2","134","224","9","14","0.6429","j","349","<div style=""width:100vw;height:100vh;background-color:black;""></div>","j","html-keyboard-response","688","2.0.0","896328","171898","testolin2020_replication","2025-11-24T05:59:12.903Z","13-14 inch laptop","1470","956","1470","797","2","19","Nov 28, 11:00pm","true"
"numerosity_discrimination","2","135","151","9","7","0.7778","j","234","<div style=""width:100vw;height:100vh;background-color:black;""></div>","f","html-keyboard-response","693","2.0.0","898897","171898","testolin2020_replication","2025-11-24T05:59:12.903Z","13-14 inch laptop","1470","956","1470","797","2","19","Nov 28, 11:00pm","false"
"numerosity_discrimination","2","136","133","10","14","0.7143","j","584","<div style=""width:100vw;height:100vh;background-color:black;""></div>","j","html-keyboard-response","698","2.0.0","902132","171898","testolin2020_replication","2025-11-24T05:59:12.903Z","13-14 inch laptop","1470","956","1470","797","2","19","Nov 28, 11:00pm","true"
"numerosity_discrimination","2","137","258","14","22","0.6364","j","262","<div style=""width:100vw;height:100vh;background-color:black;""></div>","j","html-keyboard-response","703","2.0.0","904940","171898","testolin2020_replication","2025-11-24T05:59:12.903Z","13-14 inch laptop","1470","956","1470","797","2","19","Nov 28, 11:00pm","true"
"numerosity_discrimination","2","138","82","16","14","0.875","j","203","<div style=""width:100vw;height:100vh;background-color:black;""></div>","f","html-keyboard-response","708","2.0.0","907632","171898","testolin2020_replication","2025-11-24T05:59:12.903Z","13-14 inch laptop","1470","956","1470","797","2","19","Nov 28, 11:00pm","false"
"numerosity_discrimination","2","139","146","10","14","0.7143","j","343","<div style=""width:100vw;height:100vh;background-color:black;""></div>","j","html-keyboard-response","713","2.0.0","910359","171898","testolin2020_replication","2025-11-24T05:59:12.903Z","13-14 inch laptop","1470","956","1470","797","2","19","Nov 28, 11:00pm","true"
"numerosity_discrimination","2","140","215","16","11","0.6875","j","247","<div style=""width:100vw;height:100vh;background-color:black;""></div>","f","html-keyboard-response","718","2.0.0","913005","171898","testolin2020_replication","2025-11-24T05:59:12.903Z","13-14 inch laptop","1470","956","1470","797","2","19","Nov 28, 11:00pm","false"
"numerosity_discrimination","2","141","209","9","7","0.7778","j","312","<div style=""width:100vw;height:100vh;background-color:black;""></div>","f","html-keyboard-response","723","2.0.0","915723","171898","testolin2020_replication","2025-11-24T05:59:12.903Z","13-14 inch laptop","1470","956","1470","797","2","19","Nov 28, 11:00pm","false"
"numerosity_discrimination","2","142","156","12","16","0.75","j","285","<div style=""width:100vw;height:100vh;background-color:black;""></div>","j","html-keyboard-response","728","2.0.0","918356","171898","testolin2020_replication","2025-11-24T05:59:12.903Z","13-14 inch laptop","1470","956","1470","797","2","19","Nov 28, 11:00pm","true"
"numerosity_discrimination","2","143","181","10","14","0.7143","j","381","<div style=""width:100vw;height:100vh;background-color:black;""></div>","j","html-keyboard-response","733","2.0.0","921075","171898","testolin2020_replication","2025-11-24T05:59:12.903Z","13-14 inch laptop","1470","956","1470","797","2","19","Nov 28, 11:00pm","true"
"numerosity_discrimination","2","144","270","14","22","0.6364","j","552","<div style=""width:100vw;height:100vh;background-color:black;""></div>","j","html-keyboard-response","738","2.0.0","924261","171898","testolin2020_replication","2025-11-24T05:59:12.903Z","13-14 inch laptop","1470","956","1470","797","2","19","Nov 28, 11:00pm","true"
"numerosity_discrimination","2","145","293","7","12","0.5833","j","366","<div style=""width:100vw;height:100vh;background-color:black;""></div>","j","html-keyboard-response","743","2.0.0","926978","171898","testolin2020_replication","2025-11-24T05:59:12.903Z","13-14 inch laptop","1470","956","1470","797","2","19","Nov 28, 11:00pm","true"
"numerosity_discrimination","2","146","154","11","14","0.7857","j","426","<div style=""width:100vw;height:100vh;background-color:black;""></div>","j","html-keyboard-response","748","2.0.0","929622","171898","testolin2020_replication","2025-11-24T05:59:12.903Z","13-14 inch laptop","1470","956","1470","797","2","19","Nov 28, 11:00pm","true"
"numerosity_discrimination","2","147","137","10","7","0.7","j","388","<div style=""width:100vw;height:100vh;background-color:black;""></div>","f","html-keyboard-response","753","2.0.0","932484","171898","testolin2020_replication","2025-11-24T05:59:12.903Z","13-14 inch laptop","1470","956","1470","797","2","19","Nov 28, 11:00pm","false"
"numerosity_discrimination","2","148","95","9","8","0.8889","j","1393","<div style=""width:100vw;height:100vh;background-color:black;""></div>","f","html-keyboard-response","758","2.0.0","936373","171898","testolin2020_replication","2025-11-24T05:59:12.903Z","13-14 inch laptop","1470","956","1470","797","2","19","Nov 28, 11:00pm","false"
"numerosity_discrimination","2","149","240","20","12","0.6","j","990","<div style=""width:100vw;height:100vh;background-color:black;""></div>","f","html-keyboard-response","763","2.0.0","939750","171898","testolin2020_replication","2025-11-24T05:59:12.903Z","13-14 inch laptop","1470","956","1470","797","2","19","Nov 28, 11:00pm","false"
"numerosity_discrimination","2","150","191","28","20","0.7143","j","77","<div style=""width:100vw;height:100vh;background-color:black;""></div>","f","html-keyboard-response","768","2.0.0","942412","171898","testolin2020_replication","2025-11-24T05:59:12.903Z","13-14 inch laptop","1470","956","1470","797","2","19","Nov 28, 11:00pm","false"
"numerosity_discrimination","2","151","162","16","22","0.7273","j","463","<div style=""width:100vw;height:100vh;background-color:black;""></div>","f","html-keyboard-response","773","2.0.0","945107","171898","testolin2020_replication","2025-11-24T05:59:12.903Z","13-14 inch laptop","1470","956","1470","797","2","19","Nov 28, 11:00pm","false"
"numerosity_discrimination","2","152","64","9","11","0.8182","j","215","<div style=""width:100vw;height:100vh;background-color:black;""></div>","j","html-keyboard-response","778","2.0.0","947548","171898","testolin2020_replication","2025-11-24T05:59:12.903Z","13-14 inch laptop","1470","956","1470","797","2","19","Nov 28, 11:00pm","true"
"numerosity_discrimination","2","153","58","18","22","0.8182","j","49","<div style=""width:100vw;height:100vh;background-color:black;""></div>","f","html-keyboard-response","783","2.0.0","950060","171898","testolin2020_replication","2025-11-24T05:59:12.903Z","13-14 inch laptop","1470","956","1470","797","2","19","Nov 28, 11:00pm","false"
"numerosity_discrimination","2","154","66","9","11","0.8182","j","291","<div style=""width:100vw;height:100vh;background-color:black;""></div>","j","html-keyboard-response","788","2.0.0","952798","171898","testolin2020_replication","2025-11-24T05:59:12.903Z","13-14 inch laptop","1470","956","1470","797","2","19","Nov 28, 11:00pm","true"
"numerosity_discrimination","2","155","266","7","11","0.6364","j","307","<div style=""width:100vw;height:100vh;background-color:black;""></div>","j","html-keyboard-response","793","2.0.0","955585","171898","testolin2020_replication","2025-11-24T05:59:12.903Z","13-14 inch laptop","1470","956","1470","797","2","19","Nov 28, 11:00pm","true"
"numerosity_discrimination","2","156","90","7","8","0.875","j","281","<div style=""width:100vw;height:100vh;background-color:black;""></div>","j","html-keyboard-response","798","2.0.0","958253","171898","testolin2020_replication","2025-11-24T05:59:12.903Z","13-14 inch laptop","1470","956","1470","797","2","19","Nov 28, 11:00pm","true"
"numerosity_discrimination","2","157","74","12","10","0.8333","j","360","<div style=""width:100vw;height:100vh;background-color:black;""></div>","f","html-keyboard-response","803","2.0.0","961003","171898","testolin2020_replication","2025-11-24T05:59:12.903Z","13-14 inch laptop","1470","956","1470","797","2","19","Nov 28, 11:00pm","false"
"numerosity_discrimination","2","158","288","18","10","0.5556","j","70","<div style=""width:100vw;height:100vh;background-color:black;""></div>","j","html-keyboard-response","808","2.0.0","963523","171898","testolin2020_replication","2025-11-24T05:59:12.903Z","13-14 inch laptop","1470","956","1470","797","2","19","Nov 28, 11:00pm","true"
"numerosity_discrimination","2","159","85","7","8","0.875","j","222","<div style=""width:100vw;height:100vh;background-color:black;""></div>","j","html-keyboard-response","813","2.0.0","966087","171898","testolin2020_replication","2025-11-24T05:59:12.903Z","13-14 inch laptop","1470","956","1470","797","2","19","Nov 28, 11:00pm","true"
"numerosity_discrimination","2","160","87","14","16","0.875","j","467","<div style=""width:100vw;height:100vh;background-color:black;""></div>","f","html-keyboard-response","818","2.0.0","969031","171898","testolin2020_replication","2025-11-24T05:59:12.903Z","13-14 inch laptop","1470","956","1470","797","2","19","Nov 28, 11:00pm","false"
"numerosity_discrimination","2","161","205","14","11","0.7857","j","421","<div style=""width:100vw;height:100vh;background-color:black;""></div>","f","html-keyboard-response","823","2.0.0","971673","171898","testolin2020_replication","2025-11-24T05:59:12.903Z","13-14 inch laptop","1470","956","1470","797","2","19","Nov 28, 11:00pm","false"
"numerosity_discrimination","2","162","83","7","8","0.875","j","350","<div style=""width:100vw;height:100vh;background-color:black;""></div>","j","html-keyboard-response","828","2.0.0","974340","171898","testolin2020_replication","2025-11-24T05:59:12.903Z","13-14 inch laptop","1470","956","1470","797","2","19","Nov 28, 11:00pm","true"
"numerosity_discrimination","2","163","292","8","14","0.5714","j","327","<div style=""width:100vw;height:100vh;background-color:black;""></div>","j","html-keyboard-response","833","2.0.0","976921","171898","testolin2020_replication","2025-11-24T05:59:12.903Z","13-14 inch laptop","1470","956","1470","797","2","19","Nov 28, 11:00pm","true"
"numerosity_discrimination","2","164","24","12","10","0.8333","j","509","<div style=""width:100vw;height:100vh;background-color:black;""></div>","j","html-keyboard-response","838","2.0.0","979879","171898","testolin2020_replication","2025-11-24T05:59:12.903Z","13-14 inch laptop","1470","956","1470","797","2","19","Nov 28, 11:00pm","true"
"numerosity_discrimination","2","165","114","20","16","0.8","j","225","<div style=""width:100vw;height:100vh;background-color:black;""></div>","f","html-keyboard-response","843","2.0.0","982263","171898","testolin2020_replication","2025-11-24T05:59:12.903Z","13-14 inch laptop","1470","956","1470","797","2","19","Nov 28, 11:00pm","false"
"numerosity_discrimination","2","166","20","7","8","0.875","j","324","<div style=""width:100vw;height:100vh;background-color:black;""></div>","j","html-keyboard-response","848","2.0.0","984795","171898","testolin2020_replication","2025-11-24T05:59:12.903Z","13-14 inch laptop","1470","956","1470","797","2","19","Nov 28, 11:00pm","true"
"numerosity_discrimination","2","167","36","9","11","0.8182","j","842","<div style=""width:100vw;height:100vh;background-color:black;""></div>","j","html-keyboard-response","853","2.0.0","988233","171898","testolin2020_replication","2025-11-24T05:59:12.903Z","13-14 inch laptop","1470","956","1470","797","2","19","Nov 28, 11:00pm","true"
"numerosity_discrimination","2","168","131","11","14","0.7857","j","379","<div style=""width:100vw;height:100vh;background-color:black;""></div>","j","html-keyboard-response","858","2.0.0","990897","171898","testolin2020_replication","2025-11-24T05:59:12.903Z","13-14 inch laptop","1470","956","1470","797","2","19","Nov 28, 11:00pm","true"
"numerosity_discrimination","2","169","190","18","14","0.7778","j","293","<div style=""width:100vw;height:100vh;background-color:black;""></div>","f","html-keyboard-response","863","2.0.0","993809","171898","testolin2020_replication","2025-11-24T05:59:12.903Z","13-14 inch laptop","1470","956","1470","797","2","19","Nov 28, 11:00pm","false"
"numerosity_discrimination","2","170","129","12","9","0.75","j","290","<div style=""width:100vw;height:100vh;background-color:black;""></div>","j","html-keyboard-response","868","2.0.0","996308","171898","testolin2020_replication","2025-11-24T05:59:12.903Z","13-14 inch laptop","1470","956","1470","797","2","19","Nov 28, 11:00pm","true"
"numerosity_discrimination","2","171","12","20","16","0.8","j","252","<div style=""width:100vw;height:100vh;background-color:black;""></div>","f","html-keyboard-response","873","2.0.0","998899","171898","testolin2020_replication","2025-11-24T05:59:12.903Z","13-14 inch laptop","1470","956","1470","797","2","19","Nov 28, 11:00pm","false"
"numerosity_discrimination","2","172","42","22","25","0.88","j","552","<div style=""width:100vw;height:100vh;background-color:black;""></div>","j","html-keyboard-response","878","2.0.0","1001891","171898","testolin2020_replication","2025-11-24T05:59:12.903Z","13-14 inch laptop","1470","956","1470","797","2","19","Nov 28, 11:00pm","true"
"numerosity_discrimination","2","173","127","14","10","0.7143","j","275","<div style=""width:100vw;height:100vh;background-color:black;""></div>","f","html-keyboard-response","883","2.0.0","1004335","171898","testolin2020_replication","2025-11-24T05:59:12.903Z","13-14 inch laptop","1470","956","1470","797","2","19","Nov 28, 11:00pm","false"
"numerosity_discrimination","2","174","13","7","8","0.875","j","208","<div style=""width:100vw;height:100vh;background-color:black;""></div>","j","html-keyboard-response","888","2.0.0","1006810","171898","testolin2020_replication","2025-11-24T05:59:12.903Z","13-14 inch laptop","1470","956","1470","797","2","19","Nov 28, 11:00pm","true"
"numerosity_discrimination","2","175","196","12","16","0.75","j","2814","<div style=""width:100vw;height:100vh;background-color:black;""></div>","f","html-keyboard-response","893","2.0.0","1011858","171898","testolin2020_replication","2025-11-24T05:59:12.903Z","13-14 inch laptop","1470","956","1470","797","2","19","Nov 28, 11:00pm","false"
"numerosity_discrimination","2","176","210","14","11","0.7857","j","524","<div style=""width:100vw;height:100vh;background-color:black;""></div>","f","html-keyboard-response","898","2.0.0","1014927","171898","testolin2020_replication","2025-11-24T05:59:12.903Z","13-14 inch laptop","1470","956","1470","797","2","19","Nov 28, 11:00pm","false"
"numerosity_discrimination","2","177","65","12","14","0.8571","j","317","<div style=""width:100vw;height:100vh;background-color:black;""></div>","f","html-keyboard-response","903","2.0.0","1017512","171898","testolin2020_replication","2025-11-24T05:59:12.903Z","13-14 inch laptop","1470","956","1470","797","2","19","Nov 28, 11:00pm","false"
"numerosity_discrimination","2","178","121","12","16","0.75","j","220","<div style=""width:100vw;height:100vh;background-color:black;""></div>","j","html-keyboard-response","908","2.0.0","1019898","171898","testolin2020_replication","2025-11-24T05:59:12.903Z","13-14 inch laptop","1470","956","1470","797","2","19","Nov 28, 11:00pm","true"
"numerosity_discrimination","2","179","76","8","7","0.875","j","327","<div style=""width:100vw;height:100vh;background-color:black;""></div>","j","html-keyboard-response","913","2.0.0","1022551","171898","testolin2020_replication","2025-11-24T05:59:12.903Z","13-14 inch laptop","1470","956","1470","797","2","19","Nov 28, 11:00pm","true"
"numerosity_discrimination","2","180","174","22","16","0.7273","j","411","<div style=""width:100vw;height:100vh;background-color:black;""></div>","f","html-keyboard-response","918","2.0.0","1025418","171898","testolin2020_replication","2025-11-24T05:59:12.903Z","13-14 inch laptop","1470","956","1470","797","2","19","Nov 28, 11:00pm","false"
"numerosity_discrimination","2","181","273","18","9","0.5","j","219","<div style=""width:100vw;height:100vh;background-color:black;""></div>","f","html-keyboard-response","923","2.0.0","1027989","171898","testolin2020_replication","2025-11-24T05:59:12.903Z","13-14 inch laptop","1470","956","1470","797","2","19","Nov 28, 11:00pm","false"
"numerosity_discrimination","2","182","176","10","14","0.7143","j","458","<div style=""width:100vw;height:100vh;background-color:black;""></div>","j","html-keyboard-response","928","2.0.0","1030949","171898","testolin2020_replication","2025-11-24T05:59:12.903Z","13-14 inch laptop","1470","956","1470","797","2","19","Nov 28, 11:00pm","true"
"numerosity_discrimination","2","183","50","14","16","0.875","j","546","<div style=""width:100vw;height:100vh;background-color:black;""></div>","f","html-keyboard-response","933","2.0.0","1034018","171898","testolin2020_replication","2025-11-24T05:59:12.903Z","13-14 inch laptop","1470","956","1470","797","2","19","Nov 28, 11:00pm","false"
"numerosity_discrimination","2","184","145","12","9","0.75","j","705","<div style=""width:100vw;height:100vh;background-color:black;""></div>","f","html-keyboard-response","938","2.0.0","1036943","171898","testolin2020_replication","2025-11-24T05:59:12.903Z","13-14 inch laptop","1470","956","1470","797","2","19","Nov 28, 11:00pm","false"
"numerosity_discrimination","2","185","219","9","14","0.6429","j","529","<div style=""width:100vw;height:100vh;background-color:black;""></div>","j","html-keyboard-response","943","2.0.0","1039679","171898","testolin2020_replication","2025-11-24T05:59:12.903Z","13-14 inch laptop","1470","956","1470","797","2","19","Nov 28, 11:00pm","true"
"numerosity_discrimination","2","186","3","16","14","0.875","j","327","<div style=""width:100vw;height:100vh;background-color:black;""></div>","f","html-keyboard-response","948","2.0.0","1042472","171898","testolin2020_replication","2025-11-24T05:59:12.903Z","13-14 inch laptop","1470","956","1470","797","2","19","Nov 28, 11:00pm","false"
"numerosity_discrimination","2","187","201","20","14","0.7","j","339","<div style=""width:100vw;height:100vh;background-color:black;""></div>","f","html-keyboard-response","953","2.0.0","1045033","171898","testolin2020_replication","2025-11-24T05:59:12.903Z","13-14 inch laptop","1470","956","1470","797","2","19","Nov 28, 11:00pm","false"
"numerosity_discrimination","2","188","44","20","16","0.8","j","377","<div style=""width:100vw;height:100vh;background-color:black;""></div>","f","html-keyboard-response","958","2.0.0","1047767","171898","testolin2020_replication","2025-11-24T05:59:12.903Z","13-14 inch laptop","1470","956","1470","797","2","19","Nov 28, 11:00pm","false"
"numerosity_discrimination","2","189","136","10","14","0.7143","j","202","<div style=""width:100vw;height:100vh;background-color:black;""></div>","j","html-keyboard-response","963","2.0.0","1050167","171898","testolin2020_replication","2025-11-24T05:59:12.903Z","13-14 inch laptop","1470","956","1470","797","2","19","Nov 28, 11:00pm","true"
"numerosity_discrimination","2","190","237","20","12","0.6","j","285","<div style=""width:100vw;height:100vh;background-color:black;""></div>","f","html-keyboard-response","968","2.0.0","1052749","171898","testolin2020_replication","2025-11-24T05:59:12.903Z","13-14 inch laptop","1470","956","1470","797","2","19","Nov 28, 11:00pm","false"
"numerosity_discrimination","2","191","294","7","12","0.5833","j","223","<div style=""width:100vw;height:100vh;background-color:black;""></div>","j","html-keyboard-response","973","2.0.0","1055521","171898","testolin2020_replication","2025-11-24T05:59:12.903Z","13-14 inch laptop","1470","956","1470","797","2","19","Nov 28, 11:00pm","true"
"numerosity_discrimination","2","192","21","22","18","0.8182","j","176","<div style=""width:100vw;height:100vh;background-color:black;""></div>","f","html-keyboard-response","978","2.0.0","1057992","171898","testolin2020_replication","2025-11-24T05:59:12.903Z","13-14 inch laptop","1470","956","1470","797","2","19","Nov 28, 11:00pm","false"
"numerosity_discrimination","2","193","125","11","14","0.7857","j","391","<div style=""width:100vw;height:100vh;background-color:black;""></div>","j","html-keyboard-response","983","2.0.0","1060807","171898","testolin2020_replication","2025-11-24T05:59:12.903Z","13-14 inch laptop","1470","956","1470","797","2","19","Nov 28, 11:00pm","true"
"numerosity_discrimination","2","194","228","11","16","0.6875","j","565","<div style=""width:100vw;height:100vh;background-color:black;""></div>","j","html-keyboard-response","988","2.0.0","1063694","171898","testolin2020_replication","2025-11-24T05:59:12.903Z","13-14 inch laptop","1470","956","1470","797","2","19","Nov 28, 11:00pm","true"
"numerosity_discrimination","2","195","111","11","9","0.8182","j","279","<div style=""width:100vw;height:100vh;background-color:black;""></div>","f","html-keyboard-response","993","2.0.0","1066340","171898","testolin2020_replication","2025-11-24T05:59:12.903Z","13-14 inch laptop","1470","956","1470","797","2","19","Nov 28, 11:00pm","false"
"numerosity_discrimination","2","196","62","12","14","0.8571","j","309","<div style=""width:100vw;height:100vh;background-color:black;""></div>","j","html-keyboard-response","998","2.0.0","1069178","171898","testolin2020_replication","2025-11-24T05:59:12.903Z","13-14 inch laptop","1470","956","1470","797","2","19","Nov 28, 11:00pm","true"
"numerosity_discrimination","2","197","153","16","22","0.7273","j","83","<div style=""width:100vw;height:100vh;background-color:black;""></div>","f","html-keyboard-response","1003","2.0.0","1071795","171898","testolin2020_replication","2025-11-24T05:59:12.903Z","13-14 inch laptop","1470","956","1470","797","2","19","Nov 28, 11:00pm","false"
"numerosity_discrimination","2","198","199","20","28","0.7143","j","446","<div style=""width:100vw;height:100vh;background-color:black;""></div>","j","html-keyboard-response","1008","2.0.0","1074465","171898","testolin2020_replication","2025-11-24T05:59:12.903Z","13-14 inch laptop","1470","956","1470","797","2","19","Nov 28, 11:00pm","true"
"numerosity_discrimination","2","199","132","20","14","0.7","j","301","<div style=""width:100vw;height:100vh;background-color:black;""></div>","f","html-keyboard-response","1013","2.0.0","1077249","171898","testolin2020_replication","2025-11-24T05:59:12.903Z","13-14 inch laptop","1470","956","1470","797","2","19","Nov 28, 11:00pm","false"
"numerosity_discrimination","2","200","84","7","8","0.875","j","449","<div style=""width:100vw;height:100vh;background-color:black;""></div>","f","html-keyboard-response","1018","2.0.0","1080355","171898","testolin2020_replication","2025-11-24T05:59:12.903Z","13-14 inch laptop","1470","956","1470","797","2","19","Nov 28, 11:00pm","false"
"numerosity_discrimination","3","201","300","9","16","0.5625","j","907","<div style=""width:100vw;height:100vh;background-color:black;""></div>","f","html-keyboard-response","1025","2.0.0","1092880","171898","testolin2020_replication","2025-11-24T05:59:12.903Z","13-14 inch laptop","1470","956","1470","797","2","19","Nov 28, 11:00pm","false"
"numerosity_discrimination","3","202","234","14","9","0.6429","j","540","<div style=""width:100vw;height:100vh;background-color:black;""></div>","f","html-keyboard-response","1030","2.0.0","1095702","171898","testolin2020_replication","2025-11-24T05:59:12.903Z","13-14 inch laptop","1470","956","1470","797","2","19","Nov 28, 11:00pm","false"
"numerosity_discrimination","3","203","5","22","18","0.8182","j","425","<div style=""width:100vw;height:100vh;background-color:black;""></div>","f","html-keyboard-response","1035","2.0.0","1098481","171898","testolin2020_replication","2025-11-24T05:59:12.903Z","13-14 inch laptop","1470","956","1470","797","2","19","Nov 28, 11:00pm","false"
"numerosity_discrimination","3","204","170","12","16","0.75","j","285","<div style=""width:100vw;height:100vh;background-color:black;""></div>","j","html-keyboard-response","1040","2.0.0","1101361","171898","testolin2020_replication","2025-11-24T05:59:12.903Z","13-14 inch laptop","1470","956","1470","797","2","19","Nov 28, 11:00pm","true"
"numerosity_discrimination","3","205","28","8","9","0.8889","j","424","<div style=""width:100vw;height:100vh;background-color:black;""></div>","j","html-keyboard-response","1045","2.0.0","1104412","171898","testolin2020_replication","2025-11-24T05:59:12.903Z","13-14 inch laptop","1470","956","1470","797","2","19","Nov 28, 11:00pm","true"
"numerosity_discrimination","3","206","284","14","28","0.5","j","332","<div style=""width:100vw;height:100vh;background-color:black;""></div>","j","html-keyboard-response","1050","2.0.0","1107113","171898","testolin2020_replication","2025-11-24T05:59:12.903Z","13-14 inch laptop","1470","956","1470","797","2","19","Nov 28, 11:00pm","true"
"numerosity_discrimination","3","207","29","12","14","0.8571","j","314","<div style=""width:100vw;height:100vh;background-color:black;""></div>","f","html-keyboard-response","1055","2.0.0","1109882","171898","testolin2020_replication","2025-11-24T05:59:12.903Z","13-14 inch laptop","1470","956","1470","797","2","19","Nov 28, 11:00pm","false"
"numerosity_discrimination","3","208","93","8","10","0.8","j","292","<div style=""width:100vw;height:100vh;background-color:black;""></div>","j","html-keyboard-response","1060","2.0.0","1112547","171898","testolin2020_replication","2025-11-24T05:59:12.903Z","13-14 inch laptop","1470","956","1470","797","2","19","Nov 28, 11:00pm","true"
"numerosity_discrimination","3","209","257","10","16","0.625","j","438","<div style=""width:100vw;height:100vh;background-color:black;""></div>","f","html-keyboard-response","1065","2.0.0","1115255","171898","testolin2020_replication","2025-11-24T05:59:12.903Z","13-14 inch laptop","1470","956","1470","797","2","19","Nov 28, 11:00pm","false"
"numerosity_discrimination","3","210","16","20","16","0.8","j","497","<div style=""width:100vw;height:100vh;background-color:black;""></div>","f","html-keyboard-response","1070","2.0.0","1118015","171898","testolin2020_replication","2025-11-24T05:59:12.903Z","13-14 inch laptop","1470","956","1470","797","2","19","Nov 28, 11:00pm","false"
"numerosity_discrimination","3","211","189","16","22","0.7273","j","488","<div style=""width:100vw;height:100vh;background-color:black;""></div>","j","html-keyboard-response","1075","2.0.0","1121021","171898","testolin2020_replication","2025-11-24T05:59:12.903Z","13-14 inch laptop","1470","956","1470","797","2","19","Nov 28, 11:00pm","true"
"numerosity_discrimination","3","212","135","9","12","0.75","j","410","<div style=""width:100vw;height:100vh;background-color:black;""></div>","j","html-keyboard-response","1080","2.0.0","1123960","171898","testolin2020_replication","2025-11-24T05:59:12.903Z","13-14 inch laptop","1470","956","1470","797","2","19","Nov 28, 11:00pm","true"
"numerosity_discrimination","3","213","260","25","16","0.64","j","302","<div style=""width:100vw;height:100vh;background-color:black;""></div>","f","html-keyboard-response","1085","2.0.0","1126853","171898","testolin2020_replication","2025-11-24T05:59:12.903Z","13-14 inch laptop","1470","956","1470","797","2","19","Nov 28, 11:00pm","false"
"numerosity_discrimination","3","214","241","7","11","0.6364","j","255","<div style=""width:100vw;height:100vh;background-color:black;""></div>","j","html-keyboard-response","1090","2.0.0","1129425","171898","testolin2020_replication","2025-11-24T05:59:12.903Z","13-14 inch laptop","1470","956","1470","797","2","19","Nov 28, 11:00pm","true"
"numerosity_discrimination","3","215","182","12","9","0.75","j","441","<div style=""width:100vw;height:100vh;background-color:black;""></div>","f","html-keyboard-response","1095","2.0.0","1132237","171898","testolin2020_replication","2025-11-24T05:59:12.903Z","13-14 inch laptop","1470","956","1470","797","2","19","Nov 28, 11:00pm","false"
"numerosity_discrimination","3","216","15","20","25","0.8","j","263","<div style=""width:100vw;height:100vh;background-color:black;""></div>","j","html-keyboard-response","1100","2.0.0","1134859","171898","testolin2020_replication","2025-11-24T05:59:12.903Z","13-14 inch laptop","1470","956","1470","797","2","19","Nov 28, 11:00pm","true"
"numerosity_discrimination","3","217","247","11","16","0.6875","j","324","<div style=""width:100vw;height:100vh;background-color:black;""></div>","j","html-keyboard-response","1105","2.0.0","1137828","171898","testolin2020_replication","2025-11-24T05:59:12.903Z","13-14 inch laptop","1470","956","1470","797","2","19","Nov 28, 11:00pm","true"
"numerosity_discrimination","3","218","117","22","18","0.8182","j","356","<div style=""width:100vw;height:100vh;background-color:black;""></div>","f","html-keyboard-response","1110","2.0.0","1140418","171898","testolin2020_replication","2025-11-24T05:59:12.903Z","13-14 inch laptop","1470","956","1470","797","2","19","Nov 28, 11:00pm","false"
"numerosity_discrimination","3","219","249","14","22","0.6364","j","508","<div style=""width:100vw;height:100vh;background-color:black;""></div>","j","html-keyboard-response","1115","2.0.0","1143352","171898","testolin2020_replication","2025-11-24T05:59:12.903Z","13-14 inch laptop","1470","956","1470","797","2","19","Nov 28, 11:00pm","true"
"numerosity_discrimination","3","220","217","25","16","0.64","j","293","<div style=""width:100vw;height:100vh;background-color:black;""></div>","f","html-keyboard-response","1120","2.0.0","1146303","171898","testolin2020_replication","2025-11-24T05:59:12.903Z","13-14 inch laptop","1470","956","1470","797","2","19","Nov 28, 11:00pm","false"
"numerosity_discrimination","3","221","242","28","18","0.6429","j","414","<div style=""width:100vw;height:100vh;background-color:black;""></div>","f","html-keyboard-response","1125","2.0.0","1149239","171898","testolin2020_replication","2025-11-24T05:59:12.903Z","13-14 inch laptop","1470","956","1470","797","2","19","Nov 28, 11:00pm","false"
"numerosity_discrimination","3","222","106","25","22","0.88","j","406","<div style=""width:100vw;height:100vh;background-color:black;""></div>","f","html-keyboard-response","1130","2.0.0","1151954","171898","testolin2020_replication","2025-11-24T05:59:12.903Z","13-14 inch laptop","1470","956","1470","797","2","19","Nov 28, 11:00pm","false"
"numerosity_discrimination","3","223","101","20","25","0.8","j","658","<div style=""width:100vw;height:100vh;background-color:black;""></div>","f","html-keyboard-response","1135","2.0.0","1154934","171898","testolin2020_replication","2025-11-24T05:59:12.903Z","13-14 inch laptop","1470","956","1470","797","2","19","Nov 28, 11:00pm","false"
"numerosity_discrimination","3","224","113","20","16","0.8","j","759","<div style=""width:100vw;height:100vh;background-color:black;""></div>","f","html-keyboard-response","1140","2.0.0","1158197","171898","testolin2020_replication","2025-11-24T05:59:12.903Z","13-14 inch laptop","1470","956","1470","797","2","19","Nov 28, 11:00pm","false"
"numerosity_discrimination","3","225","71","22","18","0.8182","j","363","<div style=""width:100vw;height:100vh;background-color:black;""></div>","j","html-keyboard-response","1145","2.0.0","1160915","171898","testolin2020_replication","2025-11-24T05:59:12.903Z","13-14 inch laptop","1470","956","1470","797","2","19","Nov 28, 11:00pm","true"
"numerosity_discrimination","3","226","52","25","28","0.8929","j","227","<div style=""width:100vw;height:100vh;background-color:black;""></div>","f","html-keyboard-response","1150","2.0.0","1163721","171898","testolin2020_replication","2025-11-24T05:59:12.903Z","13-14 inch laptop","1470","956","1470","797","2","19","Nov 28, 11:00pm","false"
"numerosity_discrimination","3","227","7","14","16","0.875","j","505","<div style=""width:100vw;height:100vh;background-color:black;""></div>","f","html-keyboard-response","1155","2.0.0","1166645","171898","testolin2020_replication","2025-11-24T05:59:12.903Z","13-14 inch laptop","1470","956","1470","797","2","19","Nov 28, 11:00pm","false"
"numerosity_discrimination","3","228","56","25","22","0.88","j","433","<div style=""width:100vw;height:100vh;background-color:black;""></div>","f","html-keyboard-response","1160","2.0.0","1169659","171898","testolin2020_replication","2025-11-24T05:59:12.903Z","13-14 inch laptop","1470","956","1470","797","2","19","Nov 28, 11:00pm","false"
"numerosity_discrimination","3","229","138","16","12","0.75","j","377","<div style=""width:100vw;height:100vh;background-color:black;""></div>","f","html-keyboard-response","1165","2.0.0","1172522","171898","testolin2020_replication","2025-11-24T05:59:12.903Z","13-14 inch laptop","1470","956","1470","797","2","19","Nov 28, 11:00pm","false"
"numerosity_discrimination","3","230","198","16","12","0.75","j","383","<div style=""width:100vw;height:100vh;background-color:black;""></div>","f","html-keyboard-response","1170","2.0.0","1175439","171898","testolin2020_replication","2025-11-24T05:59:12.903Z","13-14 inch laptop","1470","956","1470","797","2","19","Nov 28, 11:00pm","false"
"numerosity_discrimination","3","231","233","8","12","0.6667","j","442","<div style=""width:100vw;height:100vh;background-color:black;""></div>","j","html-keyboard-response","1175","2.0.0","1178397","171898","testolin2020_replication","2025-11-24T05:59:12.903Z","13-14 inch laptop","1470","956","1470","797","2","19","Nov 28, 11:00pm","true"
"numerosity_discrimination","3","232","264","25","16","0.64","j","254","<div style=""width:100vw;height:100vh;background-color:black;""></div>","f","html-keyboard-response","1180","2.0.0","1181289","171898","testolin2020_replication","2025-11-24T05:59:12.903Z","13-14 inch laptop","1470","956","1470","797","2","19","Nov 28, 11:00pm","false"
"numerosity_discrimination","3","233","27","14","12","0.8571","j","425","<div style=""width:100vw;height:100vh;background-color:black;""></div>","f","html-keyboard-response","1185","2.0.0","1184105","171898","testolin2020_replication","2025-11-24T05:59:12.903Z","13-14 inch laptop","1470","956","1470","797","2","19","Nov 28, 11:00pm","false"
"numerosity_discrimination","3","234","49","8","10","0.8","j","563","<div style=""width:100vw;height:100vh;background-color:black;""></div>","j","html-keyboard-response","1190","2.0.0","1187247","171898","testolin2020_replication","2025-11-24T05:59:12.903Z","13-14 inch laptop","1470","956","1470","797","2","19","Nov 28, 11:00pm","true"
"numerosity_discrimination","3","235","10","9","11","0.8182","j","1105","<div style=""width:100vw;height:100vh;background-color:black;""></div>","f","html-keyboard-response","1195","2.0.0","1190515","171898","testolin2020_replication","2025-11-24T05:59:12.903Z","13-14 inch laptop","1470","956","1470","797","2","19","Nov 28, 11:00pm","false"
"numerosity_discrimination","3","236","232","8","12","0.6667","j","658","<div style=""width:100vw;height:100vh;background-color:black;""></div>","j","html-keyboard-response","1200","2.0.0","1193673","171898","testolin2020_replication","2025-11-24T05:59:12.903Z","13-14 inch laptop","1470","956","1470","797","2","19","Nov 28, 11:00pm","true"
"numerosity_discrimination","3","237","69","10","8","0.8","j","1107","<div style=""width:100vw;height:100vh;background-color:black;""></div>","f","html-keyboard-response","1205","2.0.0","1196966","171898","testolin2020_replication","2025-11-24T05:59:12.903Z","13-14 inch laptop","1470","956","1470","797","2","19","Nov 28, 11:00pm","false"
"numerosity_discrimination","3","238","92","18","22","0.8182","j","276","<div style=""width:100vw;height:100vh;background-color:black;""></div>","j","html-keyboard-response","1210","2.0.0","1199835","171898","testolin2020_replication","2025-11-24T05:59:12.903Z","13-14 inch laptop","1470","956","1470","797","2","19","Nov 28, 11:00pm","true"
"numerosity_discrimination","3","239","60","18","22","0.8182","j","520","<div style=""width:100vw;height:100vh;background-color:black;""></div>","j","html-keyboard-response","1215","2.0.0","1202572","171898","testolin2020_replication","2025-11-24T05:59:12.903Z","13-14 inch laptop","1470","956","1470","797","2","19","Nov 28, 11:00pm","true"
"numerosity_discrimination","3","240","72","11","9","0.8182","j","165","<div style=""width:100vw;height:100vh;background-color:black;""></div>","f","html-keyboard-response","1220","2.0.0","1205172","171898","testolin2020_replication","2025-11-24T05:59:12.903Z","13-14 inch laptop","1470","956","1470","797","2","19","Nov 28, 11:00pm","false"
"numerosity_discrimination","3","241","256","7","11","0.6364","j","477","<div style=""width:100vw;height:100vh;background-color:black;""></div>","j","html-keyboard-response","1225","2.0.0","1208096","171898","testolin2020_replication","2025-11-24T05:59:12.903Z","13-14 inch laptop","1470","956","1470","797","2","19","Nov 28, 11:00pm","true"
"numerosity_discrimination","3","242","246","20","12","0.6","j","363","<div style=""width:100vw;height:100vh;background-color:black;""></div>","f","html-keyboard-response","1230","2.0.0","1211060","171898","testolin2020_replication","2025-11-24T05:59:12.903Z","13-14 inch laptop","1470","956","1470","797","2","19","Nov 28, 11:00pm","false"
"numerosity_discrimination","3","243","149","18","14","0.7778","j","384","<div style=""width:100vw;height:100vh;background-color:black;""></div>","f","html-keyboard-response","1235","2.0.0","1213695","171898","testolin2020_replication","2025-11-24T05:59:12.903Z","13-14 inch laptop","1470","956","1470","797","2","19","Nov 28, 11:00pm","false"
"numerosity_discrimination","3","244","229","20","12","0.6","j","192","<div style=""width:100vw;height:100vh;background-color:black;""></div>","f","html-keyboard-response","1240","2.0.0","1216346","171898","testolin2020_replication","2025-11-24T05:59:12.903Z","13-14 inch laptop","1470","956","1470","797","2","19","Nov 28, 11:00pm","false"
"numerosity_discrimination","3","245","57","22","18","0.8182","j","561","<div style=""width:100vw;height:100vh;background-color:black;""></div>","f","html-keyboard-response","1245","2.0.0","1219447","171898","testolin2020_replication","2025-11-24T05:59:12.903Z","13-14 inch laptop","1470","956","1470","797","2","19","Nov 28, 11:00pm","false"
"numerosity_discrimination","3","246","227","8","12","0.6667","j","292","<div style=""width:100vw;height:100vh;background-color:black;""></div>","j","html-keyboard-response","1250","2.0.0","1222351","171898","testolin2020_replication","2025-11-24T05:59:12.903Z","13-14 inch laptop","1470","956","1470","797","2","19","Nov 28, 11:00pm","true"
"numerosity_discrimination","3","247","2","28","25","0.8929","j","550","<div style=""width:100vw;height:100vh;background-color:black;""></div>","j","html-keyboard-response","1255","2.0.0","1225135","171898","testolin2020_replication","2025-11-24T05:59:12.903Z","13-14 inch laptop","1470","956","1470","797","2","19","Nov 28, 11:00pm","true"
"numerosity_discrimination","3","248","251","20","12","0.6","j","321","<div style=""width:100vw;height:100vh;background-color:black;""></div>","f","html-keyboard-response","1260","2.0.0","1227707","171898","testolin2020_replication","2025-11-24T05:59:12.903Z","13-14 inch laptop","1470","956","1470","797","2","19","Nov 28, 11:00pm","false"
"numerosity_discrimination","3","249","172","16","22","0.7273","j","570","<div style=""width:100vw;height:100vh;background-color:black;""></div>","j","html-keyboard-response","1265","2.0.0","1230720","171898","testolin2020_replication","2025-11-24T05:59:12.903Z","13-14 inch laptop","1470","956","1470","797","2","19","Nov 28, 11:00pm","true"
"numerosity_discrimination","3","250","161","28","22","0.7857","j","180","<div style=""width:100vw;height:100vh;background-color:black;""></div>","f","html-keyboard-response","1270","2.0.0","1233295","171898","testolin2020_replication","2025-11-24T05:59:12.903Z","13-14 inch laptop","1470","956","1470","797","2","19","Nov 28, 11:00pm","false"
"numerosity_discrimination","3","251","218","14","22","0.6364","j","305","<div style=""width:100vw;height:100vh;background-color:black;""></div>","j","html-keyboard-response","1275","2.0.0","1235928","171898","testolin2020_replication","2025-11-24T05:59:12.903Z","13-14 inch laptop","1470","956","1470","797","2","19","Nov 28, 11:00pm","true"
"numerosity_discrimination","3","252","168","20","14","0.7","j","160","<div style=""width:100vw;height:100vh;background-color:black;""></div>","f","html-keyboard-response","1280","2.0.0","1238551","171898","testolin2020_replication","2025-11-24T05:59:12.903Z","13-14 inch laptop","1470","956","1470","797","2","19","Nov 28, 11:00pm","false"
"numerosity_discrimination","3","253","155","7","9","0.7778","j","514","<div style=""width:100vw;height:100vh;background-color:black;""></div>","j","html-keyboard-response","1285","2.0.0","1241481","171898","testolin2020_replication","2025-11-24T05:59:12.903Z","13-14 inch laptop","1470","956","1470","797","2","19","Nov 28, 11:00pm","true"
"numerosity_discrimination","3","254","216","9","14","0.6429","j","492","<div style=""width:100vw;height:100vh;background-color:black;""></div>","j","html-keyboard-response","1290","2.0.0","1244482","171898","testolin2020_replication","2025-11-24T05:59:12.903Z","13-14 inch laptop","1470","956","1470","797","2","19","Nov 28, 11:00pm","true"
"numerosity_discrimination","3","255","94","22","25","0.88","j","488","<div style=""width:100vw;height:100vh;background-color:black;""></div>","j","html-keyboard-response","1295","2.0.0","1247420","171898","testolin2020_replication","2025-11-24T05:59:12.903Z","13-14 inch laptop","1470","956","1470","797","2","19","Nov 28, 11:00pm","true"
"numerosity_discrimination","3","256","180","9","7","0.7778","j","274","<div style=""width:100vw;height:100vh;background-color:black;""></div>","f","html-keyboard-response","1300","2.0.0","1249998","171898","testolin2020_replication","2025-11-24T05:59:12.903Z","13-14 inch laptop","1470","956","1470","797","2","19","Nov 28, 11:00pm","false"
"numerosity_discrimination","3","257","276","16","8","0.5","j","228","<div style=""width:100vw;height:100vh;background-color:black;""></div>","f","html-keyboard-response","1305","2.0.0","1252561","171898","testolin2020_replication","2025-11-24T05:59:12.903Z","13-14 inch laptop","1470","956","1470","797","2","19","Nov 28, 11:00pm","false"
"numerosity_discrimination","3","258","139","9","7","0.7778","j","416","<div style=""width:100vw;height:100vh;background-color:black;""></div>","f","html-keyboard-response","1310","2.0.0","1255551","171898","testolin2020_replication","2025-11-24T05:59:12.903Z","13-14 inch laptop","1470","956","1470","797","2","19","Nov 28, 11:00pm","false"
"numerosity_discrimination","3","259","223","28","18","0.6429","j","247","<div style=""width:100vw;height:100vh;background-color:black;""></div>","f","html-keyboard-response","1315","2.0.0","1258046","171898","testolin2020_replication","2025-11-24T05:59:12.903Z","13-14 inch laptop","1470","956","1470","797","2","19","Nov 28, 11:00pm","false"
"numerosity_discrimination","3","260","118","20","25","0.8","j","481","<div style=""width:100vw;height:100vh;background-color:black;""></div>","f","html-keyboard-response","1320","2.0.0","1261051","171898","testolin2020_replication","2025-11-24T05:59:12.903Z","13-14 inch laptop","1470","956","1470","797","2","19","Nov 28, 11:00pm","false"
"numerosity_discrimination","3","261","211","8","12","0.6667","j","426","<div style=""width:100vw;height:100vh;background-color:black;""></div>","j","html-keyboard-response","1325","2.0.0","1263717","171898","testolin2020_replication","2025-11-24T05:59:12.903Z","13-14 inch laptop","1470","956","1470","797","2","19","Nov 28, 11:00pm","true"
"numerosity_discrimination","3","262","97","7","8","0.875","j","451","<div style=""width:100vw;height:100vh;background-color:black;""></div>","f","html-keyboard-response","1330","2.0.0","1266588","171898","testolin2020_replication","2025-11-24T05:59:12.903Z","13-14 inch laptop","1470","956","1470","797","2","19","Nov 28, 11:00pm","false"
"numerosity_discrimination","3","263","165","14","10","0.7143","j","1535","<div style=""width:100vw;height:100vh;background-color:black;""></div>","f","html-keyboard-response","1335","2.0.0","1270471","171898","testolin2020_replication","2025-11-24T05:59:12.903Z","13-14 inch laptop","1470","956","1470","797","2","19","Nov 28, 11:00pm","false"
"numerosity_discrimination","3","264","298","9","18","0.5","j","336","<div style=""width:100vw;height:100vh;background-color:black;""></div>","j","html-keyboard-response","1340","2.0.0","1273130","171898","testolin2020_replication","2025-11-24T05:59:12.903Z","13-14 inch laptop","1470","956","1470","797","2","19","Nov 28, 11:00pm","true"
"numerosity_discrimination","3","265","152","16","12","0.75","j","363","<div style=""width:100vw;height:100vh;background-color:black;""></div>","f","html-keyboard-response","1345","2.0.0","1275690","171898","testolin2020_replication","2025-11-24T05:59:12.903Z","13-14 inch laptop","1470","956","1470","797","2","19","Nov 28, 11:00pm","false"
"numerosity_discrimination","3","266","104","8","7","0.875","j","643","<div style=""width:100vw;height:100vh;background-color:black;""></div>","f","html-keyboard-response","1350","2.0.0","1278588","171898","testolin2020_replication","2025-11-24T05:59:12.903Z","13-14 inch laptop","1470","956","1470","797","2","19","Nov 28, 11:00pm","false"
"numerosity_discrimination","3","267","262","9","14","0.6429","j","378","<div style=""width:100vw;height:100vh;background-color:black;""></div>","j","html-keyboard-response","1355","2.0.0","1281227","171898","testolin2020_replication","2025-11-24T05:59:12.903Z","13-14 inch laptop","1470","956","1470","797","2","19","Nov 28, 11:00pm","true"
"numerosity_discrimination","3","268","269","9","14","0.6429","j","397","<div style=""width:100vw;height:100vh;background-color:black;""></div>","j","html-keyboard-response","1360","2.0.0","1284260","171898","testolin2020_replication","2025-11-24T05:59:12.903Z","13-14 inch laptop","1470","956","1470","797","2","19","Nov 28, 11:00pm","true"
"numerosity_discrimination","3","269","252","18","28","0.6429","j","322","<div style=""width:100vw;height:100vh;background-color:black;""></div>","j","html-keyboard-response","1365","2.0.0","1286887","171898","testolin2020_replication","2025-11-24T05:59:12.903Z","13-14 inch laptop","1470","956","1470","797","2","19","Nov 28, 11:00pm","true"
"numerosity_discrimination","3","270","130","22","28","0.7857","j","626","<div style=""width:100vw;height:100vh;background-color:black;""></div>","j","html-keyboard-response","1370","2.0.0","1289810","171898","testolin2020_replication","2025-11-24T05:59:12.903Z","13-14 inch laptop","1470","956","1470","797","2","19","Nov 28, 11:00pm","true"
"numerosity_discrimination","3","271","1","9","8","0.8889","j","403","<div style=""width:100vw;height:100vh;background-color:black;""></div>","f","html-keyboard-response","1375","2.0.0","1292822","171898","testolin2020_replication","2025-11-24T05:59:12.903Z","13-14 inch laptop","1470","956","1470","797","2","19","Nov 28, 11:00pm","false"
"numerosity_discrimination","3","272","255","18","28","0.6429","j","204","<div style=""width:100vw;height:100vh;background-color:black;""></div>","j","html-keyboard-response","1380","2.0.0","1295594","171898","testolin2020_replication","2025-11-24T05:59:12.903Z","13-14 inch laptop","1470","956","1470","797","2","19","Nov 28, 11:00pm","true"
"numerosity_discrimination","3","273","40","10","12","0.8333","j","1045","<div style=""width:100vw;height:100vh;background-color:black;""></div>","f","html-keyboard-response","1385","2.0.0","1299232","171898","testolin2020_replication","2025-11-24T05:59:12.903Z","13-14 inch laptop","1470","956","1470","797","2","19","Nov 28, 11:00pm","false"
"numerosity_discrimination","3","274","277","20","10","0.5","j","280","<div style=""width:100vw;height:100vh;background-color:black;""></div>","f","html-keyboard-response","1390","2.0.0","1301827","171898","testolin2020_replication","2025-11-24T05:59:12.903Z","13-14 inch laptop","1470","956","1470","797","2","19","Nov 28, 11:00pm","false"
"numerosity_discrimination","3","275","73","14","12","0.8571","j","397","<div style=""width:100vw;height:100vh;background-color:black;""></div>","f","html-keyboard-response","1395","2.0.0","1304465","171898","testolin2020_replication","2025-11-24T05:59:12.903Z","13-14 inch laptop","1470","956","1470","797","2","19","Nov 28, 11:00pm","false"
"numerosity_discrimination","3","276","81","16","18","0.8889","j","251","<div style=""width:100vw;height:100vh;background-color:black;""></div>","f","html-keyboard-response","1400","2.0.0","1307315","171898","testolin2020_replication","2025-11-24T05:59:12.903Z","13-14 inch laptop","1470","956","1470","797","2","19","Nov 28, 11:00pm","false"
"numerosity_discrimination","3","277","169","18","25","0.72","j","420","<div style=""width:100vw;height:100vh;background-color:black;""></div>","f","html-keyboard-response","1405","2.0.0","1310201","171898","testolin2020_replication","2025-11-24T05:59:12.903Z","13-14 inch laptop","1470","956","1470","797","2","19","Nov 28, 11:00pm","false"
"numerosity_discrimination","3","278","296","9","16","0.5625","j","390","<div style=""width:100vw;height:100vh;background-color:black;""></div>","j","html-keyboard-response","1410","2.0.0","1313218","171898","testolin2020_replication","2025-11-24T05:59:12.903Z","13-14 inch laptop","1470","956","1470","797","2","19","Nov 28, 11:00pm","true"
"numerosity_discrimination","3","279","25","11","9","0.8182","j","569","<div style=""width:100vw;height:100vh;background-color:black;""></div>","f","html-keyboard-response","1415","2.0.0","1315999","171898","testolin2020_replication","2025-11-24T05:59:12.903Z","13-14 inch laptop","1470","956","1470","797","2","19","Nov 28, 11:00pm","false"
"numerosity_discrimination","3","280","289","22","12","0.5455","j","365","<div style=""width:100vw;height:100vh;background-color:black;""></div>","f","html-keyboard-response","1420","2.0.0","1318602","171898","testolin2020_replication","2025-11-24T05:59:12.903Z","13-14 inch laptop","1470","956","1470","797","2","19","Nov 28, 11:00pm","false"
"numerosity_discrimination","3","281","33","8","9","0.8889","j","391","<div style=""width:100vw;height:100vh;background-color:black;""></div>","j","html-keyboard-response","1425","2.0.0","1321223","171898","testolin2020_replication","2025-11-24T05:59:12.903Z","13-14 inch laptop","1470","956","1470","797","2","19","Nov 28, 11:00pm","true"
"numerosity_discrimination","3","282","43","11","9","0.8182","j","264","<div style=""width:100vw;height:100vh;background-color:black;""></div>","f","html-keyboard-response","1430","2.0.0","1323855","171898","testolin2020_replication","2025-11-24T05:59:12.903Z","13-14 inch laptop","1470","956","1470","797","2","19","Nov 28, 11:00pm","false"
"numerosity_discrimination","3","283","147","8","11","0.7273","j","409","<div style=""width:100vw;height:100vh;background-color:black;""></div>","j","html-keyboard-response","1435","2.0.0","1326684","171898","testolin2020_replication","2025-11-24T05:59:12.903Z","13-14 inch laptop","1470","956","1470","797","2","19","Nov 28, 11:00pm","true"
"numerosity_discrimination","3","284","98","25","28","0.8929","j","856","<div style=""width:100vw;height:100vh;background-color:black;""></div>","j","html-keyboard-response","1440","2.0.0","1329843","171898","testolin2020_replication","2025-11-24T05:59:12.903Z","13-14 inch laptop","1470","956","1470","797","2","19","Nov 28, 11:00pm","true"
"numerosity_discrimination","3","285","39","20","16","0.8","j","337","<div style=""width:100vw;height:100vh;background-color:black;""></div>","f","html-keyboard-response","1445","2.0.0","1332683","171898","testolin2020_replication","2025-11-24T05:59:12.903Z","13-14 inch laptop","1470","956","1470","797","2","19","Nov 28, 11:00pm","false"
"numerosity_discrimination","3","286","115","25","28","0.8929","j","345","<div style=""width:100vw;height:100vh;background-color:black;""></div>","j","html-keyboard-response","1450","2.0.0","1335360","171898","testolin2020_replication","2025-11-24T05:59:12.903Z","13-14 inch laptop","1470","956","1470","797","2","19","Nov 28, 11:00pm","true"
"numerosity_discrimination","3","287","80","16","18","0.8889","j","419","<div style=""width:100vw;height:100vh;background-color:black;""></div>","f","html-keyboard-response","1455","2.0.0","1338361","171898","testolin2020_replication","2025-11-24T05:59:12.903Z","13-14 inch laptop","1470","956","1470","797","2","19","Nov 28, 11:00pm","false"
"numerosity_discrimination","3","288","144","28","20","0.7143","j","423","<div style=""width:100vw;height:100vh;background-color:black;""></div>","f","html-keyboard-response","1460","2.0.0","1341158","171898","testolin2020_replication","2025-11-24T05:59:12.903Z","13-14 inch laptop","1470","956","1470","797","2","19","Nov 28, 11:00pm","false"
"numerosity_discrimination","3","289","45","25","20","0.8","j","401","<div style=""width:100vw;height:100vh;background-color:black;""></div>","f","html-keyboard-response","1465","2.0.0","1343936","171898","testolin2020_replication","2025-11-24T05:59:12.903Z","13-14 inch laptop","1470","956","1470","797","2","19","Nov 28, 11:00pm","false"
"numerosity_discrimination","3","290","200","12","9","0.75","j","351","<div style=""width:100vw;height:100vh;background-color:black;""></div>","f","html-keyboard-response","1470","2.0.0","1346629","171898","testolin2020_replication","2025-11-24T05:59:12.903Z","13-14 inch laptop","1470","956","1470","797","2","19","Nov 28, 11:00pm","false"
"numerosity_discrimination","3","291","212","22","14","0.6364","j","415","<div style=""width:100vw;height:100vh;background-color:black;""></div>","f","html-keyboard-response","1475","2.0.0","1349231","171898","testolin2020_replication","2025-11-24T05:59:12.903Z","13-14 inch laptop","1470","956","1470","797","2","19","Nov 28, 11:00pm","false"
"numerosity_discrimination","3","292","207","7","9","0.7778","j","894","<div style=""width:100vw;height:100vh;background-color:black;""></div>","f","html-keyboard-response","1480","2.0.0","1352517","171898","testolin2020_replication","2025-11-24T05:59:12.903Z","13-14 inch laptop","1470","956","1470","797","2","19","Nov 28, 11:00pm","false"
"numerosity_discrimination","3","293","204","7","9","0.7778","j","458","<div style=""width:100vw;height:100vh;background-color:black;""></div>","f","html-keyboard-response","1485","2.0.0","1355312","171898","testolin2020_replication","2025-11-24T05:59:12.903Z","13-14 inch laptop","1470","956","1470","797","2","19","Nov 28, 11:00pm","false"
"numerosity_discrimination","3","294","47","20","25","0.8","j","404","<div style=""width:100vw;height:100vh;background-color:black;""></div>","f","html-keyboard-response","1490","2.0.0","1358050","171898","testolin2020_replication","2025-11-24T05:59:12.903Z","13-14 inch laptop","1470","956","1470","797","2","19","Nov 28, 11:00pm","false"
"numerosity_discrimination","3","295","206","9","7","0.7778","j","1159","<div style=""width:100vw;height:100vh;background-color:black;""></div>","j","html-keyboard-response","1495","2.0.0","1361471","171898","testolin2020_replication","2025-11-24T05:59:12.903Z","13-14 inch laptop","1470","956","1470","797","2","19","Nov 28, 11:00pm","true"
"numerosity_discrimination","3","296","91","12","14","0.8571","j","366","<div style=""width:100vw;height:100vh;background-color:black;""></div>","f","html-keyboard-response","1500","2.0.0","1364385","171898","testolin2020_replication","2025-11-24T05:59:12.903Z","13-14 inch laptop","1470","956","1470","797","2","19","Nov 28, 11:00pm","false"
"numerosity_discrimination","3","297","263","22","14","0.6364","j","267","<div style=""width:100vw;height:100vh;background-color:black;""></div>","f","html-keyboard-response","1505","2.0.0","1367240","171898","testolin2020_replication","2025-11-24T05:59:12.903Z","13-14 inch laptop","1470","956","1470","797","2","19","Nov 28, 11:00pm","false"
"numerosity_discrimination","3","298","110","7","8","0.875","j","1175","<div style=""width:100vw;height:100vh;background-color:black;""></div>","f","html-keyboard-response","1510","2.0.0","1370665","171898","testolin2020_replication","2025-11-24T05:59:12.903Z","13-14 inch laptop","1470","956","1470","797","2","19","Nov 28, 11:00pm","false"
"numerosity_discrimination","3","299","222","16","10","0.625","j","303","<div style=""width:100vw;height:100vh;background-color:black;""></div>","f","html-keyboard-response","1515","2.0.0","1373364","171898","testolin2020_replication","2025-11-24T05:59:12.903Z","13-14 inch laptop","1470","956","1470","797","2","19","Nov 28, 11:00pm","false"
"numerosity_discrimination","3","300","143","20","28","0.7143","j","560","<div style=""width:100vw;height:100vh;background-color:black;""></div>","j","html-keyboard-response","1520","2.0.0","1376254","171898","testolin2020_replication","2025-11-24T05:59:12.903Z","13-14 inch laptop","1470","956","1470","797","2","19","Nov 28, 11:00pm","true"
