"task","block","pair_order","pair_num","left_n","right_n","pair_ratio","correct_key","rt","stimulus","response","trial_type","trial_index","plugin_version","time_elapsed","participant_id","experiment","date","screen_size_category","screen_width_pixels","screen_height_pixels","window_width_pixels","window_height_pixels","pixel_ratio","participant_age","time_slot","correct"
"numerosity_discrimination","1","1","286","18","10","0.5556","j","527","<div style=""width:100vw;height:100vh;background-color:black;""></div>","f","html-keyboard-response","21","2.0.0","211987","173803","testolin2020_replication","2025-11-27T02:15:39.719Z","13-14 inch laptop","1536","864","1536","730","1.25","19","Nov 28, 11:00 pm","false"
"numerosity_discrimination","1","2","61","8","10","0.8","j","1746","<div style=""width:100vw;height:100vh;background-color:black;""></div>","j","html-keyboard-response","26","2.0.0","215925","173803","testolin2020_replication","2025-11-27T02:15:39.719Z","13-14 inch laptop","1536","864","1536","730","1.25","19","Nov 28, 11:00 pm","true"
"numerosity_discrimination","1","3","271","20","11","0.55","j","670","<div style=""width:100vw;height:100vh;background-color:black;""></div>","f","html-keyboard-response","31","2.0.0","218797","173803","testolin2020_replication","2025-11-27T02:15:39.719Z","13-14 inch laptop","1536","864","1536","730","1.25","19","Nov 28, 11:00 pm","false"
"numerosity_discrimination","1","4","128","22","28","0.7857","j","183","<div style=""width:100vw;height:100vh;background-color:black;""></div>","j","html-keyboard-response","36","2.0.0","221458","173803","testolin2020_replication","2025-11-27T02:15:39.719Z","13-14 inch laptop","1536","864","1536","730","1.25","19","Nov 28, 11:00 pm","true"
"numerosity_discrimination","1","5","278","9","18","0.5","j","554","<div style=""width:100vw;height:100vh;background-color:black;""></div>","j","html-keyboard-response","41","2.0.0","224518","173803","testolin2020_replication","2025-11-27T02:15:39.719Z","13-14 inch laptop","1536","864","1536","730","1.25","19","Nov 28, 11:00 pm","true"
"numerosity_discrimination","1","6","51","10","12","0.8333","j","490","<div style=""width:100vw;height:100vh;background-color:black;""></div>","j","html-keyboard-response","46","2.0.0","227652","173803","testolin2020_replication","2025-11-27T02:15:39.719Z","13-14 inch laptop","1536","864","1536","730","1.25","19","Nov 28, 11:00 pm","true"
"numerosity_discrimination","1","7","188","9","12","0.75","j","523","<div style=""width:100vw;height:100vh;background-color:black;""></div>","j","html-keyboard-response","51","2.0.0","230402","173803","testolin2020_replication","2025-11-27T02:15:39.719Z","13-14 inch laptop","1536","864","1536","730","1.25","19","Nov 28, 11:00 pm","true"
"numerosity_discrimination","1","8","236","22","14","0.6364","j","536","<div style=""width:100vw;height:100vh;background-color:black;""></div>","f","html-keyboard-response","56","2.0.0","233364","173803","testolin2020_replication","2025-11-27T02:15:39.719Z","13-14 inch laptop","1536","864","1536","730","1.25","19","Nov 28, 11:00 pm","false"
"numerosity_discrimination","1","9","35","9","8","0.8889","j","596","<div style=""width:100vw;height:100vh;background-color:black;""></div>","j","html-keyboard-response","61","2.0.0","236409","173803","testolin2020_replication","2025-11-27T02:15:39.719Z","13-14 inch laptop","1536","864","1536","730","1.25","19","Nov 28, 11:00 pm","true"
"numerosity_discrimination","1","10","267","18","28","0.6429","j","1014","<div style=""width:100vw;height:100vh;background-color:black;""></div>","j","html-keyboard-response","66","2.0.0","239893","173803","testolin2020_replication","2025-11-27T02:15:39.719Z","13-14 inch laptop","1536","864","1536","730","1.25","19","Nov 28, 11:00 pm","true"
"numerosity_discrimination","1","11","280","28","16","0.5714","j","466","<div style=""width:100vw;height:100vh;background-color:black;""></div>","f","html-keyboard-response","71","2.0.0","242960","173803","testolin2020_replication","2025-11-27T02:15:39.719Z","13-14 inch laptop","1536","864","1536","730","1.25","19","Nov 28, 11:00 pm","false"
"numerosity_discrimination","1","12","279","20","11","0.55","j","480","<div style=""width:100vw;height:100vh;background-color:black;""></div>","f","html-keyboard-response","76","2.0.0","245639","173803","testolin2020_replication","2025-11-27T02:15:39.719Z","13-14 inch laptop","1536","864","1536","730","1.25","19","Nov 28, 11:00 pm","false"
"numerosity_discrimination","1","13","167","9","12","0.75","j","573","<div style=""width:100vw;height:100vh;background-color:black;""></div>","j","html-keyboard-response","81","2.0.0","248782","173803","testolin2020_replication","2025-11-27T02:15:39.719Z","13-14 inch laptop","1536","864","1536","730","1.25","19","Nov 28, 11:00 pm","true"
"numerosity_discrimination","1","14","9","9","8","0.8889","j","785","<div style=""width:100vw;height:100vh;background-color:black;""></div>","f","html-keyboard-response","86","2.0.0","252263","173803","testolin2020_replication","2025-11-27T02:15:39.719Z","13-14 inch laptop","1536","864","1536","730","1.25","19","Nov 28, 11:00 pm","false"
"numerosity_discrimination","1","15","202","9","7","0.7778","j","1345","<div style=""width:100vw;height:100vh;background-color:black;""></div>","f","html-keyboard-response","91","2.0.0","255837","173803","testolin2020_replication","2025-11-27T02:15:39.719Z","13-14 inch laptop","1536","864","1536","730","1.25","19","Nov 28, 11:00 pm","false"
"numerosity_discrimination","1","16","272","10","20","0.5","j","795","<div style=""width:100vw;height:100vh;background-color:black;""></div>","j","html-keyboard-response","96","2.0.0","259188","173803","testolin2020_replication","2025-11-27T02:15:39.719Z","13-14 inch laptop","1536","864","1536","730","1.25","19","Nov 28, 11:00 pm","true"
"numerosity_discrimination","1","17","235","14","9","0.6429","j","400","<div style=""width:100vw;height:100vh;background-color:black;""></div>","f","html-keyboard-response","101","2.0.0","262011","173803","testolin2020_replication","2025-11-27T02:15:39.719Z","13-14 inch laptop","1536","864","1536","730","1.25","19","Nov 28, 11:00 pm","false"
"numerosity_discrimination","1","18","67","11","9","0.8182","j","304","<div style=""width:100vw;height:100vh;background-color:black;""></div>","j","html-keyboard-response","106","2.0.0","264715","173803","testolin2020_replication","2025-11-27T02:15:39.719Z","13-14 inch laptop","1536","864","1536","730","1.25","19","Nov 28, 11:00 pm","true"
"numerosity_discrimination","1","19","160","12","16","0.75","j","292","<div style=""width:100vw;height:100vh;background-color:black;""></div>","j","html-keyboard-response","111","2.0.0","267700","173803","testolin2020_replication","2025-11-27T02:15:39.719Z","13-14 inch laptop","1536","864","1536","730","1.25","19","Nov 28, 11:00 pm","true"
"numerosity_discrimination","1","20","31","28","25","0.8929","j","639","<div style=""width:100vw;height:100vh;background-color:black;""></div>","j","html-keyboard-response","116","2.0.0","270735","173803","testolin2020_replication","2025-11-27T02:15:39.719Z","13-14 inch laptop","1536","864","1536","730","1.25","19","Nov 28, 11:00 pm","true"
"numerosity_discrimination","1","21","213","18","11","0.6111","j","430","<div style=""width:100vw;height:100vh;background-color:black;""></div>","f","html-keyboard-response","121","2.0.0","273824","173803","testolin2020_replication","2025-11-27T02:15:39.719Z","13-14 inch laptop","1536","864","1536","730","1.25","19","Nov 28, 11:00 pm","false"
"numerosity_discrimination","1","22","193","25","18","0.72","j","461","<div style=""width:100vw;height:100vh;background-color:black;""></div>","f","html-keyboard-response","126","2.0.0","276956","173803","testolin2020_replication","2025-11-27T02:15:39.719Z","13-14 inch laptop","1536","864","1536","730","1.25","19","Nov 28, 11:00 pm","false"
"numerosity_discrimination","1","23","105","28","25","0.8929","j","886","<div style=""width:100vw;height:100vh;background-color:black;""></div>","j","html-keyboard-response","131","2.0.0","280360","173803","testolin2020_replication","2025-11-27T02:15:39.719Z","13-14 inch laptop","1536","864","1536","730","1.25","19","Nov 28, 11:00 pm","true"
"numerosity_discrimination","1","24","158","18","14","0.7778","j","582","<div style=""width:100vw;height:100vh;background-color:black;""></div>","f","html-keyboard-response","136","2.0.0","283343","173803","testolin2020_replication","2025-11-27T02:15:39.719Z","13-14 inch laptop","1536","864","1536","730","1.25","19","Nov 28, 11:00 pm","false"
"numerosity_discrimination","1","25","175","11","14","0.7857","j","317","<div style=""width:100vw;height:100vh;background-color:black;""></div>","j","html-keyboard-response","141","2.0.0","286078","173803","testolin2020_replication","2025-11-27T02:15:39.719Z","13-14 inch laptop","1536","864","1536","730","1.25","19","Nov 28, 11:00 pm","true"
"numerosity_discrimination","1","26","254","20","12","0.6","j","200","<div style=""width:100vw;height:100vh;background-color:black;""></div>","f","html-keyboard-response","146","2.0.0","288611","173803","testolin2020_replication","2025-11-27T02:15:39.719Z","13-14 inch laptop","1536","864","1536","730","1.25","19","Nov 28, 11:00 pm","false"
"numerosity_discrimination","1","27","221","16","10","0.625","j","567","<div style=""width:100vw;height:100vh;background-color:black;""></div>","f","html-keyboard-response","151","2.0.0","291560","173803","testolin2020_replication","2025-11-27T02:15:39.719Z","13-14 inch laptop","1536","864","1536","730","1.25","19","Nov 28, 11:00 pm","false"
"numerosity_discrimination","1","28","55","18","16","0.8889","j","259","<div style=""width:100vw;height:100vh;background-color:black;""></div>","f","html-keyboard-response","156","2.0.0","294335","173803","testolin2020_replication","2025-11-27T02:15:39.719Z","13-14 inch laptop","1536","864","1536","730","1.25","19","Nov 28, 11:00 pm","false"
"numerosity_discrimination","1","29","120","14","12","0.8571","j","749","<div style=""width:100vw;height:100vh;background-color:black;""></div>","f","html-keyboard-response","161","2.0.0","297357","173803","testolin2020_replication","2025-11-27T02:15:39.719Z","13-14 inch laptop","1536","864","1536","730","1.25","19","Nov 28, 11:00 pm","false"
"numerosity_discrimination","1","30","89","11","9","0.8182","j","563","<div style=""width:100vw;height:100vh;background-color:black;""></div>","f","html-keyboard-response","166","2.0.0","300154","173803","testolin2020_replication","2025-11-27T02:15:39.719Z","13-14 inch laptop","1536","864","1536","730","1.25","19","Nov 28, 11:00 pm","false"
"numerosity_discrimination","1","31","108","8","9","0.8889","j","359","<div style=""width:100vw;height:100vh;background-color:black;""></div>","j","html-keyboard-response","171","2.0.0","303120","173803","testolin2020_replication","2025-11-27T02:15:39.719Z","13-14 inch laptop","1536","864","1536","730","1.25","19","Nov 28, 11:00 pm","true"
"numerosity_discrimination","1","32","23","11","9","0.8182","j","325","<div style=""width:100vw;height:100vh;background-color:black;""></div>","f","html-keyboard-response","176","2.0.0","305800","173803","testolin2020_replication","2025-11-27T02:15:39.719Z","13-14 inch laptop","1536","864","1536","730","1.25","19","Nov 28, 11:00 pm","false"
"numerosity_discrimination","1","33","48","14","16","0.875","j","625","<div style=""width:100vw;height:100vh;background-color:black;""></div>","j","html-keyboard-response","181","2.0.0","308601","173803","testolin2020_replication","2025-11-27T02:15:39.719Z","13-14 inch laptop","1536","864","1536","730","1.25","19","Nov 28, 11:00 pm","true"
"numerosity_discrimination","1","34","177","8","11","0.7273","j","419","<div style=""width:100vw;height:100vh;background-color:black;""></div>","j","html-keyboard-response","186","2.0.0","311445","173803","testolin2020_replication","2025-11-27T02:15:39.719Z","13-14 inch laptop","1536","864","1536","730","1.25","19","Nov 28, 11:00 pm","true"
"numerosity_discrimination","1","35","26","28","25","0.8929","j","447","<div style=""width:100vw;height:100vh;background-color:black;""></div>","f","html-keyboard-response","191","2.0.0","314224","173803","testolin2020_replication","2025-11-27T02:15:39.719Z","13-14 inch laptop","1536","864","1536","730","1.25","19","Nov 28, 11:00 pm","false"
"numerosity_discrimination","1","36","166","20","14","0.7","j","400","<div style=""width:100vw;height:100vh;background-color:black;""></div>","f","html-keyboard-response","196","2.0.0","317108","173803","testolin2020_replication","2025-11-27T02:15:39.719Z","13-14 inch laptop","1536","864","1536","730","1.25","19","Nov 28, 11:00 pm","false"
"numerosity_discrimination","1","37","261","28","18","0.6429","j","299","<div style=""width:100vw;height:100vh;background-color:black;""></div>","f","html-keyboard-response","201","2.0.0","320072","173803","testolin2020_replication","2025-11-27T02:15:39.719Z","13-14 inch laptop","1536","864","1536","730","1.25","19","Nov 28, 11:00 pm","false"
"numerosity_discrimination","1","38","32","16","20","0.8","j","363","<div style=""width:100vw;height:100vh;background-color:black;""></div>","j","html-keyboard-response","206","2.0.0","322639","173803","testolin2020_replication","2025-11-27T02:15:39.719Z","13-14 inch laptop","1536","864","1536","730","1.25","19","Nov 28, 11:00 pm","true"
"numerosity_discrimination","1","39","103","14","12","0.8571","j","1268","<div style=""width:100vw;height:100vh;background-color:black;""></div>","f","html-keyboard-response","211","2.0.0","326494","173803","testolin2020_replication","2025-11-27T02:15:39.719Z","13-14 inch laptop","1536","864","1536","730","1.25","19","Nov 28, 11:00 pm","false"
"numerosity_discrimination","1","40","197","12","16","0.75","j","399","<div style=""width:100vw;height:100vh;background-color:black;""></div>","j","html-keyboard-response","216","2.0.0","329255","173803","testolin2020_replication","2025-11-27T02:15:39.719Z","13-14 inch laptop","1536","864","1536","730","1.25","19","Nov 28, 11:00 pm","true"
"numerosity_discrimination","1","41","268","18","11","0.6111","j","323","<div style=""width:100vw;height:100vh;background-color:black;""></div>","f","html-keyboard-response","221","2.0.0","331901","173803","testolin2020_replication","2025-11-27T02:15:39.719Z","13-14 inch laptop","1536","864","1536","730","1.25","19","Nov 28, 11:00 pm","false"
"numerosity_discrimination","1","42","299","20","10","0.5","j","237","<div style=""width:100vw;height:100vh;background-color:black;""></div>","f","html-keyboard-response","226","2.0.0","334813","173803","testolin2020_replication","2025-11-27T02:15:39.719Z","13-14 inch laptop","1536","864","1536","730","1.25","19","Nov 28, 11:00 pm","false"
"numerosity_discrimination","1","43","179","22","16","0.7273","j","651","<div style=""width:100vw;height:100vh;background-color:black;""></div>","j","html-keyboard-response","231","2.0.0","337926","173803","testolin2020_replication","2025-11-27T02:15:39.719Z","13-14 inch laptop","1536","864","1536","730","1.25","19","Nov 28, 11:00 pm","true"
"numerosity_discrimination","1","44","203","11","8","0.7273","j","584","<div style=""width:100vw;height:100vh;background-color:black;""></div>","f","html-keyboard-response","236","2.0.0","341028","173803","testolin2020_replication","2025-11-27T02:15:39.719Z","13-14 inch laptop","1536","864","1536","730","1.25","19","Nov 28, 11:00 pm","false"
"numerosity_discrimination","1","45","245","10","16","0.625","j","423","<div style=""width:100vw;height:100vh;background-color:black;""></div>","j","html-keyboard-response","241","2.0.0","343980","173803","testolin2020_replication","2025-11-27T02:15:39.719Z","13-14 inch laptop","1536","864","1536","730","1.25","19","Nov 28, 11:00 pm","true"
"numerosity_discrimination","1","46","34","16","18","0.8889","j","152","<div style=""width:100vw;height:100vh;background-color:black;""></div>","j","html-keyboard-response","246","2.0.0","346630","173803","testolin2020_replication","2025-11-27T02:15:39.719Z","13-14 inch laptop","1536","864","1536","730","1.25","19","Nov 28, 11:00 pm","true"
"numerosity_discrimination","1","47","164","20","14","0.7","j","347","<div style=""width:100vw;height:100vh;background-color:black;""></div>","f","html-keyboard-response","251","2.0.0","349238","173803","testolin2020_replication","2025-11-27T02:15:39.719Z","13-14 inch laptop","1536","864","1536","730","1.25","19","Nov 28, 11:00 pm","false"
"numerosity_discrimination","1","48","186","22","28","0.7857","j","68","<div style=""width:100vw;height:100vh;background-color:black;""></div>","j","html-keyboard-response","256","2.0.0","351946","173803","testolin2020_replication","2025-11-27T02:15:39.719Z","13-14 inch laptop","1536","864","1536","730","1.25","19","Nov 28, 11:00 pm","true"
"numerosity_discrimination","1","49","19","18","22","0.8182","j","281","<div style=""width:100vw;height:100vh;background-color:black;""></div>","j","html-keyboard-response","261","2.0.0","354804","173803","testolin2020_replication","2025-11-27T02:15:39.719Z","13-14 inch laptop","1536","864","1536","730","1.25","19","Nov 28, 11:00 pm","true"
"numerosity_discrimination","1","50","22","16","20","0.8","j","86","<div style=""width:100vw;height:100vh;background-color:black;""></div>","j","html-keyboard-response","266","2.0.0","357309","173803","testolin2020_replication","2025-11-27T02:15:39.719Z","13-14 inch laptop","1536","864","1536","730","1.25","19","Nov 28, 11:00 pm","true"
"numerosity_discrimination","1","51","285","11","22","0.5","j","216","<div style=""width:100vw;height:100vh;background-color:black;""></div>","j","html-keyboard-response","271","2.0.0","360090","173803","testolin2020_replication","2025-11-27T02:15:39.719Z","13-14 inch laptop","1536","864","1536","730","1.25","19","Nov 28, 11:00 pm","true"
"numerosity_discrimination","1","52","54","22","18","0.8182","j","252","<div style=""width:100vw;height:100vh;background-color:black;""></div>","f","html-keyboard-response","276","2.0.0","362695","173803","testolin2020_replication","2025-11-27T02:15:39.719Z","13-14 inch laptop","1536","864","1536","730","1.25","19","Nov 28, 11:00 pm","false"
"numerosity_discrimination","1","53","238","20","12","0.6","j","351","<div style=""width:100vw;height:100vh;background-color:black;""></div>","f","html-keyboard-response","281","2.0.0","365592","173803","testolin2020_replication","2025-11-27T02:15:39.719Z","13-14 inch laptop","1536","864","1536","730","1.25","19","Nov 28, 11:00 pm","false"
"numerosity_discrimination","1","54","124","16","12","0.75","j","238","<div style=""width:100vw;height:100vh;background-color:black;""></div>","f","html-keyboard-response","286","2.0.0","368311","173803","testolin2020_replication","2025-11-27T02:15:39.719Z","13-14 inch laptop","1536","864","1536","730","1.25","19","Nov 28, 11:00 pm","false"
"numerosity_discrimination","1","55","18","14","12","0.8571","j","469","<div style=""width:100vw;height:100vh;background-color:black;""></div>","f","html-keyboard-response","291","2.0.0","371329","173803","testolin2020_replication","2025-11-27T02:15:39.719Z","13-14 inch laptop","1536","864","1536","730","1.25","19","Nov 28, 11:00 pm","false"
"numerosity_discrimination","1","56","173","25","18","0.72","j","433","<div style=""width:100vw;height:100vh;background-color:black;""></div>","f","html-keyboard-response","296","2.0.0","374158","173803","testolin2020_replication","2025-11-27T02:15:39.719Z","13-14 inch laptop","1536","864","1536","730","1.25","19","Nov 28, 11:00 pm","false"
"numerosity_discrimination","1","57","63","9","8","0.8889","j","663","<div style=""width:100vw;height:100vh;background-color:black;""></div>","j","html-keyboard-response","301","2.0.0","377121","173803","testolin2020_replication","2025-11-27T02:15:39.719Z","13-14 inch laptop","1536","864","1536","730","1.25","19","Nov 28, 11:00 pm","true"
"numerosity_discrimination","1","58","159","20","28","0.7143","j","453","<div style=""width:100vw;height:100vh;background-color:black;""></div>","j","html-keyboard-response","306","2.0.0","379980","173803","testolin2020_replication","2025-11-27T02:15:39.719Z","13-14 inch laptop","1536","864","1536","730","1.25","19","Nov 28, 11:00 pm","true"
"numerosity_discrimination","1","59","265","18","28","0.6429","j","368","<div style=""width:100vw;height:100vh;background-color:black;""></div>","j","html-keyboard-response","311","2.0.0","382860","173803","testolin2020_replication","2025-11-27T02:15:39.719Z","13-14 inch laptop","1536","864","1536","730","1.25","19","Nov 28, 11:00 pm","true"
"numerosity_discrimination","1","60","17","12","14","0.8571","j","502","<div style=""width:100vw;height:100vh;background-color:black;""></div>","j","html-keyboard-response","316","2.0.0","385826","173803","testolin2020_replication","2025-11-27T02:15:39.719Z","13-14 inch laptop","1536","864","1536","730","1.25","19","Nov 28, 11:00 pm","true"
"numerosity_discrimination","1","61","140","11","8","0.7273","j","523","<div style=""width:100vw;height:100vh;background-color:black;""></div>","f","html-keyboard-response","321","2.0.0","388979","173803","testolin2020_replication","2025-11-27T02:15:39.719Z","13-14 inch laptop","1536","864","1536","730","1.25","19","Nov 28, 11:00 pm","false"
"numerosity_discrimination","1","62","208","9","7","0.7778","j","673","<div style=""width:100vw;height:100vh;background-color:black;""></div>","f","html-keyboard-response","326","2.0.0","392049","173803","testolin2020_replication","2025-11-27T02:15:39.719Z","13-14 inch laptop","1536","864","1536","730","1.25","19","Nov 28, 11:00 pm","false"
"numerosity_discrimination","1","63","53","18","22","0.8182","j","397","<div style=""width:100vw;height:100vh;background-color:black;""></div>","j","html-keyboard-response","331","2.0.0","395091","173803","testolin2020_replication","2025-11-27T02:15:39.719Z","13-14 inch laptop","1536","864","1536","730","1.25","19","Nov 28, 11:00 pm","true"
"numerosity_discrimination","1","64","126","9","7","0.7778","j","707","<div style=""width:100vw;height:100vh;background-color:black;""></div>","f","html-keyboard-response","336","2.0.0","398379","173803","testolin2020_replication","2025-11-27T02:15:39.719Z","13-14 inch laptop","1536","864","1536","730","1.25","19","Nov 28, 11:00 pm","false"
"numerosity_discrimination","1","65","88","12","10","0.8333","j","488","<div style=""width:100vw;height:100vh;background-color:black;""></div>","j","html-keyboard-response","341","2.0.0","401111","173803","testolin2020_replication","2025-11-27T02:15:39.719Z","13-14 inch laptop","1536","864","1536","730","1.25","19","Nov 28, 11:00 pm","true"
"numerosity_discrimination","1","66","116","28","25","0.8929","j","516","<div style=""width:100vw;height:100vh;background-color:black;""></div>","f","html-keyboard-response","346","2.0.0","404159","173803","testolin2020_replication","2025-11-27T02:15:39.719Z","13-14 inch laptop","1536","864","1536","730","1.25","19","Nov 28, 11:00 pm","false"
"numerosity_discrimination","1","67","4","12","14","0.8571","j","419","<div style=""width:100vw;height:100vh;background-color:black;""></div>","j","html-keyboard-response","351","2.0.0","406944","173803","testolin2020_replication","2025-11-27T02:15:39.719Z","13-14 inch laptop","1536","864","1536","730","1.25","19","Nov 28, 11:00 pm","true"
"numerosity_discrimination","1","68","287","25","14","0.56","j","521","<div style=""width:100vw;height:100vh;background-color:black;""></div>","f","html-keyboard-response","356","2.0.0","409826","173803","testolin2020_replication","2025-11-27T02:15:39.719Z","13-14 inch laptop","1536","864","1536","730","1.25","19","Nov 28, 11:00 pm","false"
"numerosity_discrimination","1","69","119","12","10","0.8333","j","319","<div style=""width:100vw;height:100vh;background-color:black;""></div>","j","html-keyboard-response","361","2.0.0","412741","173803","testolin2020_replication","2025-11-27T02:15:39.719Z","13-14 inch laptop","1536","864","1536","730","1.25","19","Nov 28, 11:00 pm","true"
"numerosity_discrimination","1","70","122","8","11","0.7273","j","352","<div style=""width:100vw;height:100vh;background-color:black;""></div>","j","html-keyboard-response","366","2.0.0","415678","173803","testolin2020_replication","2025-11-27T02:15:39.719Z","13-14 inch laptop","1536","864","1536","730","1.25","19","Nov 28, 11:00 pm","true"
"numerosity_discrimination","1","71","194","7","9","0.7778","j","389","<div style=""width:100vw;height:100vh;background-color:black;""></div>","j","html-keyboard-response","371","2.0.0","418349","173803","testolin2020_replication","2025-11-27T02:15:39.719Z","13-14 inch laptop","1536","864","1536","730","1.25","19","Nov 28, 11:00 pm","true"
"numerosity_discrimination","1","72","75","12","14","0.8571","j","384","<div style=""width:100vw;height:100vh;background-color:black;""></div>","j","html-keyboard-response","376","2.0.0","420993","173803","testolin2020_replication","2025-11-27T02:15:39.719Z","13-14 inch laptop","1536","864","1536","730","1.25","19","Nov 28, 11:00 pm","true"
"numerosity_discrimination","1","73","150","16","22","0.7273","j","415","<div style=""width:100vw;height:100vh;background-color:black;""></div>","j","html-keyboard-response","381","2.0.0","423791","173803","testolin2020_replication","2025-11-27T02:15:39.719Z","13-14 inch laptop","1536","864","1536","730","1.25","19","Nov 28, 11:00 pm","true"
"numerosity_discrimination","1","74","70","18","16","0.8889","j","267","<div style=""width:100vw;height:100vh;background-color:black;""></div>","f","html-keyboard-response","386","2.0.0","426691","173803","testolin2020_replication","2025-11-27T02:15:39.719Z","13-14 inch laptop","1536","864","1536","730","1.25","19","Nov 28, 11:00 pm","false"
"numerosity_discrimination","1","75","187","18","14","0.7778","j","495","<div style=""width:100vw;height:100vh;background-color:black;""></div>","j","html-keyboard-response","391","2.0.0","429720","173803","testolin2020_replication","2025-11-27T02:15:39.719Z","13-14 inch laptop","1536","864","1536","730","1.25","19","Nov 28, 11:00 pm","true"
"numerosity_discrimination","1","76","275","14","7","0.5","j","361","<div style=""width:100vw;height:100vh;background-color:black;""></div>","f","html-keyboard-response","396","2.0.0","432533","173803","testolin2020_replication","2025-11-27T02:15:39.719Z","13-14 inch laptop","1536","864","1536","730","1.25","19","Nov 28, 11:00 pm","false"
"numerosity_discrimination","1","77","192","22","28","0.7857","j","262","<div style=""width:100vw;height:100vh;background-color:black;""></div>","j","html-keyboard-response","401","2.0.0","435100","173803","testolin2020_replication","2025-11-27T02:15:39.719Z","13-14 inch laptop","1536","864","1536","730","1.25","19","Nov 28, 11:00 pm","true"
"numerosity_discrimination","1","78","225","14","22","0.6364","j","341","<div style=""width:100vw;height:100vh;background-color:black;""></div>","j","html-keyboard-response","406","2.0.0","437832","173803","testolin2020_replication","2025-11-27T02:15:39.719Z","13-14 inch laptop","1536","864","1536","730","1.25","19","Nov 28, 11:00 pm","true"
"numerosity_discrimination","1","79","59","14","12","0.8571","j","563","<div style=""width:100vw;height:100vh;background-color:black;""></div>","f","html-keyboard-response","411","2.0.0","441036","173803","testolin2020_replication","2025-11-27T02:15:39.719Z","13-14 inch laptop","1536","864","1536","730","1.25","19","Nov 28, 11:00 pm","false"
"numerosity_discrimination","1","80","239","22","14","0.6364","j","367","<div style=""width:100vw;height:100vh;background-color:black;""></div>","f","html-keyboard-response","416","2.0.0","444006","173803","testolin2020_replication","2025-11-27T02:15:39.719Z","13-14 inch laptop","1536","864","1536","730","1.25","19","Nov 28, 11:00 pm","false"
"numerosity_discrimination","1","81","226","14","9","0.6429","j","406","<div style=""width:100vw;height:100vh;background-color:black;""></div>","f","html-keyboard-response","421","2.0.0","446778","173803","testolin2020_replication","2025-11-27T02:15:39.719Z","13-14 inch laptop","1536","864","1536","730","1.25","19","Nov 28, 11:00 pm","false"
"numerosity_discrimination","1","82","259","18","11","0.6111","j","390","<div style=""width:100vw;height:100vh;background-color:black;""></div>","f","html-keyboard-response","426","2.0.0","449764","173803","testolin2020_replication","2025-11-27T02:15:39.719Z","13-14 inch laptop","1536","864","1536","730","1.25","19","Nov 28, 11:00 pm","false"
"numerosity_discrimination","1","83","184","18","14","0.7778","j","568","<div style=""width:100vw;height:100vh;background-color:black;""></div>","f","html-keyboard-response","431","2.0.0","452873","173803","testolin2020_replication","2025-11-27T02:15:39.719Z","13-14 inch laptop","1536","864","1536","730","1.25","19","Nov 28, 11:00 pm","false"
"numerosity_discrimination","1","84","100","28","25","0.8929","j","1581","<div style=""width:100vw;height:100vh;background-color:black;""></div>","j","html-keyboard-response","436","2.0.0","456903","173803","testolin2020_replication","2025-11-27T02:15:39.719Z","13-14 inch laptop","1536","864","1536","730","1.25","19","Nov 28, 11:00 pm","true"
"numerosity_discrimination","1","85","38","14","16","0.875","j","495","<div style=""width:100vw;height:100vh;background-color:black;""></div>","j","html-keyboard-response","441","2.0.0","460033","173803","testolin2020_replication","2025-11-27T02:15:39.719Z","13-14 inch laptop","1536","864","1536","730","1.25","19","Nov 28, 11:00 pm","true"
"numerosity_discrimination","1","86","109","12","14","0.8571","j","465","<div style=""width:100vw;height:100vh;background-color:black;""></div>","f","html-keyboard-response","446","2.0.0","463006","173803","testolin2020_replication","2025-11-27T02:15:39.719Z","13-14 inch laptop","1536","864","1536","730","1.25","19","Nov 28, 11:00 pm","false"
"numerosity_discrimination","1","87","231","25","16","0.64","j","460","<div style=""width:100vw;height:100vh;background-color:black;""></div>","f","html-keyboard-response","451","2.0.0","466116","173803","testolin2020_replication","2025-11-27T02:15:39.719Z","13-14 inch laptop","1536","864","1536","730","1.25","19","Nov 28, 11:00 pm","false"
"numerosity_discrimination","1","88","282","8","14","0.5714","j","394","<div style=""width:100vw;height:100vh;background-color:black;""></div>","j","html-keyboard-response","456","2.0.0","468885","173803","testolin2020_replication","2025-11-27T02:15:39.719Z","13-14 inch laptop","1536","864","1536","730","1.25","19","Nov 28, 11:00 pm","true"
"numerosity_discrimination","1","89","37","20","16","0.8","j","267","<div style=""width:100vw;height:100vh;background-color:black;""></div>","f","html-keyboard-response","461","2.0.0","471736","173803","testolin2020_replication","2025-11-27T02:15:39.719Z","13-14 inch laptop","1536","864","1536","730","1.25","19","Nov 28, 11:00 pm","false"
"numerosity_discrimination","1","90","41","16","20","0.8","j","312","<div style=""width:100vw;height:100vh;background-color:black;""></div>","j","html-keyboard-response","466","2.0.0","474650","173803","testolin2020_replication","2025-11-27T02:15:39.719Z","13-14 inch laptop","1536","864","1536","730","1.25","19","Nov 28, 11:00 pm","true"
"numerosity_discrimination","1","91","11","8","10","0.8","j","448","<div style=""width:100vw;height:100vh;background-color:black;""></div>","j","html-keyboard-response","471","2.0.0","477337","173803","testolin2020_replication","2025-11-27T02:15:39.719Z","13-14 inch laptop","1536","864","1536","730","1.25","19","Nov 28, 11:00 pm","true"
"numerosity_discrimination","1","92","163","18","14","0.7778","j","380","<div style=""width:100vw;height:100vh;background-color:black;""></div>","f","html-keyboard-response","476","2.0.0","480218","173803","testolin2020_replication","2025-11-27T02:15:39.719Z","13-14 inch laptop","1536","864","1536","730","1.25","19","Nov 28, 11:00 pm","false"
"numerosity_discrimination","1","93","243","18","12","0.6667","j","372","<div style=""width:100vw;height:100vh;background-color:black;""></div>","f","html-keyboard-response","481","2.0.0","483063","173803","testolin2020_replication","2025-11-27T02:15:39.719Z","13-14 inch laptop","1536","864","1536","730","1.25","19","Nov 28, 11:00 pm","false"
"numerosity_discrimination","1","94","290","12","22","0.5455","j","221","<div style=""width:100vw;height:100vh;background-color:black;""></div>","j","html-keyboard-response","486","2.0.0","485528","173803","testolin2020_replication","2025-11-27T02:15:39.719Z","13-14 inch laptop","1536","864","1536","730","1.25","19","Nov 28, 11:00 pm","true"
"numerosity_discrimination","1","95","281","12","7","0.5833","j","277","<div style=""width:100vw;height:100vh;background-color:black;""></div>","f","html-keyboard-response","491","2.0.0","488269","173803","testolin2020_replication","2025-11-27T02:15:39.719Z","13-14 inch laptop","1536","864","1536","730","1.25","19","Nov 28, 11:00 pm","false"
"numerosity_discrimination","1","96","134","16","12","0.75","j","502","<div style=""width:100vw;height:100vh;background-color:black;""></div>","j","html-keyboard-response","496","2.0.0","491390","173803","testolin2020_replication","2025-11-27T02:15:39.719Z","13-14 inch laptop","1536","864","1536","730","1.25","19","Nov 28, 11:00 pm","true"
"numerosity_discrimination","1","97","123","12","16","0.75","j","422","<div style=""width:100vw;height:100vh;background-color:black;""></div>","j","html-keyboard-response","501","2.0.0","494044","173803","testolin2020_replication","2025-11-27T02:15:39.719Z","13-14 inch laptop","1536","864","1536","730","1.25","19","Nov 28, 11:00 pm","true"
"numerosity_discrimination","1","98","274","18","9","0.5","j","375","<div style=""width:100vw;height:100vh;background-color:black;""></div>","f","html-keyboard-response","506","2.0.0","496762","173803","testolin2020_replication","2025-11-27T02:15:39.719Z","13-14 inch laptop","1536","864","1536","730","1.25","19","Nov 28, 11:00 pm","false"
"numerosity_discrimination","1","99","112","28","25","0.8929","j","331","<div style=""width:100vw;height:100vh;background-color:black;""></div>","j","html-keyboard-response","511","2.0.0","499657","173803","testolin2020_replication","2025-11-27T02:15:39.719Z","13-14 inch laptop","1536","864","1536","730","1.25","19","Nov 28, 11:00 pm","true"
"numerosity_discrimination","1","100","295","20","10","0.5","j","358","<div style=""width:100vw;height:100vh;background-color:black;""></div>","f","html-keyboard-response","516","2.0.0","502580","173803","testolin2020_replication","2025-11-27T02:15:39.719Z","13-14 inch laptop","1536","864","1536","730","1.25","19","Nov 28, 11:00 pm","false"
"numerosity_discrimination","2","101","46","18","22","0.8182","j","933","<div style=""width:100vw;height:100vh;background-color:black;""></div>","j","html-keyboard-response","523","2.0.0","566086","173803","testolin2020_replication","2025-11-27T02:15:39.719Z","13-14 inch laptop","1536","864","1536","730","1.25","19","Nov 28, 11:00 pm","true"
"numerosity_discrimination","2","102","77","7","8","0.875","j","496","<div style=""width:100vw;height:100vh;background-color:black;""></div>","j","html-keyboard-response","528","2.0.0","568866","173803","testolin2020_replication","2025-11-27T02:15:39.719Z","13-14 inch laptop","1536","864","1536","730","1.25","19","Nov 28, 11:00 pm","true"
"numerosity_discrimination","2","103","68","11","9","0.8182","j","323","<div style=""width:100vw;height:100vh;background-color:black;""></div>","f","html-keyboard-response","533","2.0.0","571512","173803","testolin2020_replication","2025-11-27T02:15:39.719Z","13-14 inch laptop","1536","864","1536","730","1.25","19","Nov 28, 11:00 pm","false"
"numerosity_discrimination","2","104","178","14","11","0.7857","j","168","<div style=""width:100vw;height:100vh;background-color:black;""></div>","j","html-keyboard-response","538","2.0.0","574322","173803","testolin2020_replication","2025-11-27T02:15:39.719Z","13-14 inch laptop","1536","864","1536","730","1.25","19","Nov 28, 11:00 pm","true"
"numerosity_discrimination","2","105","30","11","9","0.8182","j","208","<div style=""width:100vw;height:100vh;background-color:black;""></div>","j","html-keyboard-response","543","2.0.0","576897","173803","testolin2020_replication","2025-11-27T02:15:39.719Z","13-14 inch laptop","1536","864","1536","730","1.25","19","Nov 28, 11:00 pm","true"
"numerosity_discrimination","2","106","86","22","25","0.88","j","165","<div style=""width:100vw;height:100vh;background-color:black;""></div>","f","html-keyboard-response","548","2.0.0","579634","173803","testolin2020_replication","2025-11-27T02:15:39.719Z","13-14 inch laptop","1536","864","1536","730","1.25","19","Nov 28, 11:00 pm","false"
"numerosity_discrimination","2","107","244","8","12","0.6667","j","131","<div style=""width:100vw;height:100vh;background-color:black;""></div>","j","html-keyboard-response","553","2.0.0","582318","173803","testolin2020_replication","2025-11-27T02:15:39.719Z","13-14 inch laptop","1536","864","1536","730","1.25","19","Nov 28, 11:00 pm","true"
"numerosity_discrimination","2","108","195","16","12","0.75","j","193","<div style=""width:100vw;height:100vh;background-color:black;""></div>","f","html-keyboard-response","558","2.0.0","584748","173803","testolin2020_replication","2025-11-27T02:15:39.719Z","13-14 inch laptop","1536","864","1536","730","1.25","19","Nov 28, 11:00 pm","false"
"numerosity_discrimination","2","109","78","11","9","0.8182","j","415","<div style=""width:100vw;height:100vh;background-color:black;""></div>","f","html-keyboard-response","563","2.0.0","587717","173803","testolin2020_replication","2025-11-27T02:15:39.719Z","13-14 inch laptop","1536","864","1536","730","1.25","19","Nov 28, 11:00 pm","false"
"numerosity_discrimination","2","110","6","16","18","0.8889","j","181","<div style=""width:100vw;height:100vh;background-color:black;""></div>","j","html-keyboard-response","568","2.0.0","590502","173803","testolin2020_replication","2025-11-27T02:15:39.719Z","13-14 inch laptop","1536","864","1536","730","1.25","19","Nov 28, 11:00 pm","true"
"numerosity_discrimination","2","111","185","20","28","0.7143","j","106","<div style=""width:100vw;height:100vh;background-color:black;""></div>","j","html-keyboard-response","573","2.0.0","593062","173803","testolin2020_replication","2025-11-27T02:15:39.719Z","13-14 inch laptop","1536","864","1536","730","1.25","19","Nov 28, 11:00 pm","true"
"numerosity_discrimination","2","112","148","25","18","0.72","j","290","<div style=""width:100vw;height:100vh;background-color:black;""></div>","f","html-keyboard-response","578","2.0.0","595630","173803","testolin2020_replication","2025-11-27T02:15:39.719Z","13-14 inch laptop","1536","864","1536","730","1.25","19","Nov 28, 11:00 pm","false"
"numerosity_discrimination","2","113","157","7","10","0.7","j","272","<div style=""width:100vw;height:100vh;background-color:black;""></div>","j","html-keyboard-response","583","2.0.0","598542","173803","testolin2020_replication","2025-11-27T02:15:39.719Z","13-14 inch laptop","1536","864","1536","730","1.25","19","Nov 28, 11:00 pm","true"
"numerosity_discrimination","2","114","141","20","14","0.7","j","258","<div style=""width:100vw;height:100vh;background-color:black;""></div>","f","html-keyboard-response","588","2.0.0","601178","173803","testolin2020_replication","2025-11-27T02:15:39.719Z","13-14 inch laptop","1536","864","1536","730","1.25","19","Nov 28, 11:00 pm","false"
"numerosity_discrimination","2","115","253","22","14","0.6364","j","95","<div style=""width:100vw;height:100vh;background-color:black;""></div>","f","html-keyboard-response","593","2.0.0","603549","173803","testolin2020_replication","2025-11-27T02:15:39.719Z","13-14 inch laptop","1536","864","1536","730","1.25","19","Nov 28, 11:00 pm","false"
"numerosity_discrimination","2","116","214","20","12","0.6","j","376","<div style=""width:100vw;height:100vh;background-color:black;""></div>","f","html-keyboard-response","598","2.0.0","606462","173803","testolin2020_replication","2025-11-27T02:15:39.719Z","13-14 inch laptop","1536","864","1536","730","1.25","19","Nov 28, 11:00 pm","false"
"numerosity_discrimination","2","117","102","8","7","0.875","j","332","<div style=""width:100vw;height:100vh;background-color:black;""></div>","f","html-keyboard-response","603","2.0.0","609400","173803","testolin2020_replication","2025-11-27T02:15:39.719Z","13-14 inch laptop","1536","864","1536","730","1.25","19","Nov 28, 11:00 pm","false"
"numerosity_discrimination","2","118","96","12","10","0.8333","j","280","<div style=""width:100vw;height:100vh;background-color:black;""></div>","f","html-keyboard-response","608","2.0.0","612383","173803","testolin2020_replication","2025-11-27T02:15:39.719Z","13-14 inch laptop","1536","864","1536","730","1.25","19","Nov 28, 11:00 pm","false"
"numerosity_discrimination","2","119","220","28","18","0.6429","j","657","<div style=""width:100vw;height:100vh;background-color:black;""></div>","f","html-keyboard-response","613","2.0.0","615241","173803","testolin2020_replication","2025-11-27T02:15:39.719Z","13-14 inch laptop","1536","864","1536","730","1.25","19","Nov 28, 11:00 pm","false"
"numerosity_discrimination","2","120","142","11","14","0.7857","j","118","<div style=""width:100vw;height:100vh;background-color:black;""></div>","j","html-keyboard-response","618","2.0.0","617886","173803","testolin2020_replication","2025-11-27T02:15:39.719Z","13-14 inch laptop","1536","864","1536","730","1.25","19","Nov 28, 11:00 pm","true"
"numerosity_discrimination","2","121","183","14","20","0.7","j","173","<div style=""width:100vw;height:100vh;background-color:black;""></div>","j","html-keyboard-response","623","2.0.0","620274","173803","testolin2020_replication","2025-11-27T02:15:39.719Z","13-14 inch laptop","1536","864","1536","730","1.25","19","Nov 28, 11:00 pm","true"
"numerosity_discrimination","2","122","291","11","20","0.55","j","40","<div style=""width:100vw;height:100vh;background-color:black;""></div>","j","html-keyboard-response","628","2.0.0","622678","173803","testolin2020_replication","2025-11-27T02:15:39.719Z","13-14 inch laptop","1536","864","1536","730","1.25","19","Nov 28, 11:00 pm","true"
"numerosity_discrimination","2","123","248","22","14","0.6364","j","161","<div style=""width:100vw;height:100vh;background-color:black;""></div>","f","html-keyboard-response","633","2.0.0","625079","173803","testolin2020_replication","2025-11-27T02:15:39.719Z","13-14 inch laptop","1536","864","1536","730","1.25","19","Nov 28, 11:00 pm","false"
"numerosity_discrimination","2","124","230","10","16","0.625","j","56","<div style=""width:100vw;height:100vh;background-color:black;""></div>","j","html-keyboard-response","638","2.0.0","627591","173803","testolin2020_replication","2025-11-27T02:15:39.719Z","13-14 inch laptop","1536","864","1536","730","1.25","19","Nov 28, 11:00 pm","true"
"numerosity_discrimination","2","125","283","20","11","0.55","j","36","<div style=""width:100vw;height:100vh;background-color:black;""></div>","f","html-keyboard-response","643","2.0.0","630275","173803","testolin2020_replication","2025-11-27T02:15:39.719Z","13-14 inch laptop","1536","864","1536","730","1.25","19","Nov 28, 11:00 pm","false"
"numerosity_discrimination","2","126","14","8","7","0.875","j","87","<div style=""width:100vw;height:100vh;background-color:black;""></div>","j","html-keyboard-response","648","2.0.0","633038","173803","testolin2020_replication","2025-11-27T02:15:39.719Z","13-14 inch laptop","1536","864","1536","730","1.25","19","Nov 28, 11:00 pm","true"
"numerosity_discrimination","2","127","297","18","10","0.5556","j","184","<div style=""width:100vw;height:100vh;background-color:black;""></div>","f","html-keyboard-response","653","2.0.0","635570","173803","testolin2020_replication","2025-11-27T02:15:39.719Z","13-14 inch laptop","1536","864","1536","730","1.25","19","Nov 28, 11:00 pm","false"
"numerosity_discrimination","2","128","250","18","12","0.6667","j","232","<div style=""width:100vw;height:100vh;background-color:black;""></div>","f","html-keyboard-response","658","2.0.0","638139","173803","testolin2020_replication","2025-11-27T02:15:39.719Z","13-14 inch laptop","1536","864","1536","730","1.25","19","Nov 28, 11:00 pm","false"
"numerosity_discrimination","2","129","79","16","18","0.8889","j","295","<div style=""width:100vw;height:100vh;background-color:black;""></div>","f","html-keyboard-response","663","2.0.0","641082","173803","testolin2020_replication","2025-11-27T02:15:39.719Z","13-14 inch laptop","1536","864","1536","730","1.25","19","Nov 28, 11:00 pm","false"
"numerosity_discrimination","2","130","171","12","9","0.75","j","269","<div style=""width:100vw;height:100vh;background-color:black;""></div>","j","html-keyboard-response","668","2.0.0","643987","173803","testolin2020_replication","2025-11-27T02:15:39.719Z","13-14 inch laptop","1536","864","1536","730","1.25","19","Nov 28, 11:00 pm","true"
"numerosity_discrimination","2","131","8","16","14","0.875","j","399","<div style=""width:100vw;height:100vh;background-color:black;""></div>","f","html-keyboard-response","673","2.0.0","646654","173803","testolin2020_replication","2025-11-27T02:15:39.719Z","13-14 inch laptop","1536","864","1536","730","1.25","19","Nov 28, 11:00 pm","false"
"numerosity_discrimination","2","132","107","16","18","0.8889","j","330","<div style=""width:100vw;height:100vh;background-color:black;""></div>","j","html-keyboard-response","678","2.0.0","649533","173803","testolin2020_replication","2025-11-27T02:15:39.719Z","13-14 inch laptop","1536","864","1536","730","1.25","19","Nov 28, 11:00 pm","true"
"numerosity_discrimination","2","133","99","22","18","0.8182","j","779","<div style=""width:100vw;height:100vh;background-color:black;""></div>","j","html-keyboard-response","683","2.0.0","652799","173803","testolin2020_replication","2025-11-27T02:15:39.719Z","13-14 inch laptop","1536","864","1536","730","1.25","19","Nov 28, 11:00 pm","true"
"numerosity_discrimination","2","134","224","9","14","0.6429","j","301","<div style=""width:100vw;height:100vh;background-color:black;""></div>","j","html-keyboard-response","688","2.0.0","655503","173803","testolin2020_replication","2025-11-27T02:15:39.719Z","13-14 inch laptop","1536","864","1536","730","1.25","19","Nov 28, 11:00 pm","true"
"numerosity_discrimination","2","135","151","9","7","0.7778","j","315","<div style=""width:100vw;height:100vh;background-color:black;""></div>","f","html-keyboard-response","693","2.0.0","658183","173803","testolin2020_replication","2025-11-27T02:15:39.719Z","13-14 inch laptop","1536","864","1536","730","1.25","19","Nov 28, 11:00 pm","false"
"numerosity_discrimination","2","136","133","10","14","0.7143","j","126","<div style=""width:100vw;height:100vh;background-color:black;""></div>","j","html-keyboard-response","698","2.0.0","660995","173803","testolin2020_replication","2025-11-27T02:15:39.719Z","13-14 inch laptop","1536","864","1536","730","1.25","19","Nov 28, 11:00 pm","true"
"numerosity_discrimination","2","137","258","14","22","0.6364","j","266","<div style=""width:100vw;height:100vh;background-color:black;""></div>","j","html-keyboard-response","703","2.0.0","663851","173803","testolin2020_replication","2025-11-27T02:15:39.719Z","13-14 inch laptop","1536","864","1536","730","1.25","19","Nov 28, 11:00 pm","true"
"numerosity_discrimination","2","138","82","16","14","0.875","j","246","<div style=""width:100vw;height:100vh;background-color:black;""></div>","f","html-keyboard-response","708","2.0.0","666601","173803","testolin2020_replication","2025-11-27T02:15:39.719Z","13-14 inch laptop","1536","864","1536","730","1.25","19","Nov 28, 11:00 pm","false"
"numerosity_discrimination","2","139","146","10","14","0.7143","j","45","<div style=""width:100vw;height:100vh;background-color:black;""></div>","j","html-keyboard-response","713","2.0.0","669079","173803","testolin2020_replication","2025-11-27T02:15:39.719Z","13-14 inch laptop","1536","864","1536","730","1.25","19","Nov 28, 11:00 pm","true"
"numerosity_discrimination","2","140","215","16","11","0.6875","j","258","<div style=""width:100vw;height:100vh;background-color:black;""></div>","f","html-keyboard-response","718","2.0.0","671758","173803","testolin2020_replication","2025-11-27T02:15:39.719Z","13-14 inch laptop","1536","864","1536","730","1.25","19","Nov 28, 11:00 pm","false"
"numerosity_discrimination","2","141","209","9","7","0.7778","j","495","<div style=""width:100vw;height:100vh;background-color:black;""></div>","f","html-keyboard-response","723","2.0.0","674698","173803","testolin2020_replication","2025-11-27T02:15:39.719Z","13-14 inch laptop","1536","864","1536","730","1.25","19","Nov 28, 11:00 pm","false"
"numerosity_discrimination","2","142","156","12","16","0.75","j","286","<div style=""width:100vw;height:100vh;background-color:black;""></div>","j","html-keyboard-response","728","2.0.0","677369","173803","testolin2020_replication","2025-11-27T02:15:39.719Z","13-14 inch laptop","1536","864","1536","730","1.25","19","Nov 28, 11:00 pm","true"
"numerosity_discrimination","2","143","181","10","14","0.7143","j","197","<div style=""width:100vw;height:100vh;background-color:black;""></div>","j","html-keyboard-response","733","2.0.0","679948","173803","testolin2020_replication","2025-11-27T02:15:39.719Z","13-14 inch laptop","1536","864","1536","730","1.25","19","Nov 28, 11:00 pm","true"
"numerosity_discrimination","2","144","270","14","22","0.6364","j","57","<div style=""width:100vw;height:100vh;background-color:black;""></div>","j","html-keyboard-response","738","2.0.0","682674","173803","testolin2020_replication","2025-11-27T02:15:39.719Z","13-14 inch laptop","1536","864","1536","730","1.25","19","Nov 28, 11:00 pm","true"
"numerosity_discrimination","2","145","293","7","12","0.5833","j","222","<div style=""width:100vw;height:100vh;background-color:black;""></div>","j","html-keyboard-response","743","2.0.0","685289","173803","testolin2020_replication","2025-11-27T02:15:39.719Z","13-14 inch laptop","1536","864","1536","730","1.25","19","Nov 28, 11:00 pm","true"
"numerosity_discrimination","2","146","154","11","14","0.7857","j","265","<div style=""width:100vw;height:100vh;background-color:black;""></div>","j","html-keyboard-response","748","2.0.0","687798","173803","testolin2020_replication","2025-11-27T02:15:39.719Z","13-14 inch laptop","1536","864","1536","730","1.25","19","Nov 28, 11:00 pm","true"
"numerosity_discrimination","2","147","137","10","7","0.7","j","206","<div style=""width:100vw;height:100vh;background-color:black;""></div>","f","html-keyboard-response","753","2.0.0","690522","173803","testolin2020_replication","2025-11-27T02:15:39.719Z","13-14 inch laptop","1536","864","1536","730","1.25","19","Nov 28, 11:00 pm","false"
"numerosity_discrimination","2","148","95","9","8","0.8889","j","445","<div style=""width:100vw;height:100vh;background-color:black;""></div>","f","html-keyboard-response","758","2.0.0","693499","173803","testolin2020_replication","2025-11-27T02:15:39.719Z","13-14 inch laptop","1536","864","1536","730","1.25","19","Nov 28, 11:00 pm","false"
"numerosity_discrimination","2","149","240","20","12","0.6","j","216","<div style=""width:100vw;height:100vh;background-color:black;""></div>","f","html-keyboard-response","763","2.0.0","696135","173803","testolin2020_replication","2025-11-27T02:15:39.719Z","13-14 inch laptop","1536","864","1536","730","1.25","19","Nov 28, 11:00 pm","false"
"numerosity_discrimination","2","150","191","28","20","0.7143","j","289","<div style=""width:100vw;height:100vh;background-color:black;""></div>","f","html-keyboard-response","768","2.0.0","699041","173803","testolin2020_replication","2025-11-27T02:15:39.719Z","13-14 inch laptop","1536","864","1536","730","1.25","19","Nov 28, 11:00 pm","false"
"numerosity_discrimination","2","151","162","16","22","0.7273","j","255","<div style=""width:100vw;height:100vh;background-color:black;""></div>","j","html-keyboard-response","773","2.0.0","701540","173803","testolin2020_replication","2025-11-27T02:15:39.719Z","13-14 inch laptop","1536","864","1536","730","1.25","19","Nov 28, 11:00 pm","true"
"numerosity_discrimination","2","152","64","9","11","0.8182","j","166","<div style=""width:100vw;height:100vh;background-color:black;""></div>","j","html-keyboard-response","778","2.0.0","703952","173803","testolin2020_replication","2025-11-27T02:15:39.719Z","13-14 inch laptop","1536","864","1536","730","1.25","19","Nov 28, 11:00 pm","true"
"numerosity_discrimination","2","153","58","18","22","0.8182","j","271","<div style=""width:100vw;height:100vh;background-color:black;""></div>","j","html-keyboard-response","783","2.0.0","706722","173803","testolin2020_replication","2025-11-27T02:15:39.719Z","13-14 inch laptop","1536","864","1536","730","1.25","19","Nov 28, 11:00 pm","true"
"numerosity_discrimination","2","154","66","9","11","0.8182","j","246","<div style=""width:100vw;height:100vh;background-color:black;""></div>","j","html-keyboard-response","788","2.0.0","709462","173803","testolin2020_replication","2025-11-27T02:15:39.719Z","13-14 inch laptop","1536","864","1536","730","1.25","19","Nov 28, 11:00 pm","true"
"numerosity_discrimination","2","155","266","7","11","0.6364","j","153","<div style=""width:100vw;height:100vh;background-color:black;""></div>","j","html-keyboard-response","793","2.0.0","712107","173803","testolin2020_replication","2025-11-27T02:15:39.719Z","13-14 inch laptop","1536","864","1536","730","1.25","19","Nov 28, 11:00 pm","true"
"numerosity_discrimination","2","156","90","7","8","0.875","j","380","<div style=""width:100vw;height:100vh;background-color:black;""></div>","j","html-keyboard-response","798","2.0.0","714917","173803","testolin2020_replication","2025-11-27T02:15:39.719Z","13-14 inch laptop","1536","864","1536","730","1.25","19","Nov 28, 11:00 pm","true"
"numerosity_discrimination","2","157","74","12","10","0.8333","j","873","<div style=""width:100vw;height:100vh;background-color:black;""></div>","f","html-keyboard-response","803","2.0.0","718208","173803","testolin2020_replication","2025-11-27T02:15:39.719Z","13-14 inch laptop","1536","864","1536","730","1.25","19","Nov 28, 11:00 pm","false"
"numerosity_discrimination","2","158","288","18","10","0.5556","j","269","<div style=""width:100vw;height:100vh;background-color:black;""></div>","f","html-keyboard-response","808","2.0.0","720924","173803","testolin2020_replication","2025-11-27T02:15:39.719Z","13-14 inch laptop","1536","864","1536","730","1.25","19","Nov 28, 11:00 pm","false"
"numerosity_discrimination","2","159","85","7","8","0.875","j","309","<div style=""width:100vw;height:100vh;background-color:black;""></div>","j","html-keyboard-response","813","2.0.0","723597","173803","testolin2020_replication","2025-11-27T02:15:39.719Z","13-14 inch laptop","1536","864","1536","730","1.25","19","Nov 28, 11:00 pm","true"
"numerosity_discrimination","2","160","87","14","16","0.875","j","347","<div style=""width:100vw;height:100vh;background-color:black;""></div>","j","html-keyboard-response","818","2.0.0","726465","173803","testolin2020_replication","2025-11-27T02:15:39.719Z","13-14 inch laptop","1536","864","1536","730","1.25","19","Nov 28, 11:00 pm","true"
"numerosity_discrimination","2","161","205","14","11","0.7857","j","290","<div style=""width:100vw;height:100vh;background-color:black;""></div>","f","html-keyboard-response","823","2.0.0","729008","173803","testolin2020_replication","2025-11-27T02:15:39.719Z","13-14 inch laptop","1536","864","1536","730","1.25","19","Nov 28, 11:00 pm","false"
"numerosity_discrimination","2","162","83","7","8","0.875","j","333","<div style=""width:100vw;height:100vh;background-color:black;""></div>","j","html-keyboard-response","828","2.0.0","731685","173803","testolin2020_replication","2025-11-27T02:15:39.719Z","13-14 inch laptop","1536","864","1536","730","1.25","19","Nov 28, 11:00 pm","true"
"numerosity_discrimination","2","163","292","8","14","0.5714","j","353","<div style=""width:100vw;height:100vh;background-color:black;""></div>","j","html-keyboard-response","833","2.0.0","734321","173803","testolin2020_replication","2025-11-27T02:15:39.719Z","13-14 inch laptop","1536","864","1536","730","1.25","19","Nov 28, 11:00 pm","true"
"numerosity_discrimination","2","164","24","12","10","0.8333","j","349","<div style=""width:100vw;height:100vh;background-color:black;""></div>","f","html-keyboard-response","838","2.0.0","737151","173803","testolin2020_replication","2025-11-27T02:15:39.719Z","13-14 inch laptop","1536","864","1536","730","1.25","19","Nov 28, 11:00 pm","false"
"numerosity_discrimination","2","165","114","20","16","0.8","j","445","<div style=""width:100vw;height:100vh;background-color:black;""></div>","f","html-keyboard-response","843","2.0.0","739780","173803","testolin2020_replication","2025-11-27T02:15:39.719Z","13-14 inch laptop","1536","864","1536","730","1.25","19","Nov 28, 11:00 pm","false"
"numerosity_discrimination","2","166","20","7","8","0.875","j","263","<div style=""width:100vw;height:100vh;background-color:black;""></div>","j","html-keyboard-response","848","2.0.0","742280","173803","testolin2020_replication","2025-11-27T02:15:39.719Z","13-14 inch laptop","1536","864","1536","730","1.25","19","Nov 28, 11:00 pm","true"
"numerosity_discrimination","2","167","36","9","11","0.8182","j","262","<div style=""width:100vw;height:100vh;background-color:black;""></div>","j","html-keyboard-response","853","2.0.0","745180","173803","testolin2020_replication","2025-11-27T02:15:39.719Z","13-14 inch laptop","1536","864","1536","730","1.25","19","Nov 28, 11:00 pm","true"
"numerosity_discrimination","2","168","131","11","14","0.7857","j","248","<div style=""width:100vw;height:100vh;background-color:black;""></div>","j","html-keyboard-response","858","2.0.0","747733","173803","testolin2020_replication","2025-11-27T02:15:39.719Z","13-14 inch laptop","1536","864","1536","730","1.25","19","Nov 28, 11:00 pm","true"
"numerosity_discrimination","2","169","190","18","14","0.7778","j","333","<div style=""width:100vw;height:100vh;background-color:black;""></div>","f","html-keyboard-response","863","2.0.0","750719","173803","testolin2020_replication","2025-11-27T02:15:39.719Z","13-14 inch laptop","1536","864","1536","730","1.25","19","Nov 28, 11:00 pm","false"
"numerosity_discrimination","2","170","129","12","9","0.75","j","307","<div style=""width:100vw;height:100vh;background-color:black;""></div>","f","html-keyboard-response","868","2.0.0","753246","173803","testolin2020_replication","2025-11-27T02:15:39.719Z","13-14 inch laptop","1536","864","1536","730","1.25","19","Nov 28, 11:00 pm","false"
"numerosity_discrimination","2","171","12","20","16","0.8","j","317","<div style=""width:100vw;height:100vh;background-color:black;""></div>","f","html-keyboard-response","873","2.0.0","755938","173803","testolin2020_replication","2025-11-27T02:15:39.719Z","13-14 inch laptop","1536","864","1536","730","1.25","19","Nov 28, 11:00 pm","false"
"numerosity_discrimination","2","172","42","22","25","0.88","j","707","<div style=""width:100vw;height:100vh;background-color:black;""></div>","f","html-keyboard-response","878","2.0.0","759124","173803","testolin2020_replication","2025-11-27T02:15:39.719Z","13-14 inch laptop","1536","864","1536","730","1.25","19","Nov 28, 11:00 pm","false"
"numerosity_discrimination","2","173","127","14","10","0.7143","j","269","<div style=""width:100vw;height:100vh;background-color:black;""></div>","f","html-keyboard-response","883","2.0.0","761587","173803","testolin2020_replication","2025-11-27T02:15:39.719Z","13-14 inch laptop","1536","864","1536","730","1.25","19","Nov 28, 11:00 pm","false"
"numerosity_discrimination","2","174","13","7","8","0.875","j","331","<div style=""width:100vw;height:100vh;background-color:black;""></div>","j","html-keyboard-response","888","2.0.0","764197","173803","testolin2020_replication","2025-11-27T02:15:39.719Z","13-14 inch laptop","1536","864","1536","730","1.25","19","Nov 28, 11:00 pm","true"
"numerosity_discrimination","2","175","196","12","16","0.75","j","214","<div style=""width:100vw;height:100vh;background-color:black;""></div>","j","html-keyboard-response","893","2.0.0","766682","173803","testolin2020_replication","2025-11-27T02:15:39.719Z","13-14 inch laptop","1536","864","1536","730","1.25","19","Nov 28, 11:00 pm","true"
"numerosity_discrimination","2","176","210","14","11","0.7857","j","340","<div style=""width:100vw;height:100vh;background-color:black;""></div>","f","html-keyboard-response","898","2.0.0","769590","173803","testolin2020_replication","2025-11-27T02:15:39.719Z","13-14 inch laptop","1536","864","1536","730","1.25","19","Nov 28, 11:00 pm","false"
"numerosity_discrimination","2","177","65","12","14","0.8571","j","324","<div style=""width:100vw;height:100vh;background-color:black;""></div>","j","html-keyboard-response","903","2.0.0","772193","173803","testolin2020_replication","2025-11-27T02:15:39.719Z","13-14 inch laptop","1536","864","1536","730","1.25","19","Nov 28, 11:00 pm","true"
"numerosity_discrimination","2","178","121","12","16","0.75","j","335","<div style=""width:100vw;height:100vh;background-color:black;""></div>","j","html-keyboard-response","908","2.0.0","774718","173803","testolin2020_replication","2025-11-27T02:15:39.719Z","13-14 inch laptop","1536","864","1536","730","1.25","19","Nov 28, 11:00 pm","true"
"numerosity_discrimination","2","179","76","8","7","0.875","j","352","<div style=""width:100vw;height:100vh;background-color:black;""></div>","j","html-keyboard-response","913","2.0.0","777435","173803","testolin2020_replication","2025-11-27T02:15:39.719Z","13-14 inch laptop","1536","864","1536","730","1.25","19","Nov 28, 11:00 pm","true"
"numerosity_discrimination","2","180","174","22","16","0.7273","j","300","<div style=""width:100vw;height:100vh;background-color:black;""></div>","f","html-keyboard-response","918","2.0.0","780217","173803","testolin2020_replication","2025-11-27T02:15:39.719Z","13-14 inch laptop","1536","864","1536","730","1.25","19","Nov 28, 11:00 pm","false"
"numerosity_discrimination","2","181","273","18","9","0.5","j","271","<div style=""width:100vw;height:100vh;background-color:black;""></div>","f","html-keyboard-response","923","2.0.0","782871","173803","testolin2020_replication","2025-11-27T02:15:39.719Z","13-14 inch laptop","1536","864","1536","730","1.25","19","Nov 28, 11:00 pm","false"
"numerosity_discrimination","2","182","176","10","14","0.7143","j","240","<div style=""width:100vw;height:100vh;background-color:black;""></div>","j","html-keyboard-response","928","2.0.0","785639","173803","testolin2020_replication","2025-11-27T02:15:39.719Z","13-14 inch laptop","1536","864","1536","730","1.25","19","Nov 28, 11:00 pm","true"
"numerosity_discrimination","2","183","50","14","16","0.875","j","245","<div style=""width:100vw;height:100vh;background-color:black;""></div>","j","html-keyboard-response","933","2.0.0","788431","173803","testolin2020_replication","2025-11-27T02:15:39.719Z","13-14 inch laptop","1536","864","1536","730","1.25","19","Nov 28, 11:00 pm","true"
"numerosity_discrimination","2","184","145","12","9","0.75","j","303","<div style=""width:100vw;height:100vh;background-color:black;""></div>","f","html-keyboard-response","938","2.0.0","790988","173803","testolin2020_replication","2025-11-27T02:15:39.719Z","13-14 inch laptop","1536","864","1536","730","1.25","19","Nov 28, 11:00 pm","false"
"numerosity_discrimination","2","185","219","9","14","0.6429","j","236","<div style=""width:100vw;height:100vh;background-color:black;""></div>","j","html-keyboard-response","943","2.0.0","793473","173803","testolin2020_replication","2025-11-27T02:15:39.719Z","13-14 inch laptop","1536","864","1536","730","1.25","19","Nov 28, 11:00 pm","true"
"numerosity_discrimination","2","186","3","16","14","0.875","j","240","<div style=""width:100vw;height:100vh;background-color:black;""></div>","j","html-keyboard-response","948","2.0.0","796209","173803","testolin2020_replication","2025-11-27T02:15:39.719Z","13-14 inch laptop","1536","864","1536","730","1.25","19","Nov 28, 11:00 pm","true"
"numerosity_discrimination","2","187","201","20","14","0.7","j","316","<div style=""width:100vw;height:100vh;background-color:black;""></div>","f","html-keyboard-response","953","2.0.0","798799","173803","testolin2020_replication","2025-11-27T02:15:39.719Z","13-14 inch laptop","1536","864","1536","730","1.25","19","Nov 28, 11:00 pm","false"
"numerosity_discrimination","2","188","44","20","16","0.8","j","402","<div style=""width:100vw;height:100vh;background-color:black;""></div>","f","html-keyboard-response","958","2.0.0","801573","173803","testolin2020_replication","2025-11-27T02:15:39.719Z","13-14 inch laptop","1536","864","1536","730","1.25","19","Nov 28, 11:00 pm","false"
"numerosity_discrimination","2","189","136","10","14","0.7143","j","242","<div style=""width:100vw;height:100vh;background-color:black;""></div>","j","html-keyboard-response","963","2.0.0","804042","173803","testolin2020_replication","2025-11-27T02:15:39.719Z","13-14 inch laptop","1536","864","1536","730","1.25","19","Nov 28, 11:00 pm","true"
"numerosity_discrimination","2","190","237","20","12","0.6","j","210","<div style=""width:100vw;height:100vh;background-color:black;""></div>","f","html-keyboard-response","968","2.0.0","806580","173803","testolin2020_replication","2025-11-27T02:15:39.719Z","13-14 inch laptop","1536","864","1536","730","1.25","19","Nov 28, 11:00 pm","false"
"numerosity_discrimination","2","191","294","7","12","0.5833","j","176","<div style=""width:100vw;height:100vh;background-color:black;""></div>","j","html-keyboard-response","973","2.0.0","809329","173803","testolin2020_replication","2025-11-27T02:15:39.719Z","13-14 inch laptop","1536","864","1536","730","1.25","19","Nov 28, 11:00 pm","true"
"numerosity_discrimination","2","192","21","22","18","0.8182","j","228","<div style=""width:100vw;height:100vh;background-color:black;""></div>","f","html-keyboard-response","978","2.0.0","811894","173803","testolin2020_replication","2025-11-27T02:15:39.719Z","13-14 inch laptop","1536","864","1536","730","1.25","19","Nov 28, 11:00 pm","false"
"numerosity_discrimination","2","193","125","11","14","0.7857","j","5665","<div style=""width:100vw;height:100vh;background-color:black;""></div>","j","html-keyboard-response","983","2.0.0","820031","173803","testolin2020_replication","2025-11-27T02:15:39.719Z","13-14 inch laptop","1536","864","1536","730","1.25","19","Nov 28, 11:00 pm","true"
"numerosity_discrimination","2","194","228","11","16","0.6875","j","638","<div style=""width:100vw;height:100vh;background-color:black;""></div>","f","html-keyboard-response","988","2.0.0","823027","173803","testolin2020_replication","2025-11-27T02:15:39.719Z","13-14 inch laptop","1536","864","1536","730","1.25","19","Nov 28, 11:00 pm","false"
"numerosity_discrimination","2","195","111","11","9","0.8182","j","632","<div style=""width:100vw;height:100vh;background-color:black;""></div>","j","html-keyboard-response","993","2.0.0","826049","173803","testolin2020_replication","2025-11-27T02:15:39.719Z","13-14 inch laptop","1536","864","1536","730","1.25","19","Nov 28, 11:00 pm","true"
"numerosity_discrimination","2","196","62","12","14","0.8571","j","1038","<div style=""width:100vw;height:100vh;background-color:black;""></div>","j","html-keyboard-response","998","2.0.0","829639","173803","testolin2020_replication","2025-11-27T02:15:39.719Z","13-14 inch laptop","1536","864","1536","730","1.25","19","Nov 28, 11:00 pm","true"
"numerosity_discrimination","2","197","153","16","22","0.7273","j","407","<div style=""width:100vw;height:100vh;background-color:black;""></div>","j","html-keyboard-response","1003","2.0.0","832608","173803","testolin2020_replication","2025-11-27T02:15:39.719Z","13-14 inch laptop","1536","864","1536","730","1.25","19","Nov 28, 11:00 pm","true"
"numerosity_discrimination","2","198","199","20","28","0.7143","j","229","<div style=""width:100vw;height:100vh;background-color:black;""></div>","j","html-keyboard-response","1008","2.0.0","835095","173803","testolin2020_replication","2025-11-27T02:15:39.719Z","13-14 inch laptop","1536","864","1536","730","1.25","19","Nov 28, 11:00 pm","true"
"numerosity_discrimination","2","199","132","20","14","0.7","j","271","<div style=""width:100vw;height:100vh;background-color:black;""></div>","f","html-keyboard-response","1013","2.0.0","837886","173803","testolin2020_replication","2025-11-27T02:15:39.719Z","13-14 inch laptop","1536","864","1536","730","1.25","19","Nov 28, 11:00 pm","false"
"numerosity_discrimination","2","200","84","7","8","0.875","j","211","<div style=""width:100vw;height:100vh;background-color:black;""></div>","j","html-keyboard-response","1018","2.0.0","840778","173803","testolin2020_replication","2025-11-27T02:15:39.719Z","13-14 inch laptop","1536","864","1536","730","1.25","19","Nov 28, 11:00 pm","true"
"numerosity_discrimination","3","201","300","9","16","0.5625","j","515","<div style=""width:100vw;height:100vh;background-color:black;""></div>","j","html-keyboard-response","1025","2.0.0","930277","173803","testolin2020_replication","2025-11-27T02:15:39.719Z","13-14 inch laptop","1536","864","1536","730","1.25","19","Nov 28, 11:00 pm","true"
"numerosity_discrimination","3","202","234","14","9","0.6429","j","240","<div style=""width:100vw;height:100vh;background-color:black;""></div>","f","html-keyboard-response","1030","2.0.0","932837","173803","testolin2020_replication","2025-11-27T02:15:39.719Z","13-14 inch laptop","1536","864","1536","730","1.25","19","Nov 28, 11:00 pm","false"
"numerosity_discrimination","3","203","5","22","18","0.8182","j","326","<div style=""width:100vw;height:100vh;background-color:black;""></div>","j","html-keyboard-response","1035","2.0.0","935543","173803","testolin2020_replication","2025-11-27T02:15:39.719Z","13-14 inch laptop","1536","864","1536","730","1.25","19","Nov 28, 11:00 pm","true"
"numerosity_discrimination","3","204","170","12","16","0.75","j","222","<div style=""width:100vw;height:100vh;background-color:black;""></div>","j","html-keyboard-response","1040","2.0.0","938387","173803","testolin2020_replication","2025-11-27T02:15:39.719Z","13-14 inch laptop","1536","864","1536","730","1.25","19","Nov 28, 11:00 pm","true"
"numerosity_discrimination","3","205","28","8","9","0.8889","j","273","<div style=""width:100vw;height:100vh;background-color:black;""></div>","f","html-keyboard-response","1045","2.0.0","941324","173803","testolin2020_replication","2025-11-27T02:15:39.719Z","13-14 inch laptop","1536","864","1536","730","1.25","19","Nov 28, 11:00 pm","false"
"numerosity_discrimination","3","206","284","14","28","0.5","j","230","<div style=""width:100vw;height:100vh;background-color:black;""></div>","j","html-keyboard-response","1050","2.0.0","943965","173803","testolin2020_replication","2025-11-27T02:15:39.719Z","13-14 inch laptop","1536","864","1536","730","1.25","19","Nov 28, 11:00 pm","true"
"numerosity_discrimination","3","207","29","12","14","0.8571","j","142","<div style=""width:100vw;height:100vh;background-color:black;""></div>","f","html-keyboard-response","1055","2.0.0","946593","173803","testolin2020_replication","2025-11-27T02:15:39.719Z","13-14 inch laptop","1536","864","1536","730","1.25","19","Nov 28, 11:00 pm","false"
"numerosity_discrimination","3","208","93","8","10","0.8","j","239","<div style=""width:100vw;height:100vh;background-color:black;""></div>","j","html-keyboard-response","1060","2.0.0","949236","173803","testolin2020_replication","2025-11-27T02:15:39.719Z","13-14 inch laptop","1536","864","1536","730","1.25","19","Nov 28, 11:00 pm","true"
"numerosity_discrimination","3","209","257","10","16","0.625","j","201","<div style=""width:100vw;height:100vh;background-color:black;""></div>","j","html-keyboard-response","1065","2.0.0","951750","173803","testolin2020_replication","2025-11-27T02:15:39.719Z","13-14 inch laptop","1536","864","1536","730","1.25","19","Nov 28, 11:00 pm","true"
"numerosity_discrimination","3","210","16","20","16","0.8","j","157","<div style=""width:100vw;height:100vh;background-color:black;""></div>","f","html-keyboard-response","1070","2.0.0","954206","173803","testolin2020_replication","2025-11-27T02:15:39.719Z","13-14 inch laptop","1536","864","1536","730","1.25","19","Nov 28, 11:00 pm","false"
"numerosity_discrimination","3","211","189","16","22","0.7273","j","179","<div style=""width:100vw;height:100vh;background-color:black;""></div>","j","html-keyboard-response","1075","2.0.0","956946","173803","testolin2020_replication","2025-11-27T02:15:39.719Z","13-14 inch laptop","1536","864","1536","730","1.25","19","Nov 28, 11:00 pm","true"
"numerosity_discrimination","3","212","135","9","12","0.75","j","202","<div style=""width:100vw;height:100vh;background-color:black;""></div>","j","html-keyboard-response","1080","2.0.0","959687","173803","testolin2020_replication","2025-11-27T02:15:39.719Z","13-14 inch laptop","1536","864","1536","730","1.25","19","Nov 28, 11:00 pm","true"
"numerosity_discrimination","3","213","260","25","16","0.64","j","226","<div style=""width:100vw;height:100vh;background-color:black;""></div>","f","html-keyboard-response","1085","2.0.0","962526","173803","testolin2020_replication","2025-11-27T02:15:39.719Z","13-14 inch laptop","1536","864","1536","730","1.25","19","Nov 28, 11:00 pm","false"
"numerosity_discrimination","3","214","241","7","11","0.6364","j","214","<div style=""width:100vw;height:100vh;background-color:black;""></div>","j","html-keyboard-response","1090","2.0.0","965095","173803","testolin2020_replication","2025-11-27T02:15:39.719Z","13-14 inch laptop","1536","864","1536","730","1.25","19","Nov 28, 11:00 pm","true"
"numerosity_discrimination","3","215","182","12","9","0.75","j","214","<div style=""width:100vw;height:100vh;background-color:black;""></div>","f","html-keyboard-response","1095","2.0.0","967726","173803","testolin2020_replication","2025-11-27T02:15:39.719Z","13-14 inch laptop","1536","864","1536","730","1.25","19","Nov 28, 11:00 pm","false"
"numerosity_discrimination","3","216","15","20","25","0.8","j","286","<div style=""width:100vw;height:100vh;background-color:black;""></div>","j","html-keyboard-response","1100","2.0.0","970399","173803","testolin2020_replication","2025-11-27T02:15:39.719Z","13-14 inch laptop","1536","864","1536","730","1.25","19","Nov 28, 11:00 pm","true"
"numerosity_discrimination","3","217","247","11","16","0.6875","j","369","<div style=""width:100vw;height:100vh;background-color:black;""></div>","j","html-keyboard-response","1105","2.0.0","973449","173803","testolin2020_replication","2025-11-27T02:15:39.719Z","13-14 inch laptop","1536","864","1536","730","1.25","19","Nov 28, 11:00 pm","true"
"numerosity_discrimination","3","218","117","22","18","0.8182","j","167","<div style=""width:100vw;height:100vh;background-color:black;""></div>","f","html-keyboard-response","1110","2.0.0","975865","173803","testolin2020_replication","2025-11-27T02:15:39.719Z","13-14 inch laptop","1536","864","1536","730","1.25","19","Nov 28, 11:00 pm","false"
"numerosity_discrimination","3","219","249","14","22","0.6364","j","324","<div style=""width:100vw;height:100vh;background-color:black;""></div>","j","html-keyboard-response","1115","2.0.0","978640","173803","testolin2020_replication","2025-11-27T02:15:39.719Z","13-14 inch laptop","1536","864","1536","730","1.25","19","Nov 28, 11:00 pm","true"
"numerosity_discrimination","3","220","217","25","16","0.64","j","288","<div style=""width:100vw;height:100vh;background-color:black;""></div>","f","html-keyboard-response","1120","2.0.0","981637","173803","testolin2020_replication","2025-11-27T02:15:39.719Z","13-14 inch laptop","1536","864","1536","730","1.25","19","Nov 28, 11:00 pm","false"
"numerosity_discrimination","3","221","242","28","18","0.6429","j","268","<div style=""width:100vw;height:100vh;background-color:black;""></div>","f","html-keyboard-response","1125","2.0.0","984454","173803","testolin2020_replication","2025-11-27T02:15:39.719Z","13-14 inch laptop","1536","864","1536","730","1.25","19","Nov 28, 11:00 pm","false"
"numerosity_discrimination","3","222","106","25","22","0.88","j","400","<div style=""width:100vw;height:100vh;background-color:black;""></div>","j","html-keyboard-response","1130","2.0.0","987180","173803","testolin2020_replication","2025-11-27T02:15:39.719Z","13-14 inch laptop","1536","864","1536","730","1.25","19","Nov 28, 11:00 pm","true"
"numerosity_discrimination","3","223","101","20","25","0.8","j","209","<div style=""width:100vw;height:100vh;background-color:black;""></div>","j","html-keyboard-response","1135","2.0.0","989740","173803","testolin2020_replication","2025-11-27T02:15:39.719Z","13-14 inch laptop","1536","864","1536","730","1.25","19","Nov 28, 11:00 pm","true"
"numerosity_discrimination","3","224","113","20","16","0.8","j","291","<div style=""width:100vw;height:100vh;background-color:black;""></div>","f","html-keyboard-response","1140","2.0.0","992556","173803","testolin2020_replication","2025-11-27T02:15:39.719Z","13-14 inch laptop","1536","864","1536","730","1.25","19","Nov 28, 11:00 pm","false"
"numerosity_discrimination","3","225","71","22","18","0.8182","j","719","<div style=""width:100vw;height:100vh;background-color:black;""></div>","f","html-keyboard-response","1145","2.0.0","995665","173803","testolin2020_replication","2025-11-27T02:15:39.719Z","13-14 inch laptop","1536","864","1536","730","1.25","19","Nov 28, 11:00 pm","false"
"numerosity_discrimination","3","226","52","25","28","0.8929","j","361","<div style=""width:100vw;height:100vh;background-color:black;""></div>","j","html-keyboard-response","1150","2.0.0","998644","173803","testolin2020_replication","2025-11-27T02:15:39.719Z","13-14 inch laptop","1536","864","1536","730","1.25","19","Nov 28, 11:00 pm","true"
"numerosity_discrimination","3","227","7","14","16","0.875","j","317","<div style=""width:100vw;height:100vh;background-color:black;""></div>","j","html-keyboard-response","1155","2.0.0","1001416","173803","testolin2020_replication","2025-11-27T02:15:39.719Z","13-14 inch laptop","1536","864","1536","730","1.25","19","Nov 28, 11:00 pm","true"
"numerosity_discrimination","3","228","56","25","22","0.88","j","415","<div style=""width:100vw;height:100vh;background-color:black;""></div>","f","html-keyboard-response","1160","2.0.0","1004444","173803","testolin2020_replication","2025-11-27T02:15:39.719Z","13-14 inch laptop","1536","864","1536","730","1.25","19","Nov 28, 11:00 pm","false"
"numerosity_discrimination","3","229","138","16","12","0.75","j","279","<div style=""width:100vw;height:100vh;background-color:black;""></div>","f","html-keyboard-response","1165","2.0.0","1007243","173803","testolin2020_replication","2025-11-27T02:15:39.719Z","13-14 inch laptop","1536","864","1536","730","1.25","19","Nov 28, 11:00 pm","false"
"numerosity_discrimination","3","230","198","16","12","0.75","j","676","<div style=""width:100vw;height:100vh;background-color:black;""></div>","f","html-keyboard-response","1170","2.0.0","1010490","173803","testolin2020_replication","2025-11-27T02:15:39.719Z","13-14 inch laptop","1536","864","1536","730","1.25","19","Nov 28, 11:00 pm","false"
"numerosity_discrimination","3","231","233","8","12","0.6667","j","265","<div style=""width:100vw;height:100vh;background-color:black;""></div>","j","html-keyboard-response","1175","2.0.0","1013281","173803","testolin2020_replication","2025-11-27T02:15:39.719Z","13-14 inch laptop","1536","864","1536","730","1.25","19","Nov 28, 11:00 pm","true"
"numerosity_discrimination","3","232","264","25","16","0.64","j","261","<div style=""width:100vw;height:100vh;background-color:black;""></div>","f","html-keyboard-response","1180","2.0.0","1016208","173803","testolin2020_replication","2025-11-27T02:15:39.719Z","13-14 inch laptop","1536","864","1536","730","1.25","19","Nov 28, 11:00 pm","false"
"numerosity_discrimination","3","233","27","14","12","0.8571","j","221","<div style=""width:100vw;height:100vh;background-color:black;""></div>","j","html-keyboard-response","1185","2.0.0","1018852","173803","testolin2020_replication","2025-11-27T02:15:39.719Z","13-14 inch laptop","1536","864","1536","730","1.25","19","Nov 28, 11:00 pm","true"
"numerosity_discrimination","3","234","49","8","10","0.8","j","140","<div style=""width:100vw;height:100vh;background-color:black;""></div>","j","html-keyboard-response","1190","2.0.0","1021603","173803","testolin2020_replication","2025-11-27T02:15:39.719Z","13-14 inch laptop","1536","864","1536","730","1.25","19","Nov 28, 11:00 pm","true"
"numerosity_discrimination","3","235","10","9","11","0.8182","j","138","<div style=""width:100vw;height:100vh;background-color:black;""></div>","j","html-keyboard-response","1195","2.0.0","1023905","173803","testolin2020_replication","2025-11-27T02:15:39.719Z","13-14 inch laptop","1536","864","1536","730","1.25","19","Nov 28, 11:00 pm","true"
"numerosity_discrimination","3","236","232","8","12","0.6667","j","107","<div style=""width:100vw;height:100vh;background-color:black;""></div>","j","html-keyboard-response","1200","2.0.0","1026555","173803","testolin2020_replication","2025-11-27T02:15:39.719Z","13-14 inch laptop","1536","864","1536","730","1.25","19","Nov 28, 11:00 pm","true"
"numerosity_discrimination","3","237","69","10","8","0.8","j","286","<div style=""width:100vw;height:100vh;background-color:black;""></div>","f","html-keyboard-response","1205","2.0.0","1029065","173803","testolin2020_replication","2025-11-27T02:15:39.719Z","13-14 inch laptop","1536","864","1536","730","1.25","19","Nov 28, 11:00 pm","false"
"numerosity_discrimination","3","238","92","18","22","0.8182","j","140","<div style=""width:100vw;height:100vh;background-color:black;""></div>","j","html-keyboard-response","1210","2.0.0","1031852","173803","testolin2020_replication","2025-11-27T02:15:39.719Z","13-14 inch laptop","1536","864","1536","730","1.25","19","Nov 28, 11:00 pm","true"
"numerosity_discrimination","3","239","60","18","22","0.8182","j","257","<div style=""width:100vw;height:100vh;background-color:black;""></div>","j","html-keyboard-response","1215","2.0.0","1034352","173803","testolin2020_replication","2025-11-27T02:15:39.719Z","13-14 inch laptop","1536","864","1536","730","1.25","19","Nov 28, 11:00 pm","true"
"numerosity_discrimination","3","240","72","11","9","0.8182","j","209","<div style=""width:100vw;height:100vh;background-color:black;""></div>","f","html-keyboard-response","1220","2.0.0","1037008","173803","testolin2020_replication","2025-11-27T02:15:39.719Z","13-14 inch laptop","1536","864","1536","730","1.25","19","Nov 28, 11:00 pm","false"
"numerosity_discrimination","3","241","256","7","11","0.6364","j","147","<div style=""width:100vw;height:100vh;background-color:black;""></div>","j","html-keyboard-response","1225","2.0.0","1039640","173803","testolin2020_replication","2025-11-27T02:15:39.719Z","13-14 inch laptop","1536","864","1536","730","1.25","19","Nov 28, 11:00 pm","true"
"numerosity_discrimination","3","242","246","20","12","0.6","j","200","<div style=""width:100vw;height:100vh;background-color:black;""></div>","f","html-keyboard-response","1230","2.0.0","1042478","173803","testolin2020_replication","2025-11-27T02:15:39.719Z","13-14 inch laptop","1536","864","1536","730","1.25","19","Nov 28, 11:00 pm","false"
"numerosity_discrimination","3","243","149","18","14","0.7778","j","255","<div style=""width:100vw;height:100vh;background-color:black;""></div>","j","html-keyboard-response","1235","2.0.0","1045003","173803","testolin2020_replication","2025-11-27T02:15:39.719Z","13-14 inch laptop","1536","864","1536","730","1.25","19","Nov 28, 11:00 pm","true"
"numerosity_discrimination","3","244","229","20","12","0.6","j","289","<div style=""width:100vw;height:100vh;background-color:black;""></div>","f","html-keyboard-response","1240","2.0.0","1047785","173803","testolin2020_replication","2025-11-27T02:15:39.719Z","13-14 inch laptop","1536","864","1536","730","1.25","19","Nov 28, 11:00 pm","false"
"numerosity_discrimination","3","245","57","22","18","0.8182","j","512","<div style=""width:100vw;height:100vh;background-color:black;""></div>","f","html-keyboard-response","1245","2.0.0","1050844","173803","testolin2020_replication","2025-11-27T02:15:39.719Z","13-14 inch laptop","1536","864","1536","730","1.25","19","Nov 28, 11:00 pm","false"
"numerosity_discrimination","3","246","227","8","12","0.6667","j","194","<div style=""width:100vw;height:100vh;background-color:black;""></div>","j","html-keyboard-response","1250","2.0.0","1053661","173803","testolin2020_replication","2025-11-27T02:15:39.719Z","13-14 inch laptop","1536","864","1536","730","1.25","19","Nov 28, 11:00 pm","true"
"numerosity_discrimination","3","247","2","28","25","0.8929","j","240","<div style=""width:100vw;height:100vh;background-color:black;""></div>","j","html-keyboard-response","1255","2.0.0","1056168","173803","testolin2020_replication","2025-11-27T02:15:39.719Z","13-14 inch laptop","1536","864","1536","730","1.25","19","Nov 28, 11:00 pm","true"
"numerosity_discrimination","3","248","251","20","12","0.6","j","171","<div style=""width:100vw;height:100vh;background-color:black;""></div>","f","html-keyboard-response","1260","2.0.0","1058635","173803","testolin2020_replication","2025-11-27T02:15:39.719Z","13-14 inch laptop","1536","864","1536","730","1.25","19","Nov 28, 11:00 pm","false"
"numerosity_discrimination","3","249","172","16","22","0.7273","j","93","<div style=""width:100vw;height:100vh;background-color:black;""></div>","j","html-keyboard-response","1265","2.0.0","1061206","173803","testolin2020_replication","2025-11-27T02:15:39.719Z","13-14 inch laptop","1536","864","1536","730","1.25","19","Nov 28, 11:00 pm","true"
"numerosity_discrimination","3","250","161","28","22","0.7857","j","219","<div style=""width:100vw;height:100vh;background-color:black;""></div>","f","html-keyboard-response","1270","2.0.0","1063848","173803","testolin2020_replication","2025-11-27T02:15:39.719Z","13-14 inch laptop","1536","864","1536","730","1.25","19","Nov 28, 11:00 pm","false"
"numerosity_discrimination","3","251","218","14","22","0.6364","j","124","<div style=""width:100vw;height:100vh;background-color:black;""></div>","j","html-keyboard-response","1275","2.0.0","1066340","173803","testolin2020_replication","2025-11-27T02:15:39.719Z","13-14 inch laptop","1536","864","1536","730","1.25","19","Nov 28, 11:00 pm","true"
"numerosity_discrimination","3","252","168","20","14","0.7","j","218","<div style=""width:100vw;height:100vh;background-color:black;""></div>","f","html-keyboard-response","1280","2.0.0","1069033","173803","testolin2020_replication","2025-11-27T02:15:39.719Z","13-14 inch laptop","1536","864","1536","730","1.25","19","Nov 28, 11:00 pm","false"
"numerosity_discrimination","3","253","155","7","9","0.7778","j","84","<div style=""width:100vw;height:100vh;background-color:black;""></div>","j","html-keyboard-response","1285","2.0.0","1071551","173803","testolin2020_replication","2025-11-27T02:15:39.719Z","13-14 inch laptop","1536","864","1536","730","1.25","19","Nov 28, 11:00 pm","true"
"numerosity_discrimination","3","254","216","9","14","0.6429","j","50","<div style=""width:100vw;height:100vh;background-color:black;""></div>","j","html-keyboard-response","1290","2.0.0","1074132","173803","testolin2020_replication","2025-11-27T02:15:39.719Z","13-14 inch laptop","1536","864","1536","730","1.25","19","Nov 28, 11:00 pm","true"
"numerosity_discrimination","3","255","94","22","25","0.88","j","37","<div style=""width:100vw;height:100vh;background-color:black;""></div>","j","html-keyboard-response","1295","2.0.0","1076646","173803","testolin2020_replication","2025-11-27T02:15:39.719Z","13-14 inch laptop","1536","864","1536","730","1.25","19","Nov 28, 11:00 pm","true"
"numerosity_discrimination","3","256","180","9","7","0.7778","j","481","<div style=""width:100vw;height:100vh;background-color:black;""></div>","j","html-keyboard-response","1300","2.0.0","1079461","173803","testolin2020_replication","2025-11-27T02:15:39.719Z","13-14 inch laptop","1536","864","1536","730","1.25","19","Nov 28, 11:00 pm","true"
"numerosity_discrimination","3","257","276","16","8","0.5","j","184","<div style=""width:100vw;height:100vh;background-color:black;""></div>","f","html-keyboard-response","1305","2.0.0","1082013","173803","testolin2020_replication","2025-11-27T02:15:39.719Z","13-14 inch laptop","1536","864","1536","730","1.25","19","Nov 28, 11:00 pm","false"
"numerosity_discrimination","3","258","139","9","7","0.7778","j","199","<div style=""width:100vw;height:100vh;background-color:black;""></div>","f","html-keyboard-response","1310","2.0.0","1084797","173803","testolin2020_replication","2025-11-27T02:15:39.719Z","13-14 inch laptop","1536","864","1536","730","1.25","19","Nov 28, 11:00 pm","false"
"numerosity_discrimination","3","259","223","28","18","0.6429","j","221","<div style=""width:100vw;height:100vh;background-color:black;""></div>","f","html-keyboard-response","1315","2.0.0","1087301","173803","testolin2020_replication","2025-11-27T02:15:39.719Z","13-14 inch laptop","1536","864","1536","730","1.25","19","Nov 28, 11:00 pm","false"
"numerosity_discrimination","3","260","118","20","25","0.8","j","24","<div style=""width:100vw;height:100vh;background-color:black;""></div>","j","html-keyboard-response","1320","2.0.0","1089886","173803","testolin2020_replication","2025-11-27T02:15:39.719Z","13-14 inch laptop","1536","864","1536","730","1.25","19","Nov 28, 11:00 pm","true"
"numerosity_discrimination","3","261","211","8","12","0.6667","j","88","<div style=""width:100vw;height:100vh;background-color:black;""></div>","j","html-keyboard-response","1325","2.0.0","1092220","173803","testolin2020_replication","2025-11-27T02:15:39.719Z","13-14 inch laptop","1536","864","1536","730","1.25","19","Nov 28, 11:00 pm","true"
"numerosity_discrimination","3","262","97","7","8","0.875","j","392","<div style=""width:100vw;height:100vh;background-color:black;""></div>","f","html-keyboard-response","1330","2.0.0","1095039","173803","testolin2020_replication","2025-11-27T02:15:39.719Z","13-14 inch laptop","1536","864","1536","730","1.25","19","Nov 28, 11:00 pm","false"
"numerosity_discrimination","3","263","165","14","10","0.7143","j","240","<div style=""width:100vw;height:100vh;background-color:black;""></div>","f","html-keyboard-response","1335","2.0.0","1097653","173803","testolin2020_replication","2025-11-27T02:15:39.719Z","13-14 inch laptop","1536","864","1536","730","1.25","19","Nov 28, 11:00 pm","false"
"numerosity_discrimination","3","264","298","9","18","0.5","j","62","<div style=""width:100vw;height:100vh;background-color:black;""></div>","j","html-keyboard-response","1340","2.0.0","1100091","173803","testolin2020_replication","2025-11-27T02:15:39.719Z","13-14 inch laptop","1536","864","1536","730","1.25","19","Nov 28, 11:00 pm","true"
"numerosity_discrimination","3","265","152","16","12","0.75","j","64","<div style=""width:100vw;height:100vh;background-color:black;""></div>","f","html-keyboard-response","1345","2.0.0","1102394","173803","testolin2020_replication","2025-11-27T02:15:39.719Z","13-14 inch laptop","1536","864","1536","730","1.25","19","Nov 28, 11:00 pm","false"
"numerosity_discrimination","3","266","104","8","7","0.875","j","197","<div style=""width:100vw;height:100vh;background-color:black;""></div>","j","html-keyboard-response","1350","2.0.0","1104891","173803","testolin2020_replication","2025-11-27T02:15:39.719Z","13-14 inch laptop","1536","864","1536","730","1.25","19","Nov 28, 11:00 pm","true"
"numerosity_discrimination","3","267","262","9","14","0.6429","j","152","<div style=""width:100vw;height:100vh;background-color:black;""></div>","j","html-keyboard-response","1355","2.0.0","1107331","173803","testolin2020_replication","2025-11-27T02:15:39.719Z","13-14 inch laptop","1536","864","1536","730","1.25","19","Nov 28, 11:00 pm","true"
"numerosity_discrimination","3","268","269","9","14","0.6429","j","207","<div style=""width:100vw;height:100vh;background-color:black;""></div>","j","html-keyboard-response","1360","2.0.0","1110202","173803","testolin2020_replication","2025-11-27T02:15:39.719Z","13-14 inch laptop","1536","864","1536","730","1.25","19","Nov 28, 11:00 pm","true"
"numerosity_discrimination","3","269","252","18","28","0.6429","j","207","<div style=""width:100vw;height:100vh;background-color:black;""></div>","j","html-keyboard-response","1365","2.0.0","1112752","173803","testolin2020_replication","2025-11-27T02:15:39.719Z","13-14 inch laptop","1536","864","1536","730","1.25","19","Nov 28, 11:00 pm","true"
"numerosity_discrimination","3","270","130","22","28","0.7857","j","19","<div style=""width:100vw;height:100vh;background-color:black;""></div>","j","html-keyboard-response","1370","2.0.0","1115081","173803","testolin2020_replication","2025-11-27T02:15:39.719Z","13-14 inch laptop","1536","864","1536","730","1.25","19","Nov 28, 11:00 pm","true"
"numerosity_discrimination","3","271","1","9","8","0.8889","j","488","<div style=""width:100vw;height:100vh;background-color:black;""></div>","j","html-keyboard-response","1375","2.0.0","1118216","173803","testolin2020_replication","2025-11-27T02:15:39.719Z","13-14 inch laptop","1536","864","1536","730","1.25","19","Nov 28, 11:00 pm","true"
"numerosity_discrimination","3","272","255","18","28","0.6429","j","207","<div style=""width:100vw;height:100vh;background-color:black;""></div>","j","html-keyboard-response","1380","2.0.0","1121004","173803","testolin2020_replication","2025-11-27T02:15:39.719Z","13-14 inch laptop","1536","864","1536","730","1.25","19","Nov 28, 11:00 pm","true"
"numerosity_discrimination","3","273","40","10","12","0.8333","j","257","<div style=""width:100vw;height:100vh;background-color:black;""></div>","f","html-keyboard-response","1385","2.0.0","1123868","173803","testolin2020_replication","2025-11-27T02:15:39.719Z","13-14 inch laptop","1536","864","1536","730","1.25","19","Nov 28, 11:00 pm","false"
"numerosity_discrimination","3","274","277","20","10","0.5","j","157","<div style=""width:100vw;height:100vh;background-color:black;""></div>","f","html-keyboard-response","1390","2.0.0","1126353","173803","testolin2020_replication","2025-11-27T02:15:39.719Z","13-14 inch laptop","1536","864","1536","730","1.25","19","Nov 28, 11:00 pm","false"
"numerosity_discrimination","3","275","73","14","12","0.8571","j","213","<div style=""width:100vw;height:100vh;background-color:black;""></div>","f","html-keyboard-response","1395","2.0.0","1128858","173803","testolin2020_replication","2025-11-27T02:15:39.719Z","13-14 inch laptop","1536","864","1536","730","1.25","19","Nov 28, 11:00 pm","false"
"numerosity_discrimination","3","276","81","16","18","0.8889","j","239","<div style=""width:100vw;height:100vh;background-color:black;""></div>","j","html-keyboard-response","1400","2.0.0","1131720","173803","testolin2020_replication","2025-11-27T02:15:39.719Z","13-14 inch laptop","1536","864","1536","730","1.25","19","Nov 28, 11:00 pm","true"
"numerosity_discrimination","3","277","169","18","25","0.72","j","304","<div style=""width:100vw;height:100vh;background-color:black;""></div>","j","html-keyboard-response","1405","2.0.0","1134516","173803","testolin2020_replication","2025-11-27T02:15:39.719Z","13-14 inch laptop","1536","864","1536","730","1.25","19","Nov 28, 11:00 pm","true"
"numerosity_discrimination","3","278","296","9","16","0.5625","j","175","<div style=""width:100vw;height:100vh;background-color:black;""></div>","j","html-keyboard-response","1410","2.0.0","1137337","173803","testolin2020_replication","2025-11-27T02:15:39.719Z","13-14 inch laptop","1536","864","1536","730","1.25","19","Nov 28, 11:00 pm","true"
"numerosity_discrimination","3","279","25","11","9","0.8182","j","693","<div style=""width:100vw;height:100vh;background-color:black;""></div>","f","html-keyboard-response","1415","2.0.0","1140270","173803","testolin2020_replication","2025-11-27T02:15:39.719Z","13-14 inch laptop","1536","864","1536","730","1.25","19","Nov 28, 11:00 pm","false"
"numerosity_discrimination","3","280","289","22","12","0.5455","j","120","<div style=""width:100vw;height:100vh;background-color:black;""></div>","f","html-keyboard-response","1420","2.0.0","1142667","173803","testolin2020_replication","2025-11-27T02:15:39.719Z","13-14 inch laptop","1536","864","1536","730","1.25","19","Nov 28, 11:00 pm","false"
"numerosity_discrimination","3","281","33","8","9","0.8889","j","195","<div style=""width:100vw;height:100vh;background-color:black;""></div>","f","html-keyboard-response","1425","2.0.0","1145123","173803","testolin2020_replication","2025-11-27T02:15:39.719Z","13-14 inch laptop","1536","864","1536","730","1.25","19","Nov 28, 11:00 pm","false"
"numerosity_discrimination","3","282","43","11","9","0.8182","j","270","<div style=""width:100vw;height:100vh;background-color:black;""></div>","j","html-keyboard-response","1430","2.0.0","1147799","173803","testolin2020_replication","2025-11-27T02:15:39.719Z","13-14 inch laptop","1536","864","1536","730","1.25","19","Nov 28, 11:00 pm","true"
"numerosity_discrimination","3","283","147","8","11","0.7273","j","137","<div style=""width:100vw;height:100vh;background-color:black;""></div>","f","html-keyboard-response","1435","2.0.0","1150384","173803","testolin2020_replication","2025-11-27T02:15:39.719Z","13-14 inch laptop","1536","864","1536","730","1.25","19","Nov 28, 11:00 pm","false"
"numerosity_discrimination","3","284","98","25","28","0.8929","j","334","<div style=""width:100vw;height:100vh;background-color:black;""></div>","j","html-keyboard-response","1440","2.0.0","1153043","173803","testolin2020_replication","2025-11-27T02:15:39.719Z","13-14 inch laptop","1536","864","1536","730","1.25","19","Nov 28, 11:00 pm","true"
"numerosity_discrimination","3","285","39","20","16","0.8","j","223","<div style=""width:100vw;height:100vh;background-color:black;""></div>","f","html-keyboard-response","1445","2.0.0","1155784","173803","testolin2020_replication","2025-11-27T02:15:39.719Z","13-14 inch laptop","1536","864","1536","730","1.25","19","Nov 28, 11:00 pm","false"
"numerosity_discrimination","3","286","115","25","28","0.8929","j","835","<div style=""width:100vw;height:100vh;background-color:black;""></div>","j","html-keyboard-response","1450","2.0.0","1158980","173803","testolin2020_replication","2025-11-27T02:15:39.719Z","13-14 inch laptop","1536","864","1536","730","1.25","19","Nov 28, 11:00 pm","true"
"numerosity_discrimination","3","287","80","16","18","0.8889","j","748","<div style=""width:100vw;height:100vh;background-color:black;""></div>","f","html-keyboard-response","1455","2.0.0","1162330","173803","testolin2020_replication","2025-11-27T02:15:39.719Z","13-14 inch laptop","1536","864","1536","730","1.25","19","Nov 28, 11:00 pm","false"
"numerosity_discrimination","3","288","144","28","20","0.7143","j","147","<div style=""width:100vw;height:100vh;background-color:black;""></div>","f","html-keyboard-response","1460","2.0.0","1164876","173803","testolin2020_replication","2025-11-27T02:15:39.719Z","13-14 inch laptop","1536","864","1536","730","1.25","19","Nov 28, 11:00 pm","false"
"numerosity_discrimination","3","289","45","25","20","0.8","j","188","<div style=""width:100vw;height:100vh;background-color:black;""></div>","f","html-keyboard-response","1465","2.0.0","1167450","173803","testolin2020_replication","2025-11-27T02:15:39.719Z","13-14 inch laptop","1536","864","1536","730","1.25","19","Nov 28, 11:00 pm","false"
"numerosity_discrimination","3","290","200","12","9","0.75","j","135","<div style=""width:100vw;height:100vh;background-color:black;""></div>","f","html-keyboard-response","1470","2.0.0","1169979","173803","testolin2020_replication","2025-11-27T02:15:39.719Z","13-14 inch laptop","1536","864","1536","730","1.25","19","Nov 28, 11:00 pm","false"
"numerosity_discrimination","3","291","212","22","14","0.6364","j","195","<div style=""width:100vw;height:100vh;background-color:black;""></div>","f","html-keyboard-response","1475","2.0.0","1172377","173803","testolin2020_replication","2025-11-27T02:15:39.719Z","13-14 inch laptop","1536","864","1536","730","1.25","19","Nov 28, 11:00 pm","false"
"numerosity_discrimination","3","292","207","7","9","0.7778","j","89","<div style=""width:100vw;height:100vh;background-color:black;""></div>","j","html-keyboard-response","1480","2.0.0","1174885","173803","testolin2020_replication","2025-11-27T02:15:39.719Z","13-14 inch laptop","1536","864","1536","730","1.25","19","Nov 28, 11:00 pm","true"
"numerosity_discrimination","3","293","204","7","9","0.7778","j","216","<div style=""width:100vw;height:100vh;background-color:black;""></div>","j","html-keyboard-response","1485","2.0.0","1177459","173803","testolin2020_replication","2025-11-27T02:15:39.719Z","13-14 inch laptop","1536","864","1536","730","1.25","19","Nov 28, 11:00 pm","true"
"numerosity_discrimination","3","294","47","20","25","0.8","j","141","<div style=""width:100vw;height:100vh;background-color:black;""></div>","j","html-keyboard-response","1490","2.0.0","1179953","173803","testolin2020_replication","2025-11-27T02:15:39.719Z","13-14 inch laptop","1536","864","1536","730","1.25","19","Nov 28, 11:00 pm","true"
"numerosity_discrimination","3","295","206","9","7","0.7778","j","440","<div style=""width:100vw;height:100vh;background-color:black;""></div>","f","html-keyboard-response","1495","2.0.0","1182683","173803","testolin2020_replication","2025-11-27T02:15:39.719Z","13-14 inch laptop","1536","864","1536","730","1.25","19","Nov 28, 11:00 pm","false"
"numerosity_discrimination","3","296","91","12","14","0.8571","j","108","<div style=""width:100vw;height:100vh;background-color:black;""></div>","j","html-keyboard-response","1500","2.0.0","1185368","173803","testolin2020_replication","2025-11-27T02:15:39.719Z","13-14 inch laptop","1536","864","1536","730","1.25","19","Nov 28, 11:00 pm","true"
"numerosity_discrimination","3","297","263","22","14","0.6364","j","80","<div style=""width:100vw;height:100vh;background-color:black;""></div>","f","html-keyboard-response","1505","2.0.0","1188074","173803","testolin2020_replication","2025-11-27T02:15:39.719Z","13-14 inch laptop","1536","864","1536","730","1.25","19","Nov 28, 11:00 pm","false"
"numerosity_discrimination","3","298","110","7","8","0.875","j","739","<div style=""width:100vw;height:100vh;background-color:black;""></div>","f","html-keyboard-response","1510","2.0.0","1191083","173803","testolin2020_replication","2025-11-27T02:15:39.719Z","13-14 inch laptop","1536","864","1536","730","1.25","19","Nov 28, 11:00 pm","false"
"numerosity_discrimination","3","299","222","16","10","0.625","j","192","<div style=""width:100vw;height:100vh;background-color:black;""></div>","f","html-keyboard-response","1515","2.0.0","1193703","173803","testolin2020_replication","2025-11-27T02:15:39.719Z","13-14 inch laptop","1536","864","1536","730","1.25","19","Nov 28, 11:00 pm","false"
"numerosity_discrimination","3","300","143","20","28","0.7143","j","68","<div style=""width:100vw;height:100vh;background-color:black;""></div>","j","html-keyboard-response","1520","2.0.0","1196114","173803","testolin2020_replication","2025-11-27T02:15:39.719Z","13-14 inch laptop","1536","864","1536","730","1.25","19","Nov 28, 11:00 pm","true"
