"task","block","pair_order","pair_num","left_n","right_n","pair_ratio","correct_key","rt","stimulus","response","trial_type","trial_index","plugin_version","time_elapsed","participant_id","experiment","date","screen_size_category","screen_width_pixels","screen_height_pixels","window_width_pixels","window_height_pixels","pixel_ratio","participant_age","time_slot","correct"
"numerosity_discrimination","1","1","286","18","10","0.5556","j","510","<div style=""width:100vw;height:100vh;background-color:black;""></div>","f","html-keyboard-response","21","2.0.0","88204","174118","testolin2020_replication","2025-11-21T08:59:29.246Z","11-12 inch laptop","1440","900","1246","696","2","22","nov 24, 1pm","false"
"numerosity_discrimination","1","2","61","8","10","0.8","j","566","<div style=""width:100vw;height:100vh;background-color:black;""></div>","f","html-keyboard-response","26","2.0.0","90941","174118","testolin2020_replication","2025-11-21T08:59:29.246Z","11-12 inch laptop","1440","900","1246","696","2","22","nov 24, 1pm","false"
"numerosity_discrimination","1","3","271","20","11","0.55","j","200","<div style=""width:100vw;height:100vh;background-color:black;""></div>","f","html-keyboard-response","31","2.0.0","93308","174118","testolin2020_replication","2025-11-21T08:59:29.246Z","11-12 inch laptop","1440","900","1246","696","2","22","nov 24, 1pm","false"
"numerosity_discrimination","1","4","128","22","28","0.7857","j","191","<div style=""width:100vw;height:100vh;background-color:black;""></div>","f","html-keyboard-response","36","2.0.0","95932","174118","testolin2020_replication","2025-11-21T08:59:29.246Z","11-12 inch laptop","1440","900","1246","696","2","22","nov 24, 1pm","false"
"numerosity_discrimination","1","5","278","9","18","0.5","j","2243","<div style=""width:100vw;height:100vh;background-color:black;""></div>","f","html-keyboard-response","41","2.0.0","100654","174118","testolin2020_replication","2025-11-21T08:59:29.246Z","11-12 inch laptop","1440","900","1246","696","2","22","nov 24, 1pm","false"
"numerosity_discrimination","1","6","51","10","12","0.8333","j","646","<div style=""width:100vw;height:100vh;background-color:black;""></div>","j","html-keyboard-response","46","2.0.0","103917","174118","testolin2020_replication","2025-11-21T08:59:29.246Z","11-12 inch laptop","1440","900","1246","696","2","22","nov 24, 1pm","true"
"numerosity_discrimination","1","7","188","9","12","0.75","j","143","<div style=""width:100vw;height:100vh;background-color:black;""></div>","j","html-keyboard-response","51","2.0.0","106275","174118","testolin2020_replication","2025-11-21T08:59:29.246Z","11-12 inch laptop","1440","900","1246","696","2","22","nov 24, 1pm","true"
"numerosity_discrimination","1","8","236","22","14","0.6364","j","896","<div style=""width:100vw;height:100vh;background-color:black;""></div>","j","html-keyboard-response","56","2.0.0","109579","174118","testolin2020_replication","2025-11-21T08:59:29.246Z","11-12 inch laptop","1440","900","1246","696","2","22","nov 24, 1pm","true"
"numerosity_discrimination","1","9","35","9","8","0.8889","j","413","<div style=""width:100vw;height:100vh;background-color:black;""></div>","j","html-keyboard-response","61","2.0.0","112425","174118","testolin2020_replication","2025-11-21T08:59:29.246Z","11-12 inch laptop","1440","900","1246","696","2","22","nov 24, 1pm","true"
"numerosity_discrimination","1","10","267","18","28","0.6429","j","876","<div style=""width:100vw;height:100vh;background-color:black;""></div>","j","html-keyboard-response","66","2.0.0","115756","174118","testolin2020_replication","2025-11-21T08:59:29.246Z","11-12 inch laptop","1440","900","1246","696","2","22","nov 24, 1pm","true"
"numerosity_discrimination","1","11","280","28","16","0.5714","j","901","<div style=""width:100vw;height:100vh;background-color:black;""></div>","j","html-keyboard-response","71","2.0.0","119210","174118","testolin2020_replication","2025-11-21T08:59:29.246Z","11-12 inch laptop","1440","900","1246","696","2","22","nov 24, 1pm","true"
"numerosity_discrimination","1","12","279","20","11","0.55","j","385","<div style=""width:100vw;height:100vh;background-color:black;""></div>","f","html-keyboard-response","76","2.0.0","121774","174118","testolin2020_replication","2025-11-21T08:59:29.246Z","11-12 inch laptop","1440","900","1246","696","2","22","nov 24, 1pm","false"
"numerosity_discrimination","1","13","167","9","12","0.75","j","667","<div style=""width:100vw;height:100vh;background-color:black;""></div>","j","html-keyboard-response","81","2.0.0","124973","174118","testolin2020_replication","2025-11-21T08:59:29.246Z","11-12 inch laptop","1440","900","1246","696","2","22","nov 24, 1pm","true"
"numerosity_discrimination","1","14","9","9","8","0.8889","j","189","<div style=""width:100vw;height:100vh;background-color:black;""></div>","j","html-keyboard-response","86","2.0.0","127806","174118","testolin2020_replication","2025-11-21T08:59:29.246Z","11-12 inch laptop","1440","900","1246","696","2","22","nov 24, 1pm","true"
"numerosity_discrimination","1","15","202","9","7","0.7778","j","40","<div style=""width:100vw;height:100vh;background-color:black;""></div>","f","html-keyboard-response","91","2.0.0","130043","174118","testolin2020_replication","2025-11-21T08:59:29.246Z","11-12 inch laptop","1440","900","1246","696","2","22","nov 24, 1pm","false"
"numerosity_discrimination","1","16","272","10","20","0.5","j","21","<div style=""width:100vw;height:100vh;background-color:black;""></div>","j","html-keyboard-response","96","2.0.0","132574","174118","testolin2020_replication","2025-11-21T08:59:29.246Z","11-12 inch laptop","1440","900","1246","696","2","22","nov 24, 1pm","true"
"numerosity_discrimination","1","17","235","14","9","0.6429","j","711","<div style=""width:100vw;height:100vh;background-color:black;""></div>","j","html-keyboard-response","101","2.0.0","135676","174118","testolin2020_replication","2025-11-21T08:59:29.246Z","11-12 inch laptop","1440","900","1246","696","2","22","nov 24, 1pm","true"
"numerosity_discrimination","1","18","67","11","9","0.8182","j","520","<div style=""width:100vw;height:100vh;background-color:black;""></div>","j","html-keyboard-response","106","2.0.0","138553","174118","testolin2020_replication","2025-11-21T08:59:29.246Z","11-12 inch laptop","1440","900","1246","696","2","22","nov 24, 1pm","true"
"numerosity_discrimination","1","19","160","12","16","0.75","j","153","<div style=""width:100vw;height:100vh;background-color:black;""></div>","j","html-keyboard-response","111","2.0.0","141347","174118","testolin2020_replication","2025-11-21T08:59:29.246Z","11-12 inch laptop","1440","900","1246","696","2","22","nov 24, 1pm","true"
"numerosity_discrimination","1","20","31","28","25","0.8929","j","987","<div style=""width:100vw;height:100vh;background-color:black;""></div>","j","html-keyboard-response","116","2.0.0","144698","174118","testolin2020_replication","2025-11-21T08:59:29.246Z","11-12 inch laptop","1440","900","1246","696","2","22","nov 24, 1pm","true"
"numerosity_discrimination","1","21","213","18","11","0.6111","j","114","<div style=""width:100vw;height:100vh;background-color:black;""></div>","f","html-keyboard-response","121","2.0.0","147448","174118","testolin2020_replication","2025-11-21T08:59:29.246Z","11-12 inch laptop","1440","900","1246","696","2","22","nov 24, 1pm","false"
"numerosity_discrimination","1","22","193","25","18","0.72","j","1","<div style=""width:100vw;height:100vh;background-color:black;""></div>","j","html-keyboard-response","126","2.0.0","150106","174118","testolin2020_replication","2025-11-21T08:59:29.246Z","11-12 inch laptop","1440","900","1246","696","2","22","nov 24, 1pm","true"
"numerosity_discrimination","1","23","105","28","25","0.8929","j","304","<div style=""width:100vw;height:100vh;background-color:black;""></div>","f","html-keyboard-response","131","2.0.0","152903","174118","testolin2020_replication","2025-11-21T08:59:29.246Z","11-12 inch laptop","1440","900","1246","696","2","22","nov 24, 1pm","false"
"numerosity_discrimination","1","24","158","18","14","0.7778","j","149","<div style=""width:100vw;height:100vh;background-color:black;""></div>","j","html-keyboard-response","136","2.0.0","155424","174118","testolin2020_replication","2025-11-21T08:59:29.246Z","11-12 inch laptop","1440","900","1246","696","2","22","nov 24, 1pm","true"
"numerosity_discrimination","1","25","175","11","14","0.7857","j","408","<div style=""width:100vw;height:100vh;background-color:black;""></div>","j","html-keyboard-response","141","2.0.0","158241","174118","testolin2020_replication","2025-11-21T08:59:29.246Z","11-12 inch laptop","1440","900","1246","696","2","22","nov 24, 1pm","true"
"numerosity_discrimination","1","26","254","20","12","0.6","j","504","<div style=""width:100vw;height:100vh;background-color:black;""></div>","j","html-keyboard-response","146","2.0.0","161049","174118","testolin2020_replication","2025-11-21T08:59:29.246Z","11-12 inch laptop","1440","900","1246","696","2","22","nov 24, 1pm","true"
"numerosity_discrimination","1","27","221","16","10","0.625","j","99","<div style=""width:100vw;height:100vh;background-color:black;""></div>","j","html-keyboard-response","151","2.0.0","163520","174118","testolin2020_replication","2025-11-21T08:59:29.246Z","11-12 inch laptop","1440","900","1246","696","2","22","nov 24, 1pm","true"
"numerosity_discrimination","1","28","55","18","16","0.8889","j","89","<div style=""width:100vw;height:100vh;background-color:black;""></div>","f","html-keyboard-response","156","2.0.0","166107","174118","testolin2020_replication","2025-11-21T08:59:29.246Z","11-12 inch laptop","1440","900","1246","696","2","22","nov 24, 1pm","false"
"numerosity_discrimination","1","29","120","14","12","0.8571","j","649","<div style=""width:100vw;height:100vh;background-color:black;""></div>","j","html-keyboard-response","161","2.0.0","168994","174118","testolin2020_replication","2025-11-21T08:59:29.246Z","11-12 inch laptop","1440","900","1246","696","2","22","nov 24, 1pm","true"
"numerosity_discrimination","1","30","89","11","9","0.8182","j","59","<div style=""width:100vw;height:100vh;background-color:black;""></div>","f","html-keyboard-response","166","2.0.0","171257","174118","testolin2020_replication","2025-11-21T08:59:29.246Z","11-12 inch laptop","1440","900","1246","696","2","22","nov 24, 1pm","false"
"numerosity_discrimination","1","31","108","8","9","0.8889","j","261","<div style=""width:100vw;height:100vh;background-color:black;""></div>","j","html-keyboard-response","171","2.0.0","174105","174118","testolin2020_replication","2025-11-21T08:59:29.246Z","11-12 inch laptop","1440","900","1246","696","2","22","nov 24, 1pm","true"
"numerosity_discrimination","1","32","23","11","9","0.8182","j","1090","<div style=""width:100vw;height:100vh;background-color:black;""></div>","f","html-keyboard-response","176","2.0.0","177510","174118","testolin2020_replication","2025-11-21T08:59:29.246Z","11-12 inch laptop","1440","900","1246","696","2","22","nov 24, 1pm","false"
"numerosity_discrimination","1","33","48","14","16","0.875","j","219","<div style=""width:100vw;height:100vh;background-color:black;""></div>","j","html-keyboard-response","181","2.0.0","179893","174118","testolin2020_replication","2025-11-21T08:59:29.246Z","11-12 inch laptop","1440","900","1246","696","2","22","nov 24, 1pm","true"
"numerosity_discrimination","1","34","177","8","11","0.7273","j","158","<div style=""width:100vw;height:100vh;background-color:black;""></div>","j","html-keyboard-response","186","2.0.0","182443","174118","testolin2020_replication","2025-11-21T08:59:29.246Z","11-12 inch laptop","1440","900","1246","696","2","22","nov 24, 1pm","true"
"numerosity_discrimination","1","35","26","28","25","0.8929","j","264","<div style=""width:100vw;height:100vh;background-color:black;""></div>","j","html-keyboard-response","191","2.0.0","185013","174118","testolin2020_replication","2025-11-21T08:59:29.246Z","11-12 inch laptop","1440","900","1246","696","2","22","nov 24, 1pm","true"
"numerosity_discrimination","1","36","166","20","14","0.7","j","912","<div style=""width:100vw;height:100vh;background-color:black;""></div>","f","html-keyboard-response","196","2.0.0","188374","174118","testolin2020_replication","2025-11-21T08:59:29.246Z","11-12 inch laptop","1440","900","1246","696","2","22","nov 24, 1pm","false"
"numerosity_discrimination","1","37","261","28","18","0.6429","j","190","<div style=""width:100vw;height:100vh;background-color:black;""></div>","f","html-keyboard-response","201","2.0.0","191207","174118","testolin2020_replication","2025-11-21T08:59:29.246Z","11-12 inch laptop","1440","900","1246","696","2","22","nov 24, 1pm","false"
"numerosity_discrimination","1","38","32","16","20","0.8","j","149","<div style=""width:100vw;height:100vh;background-color:black;""></div>","j","html-keyboard-response","206","2.0.0","193524","174118","testolin2020_replication","2025-11-21T08:59:29.246Z","11-12 inch laptop","1440","900","1246","696","2","22","nov 24, 1pm","true"
"numerosity_discrimination","1","39","103","14","12","0.8571","j","667","<div style=""width:100vw;height:100vh;background-color:black;""></div>","j","html-keyboard-response","211","2.0.0","196740","174118","testolin2020_replication","2025-11-21T08:59:29.246Z","11-12 inch laptop","1440","900","1246","696","2","22","nov 24, 1pm","true"
"numerosity_discrimination","1","40","197","12","16","0.75","j","121","<div style=""width:100vw;height:100vh;background-color:black;""></div>","j","html-keyboard-response","216","2.0.0","199174","174118","testolin2020_replication","2025-11-21T08:59:29.246Z","11-12 inch laptop","1440","900","1246","696","2","22","nov 24, 1pm","true"
"numerosity_discrimination","1","41","268","18","11","0.6111","j","613","<div style=""width:100vw;height:100vh;background-color:black;""></div>","j","html-keyboard-response","221","2.0.0","202107","174118","testolin2020_replication","2025-11-21T08:59:29.246Z","11-12 inch laptop","1440","900","1246","696","2","22","nov 24, 1pm","true"
"numerosity_discrimination","1","42","299","20","10","0.5","j","228","<div style=""width:100vw;height:100vh;background-color:black;""></div>","f","html-keyboard-response","226","2.0.0","204974","174118","testolin2020_replication","2025-11-21T08:59:29.246Z","11-12 inch laptop","1440","900","1246","696","2","22","nov 24, 1pm","false"
"numerosity_discrimination","1","43","179","22","16","0.7273","j","286","<div style=""width:100vw;height:100vh;background-color:black;""></div>","j","html-keyboard-response","231","2.0.0","207692","174118","testolin2020_replication","2025-11-21T08:59:29.246Z","11-12 inch laptop","1440","900","1246","696","2","22","nov 24, 1pm","true"
"numerosity_discrimination","1","44","203","11","8","0.7273","j","375","<div style=""width:100vw;height:100vh;background-color:black;""></div>","j","html-keyboard-response","236","2.0.0","210562","174118","testolin2020_replication","2025-11-21T08:59:29.246Z","11-12 inch laptop","1440","900","1246","696","2","22","nov 24, 1pm","true"
"numerosity_discrimination","1","45","245","10","16","0.625","j","123","<div style=""width:100vw;height:100vh;background-color:black;""></div>","j","html-keyboard-response","241","2.0.0","213173","174118","testolin2020_replication","2025-11-21T08:59:29.246Z","11-12 inch laptop","1440","900","1246","696","2","22","nov 24, 1pm","true"
"numerosity_discrimination","1","46","34","16","18","0.8889","j","803","<div style=""width:100vw;height:100vh;background-color:black;""></div>","f","html-keyboard-response","246","2.0.0","216447","174118","testolin2020_replication","2025-11-21T08:59:29.246Z","11-12 inch laptop","1440","900","1246","696","2","22","nov 24, 1pm","false"
"numerosity_discrimination","1","47","164","20","14","0.7","j","265","<div style=""width:100vw;height:100vh;background-color:black;""></div>","j","html-keyboard-response","251","2.0.0","218952","174118","testolin2020_replication","2025-11-21T08:59:29.246Z","11-12 inch laptop","1440","900","1246","696","2","22","nov 24, 1pm","true"
"numerosity_discrimination","1","48","186","22","28","0.7857","j","67","<div style=""width:100vw;height:100vh;background-color:black;""></div>","j","html-keyboard-response","256","2.0.0","221645","174118","testolin2020_replication","2025-11-21T08:59:29.246Z","11-12 inch laptop","1440","900","1246","696","2","22","nov 24, 1pm","true"
"numerosity_discrimination","1","49","19","18","22","0.8182","j","1227","<div style=""width:100vw;height:100vh;background-color:black;""></div>","j","html-keyboard-response","261","2.0.0","225416","174118","testolin2020_replication","2025-11-21T08:59:29.246Z","11-12 inch laptop","1440","900","1246","696","2","22","nov 24, 1pm","true"
"numerosity_discrimination","1","50","22","16","20","0.8","j","82","<div style=""width:100vw;height:100vh;background-color:black;""></div>","j","html-keyboard-response","266","2.0.0","227886","174118","testolin2020_replication","2025-11-21T08:59:29.246Z","11-12 inch laptop","1440","900","1246","696","2","22","nov 24, 1pm","true"
"numerosity_discrimination","1","51","285","11","22","0.5","j","138","<div style=""width:100vw;height:100vh;background-color:black;""></div>","j","html-keyboard-response","271","2.0.0","230547","174118","testolin2020_replication","2025-11-21T08:59:29.246Z","11-12 inch laptop","1440","900","1246","696","2","22","nov 24, 1pm","true"
"numerosity_discrimination","1","52","54","22","18","0.8182","j","601","<div style=""width:100vw;height:100vh;background-color:black;""></div>","j","html-keyboard-response","276","2.0.0","233474","174118","testolin2020_replication","2025-11-21T08:59:29.246Z","11-12 inch laptop","1440","900","1246","696","2","22","nov 24, 1pm","true"
"numerosity_discrimination","1","53","238","20","12","0.6","j","182","<div style=""width:100vw;height:100vh;background-color:black;""></div>","f","html-keyboard-response","281","2.0.0","236177","174118","testolin2020_replication","2025-11-21T08:59:29.246Z","11-12 inch laptop","1440","900","1246","696","2","22","nov 24, 1pm","false"
"numerosity_discrimination","1","54","124","16","12","0.75","j","106","<div style=""width:100vw;height:100vh;background-color:black;""></div>","j","html-keyboard-response","286","2.0.0","238736","174118","testolin2020_replication","2025-11-21T08:59:29.246Z","11-12 inch laptop","1440","900","1246","696","2","22","nov 24, 1pm","true"
"numerosity_discrimination","1","55","18","14","12","0.8571","j","128","<div style=""width:100vw;height:100vh;background-color:black;""></div>","j","html-keyboard-response","291","2.0.0","241406","174118","testolin2020_replication","2025-11-21T08:59:29.246Z","11-12 inch laptop","1440","900","1246","696","2","22","nov 24, 1pm","true"
"numerosity_discrimination","1","56","173","25","18","0.72","j","403","<div style=""width:100vw;height:100vh;background-color:black;""></div>","j","html-keyboard-response","296","2.0.0","244188","174118","testolin2020_replication","2025-11-21T08:59:29.246Z","11-12 inch laptop","1440","900","1246","696","2","22","nov 24, 1pm","true"
"numerosity_discrimination","1","57","63","9","8","0.8889","j","333","<div style=""width:100vw;height:100vh;background-color:black;""></div>","j","html-keyboard-response","301","2.0.0","246785","174118","testolin2020_replication","2025-11-21T08:59:29.246Z","11-12 inch laptop","1440","900","1246","696","2","22","nov 24, 1pm","true"
"numerosity_discrimination","1","58","159","20","28","0.7143","j","289","<div style=""width:100vw;height:100vh;background-color:black;""></div>","j","html-keyboard-response","306","2.0.0","249461","174118","testolin2020_replication","2025-11-21T08:59:29.246Z","11-12 inch laptop","1440","900","1246","696","2","22","nov 24, 1pm","true"
"numerosity_discrimination","1","59","265","18","28","0.6429","j","83","<div style=""width:100vw;height:100vh;background-color:black;""></div>","j","html-keyboard-response","311","2.0.0","252040","174118","testolin2020_replication","2025-11-21T08:59:29.246Z","11-12 inch laptop","1440","900","1246","696","2","22","nov 24, 1pm","true"
"numerosity_discrimination","1","60","17","12","14","0.8571","j","134","<div style=""width:100vw;height:100vh;background-color:black;""></div>","j","html-keyboard-response","316","2.0.0","254595","174118","testolin2020_replication","2025-11-21T08:59:29.246Z","11-12 inch laptop","1440","900","1246","696","2","22","nov 24, 1pm","true"
"numerosity_discrimination","1","61","140","11","8","0.7273","j","266","<div style=""width:100vw;height:100vh;background-color:black;""></div>","j","html-keyboard-response","321","2.0.0","257459","174118","testolin2020_replication","2025-11-21T08:59:29.246Z","11-12 inch laptop","1440","900","1246","696","2","22","nov 24, 1pm","true"
"numerosity_discrimination","1","62","208","9","7","0.7778","j","347","<div style=""width:100vw;height:100vh;background-color:black;""></div>","j","html-keyboard-response","326","2.0.0","260162","174118","testolin2020_replication","2025-11-21T08:59:29.246Z","11-12 inch laptop","1440","900","1246","696","2","22","nov 24, 1pm","true"
"numerosity_discrimination","1","63","53","18","22","0.8182","j","144","<div style=""width:100vw;height:100vh;background-color:black;""></div>","j","html-keyboard-response","331","2.0.0","262928","174118","testolin2020_replication","2025-11-21T08:59:29.246Z","11-12 inch laptop","1440","900","1246","696","2","22","nov 24, 1pm","true"
"numerosity_discrimination","1","64","126","9","7","0.7778","j","113","<div style=""width:100vw;height:100vh;background-color:black;""></div>","j","html-keyboard-response","336","2.0.0","265572","174118","testolin2020_replication","2025-11-21T08:59:29.246Z","11-12 inch laptop","1440","900","1246","696","2","22","nov 24, 1pm","true"
"numerosity_discrimination","1","65","88","12","10","0.8333","j","135","<div style=""width:100vw;height:100vh;background-color:black;""></div>","j","html-keyboard-response","341","2.0.0","267938","174118","testolin2020_replication","2025-11-21T08:59:29.246Z","11-12 inch laptop","1440","900","1246","696","2","22","nov 24, 1pm","true"
"numerosity_discrimination","1","66","116","28","25","0.8929","j","1918","<div style=""width:100vw;height:100vh;background-color:black;""></div>","f","html-keyboard-response","346","2.0.0","272360","174118","testolin2020_replication","2025-11-21T08:59:29.246Z","11-12 inch laptop","1440","900","1246","696","2","22","nov 24, 1pm","false"
"numerosity_discrimination","1","67","4","12","14","0.8571","j","465","<div style=""width:100vw;height:100vh;background-color:black;""></div>","j","html-keyboard-response","351","2.0.0","275162","174118","testolin2020_replication","2025-11-21T08:59:29.246Z","11-12 inch laptop","1440","900","1246","696","2","22","nov 24, 1pm","true"
"numerosity_discrimination","1","68","287","25","14","0.56","j","2880","<div style=""width:100vw;height:100vh;background-color:black;""></div>","j","html-keyboard-response","356","2.0.0","280381","174118","testolin2020_replication","2025-11-21T08:59:29.246Z","11-12 inch laptop","1440","900","1246","696","2","22","nov 24, 1pm","true"
"numerosity_discrimination","1","69","119","12","10","0.8333","j","315","<div style=""width:100vw;height:100vh;background-color:black;""></div>","j","html-keyboard-response","361","2.0.0","283255","174118","testolin2020_replication","2025-11-21T08:59:29.246Z","11-12 inch laptop","1440","900","1246","696","2","22","nov 24, 1pm","true"
"numerosity_discrimination","1","70","122","8","11","0.7273","j","341","<div style=""width:100vw;height:100vh;background-color:black;""></div>","j","html-keyboard-response","366","2.0.0","286156","174118","testolin2020_replication","2025-11-21T08:59:29.246Z","11-12 inch laptop","1440","900","1246","696","2","22","nov 24, 1pm","true"
"numerosity_discrimination","1","71","194","7","9","0.7778","j","14203","<div style=""width:100vw;height:100vh;background-color:black;""></div>","j","html-keyboard-response","371","2.0.0","302608","174118","testolin2020_replication","2025-11-21T08:59:29.246Z","11-12 inch laptop","1440","900","1246","696","2","22","nov 24, 1pm","true"
"numerosity_discrimination","1","72","75","12","14","0.8571","j","113","<div style=""width:100vw;height:100vh;background-color:black;""></div>","j","html-keyboard-response","376","2.0.0","304940","174118","testolin2020_replication","2025-11-21T08:59:29.246Z","11-12 inch laptop","1440","900","1246","696","2","22","nov 24, 1pm","true"
"numerosity_discrimination","1","73","150","16","22","0.7273","j","153","<div style=""width:100vw;height:100vh;background-color:black;""></div>","j","html-keyboard-response","381","2.0.0","307456","174118","testolin2020_replication","2025-11-21T08:59:29.246Z","11-12 inch laptop","1440","900","1246","696","2","22","nov 24, 1pm","true"
"numerosity_discrimination","1","74","70","18","16","0.8889","j","266","<div style=""width:100vw;height:100vh;background-color:black;""></div>","j","html-keyboard-response","386","2.0.0","310320","174118","testolin2020_replication","2025-11-21T08:59:29.246Z","11-12 inch laptop","1440","900","1246","696","2","22","nov 24, 1pm","true"
"numerosity_discrimination","1","75","187","18","14","0.7778","j","400","<div style=""width:100vw;height:100vh;background-color:black;""></div>","f","html-keyboard-response","391","2.0.0","313245","174118","testolin2020_replication","2025-11-21T08:59:29.246Z","11-12 inch laptop","1440","900","1246","696","2","22","nov 24, 1pm","false"
"numerosity_discrimination","1","76","275","14","7","0.5","j","3023","<div style=""width:100vw;height:100vh;background-color:black;""></div>","j","html-keyboard-response","396","2.0.0","318695","174118","testolin2020_replication","2025-11-21T08:59:29.246Z","11-12 inch laptop","1440","900","1246","696","2","22","nov 24, 1pm","true"
"numerosity_discrimination","1","77","192","22","28","0.7857","j","187","<div style=""width:100vw;height:100vh;background-color:black;""></div>","j","html-keyboard-response","401","2.0.0","321165","174118","testolin2020_replication","2025-11-21T08:59:29.246Z","11-12 inch laptop","1440","900","1246","696","2","22","nov 24, 1pm","true"
"numerosity_discrimination","1","78","225","14","22","0.6364","j","282","<div style=""width:100vw;height:100vh;background-color:black;""></div>","j","html-keyboard-response","406","2.0.0","323804","174118","testolin2020_replication","2025-11-21T08:59:29.246Z","11-12 inch laptop","1440","900","1246","696","2","22","nov 24, 1pm","true"
"numerosity_discrimination","1","79","59","14","12","0.8571","j","879","<div style=""width:100vw;height:100vh;background-color:black;""></div>","j","html-keyboard-response","411","2.0.0","327281","174118","testolin2020_replication","2025-11-21T08:59:29.246Z","11-12 inch laptop","1440","900","1246","696","2","22","nov 24, 1pm","true"
"numerosity_discrimination","1","80","239","22","14","0.6364","j","741","<div style=""width:100vw;height:100vh;background-color:black;""></div>","f","html-keyboard-response","416","2.0.0","330589","174118","testolin2020_replication","2025-11-21T08:59:29.246Z","11-12 inch laptop","1440","900","1246","696","2","22","nov 24, 1pm","false"
"numerosity_discrimination","1","81","226","14","9","0.6429","j","308","<div style=""width:100vw;height:100vh;background-color:black;""></div>","j","html-keyboard-response","421","2.0.0","333244","174118","testolin2020_replication","2025-11-21T08:59:29.246Z","11-12 inch laptop","1440","900","1246","696","2","22","nov 24, 1pm","true"
"numerosity_discrimination","1","82","259","18","11","0.6111","j","520","<div style=""width:100vw;height:100vh;background-color:black;""></div>","f","html-keyboard-response","426","2.0.0","336342","174118","testolin2020_replication","2025-11-21T08:59:29.246Z","11-12 inch laptop","1440","900","1246","696","2","22","nov 24, 1pm","false"
"numerosity_discrimination","1","83","184","18","14","0.7778","j","2830","<div style=""width:100vw;height:100vh;background-color:black;""></div>","j","html-keyboard-response","431","2.0.0","341679","174118","testolin2020_replication","2025-11-21T08:59:29.246Z","11-12 inch laptop","1440","900","1246","696","2","22","nov 24, 1pm","true"
"numerosity_discrimination","1","84","100","28","25","0.8929","j","137","<div style=""width:100vw;height:100vh;background-color:black;""></div>","f","html-keyboard-response","436","2.0.0","344239","174118","testolin2020_replication","2025-11-21T08:59:29.246Z","11-12 inch laptop","1440","900","1246","696","2","22","nov 24, 1pm","false"
"numerosity_discrimination","1","85","38","14","16","0.875","j","406","<div style=""width:100vw;height:100vh;background-color:black;""></div>","j","html-keyboard-response","441","2.0.0","347253","174118","testolin2020_replication","2025-11-21T08:59:29.246Z","11-12 inch laptop","1440","900","1246","696","2","22","nov 24, 1pm","true"
"numerosity_discrimination","1","86","109","12","14","0.8571","j","181","<div style=""width:100vw;height:100vh;background-color:black;""></div>","j","html-keyboard-response","446","2.0.0","349912","174118","testolin2020_replication","2025-11-21T08:59:29.246Z","11-12 inch laptop","1440","900","1246","696","2","22","nov 24, 1pm","true"
"numerosity_discrimination","1","87","231","25","16","0.64","j","244","<div style=""width:100vw;height:100vh;background-color:black;""></div>","j","html-keyboard-response","451","2.0.0","352778","174118","testolin2020_replication","2025-11-21T08:59:29.246Z","11-12 inch laptop","1440","900","1246","696","2","22","nov 24, 1pm","true"
"numerosity_discrimination","1","88","282","8","14","0.5714","j","361","<div style=""width:100vw;height:100vh;background-color:black;""></div>","j","html-keyboard-response","456","2.0.0","355493","174118","testolin2020_replication","2025-11-21T08:59:29.246Z","11-12 inch laptop","1440","900","1246","696","2","22","nov 24, 1pm","true"
"numerosity_discrimination","1","89","37","20","16","0.8","j","168","<div style=""width:100vw;height:100vh;background-color:black;""></div>","f","html-keyboard-response","461","2.0.0","358213","174118","testolin2020_replication","2025-11-21T08:59:29.246Z","11-12 inch laptop","1440","900","1246","696","2","22","nov 24, 1pm","false"
"numerosity_discrimination","1","90","41","16","20","0.8","j","238","<div style=""width:100vw;height:100vh;background-color:black;""></div>","j","html-keyboard-response","466","2.0.0","361025","174118","testolin2020_replication","2025-11-21T08:59:29.246Z","11-12 inch laptop","1440","900","1246","696","2","22","nov 24, 1pm","true"
"numerosity_discrimination","1","91","11","8","10","0.8","j","790","<div style=""width:100vw;height:100vh;background-color:black;""></div>","j","html-keyboard-response","471","2.0.0","364025","174118","testolin2020_replication","2025-11-21T08:59:29.246Z","11-12 inch laptop","1440","900","1246","696","2","22","nov 24, 1pm","true"
"numerosity_discrimination","1","92","163","18","14","0.7778","j","460","<div style=""width:100vw;height:100vh;background-color:black;""></div>","j","html-keyboard-response","476","2.0.0","366953","174118","testolin2020_replication","2025-11-21T08:59:29.246Z","11-12 inch laptop","1440","900","1246","696","2","22","nov 24, 1pm","true"
"numerosity_discrimination","1","93","243","18","12","0.6667","j","1568","<div style=""width:100vw;height:100vh;background-color:black;""></div>","j","html-keyboard-response","481","2.0.0","370989","174118","testolin2020_replication","2025-11-21T08:59:29.246Z","11-12 inch laptop","1440","900","1246","696","2","22","nov 24, 1pm","true"
"numerosity_discrimination","1","94","290","12","22","0.5455","j","4213","<div style=""width:100vw;height:100vh;background-color:black;""></div>","f","html-keyboard-response","486","2.0.0","377419","174118","testolin2020_replication","2025-11-21T08:59:29.246Z","11-12 inch laptop","1440","900","1246","696","2","22","nov 24, 1pm","false"
"numerosity_discrimination","1","95","281","12","7","0.5833","j","736","<div style=""width:100vw;height:100vh;background-color:black;""></div>","f","html-keyboard-response","491","2.0.0","380605","174118","testolin2020_replication","2025-11-21T08:59:29.246Z","11-12 inch laptop","1440","900","1246","696","2","22","nov 24, 1pm","false"
"numerosity_discrimination","1","96","134","16","12","0.75","j","2159","<div style=""width:100vw;height:100vh;background-color:black;""></div>","f","html-keyboard-response","496","2.0.0","385370","174118","testolin2020_replication","2025-11-21T08:59:29.246Z","11-12 inch laptop","1440","900","1246","696","2","22","nov 24, 1pm","false"
"numerosity_discrimination","1","97","123","12","16","0.75","j","3380","<div style=""width:100vw;height:100vh;background-color:black;""></div>","j","html-keyboard-response","501","2.0.0","390958","174118","testolin2020_replication","2025-11-21T08:59:29.246Z","11-12 inch laptop","1440","900","1246","696","2","22","nov 24, 1pm","true"
"numerosity_discrimination","1","98","274","18","9","0.5","j","1724","<div style=""width:100vw;height:100vh;background-color:black;""></div>","f","html-keyboard-response","506","2.0.0","394981","174118","testolin2020_replication","2025-11-21T08:59:29.246Z","11-12 inch laptop","1440","900","1246","696","2","22","nov 24, 1pm","false"
"numerosity_discrimination","1","99","112","28","25","0.8929","j","991","<div style=""width:100vw;height:100vh;background-color:black;""></div>","j","html-keyboard-response","511","2.0.0","398523","174118","testolin2020_replication","2025-11-21T08:59:29.246Z","11-12 inch laptop","1440","900","1246","696","2","22","nov 24, 1pm","true"
"numerosity_discrimination","1","100","295","20","10","0.5","j","9668","<div style=""width:100vw;height:100vh;background-color:black;""></div>","f","html-keyboard-response","516","2.0.0","410718","174118","testolin2020_replication","2025-11-21T08:59:29.246Z","11-12 inch laptop","1440","900","1246","696","2","22","nov 24, 1pm","false"
"numerosity_discrimination","2","101","46","18","22","0.8182","j","428","<div style=""width:100vw;height:100vh;background-color:black;""></div>","j","html-keyboard-response","523","2.0.0","417728","174118","testolin2020_replication","2025-11-21T08:59:29.246Z","11-12 inch laptop","1440","900","1246","696","2","22","nov 24, 1pm","true"
"numerosity_discrimination","2","102","77","7","8","0.875","j","7668","<div style=""width:100vw;height:100vh;background-color:black;""></div>","f","html-keyboard-response","528","2.0.0","427648","174118","testolin2020_replication","2025-11-21T08:59:29.246Z","11-12 inch laptop","1440","900","1246","696","2","22","nov 24, 1pm","false"
"numerosity_discrimination","2","103","68","11","9","0.8182","j","4453","<div style=""width:100vw;height:100vh;background-color:black;""></div>","f","html-keyboard-response","533","2.0.0","434404","174118","testolin2020_replication","2025-11-21T08:59:29.246Z","11-12 inch laptop","1440","900","1246","696","2","22","nov 24, 1pm","false"
"numerosity_discrimination","2","104","178","14","11","0.7857","j","2116","<div style=""width:100vw;height:100vh;background-color:black;""></div>","j","html-keyboard-response","538","2.0.0","439123","174118","testolin2020_replication","2025-11-21T08:59:29.246Z","11-12 inch laptop","1440","900","1246","696","2","22","nov 24, 1pm","true"
"numerosity_discrimination","2","105","30","11","9","0.8182","j","6267","<div style=""width:100vw;height:100vh;background-color:black;""></div>","f","html-keyboard-response","543","2.0.0","447746","174118","testolin2020_replication","2025-11-21T08:59:29.246Z","11-12 inch laptop","1440","900","1246","696","2","22","nov 24, 1pm","false"
"numerosity_discrimination","2","106","86","22","25","0.88","j","13584","<div style=""width:100vw;height:100vh;background-color:black;""></div>","f","html-keyboard-response","548","2.0.0","463879","174118","testolin2020_replication","2025-11-21T08:59:29.246Z","11-12 inch laptop","1440","900","1246","696","2","22","nov 24, 1pm","false"
"numerosity_discrimination","2","107","244","8","12","0.6667","j","1134","<div style=""width:100vw;height:100vh;background-color:black;""></div>","j","html-keyboard-response","553","2.0.0","467533","174118","testolin2020_replication","2025-11-21T08:59:29.246Z","11-12 inch laptop","1440","900","1246","696","2","22","nov 24, 1pm","true"
"numerosity_discrimination","2","108","195","16","12","0.75","j","11979","<div style=""width:100vw;height:100vh;background-color:black;""></div>","f","html-keyboard-response","558","2.0.0","481717","174118","testolin2020_replication","2025-11-21T08:59:29.246Z","11-12 inch laptop","1440","900","1246","696","2","22","nov 24, 1pm","false"
"numerosity_discrimination","2","109","78","11","9","0.8182","j","3531","<div style=""width:100vw;height:100vh;background-color:black;""></div>","f","html-keyboard-response","563","2.0.0","487776","174118","testolin2020_replication","2025-11-21T08:59:29.246Z","11-12 inch laptop","1440","900","1246","696","2","22","nov 24, 1pm","false"
"numerosity_discrimination","2","110","6","16","18","0.8889","j","4159","<div style=""width:100vw;height:100vh;background-color:black;""></div>","f","html-keyboard-response","568","2.0.0","494518","174118","testolin2020_replication","2025-11-21T08:59:29.246Z","11-12 inch laptop","1440","900","1246","696","2","22","nov 24, 1pm","false"
"numerosity_discrimination","2","111","185","20","28","0.7143","j","406","<div style=""width:100vw;height:100vh;background-color:black;""></div>","j","html-keyboard-response","573","2.0.0","497363","174118","testolin2020_replication","2025-11-21T08:59:29.246Z","11-12 inch laptop","1440","900","1246","696","2","22","nov 24, 1pm","true"
"numerosity_discrimination","2","112","148","25","18","0.72","j","1921","<div style=""width:100vw;height:100vh;background-color:black;""></div>","f","html-keyboard-response","578","2.0.0","501552","174118","testolin2020_replication","2025-11-21T08:59:29.246Z","11-12 inch laptop","1440","900","1246","696","2","22","nov 24, 1pm","false"
"numerosity_discrimination","2","113","157","7","10","0.7","j","4230","<div style=""width:100vw;height:100vh;background-color:black;""></div>","f","html-keyboard-response","583","2.0.0","508391","174118","testolin2020_replication","2025-11-21T08:59:29.246Z","11-12 inch laptop","1440","900","1246","696","2","22","nov 24, 1pm","false"
"numerosity_discrimination","2","114","141","20","14","0.7","j","1090","<div style=""width:100vw;height:100vh;background-color:black;""></div>","j","html-keyboard-response","588","2.0.0","511841","174118","testolin2020_replication","2025-11-21T08:59:29.246Z","11-12 inch laptop","1440","900","1246","696","2","22","nov 24, 1pm","true"
"numerosity_discrimination","2","115","253","22","14","0.6364","j","4311","<div style=""width:100vw;height:100vh;background-color:black;""></div>","f","html-keyboard-response","593","2.0.0","518415","174118","testolin2020_replication","2025-11-21T08:59:29.246Z","11-12 inch laptop","1440","900","1246","696","2","22","nov 24, 1pm","false"
"numerosity_discrimination","2","116","214","20","12","0.6","j","774","<div style=""width:100vw;height:100vh;background-color:black;""></div>","j","html-keyboard-response","598","2.0.0","521690","174118","testolin2020_replication","2025-11-21T08:59:29.246Z","11-12 inch laptop","1440","900","1246","696","2","22","nov 24, 1pm","true"
"numerosity_discrimination","2","117","102","8","7","0.875","j","45","<div style=""width:100vw;height:100vh;background-color:black;""></div>","f","html-keyboard-response","603","2.0.0","524308","174118","testolin2020_replication","2025-11-21T08:59:29.246Z","11-12 inch laptop","1440","900","1246","696","2","22","nov 24, 1pm","false"
"numerosity_discrimination","2","118","96","12","10","0.8333","j","1927","<div style=""width:100vw;height:100vh;background-color:black;""></div>","j","html-keyboard-response","608","2.0.0","528894","174118","testolin2020_replication","2025-11-21T08:59:29.246Z","11-12 inch laptop","1440","900","1246","696","2","22","nov 24, 1pm","true"
"numerosity_discrimination","2","119","220","28","18","0.6429","j","3334","<div style=""width:100vw;height:100vh;background-color:black;""></div>","f","html-keyboard-response","613","2.0.0","534390","174118","testolin2020_replication","2025-11-21T08:59:29.246Z","11-12 inch laptop","1440","900","1246","696","2","22","nov 24, 1pm","false"
"numerosity_discrimination","2","120","142","11","14","0.7857","j","315","<div style=""width:100vw;height:100vh;background-color:black;""></div>","j","html-keyboard-response","618","2.0.0","537195","174118","testolin2020_replication","2025-11-21T08:59:29.246Z","11-12 inch laptop","1440","900","1246","696","2","22","nov 24, 1pm","true"
"numerosity_discrimination","2","121","183","14","20","0.7","j","3318","<div style=""width:100vw;height:100vh;background-color:black;""></div>","j","html-keyboard-response","623","2.0.0","542684","174118","testolin2020_replication","2025-11-21T08:59:29.246Z","11-12 inch laptop","1440","900","1246","696","2","22","nov 24, 1pm","true"
"numerosity_discrimination","2","122","291","11","20","0.55","j","21","<div style=""width:100vw;height:100vh;background-color:black;""></div>","f","html-keyboard-response","628","2.0.0","545043","174118","testolin2020_replication","2025-11-21T08:59:29.246Z","11-12 inch laptop","1440","900","1246","696","2","22","nov 24, 1pm","false"
"numerosity_discrimination","2","123","248","22","14","0.6364","j","2444","<div style=""width:100vw;height:100vh;background-color:black;""></div>","j","html-keyboard-response","633","2.0.0","549703","174118","testolin2020_replication","2025-11-21T08:59:29.246Z","11-12 inch laptop","1440","900","1246","696","2","22","nov 24, 1pm","true"
"numerosity_discrimination","2","124","230","10","16","0.625","j","224","<div style=""width:100vw;height:100vh;background-color:black;""></div>","f","html-keyboard-response","638","2.0.0","552345","174118","testolin2020_replication","2025-11-21T08:59:29.246Z","11-12 inch laptop","1440","900","1246","696","2","22","nov 24, 1pm","false"
"numerosity_discrimination","2","125","283","20","11","0.55","j","4425","<div style=""width:100vw;height:100vh;background-color:black;""></div>","f","html-keyboard-response","643","2.0.0","559389","174118","testolin2020_replication","2025-11-21T08:59:29.246Z","11-12 inch laptop","1440","900","1246","696","2","22","nov 24, 1pm","false"
"numerosity_discrimination","2","126","14","8","7","0.875","j","2848","<div style=""width:100vw;height:100vh;background-color:black;""></div>","f","html-keyboard-response","648","2.0.0","564890","174118","testolin2020_replication","2025-11-21T08:59:29.246Z","11-12 inch laptop","1440","900","1246","696","2","22","nov 24, 1pm","false"
"numerosity_discrimination","2","127","297","18","10","0.5556","j","169","<div style=""width:100vw;height:100vh;background-color:black;""></div>","j","html-keyboard-response","653","2.0.0","567372","174118","testolin2020_replication","2025-11-21T08:59:29.246Z","11-12 inch laptop","1440","900","1246","696","2","22","nov 24, 1pm","true"
"numerosity_discrimination","2","128","250","18","12","0.6667","j","1165","<div style=""width:100vw;height:100vh;background-color:black;""></div>","f","html-keyboard-response","658","2.0.0","570866","174118","testolin2020_replication","2025-11-21T08:59:29.246Z","11-12 inch laptop","1440","900","1246","696","2","22","nov 24, 1pm","false"
"numerosity_discrimination","2","129","79","16","18","0.8889","j","1351","<div style=""width:100vw;height:100vh;background-color:black;""></div>","j","html-keyboard-response","663","2.0.0","574841","174118","testolin2020_replication","2025-11-21T08:59:29.246Z","11-12 inch laptop","1440","900","1246","696","2","22","nov 24, 1pm","true"
"numerosity_discrimination","2","130","171","12","9","0.75","j","4741","<div style=""width:100vw;height:100vh;background-color:black;""></div>","f","html-keyboard-response","668","2.0.0","582193","174118","testolin2020_replication","2025-11-21T08:59:29.246Z","11-12 inch laptop","1440","900","1246","696","2","22","nov 24, 1pm","false"
"numerosity_discrimination","2","131","8","16","14","0.875","j","4421","<div style=""width:100vw;height:100vh;background-color:black;""></div>","f","html-keyboard-response","673","2.0.0","588866","174118","testolin2020_replication","2025-11-21T08:59:29.246Z","11-12 inch laptop","1440","900","1246","696","2","22","nov 24, 1pm","false"
"numerosity_discrimination","2","132","107","16","18","0.8889","j","3692","<div style=""width:100vw;height:100vh;background-color:black;""></div>","j","html-keyboard-response","678","2.0.0","595082","174118","testolin2020_replication","2025-11-21T08:59:29.246Z","11-12 inch laptop","1440","900","1246","696","2","22","nov 24, 1pm","true"
"numerosity_discrimination","2","133","99","22","18","0.8182","j","678","<div style=""width:100vw;height:100vh;background-color:black;""></div>","f","html-keyboard-response","683","2.0.0","598224","174118","testolin2020_replication","2025-11-21T08:59:29.246Z","11-12 inch laptop","1440","900","1246","696","2","22","nov 24, 1pm","false"
"numerosity_discrimination","2","134","224","9","14","0.6429","j","1007","<div style=""width:100vw;height:100vh;background-color:black;""></div>","j","html-keyboard-response","688","2.0.0","601602","174118","testolin2020_replication","2025-11-21T08:59:29.246Z","11-12 inch laptop","1440","900","1246","696","2","22","nov 24, 1pm","true"
"numerosity_discrimination","2","135","151","9","7","0.7778","j","1128","<div style=""width:100vw;height:100vh;background-color:black;""></div>","f","html-keyboard-response","693","2.0.0","605062","174118","testolin2020_replication","2025-11-21T08:59:29.246Z","11-12 inch laptop","1440","900","1246","696","2","22","nov 24, 1pm","false"
"numerosity_discrimination","2","136","133","10","14","0.7143","j","3532","<div style=""width:100vw;height:100vh;background-color:black;""></div>","j","html-keyboard-response","698","2.0.0","611243","174118","testolin2020_replication","2025-11-21T08:59:29.246Z","11-12 inch laptop","1440","900","1246","696","2","22","nov 24, 1pm","true"
"numerosity_discrimination","2","137","258","14","22","0.6364","j","336","<div style=""width:100vw;height:100vh;background-color:black;""></div>","f","html-keyboard-response","703","2.0.0","614124","174118","testolin2020_replication","2025-11-21T08:59:29.246Z","11-12 inch laptop","1440","900","1246","696","2","22","nov 24, 1pm","false"
"numerosity_discrimination","2","138","82","16","14","0.875","j","6568","<div style=""width:100vw;height:100vh;background-color:black;""></div>","j","html-keyboard-response","708","2.0.0","623182","174118","testolin2020_replication","2025-11-21T08:59:29.246Z","11-12 inch laptop","1440","900","1246","696","2","22","nov 24, 1pm","true"
"numerosity_discrimination","2","139","146","10","14","0.7143","j","2599","<div style=""width:100vw;height:100vh;background-color:black;""></div>","f","html-keyboard-response","713","2.0.0","628165","174118","testolin2020_replication","2025-11-21T08:59:29.246Z","11-12 inch laptop","1440","900","1246","696","2","22","nov 24, 1pm","false"
"numerosity_discrimination","2","140","215","16","11","0.6875","j","7247","<div style=""width:100vw;height:100vh;background-color:black;""></div>","f","html-keyboard-response","718","2.0.0","637814","174118","testolin2020_replication","2025-11-21T08:59:29.246Z","11-12 inch laptop","1440","900","1246","696","2","22","nov 24, 1pm","false"
"numerosity_discrimination","2","141","209","9","7","0.7778","j","3191","<div style=""width:100vw;height:100vh;background-color:black;""></div>","f","html-keyboard-response","723","2.0.0","643412","174118","testolin2020_replication","2025-11-21T08:59:29.246Z","11-12 inch laptop","1440","900","1246","696","2","22","nov 24, 1pm","false"
"numerosity_discrimination","2","142","156","12","16","0.75","j","6012","<div style=""width:100vw;height:100vh;background-color:black;""></div>","f","html-keyboard-response","728","2.0.0","651773","174118","testolin2020_replication","2025-11-21T08:59:29.246Z","11-12 inch laptop","1440","900","1246","696","2","22","nov 24, 1pm","false"
"numerosity_discrimination","2","143","181","10","14","0.7143","j","952","<div style=""width:100vw;height:100vh;background-color:black;""></div>","j","html-keyboard-response","733","2.0.0","655060","174118","testolin2020_replication","2025-11-21T08:59:29.246Z","11-12 inch laptop","1440","900","1246","696","2","22","nov 24, 1pm","true"
"numerosity_discrimination","2","144","270","14","22","0.6364","j","5533","<div style=""width:100vw;height:100vh;background-color:black;""></div>","f","html-keyboard-response","738","2.0.0","663225","174118","testolin2020_replication","2025-11-21T08:59:29.246Z","11-12 inch laptop","1440","900","1246","696","2","22","nov 24, 1pm","false"
"numerosity_discrimination","2","145","293","7","12","0.5833","j","410","<div style=""width:100vw;height:100vh;background-color:black;""></div>","j","html-keyboard-response","743","2.0.0","665986","174118","testolin2020_replication","2025-11-21T08:59:29.246Z","11-12 inch laptop","1440","900","1246","696","2","22","nov 24, 1pm","true"
"numerosity_discrimination","2","146","154","11","14","0.7857","j","435","<div style=""width:100vw;height:100vh;background-color:black;""></div>","f","html-keyboard-response","748","2.0.0","668637","174118","testolin2020_replication","2025-11-21T08:59:29.246Z","11-12 inch laptop","1440","900","1246","696","2","22","nov 24, 1pm","false"
"numerosity_discrimination","2","147","137","10","7","0.7","j","14615","<div style=""width:100vw;height:100vh;background-color:black;""></div>","j","html-keyboard-response","753","2.0.0","685726","174118","testolin2020_replication","2025-11-21T08:59:29.246Z","11-12 inch laptop","1440","900","1246","696","2","22","nov 24, 1pm","true"
"numerosity_discrimination","2","148","95","9","8","0.8889","j","250","<div style=""width:100vw;height:100vh;background-color:black;""></div>","j","html-keyboard-response","758","2.0.0","688470","174118","testolin2020_replication","2025-11-21T08:59:29.246Z","11-12 inch laptop","1440","900","1246","696","2","22","nov 24, 1pm","true"
"numerosity_discrimination","2","149","240","20","12","0.6","j","504","<div style=""width:100vw;height:100vh;background-color:black;""></div>","j","html-keyboard-response","763","2.0.0","691358","174118","testolin2020_replication","2025-11-21T08:59:29.246Z","11-12 inch laptop","1440","900","1246","696","2","22","nov 24, 1pm","true"
"numerosity_discrimination","2","150","191","28","20","0.7143","j","421","<div style=""width:100vw;height:100vh;background-color:black;""></div>","f","html-keyboard-response","768","2.0.0","694367","174118","testolin2020_replication","2025-11-21T08:59:29.246Z","11-12 inch laptop","1440","900","1246","696","2","22","nov 24, 1pm","false"
"numerosity_discrimination","2","151","162","16","22","0.7273","j","2825","<div style=""width:100vw;height:100vh;background-color:black;""></div>","j","html-keyboard-response","773","2.0.0","699423","174118","testolin2020_replication","2025-11-21T08:59:29.246Z","11-12 inch laptop","1440","900","1246","696","2","22","nov 24, 1pm","true"
"numerosity_discrimination","2","152","64","9","11","0.8182","j","3990","<div style=""width:100vw;height:100vh;background-color:black;""></div>","j","html-keyboard-response","778","2.0.0","705638","174118","testolin2020_replication","2025-11-21T08:59:29.246Z","11-12 inch laptop","1440","900","1246","696","2","22","nov 24, 1pm","true"
"numerosity_discrimination","2","153","58","18","22","0.8182","j","9711","<div style=""width:100vw;height:100vh;background-color:black;""></div>","f","html-keyboard-response","783","2.0.0","717812","174118","testolin2020_replication","2025-11-21T08:59:29.246Z","11-12 inch laptop","1440","900","1246","696","2","22","nov 24, 1pm","false"
"numerosity_discrimination","2","154","66","9","11","0.8182","j","13940","<div style=""width:100vw;height:100vh;background-color:black;""></div>","f","html-keyboard-response","788","2.0.0","734198","174118","testolin2020_replication","2025-11-21T08:59:29.246Z","11-12 inch laptop","1440","900","1246","696","2","22","nov 24, 1pm","false"
"numerosity_discrimination","2","155","266","7","11","0.6364","j","60","<div style=""width:100vw;height:100vh;background-color:black;""></div>","j","html-keyboard-response","793","2.0.0","736740","174118","testolin2020_replication","2025-11-21T08:59:29.246Z","11-12 inch laptop","1440","900","1246","696","2","22","nov 24, 1pm","true"
"numerosity_discrimination","2","156","90","7","8","0.875","j","153","<div style=""width:100vw;height:100vh;background-color:black;""></div>","j","html-keyboard-response","798","2.0.0","739280","174118","testolin2020_replication","2025-11-21T08:59:29.246Z","11-12 inch laptop","1440","900","1246","696","2","22","nov 24, 1pm","true"
"numerosity_discrimination","2","157","74","12","10","0.8333","j","85","<div style=""width:100vw;height:100vh;background-color:black;""></div>","j","html-keyboard-response","803","2.0.0","741757","174118","testolin2020_replication","2025-11-21T08:59:29.246Z","11-12 inch laptop","1440","900","1246","696","2","22","nov 24, 1pm","true"
"numerosity_discrimination","2","158","288","18","10","0.5556","j","831","<div style=""width:100vw;height:100vh;background-color:black;""></div>","j","html-keyboard-response","808","2.0.0","745036","174118","testolin2020_replication","2025-11-21T08:59:29.246Z","11-12 inch laptop","1440","900","1246","696","2","22","nov 24, 1pm","true"
"numerosity_discrimination","2","159","85","7","8","0.875","j","129","<div style=""width:100vw;height:100vh;background-color:black;""></div>","j","html-keyboard-response","813","2.0.0","747507","174118","testolin2020_replication","2025-11-21T08:59:29.246Z","11-12 inch laptop","1440","900","1246","696","2","22","nov 24, 1pm","true"
"numerosity_discrimination","2","160","87","14","16","0.875","j","755","<div style=""width:100vw;height:100vh;background-color:black;""></div>","j","html-keyboard-response","818","2.0.0","750738","174118","testolin2020_replication","2025-11-21T08:59:29.246Z","11-12 inch laptop","1440","900","1246","696","2","22","nov 24, 1pm","true"
"numerosity_discrimination","2","161","205","14","11","0.7857","j","3350","<div style=""width:100vw;height:100vh;background-color:black;""></div>","j","html-keyboard-response","823","2.0.0","756310","174118","testolin2020_replication","2025-11-21T08:59:29.246Z","11-12 inch laptop","1440","900","1246","696","2","22","nov 24, 1pm","true"
"numerosity_discrimination","2","162","83","7","8","0.875","j","117","<div style=""width:100vw;height:100vh;background-color:black;""></div>","j","html-keyboard-response","828","2.0.0","758742","174118","testolin2020_replication","2025-11-21T08:59:29.246Z","11-12 inch laptop","1440","900","1246","696","2","22","nov 24, 1pm","true"
"numerosity_discrimination","2","163","292","8","14","0.5714","j","102","<div style=""width:100vw;height:100vh;background-color:black;""></div>","j","html-keyboard-response","833","2.0.0","761096","174118","testolin2020_replication","2025-11-21T08:59:29.246Z","11-12 inch laptop","1440","900","1246","696","2","22","nov 24, 1pm","true"
"numerosity_discrimination","2","164","24","12","10","0.8333","j","484","<div style=""width:100vw;height:100vh;background-color:black;""></div>","j","html-keyboard-response","838","2.0.0","764029","174118","testolin2020_replication","2025-11-21T08:59:29.246Z","11-12 inch laptop","1440","900","1246","696","2","22","nov 24, 1pm","true"
"numerosity_discrimination","2","165","114","20","16","0.8","j","1001","<div style=""width:100vw;height:100vh;background-color:black;""></div>","j","html-keyboard-response","843","2.0.0","767189","174118","testolin2020_replication","2025-11-21T08:59:29.246Z","11-12 inch laptop","1440","900","1246","696","2","22","nov 24, 1pm","true"
"numerosity_discrimination","2","166","20","7","8","0.875","j","569","<div style=""width:100vw;height:100vh;background-color:black;""></div>","j","html-keyboard-response","848","2.0.0","769967","174118","testolin2020_replication","2025-11-21T08:59:29.246Z","11-12 inch laptop","1440","900","1246","696","2","22","nov 24, 1pm","true"
"numerosity_discrimination","2","167","36","9","11","0.8182","j","917","<div style=""width:100vw;height:100vh;background-color:black;""></div>","j","html-keyboard-response","853","2.0.0","773480","174118","testolin2020_replication","2025-11-21T08:59:29.246Z","11-12 inch laptop","1440","900","1246","696","2","22","nov 24, 1pm","true"
"numerosity_discrimination","2","168","131","11","14","0.7857","j","4017","<div style=""width:100vw;height:100vh;background-color:black;""></div>","f","html-keyboard-response","858","2.0.0","779782","174118","testolin2020_replication","2025-11-21T08:59:29.246Z","11-12 inch laptop","1440","900","1246","696","2","22","nov 24, 1pm","false"
"numerosity_discrimination","2","169","190","18","14","0.7778","j","506","<div style=""width:100vw;height:100vh;background-color:black;""></div>","f","html-keyboard-response","863","2.0.0","782907","174118","testolin2020_replication","2025-11-21T08:59:29.246Z","11-12 inch laptop","1440","900","1246","696","2","22","nov 24, 1pm","false"
"numerosity_discrimination","2","170","129","12","9","0.75","j","3432","<div style=""width:100vw;height:100vh;background-color:black;""></div>","j","html-keyboard-response","868","2.0.0","788545","174118","testolin2020_replication","2025-11-21T08:59:29.246Z","11-12 inch laptop","1440","900","1246","696","2","22","nov 24, 1pm","true"
"numerosity_discrimination","2","171","12","20","16","0.8","j","318","<div style=""width:100vw;height:100vh;background-color:black;""></div>","j","html-keyboard-response","873","2.0.0","791201","174118","testolin2020_replication","2025-11-21T08:59:29.246Z","11-12 inch laptop","1440","900","1246","696","2","22","nov 24, 1pm","true"
"numerosity_discrimination","2","172","42","22","25","0.88","j","155","<div style=""width:100vw;height:100vh;background-color:black;""></div>","j","html-keyboard-response","878","2.0.0","793793","174118","testolin2020_replication","2025-11-21T08:59:29.246Z","11-12 inch laptop","1440","900","1246","696","2","22","nov 24, 1pm","true"
"numerosity_discrimination","2","173","127","14","10","0.7143","j","148","<div style=""width:100vw;height:100vh;background-color:black;""></div>","j","html-keyboard-response","883","2.0.0","796103","174118","testolin2020_replication","2025-11-21T08:59:29.246Z","11-12 inch laptop","1440","900","1246","696","2","22","nov 24, 1pm","true"
"numerosity_discrimination","2","174","13","7","8","0.875","j","3465","<div style=""width:100vw;height:100vh;background-color:black;""></div>","j","html-keyboard-response","888","2.0.0","801835","174118","testolin2020_replication","2025-11-21T08:59:29.246Z","11-12 inch laptop","1440","900","1246","696","2","22","nov 24, 1pm","true"
"numerosity_discrimination","2","175","196","12","16","0.75","j","1926","<div style=""width:100vw;height:100vh;background-color:black;""></div>","j","html-keyboard-response","893","2.0.0","805994","174118","testolin2020_replication","2025-11-21T08:59:29.246Z","11-12 inch laptop","1440","900","1246","696","2","22","nov 24, 1pm","true"
"numerosity_discrimination","2","176","210","14","11","0.7857","j","3641","<div style=""width:100vw;height:100vh;background-color:black;""></div>","j","html-keyboard-response","898","2.0.0","812181","174118","testolin2020_replication","2025-11-21T08:59:29.246Z","11-12 inch laptop","1440","900","1246","696","2","22","nov 24, 1pm","true"
"numerosity_discrimination","2","177","65","12","14","0.8571","j","190","<div style=""width:100vw;height:100vh;background-color:black;""></div>","j","html-keyboard-response","903","2.0.0","814640","174118","testolin2020_replication","2025-11-21T08:59:29.246Z","11-12 inch laptop","1440","900","1246","696","2","22","nov 24, 1pm","true"
"numerosity_discrimination","2","178","121","12","16","0.75","j","318","<div style=""width:100vw;height:100vh;background-color:black;""></div>","j","html-keyboard-response","908","2.0.0","817124","174118","testolin2020_replication","2025-11-21T08:59:29.246Z","11-12 inch laptop","1440","900","1246","696","2","22","nov 24, 1pm","true"
"numerosity_discrimination","2","179","76","8","7","0.875","j","2270","<div style=""width:100vw;height:100vh;background-color:black;""></div>","j","html-keyboard-response","913","2.0.0","821718","174118","testolin2020_replication","2025-11-21T08:59:29.246Z","11-12 inch laptop","1440","900","1246","696","2","22","nov 24, 1pm","true"
"numerosity_discrimination","2","180","174","22","16","0.7273","j","38699","<div style=""width:100vw;height:100vh;background-color:black;""></div>","j","html-keyboard-response","918","2.0.0","862873","174118","testolin2020_replication","2025-11-21T08:59:29.246Z","11-12 inch laptop","1440","900","1246","696","2","22","nov 24, 1pm","true"
"numerosity_discrimination","2","181","273","18","9","0.5","j","3265","<div style=""width:100vw;height:100vh;background-color:black;""></div>","f","html-keyboard-response","923","2.0.0","868489","174118","testolin2020_replication","2025-11-21T08:59:29.246Z","11-12 inch laptop","1440","900","1246","696","2","22","nov 24, 1pm","false"
"numerosity_discrimination","2","182","176","10","14","0.7143","j","5386","<div style=""width:100vw;height:100vh;background-color:black;""></div>","j","html-keyboard-response","928","2.0.0","876373","174118","testolin2020_replication","2025-11-21T08:59:29.246Z","11-12 inch laptop","1440","900","1246","696","2","22","nov 24, 1pm","true"
"numerosity_discrimination","2","183","50","14","16","0.875","j","34","<div style=""width:100vw;height:100vh;background-color:black;""></div>","f","html-keyboard-response","933","2.0.0","878932","174118","testolin2020_replication","2025-11-21T08:59:29.246Z","11-12 inch laptop","1440","900","1246","696","2","22","nov 24, 1pm","false"
"numerosity_discrimination","2","184","145","12","9","0.75","j","4318","<div style=""width:100vw;height:100vh;background-color:black;""></div>","j","html-keyboard-response","938","2.0.0","885471","174118","testolin2020_replication","2025-11-21T08:59:29.246Z","11-12 inch laptop","1440","900","1246","696","2","22","nov 24, 1pm","true"
"numerosity_discrimination","2","185","219","9","14","0.6429","j","129","<div style=""width:100vw;height:100vh;background-color:black;""></div>","j","html-keyboard-response","943","2.0.0","887808","174118","testolin2020_replication","2025-11-21T08:59:29.246Z","11-12 inch laptop","1440","900","1246","696","2","22","nov 24, 1pm","true"
"numerosity_discrimination","2","186","3","16","14","0.875","j","43","<div style=""width:100vw;height:100vh;background-color:black;""></div>","j","html-keyboard-response","948","2.0.0","890316","174118","testolin2020_replication","2025-11-21T08:59:29.246Z","11-12 inch laptop","1440","900","1246","696","2","22","nov 24, 1pm","true"
"numerosity_discrimination","2","187","201","20","14","0.7","j","138","<div style=""width:100vw;height:100vh;background-color:black;""></div>","f","html-keyboard-response","953","2.0.0","892675","174118","testolin2020_replication","2025-11-21T08:59:29.246Z","11-12 inch laptop","1440","900","1246","696","2","22","nov 24, 1pm","false"
"numerosity_discrimination","2","188","44","20","16","0.8","j","7","<div style=""width:100vw;height:100vh;background-color:black;""></div>","j","html-keyboard-response","958","2.0.0","895040","174118","testolin2020_replication","2025-11-21T08:59:29.246Z","11-12 inch laptop","1440","900","1246","696","2","22","nov 24, 1pm","true"
"numerosity_discrimination","2","189","136","10","14","0.7143","j","36","<div style=""width:100vw;height:100vh;background-color:black;""></div>","j","html-keyboard-response","963","2.0.0","897273","174118","testolin2020_replication","2025-11-21T08:59:29.246Z","11-12 inch laptop","1440","900","1246","696","2","22","nov 24, 1pm","true"
"numerosity_discrimination","2","190","237","20","12","0.6","j","370","<div style=""width:100vw;height:100vh;background-color:black;""></div>","j","html-keyboard-response","968","2.0.0","899941","174118","testolin2020_replication","2025-11-21T08:59:29.246Z","11-12 inch laptop","1440","900","1246","696","2","22","nov 24, 1pm","true"
"numerosity_discrimination","2","191","294","7","12","0.5833","j","27","<div style=""width:100vw;height:100vh;background-color:black;""></div>","j","html-keyboard-response","973","2.0.0","902516","174118","testolin2020_replication","2025-11-21T08:59:29.246Z","11-12 inch laptop","1440","900","1246","696","2","22","nov 24, 1pm","true"
"numerosity_discrimination","2","192","21","22","18","0.8182","j","275","<div style=""width:100vw;height:100vh;background-color:black;""></div>","j","html-keyboard-response","978","2.0.0","905084","174118","testolin2020_replication","2025-11-21T08:59:29.246Z","11-12 inch laptop","1440","900","1246","696","2","22","nov 24, 1pm","true"
"numerosity_discrimination","2","193","125","11","14","0.7857","j","119","<div style=""width:100vw;height:100vh;background-color:black;""></div>","j","html-keyboard-response","983","2.0.0","907626","174118","testolin2020_replication","2025-11-21T08:59:29.246Z","11-12 inch laptop","1440","900","1246","696","2","22","nov 24, 1pm","true"
"numerosity_discrimination","2","194","228","11","16","0.6875","j","118","<div style=""width:100vw;height:100vh;background-color:black;""></div>","j","html-keyboard-response","988","2.0.0","910064","174118","testolin2020_replication","2025-11-21T08:59:29.246Z","11-12 inch laptop","1440","900","1246","696","2","22","nov 24, 1pm","true"
"numerosity_discrimination","2","195","111","11","9","0.8182","j","396","<div style=""width:100vw;height:100vh;background-color:black;""></div>","f","html-keyboard-response","993","2.0.0","912827","174118","testolin2020_replication","2025-11-21T08:59:29.246Z","11-12 inch laptop","1440","900","1246","696","2","22","nov 24, 1pm","false"
"numerosity_discrimination","2","196","62","12","14","0.8571","j","103","<div style=""width:100vw;height:100vh;background-color:black;""></div>","j","html-keyboard-response","998","2.0.0","915457","174118","testolin2020_replication","2025-11-21T08:59:29.246Z","11-12 inch laptop","1440","900","1246","696","2","22","nov 24, 1pm","true"
"numerosity_discrimination","2","197","153","16","22","0.7273","j","137","<div style=""width:100vw;height:100vh;background-color:black;""></div>","j","html-keyboard-response","1003","2.0.0","918126","174118","testolin2020_replication","2025-11-21T08:59:29.246Z","11-12 inch laptop","1440","900","1246","696","2","22","nov 24, 1pm","true"
"numerosity_discrimination","2","198","199","20","28","0.7143","j","108","<div style=""width:100vw;height:100vh;background-color:black;""></div>","j","html-keyboard-response","1008","2.0.0","920458","174118","testolin2020_replication","2025-11-21T08:59:29.246Z","11-12 inch laptop","1440","900","1246","696","2","22","nov 24, 1pm","true"
"numerosity_discrimination","2","199","132","20","14","0.7","j","799","<div style=""width:100vw;height:100vh;background-color:black;""></div>","j","html-keyboard-response","1013","2.0.0","923743","174118","testolin2020_replication","2025-11-21T08:59:29.246Z","11-12 inch laptop","1440","900","1246","696","2","22","nov 24, 1pm","true"
"numerosity_discrimination","2","200","84","7","8","0.875","j","26","<div style=""width:100vw;height:100vh;background-color:black;""></div>","j","html-keyboard-response","1018","2.0.0","926426","174118","testolin2020_replication","2025-11-21T08:59:29.246Z","11-12 inch laptop","1440","900","1246","696","2","22","nov 24, 1pm","true"
"numerosity_discrimination","3","201","300","9","16","0.5625","j","451","<div style=""width:100vw;height:100vh;background-color:black;""></div>","j","html-keyboard-response","1025","2.0.0","930725","174118","testolin2020_replication","2025-11-21T08:59:29.246Z","11-12 inch laptop","1440","900","1246","696","2","22","nov 24, 1pm","true"
"numerosity_discrimination","3","202","234","14","9","0.6429","j","514","<div style=""width:100vw;height:100vh;background-color:black;""></div>","f","html-keyboard-response","1030","2.0.0","933522","174118","testolin2020_replication","2025-11-21T08:59:29.246Z","11-12 inch laptop","1440","900","1246","696","2","22","nov 24, 1pm","false"
"numerosity_discrimination","3","203","5","22","18","0.8182","j","66","<div style=""width:100vw;height:100vh;background-color:black;""></div>","j","html-keyboard-response","1035","2.0.0","935942","174118","testolin2020_replication","2025-11-21T08:59:29.246Z","11-12 inch laptop","1440","900","1246","696","2","22","nov 24, 1pm","true"
"numerosity_discrimination","3","204","170","12","16","0.75","j","3770","<div style=""width:100vw;height:100vh;background-color:black;""></div>","j","html-keyboard-response","1040","2.0.0","942307","174118","testolin2020_replication","2025-11-21T08:59:29.246Z","11-12 inch laptop","1440","900","1246","696","2","22","nov 24, 1pm","true"
"numerosity_discrimination","3","205","28","8","9","0.8889","j","328","<div style=""width:100vw;height:100vh;background-color:black;""></div>","j","html-keyboard-response","1045","2.0.0","945261","174118","testolin2020_replication","2025-11-21T08:59:29.246Z","11-12 inch laptop","1440","900","1246","696","2","22","nov 24, 1pm","true"
"numerosity_discrimination","3","206","284","14","28","0.5","j","93","<div style=""width:100vw;height:100vh;background-color:black;""></div>","j","html-keyboard-response","1050","2.0.0","947722","174118","testolin2020_replication","2025-11-21T08:59:29.246Z","11-12 inch laptop","1440","900","1246","696","2","22","nov 24, 1pm","true"
"numerosity_discrimination","3","207","29","12","14","0.8571","j","467","<div style=""width:100vw;height:100vh;background-color:black;""></div>","j","html-keyboard-response","1055","2.0.0","950645","174118","testolin2020_replication","2025-11-21T08:59:29.246Z","11-12 inch laptop","1440","900","1246","696","2","22","nov 24, 1pm","true"
"numerosity_discrimination","3","208","93","8","10","0.8","j","230","<div style=""width:100vw;height:100vh;background-color:black;""></div>","j","html-keyboard-response","1060","2.0.0","953243","174118","testolin2020_replication","2025-11-21T08:59:29.246Z","11-12 inch laptop","1440","900","1246","696","2","22","nov 24, 1pm","true"
"numerosity_discrimination","3","209","257","10","16","0.625","j","47","<div style=""width:100vw;height:100vh;background-color:black;""></div>","j","html-keyboard-response","1065","2.0.0","955561","174118","testolin2020_replication","2025-11-21T08:59:29.246Z","11-12 inch laptop","1440","900","1246","696","2","22","nov 24, 1pm","true"
"numerosity_discrimination","3","210","16","20","16","0.8","j","339","<div style=""width:100vw;height:100vh;background-color:black;""></div>","f","html-keyboard-response","1070","2.0.0","958163","174118","testolin2020_replication","2025-11-21T08:59:29.246Z","11-12 inch laptop","1440","900","1246","696","2","22","nov 24, 1pm","false"
"numerosity_discrimination","3","211","189","16","22","0.7273","j","57","<div style=""width:100vw;height:100vh;background-color:black;""></div>","j","html-keyboard-response","1075","2.0.0","960738","174118","testolin2020_replication","2025-11-21T08:59:29.246Z","11-12 inch laptop","1440","900","1246","696","2","22","nov 24, 1pm","true"
"numerosity_discrimination","3","212","135","9","12","0.75","j","715","<div style=""width:100vw;height:100vh;background-color:black;""></div>","j","html-keyboard-response","1080","2.0.0","963981","174118","testolin2020_replication","2025-11-21T08:59:29.246Z","11-12 inch laptop","1440","900","1246","696","2","22","nov 24, 1pm","true"
"numerosity_discrimination","3","213","260","25","16","0.64","j","460","<div style=""width:100vw;height:100vh;background-color:black;""></div>","f","html-keyboard-response","1085","2.0.0","967031","174118","testolin2020_replication","2025-11-21T08:59:29.246Z","11-12 inch laptop","1440","900","1246","696","2","22","nov 24, 1pm","false"
"numerosity_discrimination","3","214","241","7","11","0.6364","j","285","<div style=""width:100vw;height:100vh;background-color:black;""></div>","j","html-keyboard-response","1090","2.0.0","969632","174118","testolin2020_replication","2025-11-21T08:59:29.246Z","11-12 inch laptop","1440","900","1246","696","2","22","nov 24, 1pm","true"
"numerosity_discrimination","3","215","182","12","9","0.75","j","3257","<div style=""width:100vw;height:100vh;background-color:black;""></div>","j","html-keyboard-response","1095","2.0.0","975261","174118","testolin2020_replication","2025-11-21T08:59:29.246Z","11-12 inch laptop","1440","900","1246","696","2","22","nov 24, 1pm","true"
"numerosity_discrimination","3","216","15","20","25","0.8","j","181","<div style=""width:100vw;height:100vh;background-color:black;""></div>","j","html-keyboard-response","1100","2.0.0","977799","174118","testolin2020_replication","2025-11-21T08:59:29.246Z","11-12 inch laptop","1440","900","1246","696","2","22","nov 24, 1pm","true"
"numerosity_discrimination","3","217","247","11","16","0.6875","j","288","<div style=""width:100vw;height:100vh;background-color:black;""></div>","j","html-keyboard-response","1105","2.0.0","980732","174118","testolin2020_replication","2025-11-21T08:59:29.246Z","11-12 inch laptop","1440","900","1246","696","2","22","nov 24, 1pm","true"
"numerosity_discrimination","3","218","117","22","18","0.8182","j","469","<div style=""width:100vw;height:100vh;background-color:black;""></div>","f","html-keyboard-response","1110","2.0.0","983436","174118","testolin2020_replication","2025-11-21T08:59:29.246Z","11-12 inch laptop","1440","900","1246","696","2","22","nov 24, 1pm","false"
"numerosity_discrimination","3","219","249","14","22","0.6364","j","66","<div style=""width:100vw;height:100vh;background-color:black;""></div>","j","html-keyboard-response","1115","2.0.0","985929","174118","testolin2020_replication","2025-11-21T08:59:29.246Z","11-12 inch laptop","1440","900","1246","696","2","22","nov 24, 1pm","true"
"numerosity_discrimination","3","220","217","25","16","0.64","j","573","<div style=""width:100vw;height:100vh;background-color:black;""></div>","j","html-keyboard-response","1120","2.0.0","989156","174118","testolin2020_replication","2025-11-21T08:59:29.246Z","11-12 inch laptop","1440","900","1246","696","2","22","nov 24, 1pm","true"
"numerosity_discrimination","3","221","242","28","18","0.6429","j","222","<div style=""width:100vw;height:100vh;background-color:black;""></div>","f","html-keyboard-response","1125","2.0.0","991899","174118","testolin2020_replication","2025-11-21T08:59:29.246Z","11-12 inch laptop","1440","900","1246","696","2","22","nov 24, 1pm","false"
"numerosity_discrimination","3","222","106","25","22","0.88","j","59","<div style=""width:100vw;height:100vh;background-color:black;""></div>","j","html-keyboard-response","1130","2.0.0","994266","174118","testolin2020_replication","2025-11-21T08:59:29.246Z","11-12 inch laptop","1440","900","1246","696","2","22","nov 24, 1pm","true"
"numerosity_discrimination","3","223","101","20","25","0.8","j","16","<div style=""width:100vw;height:100vh;background-color:black;""></div>","j","html-keyboard-response","1135","2.0.0","996606","174118","testolin2020_replication","2025-11-21T08:59:29.246Z","11-12 inch laptop","1440","900","1246","696","2","22","nov 24, 1pm","true"
"numerosity_discrimination","3","224","113","20","16","0.8","j","215","<div style=""width:100vw;height:100vh;background-color:black;""></div>","f","html-keyboard-response","1140","2.0.0","999326","174118","testolin2020_replication","2025-11-21T08:59:29.246Z","11-12 inch laptop","1440","900","1246","696","2","22","nov 24, 1pm","false"
"numerosity_discrimination","3","225","71","22","18","0.8182","j","556","<div style=""width:100vw;height:100vh;background-color:black;""></div>","f","html-keyboard-response","1145","2.0.0","1002235","174118","testolin2020_replication","2025-11-21T08:59:29.246Z","11-12 inch laptop","1440","900","1246","696","2","22","nov 24, 1pm","false"
"numerosity_discrimination","3","226","52","25","28","0.8929","j","553","<div style=""width:100vw;height:100vh;background-color:black;""></div>","f","html-keyboard-response","1150","2.0.0","1005366","174118","testolin2020_replication","2025-11-21T08:59:29.246Z","11-12 inch laptop","1440","900","1246","696","2","22","nov 24, 1pm","false"
"numerosity_discrimination","3","227","7","14","16","0.875","j","134","<div style=""width:100vw;height:100vh;background-color:black;""></div>","j","html-keyboard-response","1155","2.0.0","1007920","174118","testolin2020_replication","2025-11-21T08:59:29.246Z","11-12 inch laptop","1440","900","1246","696","2","22","nov 24, 1pm","true"
"numerosity_discrimination","3","228","56","25","22","0.88","j","427","<div style=""width:100vw;height:100vh;background-color:black;""></div>","f","html-keyboard-response","1160","2.0.0","1010923","174118","testolin2020_replication","2025-11-21T08:59:29.246Z","11-12 inch laptop","1440","900","1246","696","2","22","nov 24, 1pm","false"
"numerosity_discrimination","3","229","138","16","12","0.75","j","153","<div style=""width:100vw;height:100vh;background-color:black;""></div>","j","html-keyboard-response","1165","2.0.0","1013557","174118","testolin2020_replication","2025-11-21T08:59:29.246Z","11-12 inch laptop","1440","900","1246","696","2","22","nov 24, 1pm","true"
"numerosity_discrimination","3","230","198","16","12","0.75","j","164","<div style=""width:100vw;height:100vh;background-color:black;""></div>","j","html-keyboard-response","1170","2.0.0","1016254","174118","testolin2020_replication","2025-11-21T08:59:29.246Z","11-12 inch laptop","1440","900","1246","696","2","22","nov 24, 1pm","true"
"numerosity_discrimination","3","231","233","8","12","0.6667","j","1387","<div style=""width:100vw;height:100vh;background-color:black;""></div>","j","html-keyboard-response","1175","2.0.0","1020158","174118","testolin2020_replication","2025-11-21T08:59:29.246Z","11-12 inch laptop","1440","900","1246","696","2","22","nov 24, 1pm","true"
"numerosity_discrimination","3","232","264","25","16","0.64","j","427","<div style=""width:100vw;height:100vh;background-color:black;""></div>","f","html-keyboard-response","1180","2.0.0","1023220","174118","testolin2020_replication","2025-11-21T08:59:29.246Z","11-12 inch laptop","1440","900","1246","696","2","22","nov 24, 1pm","false"
"numerosity_discrimination","3","233","27","14","12","0.8571","j","172","<div style=""width:100vw;height:100vh;background-color:black;""></div>","j","html-keyboard-response","1185","2.0.0","1025783","174118","testolin2020_replication","2025-11-21T08:59:29.246Z","11-12 inch laptop","1440","900","1246","696","2","22","nov 24, 1pm","true"
"numerosity_discrimination","3","234","49","8","10","0.8","j","46","<div style=""width:100vw;height:100vh;background-color:black;""></div>","j","html-keyboard-response","1190","2.0.0","1028407","174118","testolin2020_replication","2025-11-21T08:59:29.246Z","11-12 inch laptop","1440","900","1246","696","2","22","nov 24, 1pm","true"
"numerosity_discrimination","3","235","10","9","11","0.8182","j","87","<div style=""width:100vw;height:100vh;background-color:black;""></div>","j","html-keyboard-response","1195","2.0.0","1030658","174118","testolin2020_replication","2025-11-21T08:59:29.246Z","11-12 inch laptop","1440","900","1246","696","2","22","nov 24, 1pm","true"
"numerosity_discrimination","3","236","232","8","12","0.6667","j","79","<div style=""width:100vw;height:100vh;background-color:black;""></div>","j","html-keyboard-response","1200","2.0.0","1033237","174118","testolin2020_replication","2025-11-21T08:59:29.246Z","11-12 inch laptop","1440","900","1246","696","2","22","nov 24, 1pm","true"
"numerosity_discrimination","3","237","69","10","8","0.8","j","112","<div style=""width:100vw;height:100vh;background-color:black;""></div>","j","html-keyboard-response","1205","2.0.0","1035535","174118","testolin2020_replication","2025-11-21T08:59:29.246Z","11-12 inch laptop","1440","900","1246","696","2","22","nov 24, 1pm","true"
"numerosity_discrimination","3","238","92","18","22","0.8182","j","16","<div style=""width:100vw;height:100vh;background-color:black;""></div>","j","html-keyboard-response","1210","2.0.0","1038145","174118","testolin2020_replication","2025-11-21T08:59:29.246Z","11-12 inch laptop","1440","900","1246","696","2","22","nov 24, 1pm","true"
"numerosity_discrimination","3","239","60","18","22","0.8182","j","90","<div style=""width:100vw;height:100vh;background-color:black;""></div>","j","html-keyboard-response","1215","2.0.0","1040449","174118","testolin2020_replication","2025-11-21T08:59:29.246Z","11-12 inch laptop","1440","900","1246","696","2","22","nov 24, 1pm","true"
"numerosity_discrimination","3","240","72","11","9","0.8182","j","162","<div style=""width:100vw;height:100vh;background-color:black;""></div>","j","html-keyboard-response","1220","2.0.0","1043047","174118","testolin2020_replication","2025-11-21T08:59:29.246Z","11-12 inch laptop","1440","900","1246","696","2","22","nov 24, 1pm","true"
"numerosity_discrimination","3","241","256","7","11","0.6364","j","78","<div style=""width:100vw;height:100vh;background-color:black;""></div>","j","html-keyboard-response","1225","2.0.0","1045571","174118","testolin2020_replication","2025-11-21T08:59:29.246Z","11-12 inch laptop","1440","900","1246","696","2","22","nov 24, 1pm","true"
"numerosity_discrimination","3","242","246","20","12","0.6","j","350","<div style=""width:100vw;height:100vh;background-color:black;""></div>","f","html-keyboard-response","1230","2.0.0","1048523","174118","testolin2020_replication","2025-11-21T08:59:29.246Z","11-12 inch laptop","1440","900","1246","696","2","22","nov 24, 1pm","false"
"numerosity_discrimination","3","243","149","18","14","0.7778","j","382","<div style=""width:100vw;height:100vh;background-color:black;""></div>","j","html-keyboard-response","1235","2.0.0","1051156","174118","testolin2020_replication","2025-11-21T08:59:29.246Z","11-12 inch laptop","1440","900","1246","696","2","22","nov 24, 1pm","true"
"numerosity_discrimination","3","244","229","20","12","0.6","j","101","<div style=""width:100vw;height:100vh;background-color:black;""></div>","f","html-keyboard-response","1240","2.0.0","1053714","174118","testolin2020_replication","2025-11-21T08:59:29.246Z","11-12 inch laptop","1440","900","1246","696","2","22","nov 24, 1pm","false"
"numerosity_discrimination","3","245","57","22","18","0.8182","j","205","<div style=""width:100vw;height:100vh;background-color:black;""></div>","j","html-keyboard-response","1245","2.0.0","1056457","174118","testolin2020_replication","2025-11-21T08:59:29.246Z","11-12 inch laptop","1440","900","1246","696","2","22","nov 24, 1pm","true"
"numerosity_discrimination","3","246","227","8","12","0.6667","j","297","<div style=""width:100vw;height:100vh;background-color:black;""></div>","j","html-keyboard-response","1250","2.0.0","1059364","174118","testolin2020_replication","2025-11-21T08:59:29.246Z","11-12 inch laptop","1440","900","1246","696","2","22","nov 24, 1pm","true"
"numerosity_discrimination","3","247","2","28","25","0.8929","j","103","<div style=""width:100vw;height:100vh;background-color:black;""></div>","j","html-keyboard-response","1255","2.0.0","1061701","174118","testolin2020_replication","2025-11-21T08:59:29.246Z","11-12 inch laptop","1440","900","1246","696","2","22","nov 24, 1pm","true"
"numerosity_discrimination","3","248","251","20","12","0.6","j","640","<div style=""width:100vw;height:100vh;background-color:black;""></div>","f","html-keyboard-response","1260","2.0.0","1064592","174118","testolin2020_replication","2025-11-21T08:59:29.246Z","11-12 inch laptop","1440","900","1246","696","2","22","nov 24, 1pm","false"
"numerosity_discrimination","3","249","172","16","22","0.7273","j","265","<div style=""width:100vw;height:100vh;background-color:black;""></div>","j","html-keyboard-response","1265","2.0.0","1067301","174118","testolin2020_replication","2025-11-21T08:59:29.246Z","11-12 inch laptop","1440","900","1246","696","2","22","nov 24, 1pm","true"
"numerosity_discrimination","3","250","161","28","22","0.7857","j","203","<div style=""width:100vw;height:100vh;background-color:black;""></div>","f","html-keyboard-response","1270","2.0.0","1069898","174118","testolin2020_replication","2025-11-21T08:59:29.246Z","11-12 inch laptop","1440","900","1246","696","2","22","nov 24, 1pm","false"
"numerosity_discrimination","3","251","218","14","22","0.6364","j","84","<div style=""width:100vw;height:100vh;background-color:black;""></div>","j","html-keyboard-response","1275","2.0.0","1072310","174118","testolin2020_replication","2025-11-21T08:59:29.246Z","11-12 inch laptop","1440","900","1246","696","2","22","nov 24, 1pm","true"
"numerosity_discrimination","3","252","168","20","14","0.7","j","154","<div style=""width:100vw;height:100vh;background-color:black;""></div>","f","html-keyboard-response","1280","2.0.0","1074923","174118","testolin2020_replication","2025-11-21T08:59:29.246Z","11-12 inch laptop","1440","900","1246","696","2","22","nov 24, 1pm","false"
"numerosity_discrimination","3","253","155","7","9","0.7778","j","351","<div style=""width:100vw;height:100vh;background-color:black;""></div>","j","html-keyboard-response","1285","2.0.0","1077691","174118","testolin2020_replication","2025-11-21T08:59:29.246Z","11-12 inch laptop","1440","900","1246","696","2","22","nov 24, 1pm","true"
"numerosity_discrimination","3","254","216","9","14","0.6429","j","190","<div style=""width:100vw;height:100vh;background-color:black;""></div>","j","html-keyboard-response","1290","2.0.0","1080389","174118","testolin2020_replication","2025-11-21T08:59:29.246Z","11-12 inch laptop","1440","900","1246","696","2","22","nov 24, 1pm","true"
"numerosity_discrimination","3","255","94","22","25","0.88","j","184","<div style=""width:100vw;height:100vh;background-color:black;""></div>","j","html-keyboard-response","1295","2.0.0","1083021","174118","testolin2020_replication","2025-11-21T08:59:29.246Z","11-12 inch laptop","1440","900","1246","696","2","22","nov 24, 1pm","true"
"numerosity_discrimination","3","256","180","9","7","0.7778","j","96","<div style=""width:100vw;height:100vh;background-color:black;""></div>","j","html-keyboard-response","1300","2.0.0","1085422","174118","testolin2020_replication","2025-11-21T08:59:29.246Z","11-12 inch laptop","1440","900","1246","696","2","22","nov 24, 1pm","true"
"numerosity_discrimination","3","257","276","16","8","0.5","j","256","<div style=""width:100vw;height:100vh;background-color:black;""></div>","j","html-keyboard-response","1305","2.0.0","1088010","174118","testolin2020_replication","2025-11-21T08:59:29.246Z","11-12 inch laptop","1440","900","1246","696","2","22","nov 24, 1pm","true"
"numerosity_discrimination","3","258","139","9","7","0.7778","j","519","<div style=""width:100vw;height:100vh;background-color:black;""></div>","f","html-keyboard-response","1310","2.0.0","1091106","174118","testolin2020_replication","2025-11-21T08:59:29.246Z","11-12 inch laptop","1440","900","1246","696","2","22","nov 24, 1pm","false"
"numerosity_discrimination","3","259","223","28","18","0.6429","j","403","<div style=""width:100vw;height:100vh;background-color:black;""></div>","f","html-keyboard-response","1315","2.0.0","1093757","174118","testolin2020_replication","2025-11-21T08:59:29.246Z","11-12 inch laptop","1440","900","1246","696","2","22","nov 24, 1pm","false"
"numerosity_discrimination","3","260","118","20","25","0.8","j","164","<div style=""width:100vw;height:100vh;background-color:black;""></div>","j","html-keyboard-response","1320","2.0.0","1096443","174118","testolin2020_replication","2025-11-21T08:59:29.246Z","11-12 inch laptop","1440","900","1246","696","2","22","nov 24, 1pm","true"
"numerosity_discrimination","3","261","211","8","12","0.6667","j","148","<div style=""width:100vw;height:100vh;background-color:black;""></div>","j","html-keyboard-response","1325","2.0.0","1098824","174118","testolin2020_replication","2025-11-21T08:59:29.246Z","11-12 inch laptop","1440","900","1246","696","2","22","nov 24, 1pm","true"
"numerosity_discrimination","3","262","97","7","8","0.875","j","522","<div style=""width:100vw;height:100vh;background-color:black;""></div>","j","html-keyboard-response","1330","2.0.0","1101767","174118","testolin2020_replication","2025-11-21T08:59:29.246Z","11-12 inch laptop","1440","900","1246","696","2","22","nov 24, 1pm","true"
"numerosity_discrimination","3","263","165","14","10","0.7143","j","46","<div style=""width:100vw;height:100vh;background-color:black;""></div>","f","html-keyboard-response","1335","2.0.0","1104158","174118","testolin2020_replication","2025-11-21T08:59:29.246Z","11-12 inch laptop","1440","900","1246","696","2","22","nov 24, 1pm","false"
"numerosity_discrimination","3","264","298","9","18","0.5","j","164","<div style=""width:100vw;height:100vh;background-color:black;""></div>","j","html-keyboard-response","1340","2.0.0","1106644","174118","testolin2020_replication","2025-11-21T08:59:29.246Z","11-12 inch laptop","1440","900","1246","696","2","22","nov 24, 1pm","true"
"numerosity_discrimination","3","265","152","16","12","0.75","j","320","<div style=""width:100vw;height:100vh;background-color:black;""></div>","j","html-keyboard-response","1345","2.0.0","1109161","174118","testolin2020_replication","2025-11-21T08:59:29.246Z","11-12 inch laptop","1440","900","1246","696","2","22","nov 24, 1pm","true"
"numerosity_discrimination","3","266","104","8","7","0.875","j","5526","<div style=""width:100vw;height:100vh;background-color:black;""></div>","j","html-keyboard-response","1350","2.0.0","1116940","174118","testolin2020_replication","2025-11-21T08:59:29.246Z","11-12 inch laptop","1440","900","1246","696","2","22","nov 24, 1pm","true"
"numerosity_discrimination","3","267","262","9","14","0.6429","j","260","<div style=""width:100vw;height:100vh;background-color:black;""></div>","j","html-keyboard-response","1355","2.0.0","1119459","174118","testolin2020_replication","2025-11-21T08:59:29.246Z","11-12 inch laptop","1440","900","1246","696","2","22","nov 24, 1pm","true"
"numerosity_discrimination","3","268","269","9","14","0.6429","j","140","<div style=""width:100vw;height:100vh;background-color:black;""></div>","j","html-keyboard-response","1360","2.0.0","1122234","174118","testolin2020_replication","2025-11-21T08:59:29.246Z","11-12 inch laptop","1440","900","1246","696","2","22","nov 24, 1pm","true"
"numerosity_discrimination","3","269","252","18","28","0.6429","j","152","<div style=""width:100vw;height:100vh;background-color:black;""></div>","j","html-keyboard-response","1365","2.0.0","1124691","174118","testolin2020_replication","2025-11-21T08:59:29.246Z","11-12 inch laptop","1440","900","1246","696","2","22","nov 24, 1pm","true"
"numerosity_discrimination","3","270","130","22","28","0.7857","j","84","<div style=""width:100vw;height:100vh;background-color:black;""></div>","j","html-keyboard-response","1370","2.0.0","1127071","174118","testolin2020_replication","2025-11-21T08:59:29.246Z","11-12 inch laptop","1440","900","1246","696","2","22","nov 24, 1pm","true"
"numerosity_discrimination","3","271","1","9","8","0.8889","j","276","<div style=""width:100vw;height:100vh;background-color:black;""></div>","j","html-keyboard-response","1375","2.0.0","1129955","174118","testolin2020_replication","2025-11-21T08:59:29.246Z","11-12 inch laptop","1440","900","1246","696","2","22","nov 24, 1pm","true"
"numerosity_discrimination","3","272","255","18","28","0.6429","j","118","<div style=""width:100vw;height:100vh;background-color:black;""></div>","j","html-keyboard-response","1380","2.0.0","1132636","174118","testolin2020_replication","2025-11-21T08:59:29.246Z","11-12 inch laptop","1440","900","1246","696","2","22","nov 24, 1pm","true"
"numerosity_discrimination","3","273","40","10","12","0.8333","j","244","<div style=""width:100vw;height:100vh;background-color:black;""></div>","j","html-keyboard-response","1385","2.0.0","1135472","174118","testolin2020_replication","2025-11-21T08:59:29.246Z","11-12 inch laptop","1440","900","1246","696","2","22","nov 24, 1pm","true"
"numerosity_discrimination","3","274","277","20","10","0.5","j","144","<div style=""width:100vw;height:100vh;background-color:black;""></div>","f","html-keyboard-response","1390","2.0.0","1137929","174118","testolin2020_replication","2025-11-21T08:59:29.246Z","11-12 inch laptop","1440","900","1246","696","2","22","nov 24, 1pm","false"
"numerosity_discrimination","3","275","73","14","12","0.8571","j","26","<div style=""width:100vw;height:100vh;background-color:black;""></div>","j","html-keyboard-response","1395","2.0.0","1140196","174118","testolin2020_replication","2025-11-21T08:59:29.246Z","11-12 inch laptop","1440","900","1246","696","2","22","nov 24, 1pm","true"
"numerosity_discrimination","3","276","81","16","18","0.8889","j","91","<div style=""width:100vw;height:100vh;background-color:black;""></div>","j","html-keyboard-response","1400","2.0.0","1142886","174118","testolin2020_replication","2025-11-21T08:59:29.246Z","11-12 inch laptop","1440","900","1246","696","2","22","nov 24, 1pm","true"
"numerosity_discrimination","3","277","169","18","25","0.72","j","70","<div style=""width:100vw;height:100vh;background-color:black;""></div>","j","html-keyboard-response","1405","2.0.0","1145422","174118","testolin2020_replication","2025-11-21T08:59:29.246Z","11-12 inch laptop","1440","900","1246","696","2","22","nov 24, 1pm","true"
"numerosity_discrimination","3","278","296","9","16","0.5625","j","130","<div style=""width:100vw;height:100vh;background-color:black;""></div>","j","html-keyboard-response","1410","2.0.0","1148176","174118","testolin2020_replication","2025-11-21T08:59:29.246Z","11-12 inch laptop","1440","900","1246","696","2","22","nov 24, 1pm","true"
"numerosity_discrimination","3","279","25","11","9","0.8182","j","327","<div style=""width:100vw;height:100vh;background-color:black;""></div>","j","html-keyboard-response","1415","2.0.0","1150713","174118","testolin2020_replication","2025-11-21T08:59:29.246Z","11-12 inch laptop","1440","900","1246","696","2","22","nov 24, 1pm","true"
"numerosity_discrimination","3","280","289","22","12","0.5455","j","1046","<div style=""width:100vw;height:100vh;background-color:black;""></div>","j","html-keyboard-response","1420","2.0.0","1153997","174118","testolin2020_replication","2025-11-21T08:59:29.246Z","11-12 inch laptop","1440","900","1246","696","2","22","nov 24, 1pm","true"
"numerosity_discrimination","3","281","33","8","9","0.8889","j","1537","<div style=""width:100vw;height:100vh;background-color:black;""></div>","j","html-keyboard-response","1425","2.0.0","1157762","174118","testolin2020_replication","2025-11-21T08:59:29.246Z","11-12 inch laptop","1440","900","1246","696","2","22","nov 24, 1pm","true"
"numerosity_discrimination","3","282","43","11","9","0.8182","j","997","<div style=""width:100vw;height:100vh;background-color:black;""></div>","f","html-keyboard-response","1430","2.0.0","1161127","174118","testolin2020_replication","2025-11-21T08:59:29.246Z","11-12 inch laptop","1440","900","1246","696","2","22","nov 24, 1pm","false"
"numerosity_discrimination","3","283","147","8","11","0.7273","j","53","<div style=""width:100vw;height:100vh;background-color:black;""></div>","j","html-keyboard-response","1435","2.0.0","1163603","174118","testolin2020_replication","2025-11-21T08:59:29.246Z","11-12 inch laptop","1440","900","1246","696","2","22","nov 24, 1pm","true"
"numerosity_discrimination","3","284","98","25","28","0.8929","j","304","<div style=""width:100vw;height:100vh;background-color:black;""></div>","j","html-keyboard-response","1440","2.0.0","1166208","174118","testolin2020_replication","2025-11-21T08:59:29.246Z","11-12 inch laptop","1440","900","1246","696","2","22","nov 24, 1pm","true"
"numerosity_discrimination","3","285","39","20","16","0.8","j","351","<div style=""width:100vw;height:100vh;background-color:black;""></div>","f","html-keyboard-response","1445","2.0.0","1169061","174118","testolin2020_replication","2025-11-21T08:59:29.246Z","11-12 inch laptop","1440","900","1246","696","2","22","nov 24, 1pm","false"
"numerosity_discrimination","3","286","115","25","28","0.8929","j","219","<div style=""width:100vw;height:100vh;background-color:black;""></div>","j","html-keyboard-response","1450","2.0.0","1171610","174118","testolin2020_replication","2025-11-21T08:59:29.246Z","11-12 inch laptop","1440","900","1246","696","2","22","nov 24, 1pm","true"
"numerosity_discrimination","3","287","80","16","18","0.8889","j","281","<div style=""width:100vw;height:100vh;background-color:black;""></div>","f","html-keyboard-response","1455","2.0.0","1174473","174118","testolin2020_replication","2025-11-21T08:59:29.246Z","11-12 inch laptop","1440","900","1246","696","2","22","nov 24, 1pm","false"
"numerosity_discrimination","3","288","144","28","20","0.7143","j","473","<div style=""width:100vw;height:100vh;background-color:black;""></div>","j","html-keyboard-response","1460","2.0.0","1177322","174118","testolin2020_replication","2025-11-21T08:59:29.246Z","11-12 inch laptop","1440","900","1246","696","2","22","nov 24, 1pm","true"
"numerosity_discrimination","3","289","45","25","20","0.8","j","40","<div style=""width:100vw;height:100vh;background-color:black;""></div>","f","html-keyboard-response","1465","2.0.0","1179736","174118","testolin2020_replication","2025-11-21T08:59:29.246Z","11-12 inch laptop","1440","900","1246","696","2","22","nov 24, 1pm","false"
"numerosity_discrimination","3","290","200","12","9","0.75","j","264","<div style=""width:100vw;height:100vh;background-color:black;""></div>","j","html-keyboard-response","1470","2.0.0","1182343","174118","testolin2020_replication","2025-11-21T08:59:29.246Z","11-12 inch laptop","1440","900","1246","696","2","22","nov 24, 1pm","true"
"numerosity_discrimination","3","291","212","22","14","0.6364","j","191","<div style=""width:100vw;height:100vh;background-color:black;""></div>","f","html-keyboard-response","1475","2.0.0","1184721","174118","testolin2020_replication","2025-11-21T08:59:29.246Z","11-12 inch laptop","1440","900","1246","696","2","22","nov 24, 1pm","false"
"numerosity_discrimination","3","292","207","7","9","0.7778","j","100","<div style=""width:100vw;height:100vh;background-color:black;""></div>","j","html-keyboard-response","1480","2.0.0","1187213","174118","testolin2020_replication","2025-11-21T08:59:29.246Z","11-12 inch laptop","1440","900","1246","696","2","22","nov 24, 1pm","true"
"numerosity_discrimination","3","293","204","7","9","0.7778","j","2002","<div style=""width:100vw;height:100vh;background-color:black;""></div>","j","html-keyboard-response","1485","2.0.0","1191552","174118","testolin2020_replication","2025-11-21T08:59:29.246Z","11-12 inch laptop","1440","900","1246","696","2","22","nov 24, 1pm","true"
"numerosity_discrimination","3","294","47","20","25","0.8","j","44","<div style=""width:100vw;height:100vh;background-color:black;""></div>","j","html-keyboard-response","1490","2.0.0","1193927","174118","testolin2020_replication","2025-11-21T08:59:29.246Z","11-12 inch laptop","1440","900","1246","696","2","22","nov 24, 1pm","true"
"numerosity_discrimination","3","295","206","9","7","0.7778","j","4401","<div style=""width:100vw;height:100vh;background-color:black;""></div>","j","html-keyboard-response","1495","2.0.0","1200589","174118","testolin2020_replication","2025-11-21T08:59:29.246Z","11-12 inch laptop","1440","900","1246","696","2","22","nov 24, 1pm","true"
"numerosity_discrimination","3","296","91","12","14","0.8571","j","835","<div style=""width:100vw;height:100vh;background-color:black;""></div>","j","html-keyboard-response","1500","2.0.0","1203973","174118","testolin2020_replication","2025-11-21T08:59:29.246Z","11-12 inch laptop","1440","900","1246","696","2","22","nov 24, 1pm","true"
"numerosity_discrimination","3","297","263","22","14","0.6364","j","29","<div style=""width:100vw;height:100vh;background-color:black;""></div>","j","html-keyboard-response","1505","2.0.0","1206591","174118","testolin2020_replication","2025-11-21T08:59:29.246Z","11-12 inch laptop","1440","900","1246","696","2","22","nov 24, 1pm","true"
"numerosity_discrimination","3","298","110","7","8","0.875","j","165","<div style=""width:100vw;height:100vh;background-color:black;""></div>","f","html-keyboard-response","1510","2.0.0","1209005","174118","testolin2020_replication","2025-11-21T08:59:29.246Z","11-12 inch laptop","1440","900","1246","696","2","22","nov 24, 1pm","false"
"numerosity_discrimination","3","299","222","16","10","0.625","j","158","<div style=""width:100vw;height:100vh;background-color:black;""></div>","j","html-keyboard-response","1515","2.0.0","1211560","174118","testolin2020_replication","2025-11-21T08:59:29.246Z","11-12 inch laptop","1440","900","1246","696","2","22","nov 24, 1pm","true"
"numerosity_discrimination","3","300","143","20","28","0.7143","j","412","<div style=""width:100vw;height:100vh;background-color:black;""></div>","f","html-keyboard-response","1520","2.0.0","1214301","174118","testolin2020_replication","2025-11-21T08:59:29.246Z","11-12 inch laptop","1440","900","1246","696","2","22","nov 24, 1pm","false"
