"task","block","pair_order","pair_num","left_n","right_n","pair_ratio","correct_key","rt","stimulus","response","trial_type","trial_index","plugin_version","time_elapsed","participant_id","experiment","date","screen_size_category","screen_width_pixels","screen_height_pixels","window_width_pixels","window_height_pixels","pixel_ratio","participant_age","time_slot","correct"
"numerosity_discrimination","1","1","286","18","10","0.5556","j","2695","<div style=""width:100vw;height:100vh;background-color:black;""></div>","f","html-keyboard-response","21","2.0.0","315068","177655","testolin2020_replication","2025-11-21T09:14:13.929Z","11-12 inch laptop","1280","800","1272","644","1.5","18","Nov 21, 1:00 AM","false"
"numerosity_discrimination","1","2","61","8","10","0.8","j","1766","<div style=""width:100vw;height:100vh;background-color:black;""></div>","f","html-keyboard-response","26","2.0.0","319042","177655","testolin2020_replication","2025-11-21T09:14:13.929Z","11-12 inch laptop","1280","800","1272","644","1.5","18","Nov 21, 1:00 AM","false"
"numerosity_discrimination","1","3","271","20","11","0.55","j","2103","<div style=""width:100vw;height:100vh;background-color:black;""></div>","f","html-keyboard-response","31","2.0.0","323343","177655","testolin2020_replication","2025-11-21T09:14:13.929Z","11-12 inch laptop","1280","800","1272","644","1.5","18","Nov 21, 1:00 AM","false"
"numerosity_discrimination","1","4","128","22","28","0.7857","j","1278","<div style=""width:100vw;height:100vh;background-color:black;""></div>","f","html-keyboard-response","36","2.0.0","327087","177655","testolin2020_replication","2025-11-21T09:14:13.929Z","11-12 inch laptop","1280","800","1272","644","1.5","18","Nov 21, 1:00 AM","false"
"numerosity_discrimination","1","5","278","9","18","0.5","j","2738","<div style=""width:100vw;height:100vh;background-color:black;""></div>","j","html-keyboard-response","41","2.0.0","332348","177655","testolin2020_replication","2025-11-21T09:14:13.929Z","11-12 inch laptop","1280","800","1272","644","1.5","18","Nov 21, 1:00 AM","true"
"numerosity_discrimination","1","6","51","10","12","0.8333","j","1031","<div style=""width:100vw;height:100vh;background-color:black;""></div>","f","html-keyboard-response","46","2.0.0","336023","177655","testolin2020_replication","2025-11-21T09:14:13.929Z","11-12 inch laptop","1280","800","1272","644","1.5","18","Nov 21, 1:00 AM","false"
"numerosity_discrimination","1","7","188","9","12","0.75","j","2278","<div style=""width:100vw;height:100vh;background-color:black;""></div>","f","html-keyboard-response","51","2.0.0","340552","177655","testolin2020_replication","2025-11-21T09:14:13.929Z","11-12 inch laptop","1280","800","1272","644","1.5","18","Nov 21, 1:00 AM","false"
"numerosity_discrimination","1","8","236","22","14","0.6364","j","753","<div style=""width:100vw;height:100vh;background-color:black;""></div>","f","html-keyboard-response","56","2.0.0","343743","177655","testolin2020_replication","2025-11-21T09:14:13.929Z","11-12 inch laptop","1280","800","1272","644","1.5","18","Nov 21, 1:00 AM","false"
"numerosity_discrimination","1","9","35","9","8","0.8889","j","781","<div style=""width:100vw;height:100vh;background-color:black;""></div>","f","html-keyboard-response","61","2.0.0","346989","177655","testolin2020_replication","2025-11-21T09:14:13.929Z","11-12 inch laptop","1280","800","1272","644","1.5","18","Nov 21, 1:00 AM","false"
"numerosity_discrimination","1","10","267","18","28","0.6429","j","4213","<div style=""width:100vw;height:100vh;background-color:black;""></div>","f","html-keyboard-response","66","2.0.0","353704","177655","testolin2020_replication","2025-11-21T09:14:13.929Z","11-12 inch laptop","1280","800","1272","644","1.5","18","Nov 21, 1:00 AM","false"
"numerosity_discrimination","1","11","280","28","16","0.5714","j","652","<div style=""width:100vw;height:100vh;background-color:black;""></div>","f","html-keyboard-response","71","2.0.0","356941","177655","testolin2020_replication","2025-11-21T09:14:13.929Z","11-12 inch laptop","1280","800","1272","644","1.5","18","Nov 21, 1:00 AM","false"
"numerosity_discrimination","1","12","279","20","11","0.55","j","341","<div style=""width:100vw;height:100vh;background-color:black;""></div>","f","html-keyboard-response","76","2.0.0","359481","177655","testolin2020_replication","2025-11-21T09:14:13.929Z","11-12 inch laptop","1280","800","1272","644","1.5","18","Nov 21, 1:00 AM","false"
"numerosity_discrimination","1","13","167","9","12","0.75","j","1785","<div style=""width:100vw;height:100vh;background-color:black;""></div>","f","html-keyboard-response","81","2.0.0","363842","177655","testolin2020_replication","2025-11-21T09:14:13.929Z","11-12 inch laptop","1280","800","1272","644","1.5","18","Nov 21, 1:00 AM","false"
"numerosity_discrimination","1","14","9","9","8","0.8889","j","679","<div style=""width:100vw;height:100vh;background-color:black;""></div>","f","html-keyboard-response","86","2.0.0","367188","177655","testolin2020_replication","2025-11-21T09:14:13.929Z","11-12 inch laptop","1280","800","1272","644","1.5","18","Nov 21, 1:00 AM","false"
"numerosity_discrimination","1","15","202","9","7","0.7778","j","440","<div style=""width:100vw;height:100vh;background-color:black;""></div>","f","html-keyboard-response","91","2.0.0","369850","177655","testolin2020_replication","2025-11-21T09:14:13.929Z","11-12 inch laptop","1280","800","1272","644","1.5","18","Nov 21, 1:00 AM","false"
"numerosity_discrimination","1","16","272","10","20","0.5","j","1393","<div style=""width:100vw;height:100vh;background-color:black;""></div>","f","html-keyboard-response","96","2.0.0","373786","177655","testolin2020_replication","2025-11-21T09:14:13.929Z","11-12 inch laptop","1280","800","1272","644","1.5","18","Nov 21, 1:00 AM","false"
"numerosity_discrimination","1","17","235","14","9","0.6429","j","213","<div style=""width:100vw;height:100vh;background-color:black;""></div>","f","html-keyboard-response","101","2.0.0","376422","177655","testolin2020_replication","2025-11-21T09:14:13.929Z","11-12 inch laptop","1280","800","1272","644","1.5","18","Nov 21, 1:00 AM","false"
"numerosity_discrimination","1","18","67","11","9","0.8182","j","964","<div style=""width:100vw;height:100vh;background-color:black;""></div>","f","html-keyboard-response","106","2.0.0","379789","177655","testolin2020_replication","2025-11-21T09:14:13.929Z","11-12 inch laptop","1280","800","1272","644","1.5","18","Nov 21, 1:00 AM","false"
"numerosity_discrimination","1","19","160","12","16","0.75","j","1176","<div style=""width:100vw;height:100vh;background-color:black;""></div>","f","html-keyboard-response","111","2.0.0","383634","177655","testolin2020_replication","2025-11-21T09:14:13.929Z","11-12 inch laptop","1280","800","1272","644","1.5","18","Nov 21, 1:00 AM","false"
"numerosity_discrimination","1","20","31","28","25","0.8929","j","549","<div style=""width:100vw;height:100vh;background-color:black;""></div>","f","html-keyboard-response","116","2.0.0","386573","177655","testolin2020_replication","2025-11-21T09:14:13.929Z","11-12 inch laptop","1280","800","1272","644","1.5","18","Nov 21, 1:00 AM","false"
"numerosity_discrimination","1","21","213","18","11","0.6111","j","174","<div style=""width:100vw;height:100vh;background-color:black;""></div>","f","html-keyboard-response","121","2.0.0","389417","177655","testolin2020_replication","2025-11-21T09:14:13.929Z","11-12 inch laptop","1280","800","1272","644","1.5","18","Nov 21, 1:00 AM","false"
"numerosity_discrimination","1","22","193","25","18","0.72","j","264","<div style=""width:100vw;height:100vh;background-color:black;""></div>","f","html-keyboard-response","126","2.0.0","392374","177655","testolin2020_replication","2025-11-21T09:14:13.929Z","11-12 inch laptop","1280","800","1272","644","1.5","18","Nov 21, 1:00 AM","false"
"numerosity_discrimination","1","23","105","28","25","0.8929","j","205","<div style=""width:100vw;height:100vh;background-color:black;""></div>","f","html-keyboard-response","131","2.0.0","395113","177655","testolin2020_replication","2025-11-21T09:14:13.929Z","11-12 inch laptop","1280","800","1272","644","1.5","18","Nov 21, 1:00 AM","false"
"numerosity_discrimination","1","24","158","18","14","0.7778","j","659","<div style=""width:100vw;height:100vh;background-color:black;""></div>","f","html-keyboard-response","136","2.0.0","398167","177655","testolin2020_replication","2025-11-21T09:14:13.929Z","11-12 inch laptop","1280","800","1272","644","1.5","18","Nov 21, 1:00 AM","false"
"numerosity_discrimination","1","25","175","11","14","0.7857","j","342","<div style=""width:100vw;height:100vh;background-color:black;""></div>","f","html-keyboard-response","141","2.0.0","400950","177655","testolin2020_replication","2025-11-21T09:14:13.929Z","11-12 inch laptop","1280","800","1272","644","1.5","18","Nov 21, 1:00 AM","false"
"numerosity_discrimination","1","26","254","20","12","0.6","j","513","<div style=""width:100vw;height:100vh;background-color:black;""></div>","f","html-keyboard-response","146","2.0.0","403770","177655","testolin2020_replication","2025-11-21T09:14:13.929Z","11-12 inch laptop","1280","800","1272","644","1.5","18","Nov 21, 1:00 AM","false"
"numerosity_discrimination","1","27","221","16","10","0.625","j","521","<div style=""width:100vw;height:100vh;background-color:black;""></div>","f","html-keyboard-response","151","2.0.0","406690","177655","testolin2020_replication","2025-11-21T09:14:13.929Z","11-12 inch laptop","1280","800","1272","644","1.5","18","Nov 21, 1:00 AM","false"
"numerosity_discrimination","1","28","55","18","16","0.8889","j","168","<div style=""width:100vw;height:100vh;background-color:black;""></div>","f","html-keyboard-response","156","2.0.0","409376","177655","testolin2020_replication","2025-11-21T09:14:13.929Z","11-12 inch laptop","1280","800","1272","644","1.5","18","Nov 21, 1:00 AM","false"
"numerosity_discrimination","1","29","120","14","12","0.8571","j","533","<div style=""width:100vw;height:100vh;background-color:black;""></div>","f","html-keyboard-response","161","2.0.0","412184","177655","testolin2020_replication","2025-11-21T09:14:13.929Z","11-12 inch laptop","1280","800","1272","644","1.5","18","Nov 21, 1:00 AM","false"
"numerosity_discrimination","1","30","89","11","9","0.8182","j","359","<div style=""width:100vw;height:100vh;background-color:black;""></div>","f","html-keyboard-response","166","2.0.0","414769","177655","testolin2020_replication","2025-11-21T09:14:13.929Z","11-12 inch laptop","1280","800","1272","644","1.5","18","Nov 21, 1:00 AM","false"
"numerosity_discrimination","1","31","108","8","9","0.8889","j","437","<div style=""width:100vw;height:100vh;background-color:black;""></div>","f","html-keyboard-response","171","2.0.0","417824","177655","testolin2020_replication","2025-11-21T09:14:13.929Z","11-12 inch laptop","1280","800","1272","644","1.5","18","Nov 21, 1:00 AM","false"
"numerosity_discrimination","1","32","23","11","9","0.8182","j","570","<div style=""width:100vw;height:100vh;background-color:black;""></div>","f","html-keyboard-response","176","2.0.0","420742","177655","testolin2020_replication","2025-11-21T09:14:13.929Z","11-12 inch laptop","1280","800","1272","644","1.5","18","Nov 21, 1:00 AM","false"
"numerosity_discrimination","1","33","48","14","16","0.875","j","306","<div style=""width:100vw;height:100vh;background-color:black;""></div>","f","html-keyboard-response","181","2.0.0","423227","177655","testolin2020_replication","2025-11-21T09:14:13.929Z","11-12 inch laptop","1280","800","1272","644","1.5","18","Nov 21, 1:00 AM","false"
"numerosity_discrimination","1","34","177","8","11","0.7273","j","359","<div style=""width:100vw;height:100vh;background-color:black;""></div>","f","html-keyboard-response","186","2.0.0","426015","177655","testolin2020_replication","2025-11-21T09:14:13.929Z","11-12 inch laptop","1280","800","1272","644","1.5","18","Nov 21, 1:00 AM","false"
"numerosity_discrimination","1","35","26","28","25","0.8929","j","241","<div style=""width:100vw;height:100vh;background-color:black;""></div>","f","html-keyboard-response","191","2.0.0","428596","177655","testolin2020_replication","2025-11-21T09:14:13.929Z","11-12 inch laptop","1280","800","1272","644","1.5","18","Nov 21, 1:00 AM","false"
"numerosity_discrimination","1","36","166","20","14","0.7","j","326","<div style=""width:100vw;height:100vh;background-color:black;""></div>","f","html-keyboard-response","196","2.0.0","431419","177655","testolin2020_replication","2025-11-21T09:14:13.929Z","11-12 inch laptop","1280","800","1272","644","1.5","18","Nov 21, 1:00 AM","false"
"numerosity_discrimination","1","37","261","28","18","0.6429","j","432","<div style=""width:100vw;height:100vh;background-color:black;""></div>","f","html-keyboard-response","201","2.0.0","434525","177655","testolin2020_replication","2025-11-21T09:14:13.929Z","11-12 inch laptop","1280","800","1272","644","1.5","18","Nov 21, 1:00 AM","false"
"numerosity_discrimination","1","38","32","16","20","0.8","j","516","<div style=""width:100vw;height:100vh;background-color:black;""></div>","f","html-keyboard-response","206","2.0.0","437260","177655","testolin2020_replication","2025-11-21T09:14:13.929Z","11-12 inch laptop","1280","800","1272","644","1.5","18","Nov 21, 1:00 AM","false"
"numerosity_discrimination","1","39","103","14","12","0.8571","j","421","<div style=""width:100vw;height:100vh;background-color:black;""></div>","f","html-keyboard-response","211","2.0.0","440280","177655","testolin2020_replication","2025-11-21T09:14:13.929Z","11-12 inch laptop","1280","800","1272","644","1.5","18","Nov 21, 1:00 AM","false"
"numerosity_discrimination","1","40","197","12","16","0.75","j","691","<div style=""width:100vw;height:100vh;background-color:black;""></div>","f","html-keyboard-response","216","2.0.0","443300","177655","testolin2020_replication","2025-11-21T09:14:13.929Z","11-12 inch laptop","1280","800","1272","644","1.5","18","Nov 21, 1:00 AM","false"
"numerosity_discrimination","1","41","268","18","11","0.6111","j","179","<div style=""width:100vw;height:100vh;background-color:black;""></div>","f","html-keyboard-response","221","2.0.0","445825","177655","testolin2020_replication","2025-11-21T09:14:13.929Z","11-12 inch laptop","1280","800","1272","644","1.5","18","Nov 21, 1:00 AM","false"
"numerosity_discrimination","1","42","299","20","10","0.5","j","51","<div style=""width:100vw;height:100vh;background-color:black;""></div>","f","html-keyboard-response","226","2.0.0","448551","177655","testolin2020_replication","2025-11-21T09:14:13.929Z","11-12 inch laptop","1280","800","1272","644","1.5","18","Nov 21, 1:00 AM","false"
"numerosity_discrimination","1","43","179","22","16","0.7273","j","273","<div style=""width:100vw;height:100vh;background-color:black;""></div>","f","html-keyboard-response","231","2.0.0","451280","177655","testolin2020_replication","2025-11-21T09:14:13.929Z","11-12 inch laptop","1280","800","1272","644","1.5","18","Nov 21, 1:00 AM","false"
"numerosity_discrimination","1","44","203","11","8","0.7273","j","664","<div style=""width:100vw;height:100vh;background-color:black;""></div>","f","html-keyboard-response","236","2.0.0","454475","177655","testolin2020_replication","2025-11-21T09:14:13.929Z","11-12 inch laptop","1280","800","1272","644","1.5","18","Nov 21, 1:00 AM","false"
"numerosity_discrimination","1","45","245","10","16","0.625","j","261","<div style=""width:100vw;height:100vh;background-color:black;""></div>","f","html-keyboard-response","241","2.0.0","457266","177655","testolin2020_replication","2025-11-21T09:14:13.929Z","11-12 inch laptop","1280","800","1272","644","1.5","18","Nov 21, 1:00 AM","false"
"numerosity_discrimination","1","46","34","16","18","0.8889","j","291","<div style=""width:100vw;height:100vh;background-color:black;""></div>","f","html-keyboard-response","246","2.0.0","460068","177655","testolin2020_replication","2025-11-21T09:14:13.929Z","11-12 inch laptop","1280","800","1272","644","1.5","18","Nov 21, 1:00 AM","false"
"numerosity_discrimination","1","47","164","20","14","0.7","j","204","<div style=""width:100vw;height:100vh;background-color:black;""></div>","f","html-keyboard-response","251","2.0.0","462561","177655","testolin2020_replication","2025-11-21T09:14:13.929Z","11-12 inch laptop","1280","800","1272","644","1.5","18","Nov 21, 1:00 AM","false"
"numerosity_discrimination","1","48","186","22","28","0.7857","j","1045","<div style=""width:100vw;height:100vh;background-color:black;""></div>","j","html-keyboard-response","256","2.0.0","466266","177655","testolin2020_replication","2025-11-21T09:14:13.929Z","11-12 inch laptop","1280","800","1272","644","1.5","18","Nov 21, 1:00 AM","true"
"numerosity_discrimination","1","49","19","18","22","0.8182","j","471","<div style=""width:100vw;height:100vh;background-color:black;""></div>","f","html-keyboard-response","261","2.0.0","469308","177655","testolin2020_replication","2025-11-21T09:14:13.929Z","11-12 inch laptop","1280","800","1272","644","1.5","18","Nov 21, 1:00 AM","false"
"numerosity_discrimination","1","50","22","16","20","0.8","j","501","<div style=""width:100vw;height:100vh;background-color:black;""></div>","f","html-keyboard-response","266","2.0.0","472244","177655","testolin2020_replication","2025-11-21T09:14:13.929Z","11-12 inch laptop","1280","800","1272","644","1.5","18","Nov 21, 1:00 AM","false"
"numerosity_discrimination","1","51","285","11","22","0.5","j","711","<div style=""width:100vw;height:100vh;background-color:black;""></div>","f","html-keyboard-response","271","2.0.0","475504","177655","testolin2020_replication","2025-11-21T09:14:13.929Z","11-12 inch laptop","1280","800","1272","644","1.5","18","Nov 21, 1:00 AM","false"
"numerosity_discrimination","1","52","54","22","18","0.8182","j","374","<div style=""width:100vw;height:100vh;background-color:black;""></div>","f","html-keyboard-response","276","2.0.0","478246","177655","testolin2020_replication","2025-11-21T09:14:13.929Z","11-12 inch laptop","1280","800","1272","644","1.5","18","Nov 21, 1:00 AM","false"
"numerosity_discrimination","1","53","238","20","12","0.6","j","28","<div style=""width:100vw;height:100vh;background-color:black;""></div>","f","html-keyboard-response","281","2.0.0","480834","177655","testolin2020_replication","2025-11-21T09:14:13.929Z","11-12 inch laptop","1280","800","1272","644","1.5","18","Nov 21, 1:00 AM","false"
"numerosity_discrimination","1","54","124","16","12","0.75","j","194","<div style=""width:100vw;height:100vh;background-color:black;""></div>","f","html-keyboard-response","286","2.0.0","483506","177655","testolin2020_replication","2025-11-21T09:14:13.929Z","11-12 inch laptop","1280","800","1272","644","1.5","18","Nov 21, 1:00 AM","false"
"numerosity_discrimination","1","55","18","14","12","0.8571","j","117","<div style=""width:100vw;height:100vh;background-color:black;""></div>","f","html-keyboard-response","291","2.0.0","486192","177655","testolin2020_replication","2025-11-21T09:14:13.929Z","11-12 inch laptop","1280","800","1272","644","1.5","18","Nov 21, 1:00 AM","false"
"numerosity_discrimination","1","56","173","25","18","0.72","j","213","<div style=""width:100vw;height:100vh;background-color:black;""></div>","f","html-keyboard-response","296","2.0.0","488825","177655","testolin2020_replication","2025-11-21T09:14:13.929Z","11-12 inch laptop","1280","800","1272","644","1.5","18","Nov 21, 1:00 AM","false"
"numerosity_discrimination","1","57","63","9","8","0.8889","j","384","<div style=""width:100vw;height:100vh;background-color:black;""></div>","f","html-keyboard-response","301","2.0.0","491505","177655","testolin2020_replication","2025-11-21T09:14:13.929Z","11-12 inch laptop","1280","800","1272","644","1.5","18","Nov 21, 1:00 AM","false"
"numerosity_discrimination","1","58","159","20","28","0.7143","j","4","<div style=""width:100vw;height:100vh;background-color:black;""></div>","f","html-keyboard-response","306","2.0.0","493919","177655","testolin2020_replication","2025-11-21T09:14:13.929Z","11-12 inch laptop","1280","800","1272","644","1.5","18","Nov 21, 1:00 AM","false"
"numerosity_discrimination","1","59","265","18","28","0.6429","j","245","<div style=""width:100vw;height:100vh;background-color:black;""></div>","f","html-keyboard-response","311","2.0.0","496684","177655","testolin2020_replication","2025-11-21T09:14:13.929Z","11-12 inch laptop","1280","800","1272","644","1.5","18","Nov 21, 1:00 AM","false"
"numerosity_discrimination","1","60","17","12","14","0.8571","j","606","<div style=""width:100vw;height:100vh;background-color:black;""></div>","f","html-keyboard-response","316","2.0.0","499735","177655","testolin2020_replication","2025-11-21T09:14:13.929Z","11-12 inch laptop","1280","800","1272","644","1.5","18","Nov 21, 1:00 AM","false"
"numerosity_discrimination","1","61","140","11","8","0.7273","j","267","<div style=""width:100vw;height:100vh;background-color:black;""></div>","f","html-keyboard-response","321","2.0.0","502642","177655","testolin2020_replication","2025-11-21T09:14:13.929Z","11-12 inch laptop","1280","800","1272","644","1.5","18","Nov 21, 1:00 AM","false"
"numerosity_discrimination","1","62","208","9","7","0.7778","j","802","<div style=""width:100vw;height:100vh;background-color:black;""></div>","f","html-keyboard-response","326","2.0.0","505824","177655","testolin2020_replication","2025-11-21T09:14:13.929Z","11-12 inch laptop","1280","800","1272","644","1.5","18","Nov 21, 1:00 AM","false"
"numerosity_discrimination","1","63","53","18","22","0.8182","j","700","<div style=""width:100vw;height:100vh;background-color:black;""></div>","f","html-keyboard-response","331","2.0.0","509172","177655","testolin2020_replication","2025-11-21T09:14:13.929Z","11-12 inch laptop","1280","800","1272","644","1.5","18","Nov 21, 1:00 AM","false"
"numerosity_discrimination","1","64","126","9","7","0.7778","j","689","<div style=""width:100vw;height:100vh;background-color:black;""></div>","j","html-keyboard-response","336","2.0.0","512418","177655","testolin2020_replication","2025-11-21T09:14:13.929Z","11-12 inch laptop","1280","800","1272","644","1.5","18","Nov 21, 1:00 AM","true"
"numerosity_discrimination","1","65","88","12","10","0.8333","j","783","<div style=""width:100vw;height:100vh;background-color:black;""></div>","f","html-keyboard-response","341","2.0.0","515480","177655","testolin2020_replication","2025-11-21T09:14:13.929Z","11-12 inch laptop","1280","800","1272","644","1.5","18","Nov 21, 1:00 AM","false"
"numerosity_discrimination","1","66","116","28","25","0.8929","j","574","<div style=""width:100vw;height:100vh;background-color:black;""></div>","f","html-keyboard-response","346","2.0.0","518596","177655","testolin2020_replication","2025-11-21T09:14:13.929Z","11-12 inch laptop","1280","800","1272","644","1.5","18","Nov 21, 1:00 AM","false"
"numerosity_discrimination","1","67","4","12","14","0.8571","j","318","<div style=""width:100vw;height:100vh;background-color:black;""></div>","f","html-keyboard-response","351","2.0.0","521274","177655","testolin2020_replication","2025-11-21T09:14:13.929Z","11-12 inch laptop","1280","800","1272","644","1.5","18","Nov 21, 1:00 AM","false"
"numerosity_discrimination","1","68","287","25","14","0.56","j","386","<div style=""width:100vw;height:100vh;background-color:black;""></div>","f","html-keyboard-response","356","2.0.0","524014","177655","testolin2020_replication","2025-11-21T09:14:13.929Z","11-12 inch laptop","1280","800","1272","644","1.5","18","Nov 21, 1:00 AM","false"
"numerosity_discrimination","1","69","119","12","10","0.8333","j","1249","<div style=""width:100vw;height:100vh;background-color:black;""></div>","f","html-keyboard-response","361","2.0.0","527851","177655","testolin2020_replication","2025-11-21T09:14:13.929Z","11-12 inch laptop","1280","800","1272","644","1.5","18","Nov 21, 1:00 AM","false"
"numerosity_discrimination","1","70","122","8","11","0.7273","j","410","<div style=""width:100vw;height:100vh;background-color:black;""></div>","j","html-keyboard-response","366","2.0.0","530850","177655","testolin2020_replication","2025-11-21T09:14:13.929Z","11-12 inch laptop","1280","800","1272","644","1.5","18","Nov 21, 1:00 AM","true"
"numerosity_discrimination","1","71","194","7","9","0.7778","j","324","<div style=""width:100vw;height:100vh;background-color:black;""></div>","f","html-keyboard-response","371","2.0.0","533462","177655","testolin2020_replication","2025-11-21T09:14:13.929Z","11-12 inch laptop","1280","800","1272","644","1.5","18","Nov 21, 1:00 AM","false"
"numerosity_discrimination","1","72","75","12","14","0.8571","j","449","<div style=""width:100vw;height:100vh;background-color:black;""></div>","f","html-keyboard-response","376","2.0.0","536173","177655","testolin2020_replication","2025-11-21T09:14:13.929Z","11-12 inch laptop","1280","800","1272","644","1.5","18","Nov 21, 1:00 AM","false"
"numerosity_discrimination","1","73","150","16","22","0.7273","j","190","<div style=""width:100vw;height:100vh;background-color:black;""></div>","j","html-keyboard-response","381","2.0.0","538765","177655","testolin2020_replication","2025-11-21T09:14:13.929Z","11-12 inch laptop","1280","800","1272","644","1.5","18","Nov 21, 1:00 AM","true"
"numerosity_discrimination","1","74","70","18","16","0.8889","j","681","<div style=""width:100vw;height:100vh;background-color:black;""></div>","f","html-keyboard-response","386","2.0.0","542070","177655","testolin2020_replication","2025-11-21T09:14:13.929Z","11-12 inch laptop","1280","800","1272","644","1.5","18","Nov 21, 1:00 AM","false"
"numerosity_discrimination","1","75","187","18","14","0.7778","j","760","<div style=""width:100vw;height:100vh;background-color:black;""></div>","f","html-keyboard-response","391","2.0.0","545405","177655","testolin2020_replication","2025-11-21T09:14:13.929Z","11-12 inch laptop","1280","800","1272","644","1.5","18","Nov 21, 1:00 AM","false"
"numerosity_discrimination","1","76","275","14","7","0.5","j","649","<div style=""width:100vw;height:100vh;background-color:black;""></div>","f","html-keyboard-response","396","2.0.0","548506","177655","testolin2020_replication","2025-11-21T09:14:13.929Z","11-12 inch laptop","1280","800","1272","644","1.5","18","Nov 21, 1:00 AM","false"
"numerosity_discrimination","1","77","192","22","28","0.7857","j","900","<div style=""width:100vw;height:100vh;background-color:black;""></div>","f","html-keyboard-response","401","2.0.0","551716","177655","testolin2020_replication","2025-11-21T09:14:13.929Z","11-12 inch laptop","1280","800","1272","644","1.5","18","Nov 21, 1:00 AM","false"
"numerosity_discrimination","1","78","225","14","22","0.6364","j","1567","<div style=""width:100vw;height:100vh;background-color:black;""></div>","j","html-keyboard-response","406","2.0.0","555660","177655","testolin2020_replication","2025-11-21T09:14:13.929Z","11-12 inch laptop","1280","800","1272","644","1.5","18","Nov 21, 1:00 AM","true"
"numerosity_discrimination","1","79","59","14","12","0.8571","j","767","<div style=""width:100vw;height:100vh;background-color:black;""></div>","f","html-keyboard-response","411","2.0.0","559059","177655","testolin2020_replication","2025-11-21T09:14:13.929Z","11-12 inch laptop","1280","800","1272","644","1.5","18","Nov 21, 1:00 AM","false"
"numerosity_discrimination","1","80","239","22","14","0.6364","j","699","<div style=""width:100vw;height:100vh;background-color:black;""></div>","f","html-keyboard-response","416","2.0.0","562350","177655","testolin2020_replication","2025-11-21T09:14:13.929Z","11-12 inch laptop","1280","800","1272","644","1.5","18","Nov 21, 1:00 AM","false"
"numerosity_discrimination","1","81","226","14","9","0.6429","j","2303","<div style=""width:100vw;height:100vh;background-color:black;""></div>","f","html-keyboard-response","421","2.0.0","567019","177655","testolin2020_replication","2025-11-21T09:14:13.929Z","11-12 inch laptop","1280","800","1272","644","1.5","18","Nov 21, 1:00 AM","false"
"numerosity_discrimination","1","82","259","18","11","0.6111","j","261","<div style=""width:100vw;height:100vh;background-color:black;""></div>","f","html-keyboard-response","426","2.0.0","569891","177655","testolin2020_replication","2025-11-21T09:14:13.929Z","11-12 inch laptop","1280","800","1272","644","1.5","18","Nov 21, 1:00 AM","false"
"numerosity_discrimination","1","83","184","18","14","0.7778","j","573","<div style=""width:100vw;height:100vh;background-color:black;""></div>","f","html-keyboard-response","431","2.0.0","573002","177655","testolin2020_replication","2025-11-21T09:14:13.929Z","11-12 inch laptop","1280","800","1272","644","1.5","18","Nov 21, 1:00 AM","false"
"numerosity_discrimination","1","84","100","28","25","0.8929","j","592","<div style=""width:100vw;height:100vh;background-color:black;""></div>","f","html-keyboard-response","436","2.0.0","576049","177655","testolin2020_replication","2025-11-21T09:14:13.929Z","11-12 inch laptop","1280","800","1272","644","1.5","18","Nov 21, 1:00 AM","false"
"numerosity_discrimination","1","85","38","14","16","0.875","j","586","<div style=""width:100vw;height:100vh;background-color:black;""></div>","f","html-keyboard-response","441","2.0.0","579267","177655","testolin2020_replication","2025-11-21T09:14:13.929Z","11-12 inch laptop","1280","800","1272","644","1.5","18","Nov 21, 1:00 AM","false"
"numerosity_discrimination","1","86","109","12","14","0.8571","j","1274","<div style=""width:100vw;height:100vh;background-color:black;""></div>","f","html-keyboard-response","446","2.0.0","583052","177655","testolin2020_replication","2025-11-21T09:14:13.929Z","11-12 inch laptop","1280","800","1272","644","1.5","18","Nov 21, 1:00 AM","false"
"numerosity_discrimination","1","87","231","25","16","0.64","j","49","<div style=""width:100vw;height:100vh;background-color:black;""></div>","f","html-keyboard-response","451","2.0.0","585759","177655","testolin2020_replication","2025-11-21T09:14:13.929Z","11-12 inch laptop","1280","800","1272","644","1.5","18","Nov 21, 1:00 AM","false"
"numerosity_discrimination","1","88","282","8","14","0.5714","j","904","<div style=""width:100vw;height:100vh;background-color:black;""></div>","j","html-keyboard-response","456","2.0.0","589053","177655","testolin2020_replication","2025-11-21T09:14:13.929Z","11-12 inch laptop","1280","800","1272","644","1.5","18","Nov 21, 1:00 AM","true"
"numerosity_discrimination","1","89","37","20","16","0.8","j","168","<div style=""width:100vw;height:100vh;background-color:black;""></div>","f","html-keyboard-response","461","2.0.0","591806","177655","testolin2020_replication","2025-11-21T09:14:13.929Z","11-12 inch laptop","1280","800","1272","644","1.5","18","Nov 21, 1:00 AM","false"
"numerosity_discrimination","1","90","41","16","20","0.8","j","456","<div style=""width:100vw;height:100vh;background-color:black;""></div>","f","html-keyboard-response","466","2.0.0","594871","177655","testolin2020_replication","2025-11-21T09:14:13.929Z","11-12 inch laptop","1280","800","1272","644","1.5","18","Nov 21, 1:00 AM","false"
"numerosity_discrimination","1","91","11","8","10","0.8","j","323","<div style=""width:100vw;height:100vh;background-color:black;""></div>","j","html-keyboard-response","471","2.0.0","597430","177655","testolin2020_replication","2025-11-21T09:14:13.929Z","11-12 inch laptop","1280","800","1272","644","1.5","18","Nov 21, 1:00 AM","true"
"numerosity_discrimination","1","92","163","18","14","0.7778","j","1868","<div style=""width:100vw;height:100vh;background-color:black;""></div>","f","html-keyboard-response","476","2.0.0","601810","177655","testolin2020_replication","2025-11-21T09:14:13.929Z","11-12 inch laptop","1280","800","1272","644","1.5","18","Nov 21, 1:00 AM","false"
"numerosity_discrimination","1","93","243","18","12","0.6667","j","152","<div style=""width:100vw;height:100vh;background-color:black;""></div>","f","html-keyboard-response","481","2.0.0","604452","177655","testolin2020_replication","2025-11-21T09:14:13.929Z","11-12 inch laptop","1280","800","1272","644","1.5","18","Nov 21, 1:00 AM","false"
"numerosity_discrimination","1","94","290","12","22","0.5455","j","267","<div style=""width:100vw;height:100vh;background-color:black;""></div>","f","html-keyboard-response","486","2.0.0","606973","177655","testolin2020_replication","2025-11-21T09:14:13.929Z","11-12 inch laptop","1280","800","1272","644","1.5","18","Nov 21, 1:00 AM","false"
"numerosity_discrimination","1","95","281","12","7","0.5833","j","247","<div style=""width:100vw;height:100vh;background-color:black;""></div>","f","html-keyboard-response","491","2.0.0","609691","177655","testolin2020_replication","2025-11-21T09:14:13.929Z","11-12 inch laptop","1280","800","1272","644","1.5","18","Nov 21, 1:00 AM","false"
"numerosity_discrimination","1","96","134","16","12","0.75","j","704","<div style=""width:100vw;height:100vh;background-color:black;""></div>","f","html-keyboard-response","496","2.0.0","613032","177655","testolin2020_replication","2025-11-21T09:14:13.929Z","11-12 inch laptop","1280","800","1272","644","1.5","18","Nov 21, 1:00 AM","false"
"numerosity_discrimination","1","97","123","12","16","0.75","j","463","<div style=""width:100vw;height:100vh;background-color:black;""></div>","f","html-keyboard-response","501","2.0.0","615723","177655","testolin2020_replication","2025-11-21T09:14:13.929Z","11-12 inch laptop","1280","800","1272","644","1.5","18","Nov 21, 1:00 AM","false"
"numerosity_discrimination","1","98","274","18","9","0.5","j","406","<div style=""width:100vw;height:100vh;background-color:black;""></div>","f","html-keyboard-response","506","2.0.0","618465","177655","testolin2020_replication","2025-11-21T09:14:13.929Z","11-12 inch laptop","1280","800","1272","644","1.5","18","Nov 21, 1:00 AM","false"
"numerosity_discrimination","1","99","112","28","25","0.8929","j","355","<div style=""width:100vw;height:100vh;background-color:black;""></div>","f","html-keyboard-response","511","2.0.0","621399","177655","testolin2020_replication","2025-11-21T09:14:13.929Z","11-12 inch laptop","1280","800","1272","644","1.5","18","Nov 21, 1:00 AM","false"
"numerosity_discrimination","1","100","295","20","10","0.5","j","521","<div style=""width:100vw;height:100vh;background-color:black;""></div>","f","html-keyboard-response","516","2.0.0","624476","177655","testolin2020_replication","2025-11-21T09:14:13.929Z","11-12 inch laptop","1280","800","1272","644","1.5","18","Nov 21, 1:00 AM","false"
"numerosity_discrimination","2","101","46","18","22","0.8182","j","250","<div style=""width:100vw;height:100vh;background-color:black;""></div>","f","html-keyboard-response","523","2.0.0","24271867","177655","testolin2020_replication","2025-11-21T09:14:13.929Z","11-12 inch laptop","1280","800","1272","644","1.5","18","Nov 21, 1:00 AM","false"
"numerosity_discrimination","2","102","77","7","8","0.875","j","346","<div style=""width:100vw;height:100vh;background-color:black;""></div>","f","html-keyboard-response","528","2.0.0","24274476","177655","testolin2020_replication","2025-11-21T09:14:13.929Z","11-12 inch laptop","1280","800","1272","644","1.5","18","Nov 21, 1:00 AM","false"
"numerosity_discrimination","2","103","68","11","9","0.8182","j","125","<div style=""width:100vw;height:100vh;background-color:black;""></div>","f","html-keyboard-response","533","2.0.0","24276919","177655","testolin2020_replication","2025-11-21T09:14:13.929Z","11-12 inch laptop","1280","800","1272","644","1.5","18","Nov 21, 1:00 AM","false"
"numerosity_discrimination","2","104","178","14","11","0.7857","j","2956","<div style=""width:100vw;height:100vh;background-color:black;""></div>","f","html-keyboard-response","538","2.0.0","24282495","177655","testolin2020_replication","2025-11-21T09:14:13.929Z","11-12 inch laptop","1280","800","1272","644","1.5","18","Nov 21, 1:00 AM","false"
"numerosity_discrimination","2","105","30","11","9","0.8182","j","428","<div style=""width:100vw;height:100vh;background-color:black;""></div>","f","html-keyboard-response","543","2.0.0","24285312","177655","testolin2020_replication","2025-11-21T09:14:13.929Z","11-12 inch laptop","1280","800","1272","644","1.5","18","Nov 21, 1:00 AM","false"
"numerosity_discrimination","2","106","86","22","25","0.88","j","130","<div style=""width:100vw;height:100vh;background-color:black;""></div>","f","html-keyboard-response","548","2.0.0","24288026","177655","testolin2020_replication","2025-11-21T09:14:13.929Z","11-12 inch laptop","1280","800","1272","644","1.5","18","Nov 21, 1:00 AM","false"
"numerosity_discrimination","2","107","244","8","12","0.6667","j","609","<div style=""width:100vw;height:100vh;background-color:black;""></div>","f","html-keyboard-response","553","2.0.0","24291189","177655","testolin2020_replication","2025-11-21T09:14:13.929Z","11-12 inch laptop","1280","800","1272","644","1.5","18","Nov 21, 1:00 AM","false"
"numerosity_discrimination","2","108","195","16","12","0.75","j","123","<div style=""width:100vw;height:100vh;background-color:black;""></div>","f","html-keyboard-response","558","2.0.0","24293551","177655","testolin2020_replication","2025-11-21T09:14:13.929Z","11-12 inch laptop","1280","800","1272","644","1.5","18","Nov 21, 1:00 AM","false"
"numerosity_discrimination","2","109","78","11","9","0.8182","j","442","<div style=""width:100vw;height:100vh;background-color:black;""></div>","f","html-keyboard-response","563","2.0.0","24296540","177655","testolin2020_replication","2025-11-21T09:14:13.929Z","11-12 inch laptop","1280","800","1272","644","1.5","18","Nov 21, 1:00 AM","false"
"numerosity_discrimination","2","110","6","16","18","0.8889","j","259","<div style=""width:100vw;height:100vh;background-color:black;""></div>","f","html-keyboard-response","568","2.0.0","24299403","177655","testolin2020_replication","2025-11-21T09:14:13.929Z","11-12 inch laptop","1280","800","1272","644","1.5","18","Nov 21, 1:00 AM","false"
"numerosity_discrimination","2","111","185","20","28","0.7143","j","835","<div style=""width:100vw;height:100vh;background-color:black;""></div>","j","html-keyboard-response","573","2.0.0","24302714","177655","testolin2020_replication","2025-11-21T09:14:13.929Z","11-12 inch laptop","1280","800","1272","644","1.5","18","Nov 21, 1:00 AM","true"
"numerosity_discrimination","2","112","148","25","18","0.72","j","403","<div style=""width:100vw;height:100vh;background-color:black;""></div>","f","html-keyboard-response","578","2.0.0","24305417","177655","testolin2020_replication","2025-11-21T09:14:13.929Z","11-12 inch laptop","1280","800","1272","644","1.5","18","Nov 21, 1:00 AM","false"
"numerosity_discrimination","2","113","157","7","10","0.7","j","779","<div style=""width:100vw;height:100vh;background-color:black;""></div>","j","html-keyboard-response","583","2.0.0","24308861","177655","testolin2020_replication","2025-11-21T09:14:13.929Z","11-12 inch laptop","1280","800","1272","644","1.5","18","Nov 21, 1:00 AM","true"
"numerosity_discrimination","2","114","141","20","14","0.7","j","208","<div style=""width:100vw;height:100vh;background-color:black;""></div>","f","html-keyboard-response","588","2.0.0","24311463","177655","testolin2020_replication","2025-11-21T09:14:13.929Z","11-12 inch laptop","1280","800","1272","644","1.5","18","Nov 21, 1:00 AM","false"
"numerosity_discrimination","2","115","253","22","14","0.6364","j","198","<div style=""width:100vw;height:100vh;background-color:black;""></div>","f","html-keyboard-response","593","2.0.0","24313966","177655","testolin2020_replication","2025-11-21T09:14:13.929Z","11-12 inch laptop","1280","800","1272","644","1.5","18","Nov 21, 1:00 AM","false"
"numerosity_discrimination","2","116","214","20","12","0.6","j","768","<div style=""width:100vw;height:100vh;background-color:black;""></div>","f","html-keyboard-response","598","2.0.0","24317263","177655","testolin2020_replication","2025-11-21T09:14:13.929Z","11-12 inch laptop","1280","800","1272","644","1.5","18","Nov 21, 1:00 AM","false"
"numerosity_discrimination","2","117","102","8","7","0.875","j","606","<div style=""width:100vw;height:100vh;background-color:black;""></div>","f","html-keyboard-response","603","2.0.0","24320469","177655","testolin2020_replication","2025-11-21T09:14:13.929Z","11-12 inch laptop","1280","800","1272","644","1.5","18","Nov 21, 1:00 AM","false"
"numerosity_discrimination","2","118","96","12","10","0.8333","j","369","<div style=""width:100vw;height:100vh;background-color:black;""></div>","f","html-keyboard-response","608","2.0.0","24323534","177655","testolin2020_replication","2025-11-21T09:14:13.929Z","11-12 inch laptop","1280","800","1272","644","1.5","18","Nov 21, 1:00 AM","false"
"numerosity_discrimination","2","119","220","28","18","0.6429","j","146","<div style=""width:100vw;height:100vh;background-color:black;""></div>","f","html-keyboard-response","613","2.0.0","24325861","177655","testolin2020_replication","2025-11-21T09:14:13.929Z","11-12 inch laptop","1280","800","1272","644","1.5","18","Nov 21, 1:00 AM","false"
"numerosity_discrimination","2","120","142","11","14","0.7857","j","132","<div style=""width:100vw;height:100vh;background-color:black;""></div>","j","html-keyboard-response","618","2.0.0","24328512","177655","testolin2020_replication","2025-11-21T09:14:13.929Z","11-12 inch laptop","1280","800","1272","644","1.5","18","Nov 21, 1:00 AM","true"
"numerosity_discrimination","2","121","183","14","20","0.7","j","1142","<div style=""width:100vw;height:100vh;background-color:black;""></div>","j","html-keyboard-response","623","2.0.0","24331853","177655","testolin2020_replication","2025-11-21T09:14:13.929Z","11-12 inch laptop","1280","800","1272","644","1.5","18","Nov 21, 1:00 AM","true"
"numerosity_discrimination","2","122","291","11","20","0.55","j","942","<div style=""width:100vw;height:100vh;background-color:black;""></div>","f","html-keyboard-response","628","2.0.0","24335170","177655","testolin2020_replication","2025-11-21T09:14:13.929Z","11-12 inch laptop","1280","800","1272","644","1.5","18","Nov 21, 1:00 AM","false"
"numerosity_discrimination","2","123","248","22","14","0.6364","j","505","<div style=""width:100vw;height:100vh;background-color:black;""></div>","f","html-keyboard-response","633","2.0.0","24337916","177655","testolin2020_replication","2025-11-21T09:14:13.929Z","11-12 inch laptop","1280","800","1272","644","1.5","18","Nov 21, 1:00 AM","false"
"numerosity_discrimination","2","124","230","10","16","0.625","j","419","<div style=""width:100vw;height:100vh;background-color:black;""></div>","f","html-keyboard-response","638","2.0.0","24340785","177655","testolin2020_replication","2025-11-21T09:14:13.929Z","11-12 inch laptop","1280","800","1272","644","1.5","18","Nov 21, 1:00 AM","false"
"numerosity_discrimination","2","125","283","20","11","0.55","j","537","<div style=""width:100vw;height:100vh;background-color:black;""></div>","f","html-keyboard-response","643","2.0.0","24343964","177655","testolin2020_replication","2025-11-21T09:14:13.929Z","11-12 inch laptop","1280","800","1272","644","1.5","18","Nov 21, 1:00 AM","false"
"numerosity_discrimination","2","126","14","8","7","0.875","j","1479","<div style=""width:100vw;height:100vh;background-color:black;""></div>","f","html-keyboard-response","648","2.0.0","24348125","177655","testolin2020_replication","2025-11-21T09:14:13.929Z","11-12 inch laptop","1280","800","1272","644","1.5","18","Nov 21, 1:00 AM","false"
"numerosity_discrimination","2","127","297","18","10","0.5556","j","629","<div style=""width:100vw;height:100vh;background-color:black;""></div>","f","html-keyboard-response","653","2.0.0","24351084","177655","testolin2020_replication","2025-11-21T09:14:13.929Z","11-12 inch laptop","1280","800","1272","644","1.5","18","Nov 21, 1:00 AM","false"
"numerosity_discrimination","2","128","250","18","12","0.6667","j","1146","<div style=""width:100vw;height:100vh;background-color:black;""></div>","f","html-keyboard-response","658","2.0.0","24354588","177655","testolin2020_replication","2025-11-21T09:14:13.929Z","11-12 inch laptop","1280","800","1272","644","1.5","18","Nov 21, 1:00 AM","false"
"numerosity_discrimination","2","129","79","16","18","0.8889","j","287","<div style=""width:100vw;height:100vh;background-color:black;""></div>","f","html-keyboard-response","663","2.0.0","24357511","177655","testolin2020_replication","2025-11-21T09:14:13.929Z","11-12 inch laptop","1280","800","1272","644","1.5","18","Nov 21, 1:00 AM","false"
"numerosity_discrimination","2","130","171","12","9","0.75","j","323","<div style=""width:100vw;height:100vh;background-color:black;""></div>","f","html-keyboard-response","668","2.0.0","24360482","177655","testolin2020_replication","2025-11-21T09:14:13.929Z","11-12 inch laptop","1280","800","1272","644","1.5","18","Nov 21, 1:00 AM","false"
"numerosity_discrimination","2","131","8","16","14","0.875","j","93","<div style=""width:100vw;height:100vh;background-color:black;""></div>","f","html-keyboard-response","673","2.0.0","24362857","177655","testolin2020_replication","2025-11-21T09:14:13.929Z","11-12 inch laptop","1280","800","1272","644","1.5","18","Nov 21, 1:00 AM","false"
"numerosity_discrimination","2","132","107","16","18","0.8889","j","364","<div style=""width:100vw;height:100vh;background-color:black;""></div>","f","html-keyboard-response","678","2.0.0","24365782","177655","testolin2020_replication","2025-11-21T09:14:13.929Z","11-12 inch laptop","1280","800","1272","644","1.5","18","Nov 21, 1:00 AM","false"
"numerosity_discrimination","2","133","99","22","18","0.8182","j","72","<div style=""width:100vw;height:100vh;background-color:black;""></div>","f","html-keyboard-response","683","2.0.0","24368339","177655","testolin2020_replication","2025-11-21T09:14:13.929Z","11-12 inch laptop","1280","800","1272","644","1.5","18","Nov 21, 1:00 AM","false"
"numerosity_discrimination","2","134","224","9","14","0.6429","j","223","<div style=""width:100vw;height:100vh;background-color:black;""></div>","f","html-keyboard-response","688","2.0.0","24370958","177655","testolin2020_replication","2025-11-21T09:14:13.929Z","11-12 inch laptop","1280","800","1272","644","1.5","18","Nov 21, 1:00 AM","false"
"numerosity_discrimination","2","135","151","9","7","0.7778","j","241","<div style=""width:100vw;height:100vh;background-color:black;""></div>","f","html-keyboard-response","693","2.0.0","24373554","177655","testolin2020_replication","2025-11-21T09:14:13.929Z","11-12 inch laptop","1280","800","1272","644","1.5","18","Nov 21, 1:00 AM","false"
"numerosity_discrimination","2","136","133","10","14","0.7143","j","252","<div style=""width:100vw;height:100vh;background-color:black;""></div>","f","html-keyboard-response","698","2.0.0","24376482","177655","testolin2020_replication","2025-11-21T09:14:13.929Z","11-12 inch laptop","1280","800","1272","644","1.5","18","Nov 21, 1:00 AM","false"
"numerosity_discrimination","2","137","258","14","22","0.6364","j","294","<div style=""width:100vw;height:100vh;background-color:black;""></div>","f","html-keyboard-response","703","2.0.0","24379352","177655","testolin2020_replication","2025-11-21T09:14:13.929Z","11-12 inch laptop","1280","800","1272","644","1.5","18","Nov 21, 1:00 AM","false"
"numerosity_discrimination","2","138","82","16","14","0.875","j","70","<div style=""width:100vw;height:100vh;background-color:black;""></div>","f","html-keyboard-response","708","2.0.0","24381929","177655","testolin2020_replication","2025-11-21T09:14:13.929Z","11-12 inch laptop","1280","800","1272","644","1.5","18","Nov 21, 1:00 AM","false"
"numerosity_discrimination","2","139","146","10","14","0.7143","j","553","<div style=""width:100vw;height:100vh;background-color:black;""></div>","f","html-keyboard-response","713","2.0.0","24384890","177655","testolin2020_replication","2025-11-21T09:14:13.929Z","11-12 inch laptop","1280","800","1272","644","1.5","18","Nov 21, 1:00 AM","false"
"numerosity_discrimination","2","140","215","16","11","0.6875","j","40","<div style=""width:100vw;height:100vh;background-color:black;""></div>","f","html-keyboard-response","718","2.0.0","24387361","177655","testolin2020_replication","2025-11-21T09:14:13.929Z","11-12 inch laptop","1280","800","1272","644","1.5","18","Nov 21, 1:00 AM","false"
"numerosity_discrimination","2","141","209","9","7","0.7778","j","39","<div style=""width:100vw;height:100vh;background-color:black;""></div>","f","html-keyboard-response","723","2.0.0","24389843","177655","testolin2020_replication","2025-11-21T09:14:13.929Z","11-12 inch laptop","1280","800","1272","644","1.5","18","Nov 21, 1:00 AM","false"
"numerosity_discrimination","2","142","156","12","16","0.75","j","4666","<div style=""width:100vw;height:100vh;background-color:black;""></div>","f","html-keyboard-response","728","2.0.0","24396886","177655","testolin2020_replication","2025-11-21T09:14:13.929Z","11-12 inch laptop","1280","800","1272","644","1.5","18","Nov 21, 1:00 AM","false"
"numerosity_discrimination","2","143","181","10","14","0.7143","j","288","<div style=""width:100vw;height:100vh;background-color:black;""></div>","f","html-keyboard-response","733","2.0.0","24399535","177655","testolin2020_replication","2025-11-21T09:14:13.929Z","11-12 inch laptop","1280","800","1272","644","1.5","18","Nov 21, 1:00 AM","false"
"numerosity_discrimination","2","144","270","14","22","0.6364","j","607","<div style=""width:100vw;height:100vh;background-color:black;""></div>","f","html-keyboard-response","738","2.0.0","24402805","177655","testolin2020_replication","2025-11-21T09:14:13.929Z","11-12 inch laptop","1280","800","1272","644","1.5","18","Nov 21, 1:00 AM","false"
"numerosity_discrimination","2","145","293","7","12","0.5833","j","842","<div style=""width:100vw;height:100vh;background-color:black;""></div>","f","html-keyboard-response","743","2.0.0","24406033","177655","testolin2020_replication","2025-11-21T09:14:13.929Z","11-12 inch laptop","1280","800","1272","644","1.5","18","Nov 21, 1:00 AM","false"
"numerosity_discrimination","2","146","154","11","14","0.7857","j","411","<div style=""width:100vw;height:100vh;background-color:black;""></div>","f","html-keyboard-response","748","2.0.0","24408684","177655","testolin2020_replication","2025-11-21T09:14:13.929Z","11-12 inch laptop","1280","800","1272","644","1.5","18","Nov 21, 1:00 AM","false"
"numerosity_discrimination","2","147","137","10","7","0.7","j","378","<div style=""width:100vw;height:100vh;background-color:black;""></div>","f","html-keyboard-response","753","2.0.0","24411565","177655","testolin2020_replication","2025-11-21T09:14:13.929Z","11-12 inch laptop","1280","800","1272","644","1.5","18","Nov 21, 1:00 AM","false"
"numerosity_discrimination","2","148","95","9","8","0.8889","j","432","<div style=""width:100vw;height:100vh;background-color:black;""></div>","f","html-keyboard-response","758","2.0.0","24414515","177655","testolin2020_replication","2025-11-21T09:14:13.929Z","11-12 inch laptop","1280","800","1272","644","1.5","18","Nov 21, 1:00 AM","false"
"numerosity_discrimination","2","149","240","20","12","0.6","j","826","<div style=""width:100vw;height:100vh;background-color:black;""></div>","f","html-keyboard-response","763","2.0.0","24417756","177655","testolin2020_replication","2025-11-21T09:14:13.929Z","11-12 inch laptop","1280","800","1272","644","1.5","18","Nov 21, 1:00 AM","false"
"numerosity_discrimination","2","150","191","28","20","0.7143","j","698","<div style=""width:100vw;height:100vh;background-color:black;""></div>","f","html-keyboard-response","768","2.0.0","24421054","177655","testolin2020_replication","2025-11-21T09:14:13.929Z","11-12 inch laptop","1280","800","1272","644","1.5","18","Nov 21, 1:00 AM","false"
"numerosity_discrimination","2","151","162","16","22","0.7273","j","98","<div style=""width:100vw;height:100vh;background-color:black;""></div>","f","html-keyboard-response","773","2.0.0","24423401","177655","testolin2020_replication","2025-11-21T09:14:13.929Z","11-12 inch laptop","1280","800","1272","644","1.5","18","Nov 21, 1:00 AM","false"
"numerosity_discrimination","2","152","64","9","11","0.8182","j","78","<div style=""width:100vw;height:100vh;background-color:black;""></div>","f","html-keyboard-response","778","2.0.0","24425747","177655","testolin2020_replication","2025-11-21T09:14:13.929Z","11-12 inch laptop","1280","800","1272","644","1.5","18","Nov 21, 1:00 AM","false"
"numerosity_discrimination","2","153","58","18","22","0.8182","j","160","<div style=""width:100vw;height:100vh;background-color:black;""></div>","f","html-keyboard-response","783","2.0.0","24428410","177655","testolin2020_replication","2025-11-21T09:14:13.929Z","11-12 inch laptop","1280","800","1272","644","1.5","18","Nov 21, 1:00 AM","false"
"numerosity_discrimination","2","154","66","9","11","0.8182","j","333","<div style=""width:100vw;height:100vh;background-color:black;""></div>","f","html-keyboard-response","788","2.0.0","24431221","177655","testolin2020_replication","2025-11-21T09:14:13.929Z","11-12 inch laptop","1280","800","1272","644","1.5","18","Nov 21, 1:00 AM","false"
"numerosity_discrimination","2","155","266","7","11","0.6364","j","828","<div style=""width:100vw;height:100vh;background-color:black;""></div>","j","html-keyboard-response","793","2.0.0","24434549","177655","testolin2020_replication","2025-11-21T09:14:13.929Z","11-12 inch laptop","1280","800","1272","644","1.5","18","Nov 21, 1:00 AM","true"
"numerosity_discrimination","2","156","90","7","8","0.875","j","289","<div style=""width:100vw;height:100vh;background-color:black;""></div>","f","html-keyboard-response","798","2.0.0","24437259","177655","testolin2020_replication","2025-11-21T09:14:13.929Z","11-12 inch laptop","1280","800","1272","644","1.5","18","Nov 21, 1:00 AM","false"
"numerosity_discrimination","2","157","74","12","10","0.8333","j","296","<div style=""width:100vw;height:100vh;background-color:black;""></div>","f","html-keyboard-response","803","2.0.0","24439975","177655","testolin2020_replication","2025-11-21T09:14:13.929Z","11-12 inch laptop","1280","800","1272","644","1.5","18","Nov 21, 1:00 AM","false"
"numerosity_discrimination","2","158","288","18","10","0.5556","j","397","<div style=""width:100vw;height:100vh;background-color:black;""></div>","f","html-keyboard-response","808","2.0.0","24442864","177655","testolin2020_replication","2025-11-21T09:14:13.929Z","11-12 inch laptop","1280","800","1272","644","1.5","18","Nov 21, 1:00 AM","false"
"numerosity_discrimination","2","159","85","7","8","0.875","j","332","<div style=""width:100vw;height:100vh;background-color:black;""></div>","f","html-keyboard-response","813","2.0.0","24445570","177655","testolin2020_replication","2025-11-21T09:14:13.929Z","11-12 inch laptop","1280","800","1272","644","1.5","18","Nov 21, 1:00 AM","false"
"numerosity_discrimination","2","160","87","14","16","0.875","j","340","<div style=""width:100vw;height:100vh;background-color:black;""></div>","f","html-keyboard-response","818","2.0.0","24448418","177655","testolin2020_replication","2025-11-21T09:14:13.929Z","11-12 inch laptop","1280","800","1272","644","1.5","18","Nov 21, 1:00 AM","false"
"numerosity_discrimination","2","161","205","14","11","0.7857","j","175","<div style=""width:100vw;height:100vh;background-color:black;""></div>","f","html-keyboard-response","823","2.0.0","24450863","177655","testolin2020_replication","2025-11-21T09:14:13.929Z","11-12 inch laptop","1280","800","1272","644","1.5","18","Nov 21, 1:00 AM","false"
"numerosity_discrimination","2","162","83","7","8","0.875","j","873","<div style=""width:100vw;height:100vh;background-color:black;""></div>","j","html-keyboard-response","828","2.0.0","24454063","177655","testolin2020_replication","2025-11-21T09:14:13.929Z","11-12 inch laptop","1280","800","1272","644","1.5","18","Nov 21, 1:00 AM","true"
"numerosity_discrimination","2","163","292","8","14","0.5714","j","25","<div style=""width:100vw;height:100vh;background-color:black;""></div>","f","html-keyboard-response","833","2.0.0","24456371","177655","testolin2020_replication","2025-11-21T09:14:13.929Z","11-12 inch laptop","1280","800","1272","644","1.5","18","Nov 21, 1:00 AM","false"
"numerosity_discrimination","2","164","24","12","10","0.8333","j","227","<div style=""width:100vw;height:100vh;background-color:black;""></div>","f","html-keyboard-response","838","2.0.0","24459071","177655","testolin2020_replication","2025-11-21T09:14:13.929Z","11-12 inch laptop","1280","800","1272","644","1.5","18","Nov 21, 1:00 AM","false"
"numerosity_discrimination","2","165","114","20","16","0.8","j","343","<div style=""width:100vw;height:100vh;background-color:black;""></div>","f","html-keyboard-response","843","2.0.0","24461603","177655","testolin2020_replication","2025-11-21T09:14:13.929Z","11-12 inch laptop","1280","800","1272","644","1.5","18","Nov 21, 1:00 AM","false"
"numerosity_discrimination","2","166","20","7","8","0.875","j","455","<div style=""width:100vw;height:100vh;background-color:black;""></div>","f","html-keyboard-response","848","2.0.0","24464292","177655","testolin2020_replication","2025-11-21T09:14:13.929Z","11-12 inch laptop","1280","800","1272","644","1.5","18","Nov 21, 1:00 AM","false"
"numerosity_discrimination","2","167","36","9","11","0.8182","j","183","<div style=""width:100vw;height:100vh;background-color:black;""></div>","f","html-keyboard-response","853","2.0.0","24467099","177655","testolin2020_replication","2025-11-21T09:14:13.929Z","11-12 inch laptop","1280","800","1272","644","1.5","18","Nov 21, 1:00 AM","false"
"numerosity_discrimination","2","168","131","11","14","0.7857","j","270","<div style=""width:100vw;height:100vh;background-color:black;""></div>","f","html-keyboard-response","858","2.0.0","24469685","177655","testolin2020_replication","2025-11-21T09:14:13.929Z","11-12 inch laptop","1280","800","1272","644","1.5","18","Nov 21, 1:00 AM","false"
"numerosity_discrimination","2","169","190","18","14","0.7778","j","231","<div style=""width:100vw;height:100vh;background-color:black;""></div>","f","html-keyboard-response","863","2.0.0","24472580","177655","testolin2020_replication","2025-11-21T09:14:13.929Z","11-12 inch laptop","1280","800","1272","644","1.5","18","Nov 21, 1:00 AM","false"
"numerosity_discrimination","2","170","129","12","9","0.75","j","325","<div style=""width:100vw;height:100vh;background-color:black;""></div>","f","html-keyboard-response","868","2.0.0","24475139","177655","testolin2020_replication","2025-11-21T09:14:13.929Z","11-12 inch laptop","1280","800","1272","644","1.5","18","Nov 21, 1:00 AM","false"
"numerosity_discrimination","2","171","12","20","16","0.8","j","327","<div style=""width:100vw;height:100vh;background-color:black;""></div>","f","html-keyboard-response","873","2.0.0","24477842","177655","testolin2020_replication","2025-11-21T09:14:13.929Z","11-12 inch laptop","1280","800","1272","644","1.5","18","Nov 21, 1:00 AM","false"
"numerosity_discrimination","2","172","42","22","25","0.88","j","313","<div style=""width:100vw;height:100vh;background-color:black;""></div>","f","html-keyboard-response","878","2.0.0","24480639","177655","testolin2020_replication","2025-11-21T09:14:13.929Z","11-12 inch laptop","1280","800","1272","644","1.5","18","Nov 21, 1:00 AM","false"
"numerosity_discrimination","2","173","127","14","10","0.7143","j","71","<div style=""width:100vw;height:100vh;background-color:black;""></div>","f","html-keyboard-response","883","2.0.0","24482918","177655","testolin2020_replication","2025-11-21T09:14:13.929Z","11-12 inch laptop","1280","800","1272","644","1.5","18","Nov 21, 1:00 AM","false"
"numerosity_discrimination","2","174","13","7","8","0.875","j","416","<div style=""width:100vw;height:100vh;background-color:black;""></div>","f","html-keyboard-response","888","2.0.0","24485617","177655","testolin2020_replication","2025-11-21T09:14:13.929Z","11-12 inch laptop","1280","800","1272","644","1.5","18","Nov 21, 1:00 AM","false"
"numerosity_discrimination","2","175","196","12","16","0.75","j","221","<div style=""width:100vw;height:100vh;background-color:black;""></div>","f","html-keyboard-response","893","2.0.0","24488124","177655","testolin2020_replication","2025-11-21T09:14:13.929Z","11-12 inch laptop","1280","800","1272","644","1.5","18","Nov 21, 1:00 AM","false"
"numerosity_discrimination","2","176","210","14","11","0.7857","j","135","<div style=""width:100vw;height:100vh;background-color:black;""></div>","f","html-keyboard-response","898","2.0.0","24490833","177655","testolin2020_replication","2025-11-21T09:14:13.929Z","11-12 inch laptop","1280","800","1272","644","1.5","18","Nov 21, 1:00 AM","false"
"numerosity_discrimination","2","177","65","12","14","0.8571","j","831","<div style=""width:100vw;height:100vh;background-color:black;""></div>","j","html-keyboard-response","903","2.0.0","24493956","177655","testolin2020_replication","2025-11-21T09:14:13.929Z","11-12 inch laptop","1280","800","1272","644","1.5","18","Nov 21, 1:00 AM","true"
"numerosity_discrimination","2","178","121","12","16","0.75","j","294","<div style=""width:100vw;height:100vh;background-color:black;""></div>","f","html-keyboard-response","908","2.0.0","24496451","177655","testolin2020_replication","2025-11-21T09:14:13.929Z","11-12 inch laptop","1280","800","1272","644","1.5","18","Nov 21, 1:00 AM","false"
"numerosity_discrimination","2","179","76","8","7","0.875","j","287","<div style=""width:100vw;height:100vh;background-color:black;""></div>","f","html-keyboard-response","913","2.0.0","24499088","177655","testolin2020_replication","2025-11-21T09:14:13.929Z","11-12 inch laptop","1280","800","1272","644","1.5","18","Nov 21, 1:00 AM","false"
"numerosity_discrimination","2","180","174","22","16","0.7273","j","443","<div style=""width:100vw;height:100vh;background-color:black;""></div>","f","html-keyboard-response","918","2.0.0","24502024","177655","testolin2020_replication","2025-11-21T09:14:13.929Z","11-12 inch laptop","1280","800","1272","644","1.5","18","Nov 21, 1:00 AM","false"
"numerosity_discrimination","2","181","273","18","9","0.5","j","252","<div style=""width:100vw;height:100vh;background-color:black;""></div>","f","html-keyboard-response","923","2.0.0","24504650","177655","testolin2020_replication","2025-11-21T09:14:13.929Z","11-12 inch laptop","1280","800","1272","644","1.5","18","Nov 21, 1:00 AM","false"
"numerosity_discrimination","2","182","176","10","14","0.7143","j","290","<div style=""width:100vw;height:100vh;background-color:black;""></div>","f","html-keyboard-response","928","2.0.0","24507471","177655","testolin2020_replication","2025-11-21T09:14:13.929Z","11-12 inch laptop","1280","800","1272","644","1.5","18","Nov 21, 1:00 AM","false"
"numerosity_discrimination","2","183","50","14","16","0.875","j","410","<div style=""width:100vw;height:100vh;background-color:black;""></div>","f","html-keyboard-response","933","2.0.0","24510430","177655","testolin2020_replication","2025-11-21T09:14:13.929Z","11-12 inch laptop","1280","800","1272","644","1.5","18","Nov 21, 1:00 AM","false"
"numerosity_discrimination","2","184","145","12","9","0.75","j","686","<div style=""width:100vw;height:100vh;background-color:black;""></div>","f","html-keyboard-response","938","2.0.0","24513367","177655","testolin2020_replication","2025-11-21T09:14:13.929Z","11-12 inch laptop","1280","800","1272","644","1.5","18","Nov 21, 1:00 AM","false"
"numerosity_discrimination","2","185","219","9","14","0.6429","j","286","<div style=""width:100vw;height:100vh;background-color:black;""></div>","j","html-keyboard-response","943","2.0.0","24515897","177655","testolin2020_replication","2025-11-21T09:14:13.929Z","11-12 inch laptop","1280","800","1272","644","1.5","18","Nov 21, 1:00 AM","true"
"numerosity_discrimination","2","186","3","16","14","0.875","j","603","<div style=""width:100vw;height:100vh;background-color:black;""></div>","f","html-keyboard-response","948","2.0.0","24518988","177655","testolin2020_replication","2025-11-21T09:14:13.929Z","11-12 inch laptop","1280","800","1272","644","1.5","18","Nov 21, 1:00 AM","false"
"numerosity_discrimination","2","187","201","20","14","0.7","j","170","<div style=""width:100vw;height:100vh;background-color:black;""></div>","f","html-keyboard-response","953","2.0.0","24521401","177655","testolin2020_replication","2025-11-21T09:14:13.929Z","11-12 inch laptop","1280","800","1272","644","1.5","18","Nov 21, 1:00 AM","false"
"numerosity_discrimination","2","188","44","20","16","0.8","j","71","<div style=""width:100vw;height:100vh;background-color:black;""></div>","f","html-keyboard-response","958","2.0.0","24523861","177655","testolin2020_replication","2025-11-21T09:14:13.929Z","11-12 inch laptop","1280","800","1272","644","1.5","18","Nov 21, 1:00 AM","false"
"numerosity_discrimination","2","189","136","10","14","0.7143","j","293","<div style=""width:100vw;height:100vh;background-color:black;""></div>","f","html-keyboard-response","963","2.0.0","24526399","177655","testolin2020_replication","2025-11-21T09:14:13.929Z","11-12 inch laptop","1280","800","1272","644","1.5","18","Nov 21, 1:00 AM","false"
"numerosity_discrimination","2","190","237","20","12","0.6","j","270","<div style=""width:100vw;height:100vh;background-color:black;""></div>","f","html-keyboard-response","968","2.0.0","24528989","177655","testolin2020_replication","2025-11-21T09:14:13.929Z","11-12 inch laptop","1280","800","1272","644","1.5","18","Nov 21, 1:00 AM","false"
"numerosity_discrimination","2","191","294","7","12","0.5833","j","375","<div style=""width:100vw;height:100vh;background-color:black;""></div>","j","html-keyboard-response","973","2.0.0","24531931","177655","testolin2020_replication","2025-11-21T09:14:13.929Z","11-12 inch laptop","1280","800","1272","644","1.5","18","Nov 21, 1:00 AM","true"
"numerosity_discrimination","2","192","21","22","18","0.8182","j","482","<div style=""width:100vw;height:100vh;background-color:black;""></div>","f","html-keyboard-response","978","2.0.0","24534746","177655","testolin2020_replication","2025-11-21T09:14:13.929Z","11-12 inch laptop","1280","800","1272","644","1.5","18","Nov 21, 1:00 AM","false"
"numerosity_discrimination","2","193","125","11","14","0.7857","j","417","<div style=""width:100vw;height:100vh;background-color:black;""></div>","f","html-keyboard-response","983","2.0.0","24537609","177655","testolin2020_replication","2025-11-21T09:14:13.929Z","11-12 inch laptop","1280","800","1272","644","1.5","18","Nov 21, 1:00 AM","false"
"numerosity_discrimination","2","194","228","11","16","0.6875","j","413","<div style=""width:100vw;height:100vh;background-color:black;""></div>","j","html-keyboard-response","988","2.0.0","24540380","177655","testolin2020_replication","2025-11-21T09:14:13.929Z","11-12 inch laptop","1280","800","1272","644","1.5","18","Nov 21, 1:00 AM","true"
"numerosity_discrimination","2","195","111","11","9","0.8182","j","938","<div style=""width:100vw;height:100vh;background-color:black;""></div>","f","html-keyboard-response","993","2.0.0","24543721","177655","testolin2020_replication","2025-11-21T09:14:13.929Z","11-12 inch laptop","1280","800","1272","644","1.5","18","Nov 21, 1:00 AM","false"
"numerosity_discrimination","2","196","62","12","14","0.8571","j","443","<div style=""width:100vw;height:100vh;background-color:black;""></div>","f","html-keyboard-response","998","2.0.0","24546718","177655","testolin2020_replication","2025-11-21T09:14:13.929Z","11-12 inch laptop","1280","800","1272","644","1.5","18","Nov 21, 1:00 AM","false"
"numerosity_discrimination","2","197","153","16","22","0.7273","j","530","<div style=""width:100vw;height:100vh;background-color:black;""></div>","j","html-keyboard-response","1003","2.0.0","24549803","177655","testolin2020_replication","2025-11-21T09:14:13.929Z","11-12 inch laptop","1280","800","1272","644","1.5","18","Nov 21, 1:00 AM","true"
"numerosity_discrimination","2","198","199","20","28","0.7143","j","4039","<div style=""width:100vw;height:100vh;background-color:black;""></div>","j","html-keyboard-response","1008","2.0.0","24556084","177655","testolin2020_replication","2025-11-21T09:14:13.929Z","11-12 inch laptop","1280","800","1272","644","1.5","18","Nov 21, 1:00 AM","true"
"numerosity_discrimination","2","199","132","20","14","0.7","j","464","<div style=""width:100vw;height:100vh;background-color:black;""></div>","f","html-keyboard-response","1013","2.0.0","24559062","177655","testolin2020_replication","2025-11-21T09:14:13.929Z","11-12 inch laptop","1280","800","1272","644","1.5","18","Nov 21, 1:00 AM","false"
"numerosity_discrimination","2","200","84","7","8","0.875","j","682","<div style=""width:100vw;height:100vh;background-color:black;""></div>","j","html-keyboard-response","1018","2.0.0","24562431","177655","testolin2020_replication","2025-11-21T09:14:13.929Z","11-12 inch laptop","1280","800","1272","644","1.5","18","Nov 21, 1:00 AM","true"
"numerosity_discrimination","3","201","300","9","16","0.5625","j","463","<div style=""width:100vw;height:100vh;background-color:black;""></div>","f","html-keyboard-response","1025","2.0.0","32500596","177655","testolin2020_replication","2025-11-21T09:14:13.929Z","11-12 inch laptop","1280","800","1272","644","1.5","18","Nov 21, 1:00 AM","false"
"numerosity_discrimination","3","202","234","14","9","0.6429","j","2825","<div style=""width:100vw;height:100vh;background-color:black;""></div>","f","html-keyboard-response","1030","2.0.0","32505728","177655","testolin2020_replication","2025-11-21T09:14:13.929Z","11-12 inch laptop","1280","800","1272","644","1.5","18","Nov 21, 1:00 AM","false"
"numerosity_discrimination","3","203","5","22","18","0.8182","j","489","<div style=""width:100vw;height:100vh;background-color:black;""></div>","f","html-keyboard-response","1035","2.0.0","32508609","177655","testolin2020_replication","2025-11-21T09:14:13.929Z","11-12 inch laptop","1280","800","1272","644","1.5","18","Nov 21, 1:00 AM","false"
"numerosity_discrimination","3","204","170","12","16","0.75","j","610","<div style=""width:100vw;height:100vh;background-color:black;""></div>","f","html-keyboard-response","1040","2.0.0","32511850","177655","testolin2020_replication","2025-11-21T09:14:13.929Z","11-12 inch laptop","1280","800","1272","644","1.5","18","Nov 21, 1:00 AM","false"
"numerosity_discrimination","3","205","28","8","9","0.8889","j","300","<div style=""width:100vw;height:100vh;background-color:black;""></div>","j","html-keyboard-response","1045","2.0.0","32514804","177655","testolin2020_replication","2025-11-21T09:14:13.929Z","11-12 inch laptop","1280","800","1272","644","1.5","18","Nov 21, 1:00 AM","true"
"numerosity_discrimination","3","206","284","14","28","0.5","j","285","<div style=""width:100vw;height:100vh;background-color:black;""></div>","f","html-keyboard-response","1050","2.0.0","32517496","177655","testolin2020_replication","2025-11-21T09:14:13.929Z","11-12 inch laptop","1280","800","1272","644","1.5","18","Nov 21, 1:00 AM","false"
"numerosity_discrimination","3","207","29","12","14","0.8571","j","98","<div style=""width:100vw;height:100vh;background-color:black;""></div>","f","html-keyboard-response","1055","2.0.0","32520088","177655","testolin2020_replication","2025-11-21T09:14:13.929Z","11-12 inch laptop","1280","800","1272","644","1.5","18","Nov 21, 1:00 AM","false"
"numerosity_discrimination","3","208","93","8","10","0.8","j","584","<div style=""width:100vw;height:100vh;background-color:black;""></div>","f","html-keyboard-response","1060","2.0.0","32523057","177655","testolin2020_replication","2025-11-21T09:14:13.929Z","11-12 inch laptop","1280","800","1272","644","1.5","18","Nov 21, 1:00 AM","false"
"numerosity_discrimination","3","209","257","10","16","0.625","j","802","<div style=""width:100vw;height:100vh;background-color:black;""></div>","f","html-keyboard-response","1065","2.0.0","32526162","177655","testolin2020_replication","2025-11-21T09:14:13.929Z","11-12 inch laptop","1280","800","1272","644","1.5","18","Nov 21, 1:00 AM","false"
"numerosity_discrimination","3","210","16","20","16","0.8","j","398","<div style=""width:100vw;height:100vh;background-color:black;""></div>","f","html-keyboard-response","1070","2.0.0","32528864","177655","testolin2020_replication","2025-11-21T09:14:13.929Z","11-12 inch laptop","1280","800","1272","644","1.5","18","Nov 21, 1:00 AM","false"
"numerosity_discrimination","3","211","189","16","22","0.7273","j","590","<div style=""width:100vw;height:100vh;background-color:black;""></div>","j","html-keyboard-response","1075","2.0.0","32531994","177655","testolin2020_replication","2025-11-21T09:14:13.929Z","11-12 inch laptop","1280","800","1272","644","1.5","18","Nov 21, 1:00 AM","true"
"numerosity_discrimination","3","212","135","9","12","0.75","j","394","<div style=""width:100vw;height:100vh;background-color:black;""></div>","f","html-keyboard-response","1080","2.0.0","32534953","177655","testolin2020_replication","2025-11-21T09:14:13.929Z","11-12 inch laptop","1280","800","1272","644","1.5","18","Nov 21, 1:00 AM","false"
"numerosity_discrimination","3","213","260","25","16","0.64","j","346","<div style=""width:100vw;height:100vh;background-color:black;""></div>","f","html-keyboard-response","1085","2.0.0","32537928","177655","testolin2020_replication","2025-11-21T09:14:13.929Z","11-12 inch laptop","1280","800","1272","644","1.5","18","Nov 21, 1:00 AM","false"
"numerosity_discrimination","3","214","241","7","11","0.6364","j","196","<div style=""width:100vw;height:100vh;background-color:black;""></div>","j","html-keyboard-response","1090","2.0.0","32540491","177655","testolin2020_replication","2025-11-21T09:14:13.929Z","11-12 inch laptop","1280","800","1272","644","1.5","18","Nov 21, 1:00 AM","true"
"numerosity_discrimination","3","215","182","12","9","0.75","j","1274","<div style=""width:100vw;height:100vh;background-color:black;""></div>","f","html-keyboard-response","1095","2.0.0","32544155","177655","testolin2020_replication","2025-11-21T09:14:13.929Z","11-12 inch laptop","1280","800","1272","644","1.5","18","Nov 21, 1:00 AM","false"
"numerosity_discrimination","3","216","15","20","25","0.8","j","387","<div style=""width:100vw;height:100vh;background-color:black;""></div>","f","html-keyboard-response","1100","2.0.0","32546929","177655","testolin2020_replication","2025-11-21T09:14:13.929Z","11-12 inch laptop","1280","800","1272","644","1.5","18","Nov 21, 1:00 AM","false"
"numerosity_discrimination","3","217","247","11","16","0.6875","j","124","<div style=""width:100vw;height:100vh;background-color:black;""></div>","f","html-keyboard-response","1105","2.0.0","32549737","177655","testolin2020_replication","2025-11-21T09:14:13.929Z","11-12 inch laptop","1280","800","1272","644","1.5","18","Nov 21, 1:00 AM","false"
"numerosity_discrimination","3","218","117","22","18","0.8182","j","192","<div style=""width:100vw;height:100vh;background-color:black;""></div>","f","html-keyboard-response","1110","2.0.0","32552208","177655","testolin2020_replication","2025-11-21T09:14:13.929Z","11-12 inch laptop","1280","800","1272","644","1.5","18","Nov 21, 1:00 AM","false"
"numerosity_discrimination","3","219","249","14","22","0.6364","j","345","<div style=""width:100vw;height:100vh;background-color:black;""></div>","f","html-keyboard-response","1115","2.0.0","32555014","177655","testolin2020_replication","2025-11-21T09:14:13.929Z","11-12 inch laptop","1280","800","1272","644","1.5","18","Nov 21, 1:00 AM","false"
"numerosity_discrimination","3","220","217","25","16","0.64","j","133","<div style=""width:100vw;height:100vh;background-color:black;""></div>","f","html-keyboard-response","1120","2.0.0","32557828","177655","testolin2020_replication","2025-11-21T09:14:13.929Z","11-12 inch laptop","1280","800","1272","644","1.5","18","Nov 21, 1:00 AM","false"
"numerosity_discrimination","3","221","242","28","18","0.6429","j","136","<div style=""width:100vw;height:100vh;background-color:black;""></div>","f","html-keyboard-response","1125","2.0.0","32560507","177655","testolin2020_replication","2025-11-21T09:14:13.929Z","11-12 inch laptop","1280","800","1272","644","1.5","18","Nov 21, 1:00 AM","false"
"numerosity_discrimination","3","222","106","25","22","0.88","j","3180","<div style=""width:100vw;height:100vh;background-color:black;""></div>","f","html-keyboard-response","1130","2.0.0","32566045","177655","testolin2020_replication","2025-11-21T09:14:13.929Z","11-12 inch laptop","1280","800","1272","644","1.5","18","Nov 21, 1:00 AM","false"
"numerosity_discrimination","3","223","101","20","25","0.8","j","237","<div style=""width:100vw;height:100vh;background-color:black;""></div>","f","html-keyboard-response","1135","2.0.0","32568630","177655","testolin2020_replication","2025-11-21T09:14:13.929Z","11-12 inch laptop","1280","800","1272","644","1.5","18","Nov 21, 1:00 AM","false"
"numerosity_discrimination","3","224","113","20","16","0.8","j","180","<div style=""width:100vw;height:100vh;background-color:black;""></div>","f","html-keyboard-response","1140","2.0.0","32571339","177655","testolin2020_replication","2025-11-21T09:14:13.929Z","11-12 inch laptop","1280","800","1272","644","1.5","18","Nov 21, 1:00 AM","false"
"numerosity_discrimination","3","225","71","22","18","0.8182","j","50","<div style=""width:100vw;height:100vh;background-color:black;""></div>","f","html-keyboard-response","1145","2.0.0","32573762","177655","testolin2020_replication","2025-11-21T09:14:13.929Z","11-12 inch laptop","1280","800","1272","644","1.5","18","Nov 21, 1:00 AM","false"
"numerosity_discrimination","3","226","52","25","28","0.8929","j","3105","<div style=""width:100vw;height:100vh;background-color:black;""></div>","f","html-keyboard-response","1150","2.0.0","32579486","177655","testolin2020_replication","2025-11-21T09:14:13.929Z","11-12 inch laptop","1280","800","1272","644","1.5","18","Nov 21, 1:00 AM","false"
"numerosity_discrimination","3","227","7","14","16","0.875","j","258","<div style=""width:100vw;height:100vh;background-color:black;""></div>","j","html-keyboard-response","1155","2.0.0","32582205","177655","testolin2020_replication","2025-11-21T09:14:13.929Z","11-12 inch laptop","1280","800","1272","644","1.5","18","Nov 21, 1:00 AM","true"
"numerosity_discrimination","3","228","56","25","22","0.88","j","355","<div style=""width:100vw;height:100vh;background-color:black;""></div>","f","html-keyboard-response","1160","2.0.0","32585160","177655","testolin2020_replication","2025-11-21T09:14:13.929Z","11-12 inch laptop","1280","800","1272","644","1.5","18","Nov 21, 1:00 AM","false"
"numerosity_discrimination","3","229","138","16","12","0.75","j","665","<div style=""width:100vw;height:100vh;background-color:black;""></div>","f","html-keyboard-response","1165","2.0.0","32588346","177655","testolin2020_replication","2025-11-21T09:14:13.929Z","11-12 inch laptop","1280","800","1272","644","1.5","18","Nov 21, 1:00 AM","false"
"numerosity_discrimination","3","230","198","16","12","0.75","j","304","<div style=""width:100vw;height:100vh;background-color:black;""></div>","f","html-keyboard-response","1170","2.0.0","32591197","177655","testolin2020_replication","2025-11-21T09:14:13.929Z","11-12 inch laptop","1280","800","1272","644","1.5","18","Nov 21, 1:00 AM","false"
"numerosity_discrimination","3","231","233","8","12","0.6667","j","722","<div style=""width:100vw;height:100vh;background-color:black;""></div>","f","html-keyboard-response","1175","2.0.0","32594478","177655","testolin2020_replication","2025-11-21T09:14:13.929Z","11-12 inch laptop","1280","800","1272","644","1.5","18","Nov 21, 1:00 AM","false"
"numerosity_discrimination","3","232","264","25","16","0.64","j","331","<div style=""width:100vw;height:100vh;background-color:black;""></div>","f","html-keyboard-response","1180","2.0.0","32597477","177655","testolin2020_replication","2025-11-21T09:14:13.929Z","11-12 inch laptop","1280","800","1272","644","1.5","18","Nov 21, 1:00 AM","false"
"numerosity_discrimination","3","233","27","14","12","0.8571","j","723","<div style=""width:100vw;height:100vh;background-color:black;""></div>","f","html-keyboard-response","1185","2.0.0","32600606","177655","testolin2020_replication","2025-11-21T09:14:13.929Z","11-12 inch laptop","1280","800","1272","644","1.5","18","Nov 21, 1:00 AM","false"
"numerosity_discrimination","3","234","49","8","10","0.8","j","395","<div style=""width:100vw;height:100vh;background-color:black;""></div>","j","html-keyboard-response","1190","2.0.0","32603612","177655","testolin2020_replication","2025-11-21T09:14:13.929Z","11-12 inch laptop","1280","800","1272","644","1.5","18","Nov 21, 1:00 AM","true"
"numerosity_discrimination","3","235","10","9","11","0.8182","j","261","<div style=""width:100vw;height:100vh;background-color:black;""></div>","j","html-keyboard-response","1195","2.0.0","32606071","177655","testolin2020_replication","2025-11-21T09:14:13.929Z","11-12 inch laptop","1280","800","1272","644","1.5","18","Nov 21, 1:00 AM","true"
"numerosity_discrimination","3","236","232","8","12","0.6667","j","314","<div style=""width:100vw;height:100vh;background-color:black;""></div>","j","html-keyboard-response","1200","2.0.0","32608923","177655","testolin2020_replication","2025-11-21T09:14:13.929Z","11-12 inch laptop","1280","800","1272","644","1.5","18","Nov 21, 1:00 AM","true"
"numerosity_discrimination","3","237","69","10","8","0.8","j","441","<div style=""width:100vw;height:100vh;background-color:black;""></div>","f","html-keyboard-response","1205","2.0.0","32611556","177655","testolin2020_replication","2025-11-21T09:14:13.929Z","11-12 inch laptop","1280","800","1272","644","1.5","18","Nov 21, 1:00 AM","false"
"numerosity_discrimination","3","238","92","18","22","0.8182","j","320","<div style=""width:100vw;height:100vh;background-color:black;""></div>","j","html-keyboard-response","1210","2.0.0","32614516","177655","testolin2020_replication","2025-11-21T09:14:13.929Z","11-12 inch laptop","1280","800","1272","644","1.5","18","Nov 21, 1:00 AM","true"
"numerosity_discrimination","3","239","60","18","22","0.8182","j","422","<div style=""width:100vw;height:100vh;background-color:black;""></div>","f","html-keyboard-response","1215","2.0.0","32617184","177655","testolin2020_replication","2025-11-21T09:14:13.929Z","11-12 inch laptop","1280","800","1272","644","1.5","18","Nov 21, 1:00 AM","false"
"numerosity_discrimination","3","240","72","11","9","0.8182","j","341","<div style=""width:100vw;height:100vh;background-color:black;""></div>","f","html-keyboard-response","1220","2.0.0","32620001","177655","testolin2020_replication","2025-11-21T09:14:13.929Z","11-12 inch laptop","1280","800","1272","644","1.5","18","Nov 21, 1:00 AM","false"
"numerosity_discrimination","3","241","256","7","11","0.6364","j","151","<div style=""width:100vw;height:100vh;background-color:black;""></div>","j","html-keyboard-response","1225","2.0.0","32622629","177655","testolin2020_replication","2025-11-21T09:14:13.929Z","11-12 inch laptop","1280","800","1272","644","1.5","18","Nov 21, 1:00 AM","true"
"numerosity_discrimination","3","242","246","20","12","0.6","j","243","<div style=""width:100vw;height:100vh;background-color:black;""></div>","f","html-keyboard-response","1230","2.0.0","32625506","177655","testolin2020_replication","2025-11-21T09:14:13.929Z","11-12 inch laptop","1280","800","1272","644","1.5","18","Nov 21, 1:00 AM","false"
"numerosity_discrimination","3","243","149","18","14","0.7778","j","428","<div style=""width:100vw;height:100vh;background-color:black;""></div>","f","html-keyboard-response","1235","2.0.0","32628214","177655","testolin2020_replication","2025-11-21T09:14:13.929Z","11-12 inch laptop","1280","800","1272","644","1.5","18","Nov 21, 1:00 AM","false"
"numerosity_discrimination","3","244","229","20","12","0.6","j","412","<div style=""width:100vw;height:100vh;background-color:black;""></div>","f","html-keyboard-response","1240","2.0.0","32631115","177655","testolin2020_replication","2025-11-21T09:14:13.929Z","11-12 inch laptop","1280","800","1272","644","1.5","18","Nov 21, 1:00 AM","false"
"numerosity_discrimination","3","245","57","22","18","0.8182","j","370","<div style=""width:100vw;height:100vh;background-color:black;""></div>","f","html-keyboard-response","1245","2.0.0","32634047","177655","testolin2020_replication","2025-11-21T09:14:13.929Z","11-12 inch laptop","1280","800","1272","644","1.5","18","Nov 21, 1:00 AM","false"
"numerosity_discrimination","3","246","227","8","12","0.6667","j","474","<div style=""width:100vw;height:100vh;background-color:black;""></div>","f","html-keyboard-response","1250","2.0.0","32637168","177655","testolin2020_replication","2025-11-21T09:14:13.929Z","11-12 inch laptop","1280","800","1272","644","1.5","18","Nov 21, 1:00 AM","false"
"numerosity_discrimination","3","247","2","28","25","0.8929","j","84","<div style=""width:100vw;height:100vh;background-color:black;""></div>","f","html-keyboard-response","1255","2.0.0","32639514","177655","testolin2020_replication","2025-11-21T09:14:13.929Z","11-12 inch laptop","1280","800","1272","644","1.5","18","Nov 21, 1:00 AM","false"
"numerosity_discrimination","3","248","251","20","12","0.6","j","428","<div style=""width:100vw;height:100vh;background-color:black;""></div>","f","html-keyboard-response","1260","2.0.0","32642235","177655","testolin2020_replication","2025-11-21T09:14:13.929Z","11-12 inch laptop","1280","800","1272","644","1.5","18","Nov 21, 1:00 AM","false"
"numerosity_discrimination","3","249","172","16","22","0.7273","j","345","<div style=""width:100vw;height:100vh;background-color:black;""></div>","f","html-keyboard-response","1265","2.0.0","32645057","177655","testolin2020_replication","2025-11-21T09:14:13.929Z","11-12 inch laptop","1280","800","1272","644","1.5","18","Nov 21, 1:00 AM","false"
"numerosity_discrimination","3","250","161","28","22","0.7857","j","223","<div style=""width:100vw;height:100vh;background-color:black;""></div>","f","html-keyboard-response","1270","2.0.0","32647702","177655","testolin2020_replication","2025-11-21T09:14:13.929Z","11-12 inch laptop","1280","800","1272","644","1.5","18","Nov 21, 1:00 AM","false"
"numerosity_discrimination","3","251","218","14","22","0.6364","j","236","<div style=""width:100vw;height:100vh;background-color:black;""></div>","f","html-keyboard-response","1275","2.0.0","32650303","177655","testolin2020_replication","2025-11-21T09:14:13.929Z","11-12 inch laptop","1280","800","1272","644","1.5","18","Nov 21, 1:00 AM","false"
"numerosity_discrimination","3","252","168","20","14","0.7","j","225","<div style=""width:100vw;height:100vh;background-color:black;""></div>","f","html-keyboard-response","1280","2.0.0","32653013","177655","testolin2020_replication","2025-11-21T09:14:13.929Z","11-12 inch laptop","1280","800","1272","644","1.5","18","Nov 21, 1:00 AM","false"
"numerosity_discrimination","3","253","155","7","9","0.7778","j","519","<div style=""width:100vw;height:100vh;background-color:black;""></div>","f","html-keyboard-response","1285","2.0.0","32655997","177655","testolin2020_replication","2025-11-21T09:14:13.929Z","11-12 inch laptop","1280","800","1272","644","1.5","18","Nov 21, 1:00 AM","false"
"numerosity_discrimination","3","254","216","9","14","0.6429","j","338","<div style=""width:100vw;height:100vh;background-color:black;""></div>","j","html-keyboard-response","1290","2.0.0","32658882","177655","testolin2020_replication","2025-11-21T09:14:13.929Z","11-12 inch laptop","1280","800","1272","644","1.5","18","Nov 21, 1:00 AM","true"
"numerosity_discrimination","3","255","94","22","25","0.88","j","186","<div style=""width:100vw;height:100vh;background-color:black;""></div>","f","html-keyboard-response","1295","2.0.0","32661573","177655","testolin2020_replication","2025-11-21T09:14:13.929Z","11-12 inch laptop","1280","800","1272","644","1.5","18","Nov 21, 1:00 AM","false"
"numerosity_discrimination","3","256","180","9","7","0.7778","j","389","<div style=""width:100vw;height:100vh;background-color:black;""></div>","f","html-keyboard-response","1300","2.0.0","32664298","177655","testolin2020_replication","2025-11-21T09:14:13.929Z","11-12 inch laptop","1280","800","1272","644","1.5","18","Nov 21, 1:00 AM","false"
"numerosity_discrimination","3","257","276","16","8","0.5","j","220","<div style=""width:100vw;height:100vh;background-color:black;""></div>","f","html-keyboard-response","1305","2.0.0","32666880","177655","testolin2020_replication","2025-11-21T09:14:13.929Z","11-12 inch laptop","1280","800","1272","644","1.5","18","Nov 21, 1:00 AM","false"
"numerosity_discrimination","3","258","139","9","7","0.7778","j","237","<div style=""width:100vw;height:100vh;background-color:black;""></div>","f","html-keyboard-response","1310","2.0.0","32669731","177655","testolin2020_replication","2025-11-21T09:14:13.929Z","11-12 inch laptop","1280","800","1272","644","1.5","18","Nov 21, 1:00 AM","false"
"numerosity_discrimination","3","259","223","28","18","0.6429","j","320","<div style=""width:100vw;height:100vh;background-color:black;""></div>","f","html-keyboard-response","1315","2.0.0","32672306","177655","testolin2020_replication","2025-11-21T09:14:13.929Z","11-12 inch laptop","1280","800","1272","644","1.5","18","Nov 21, 1:00 AM","false"
"numerosity_discrimination","3","260","118","20","25","0.8","j","1496","<div style=""width:100vw;height:100vh;background-color:black;""></div>","f","html-keyboard-response","1320","2.0.0","32676347","177655","testolin2020_replication","2025-11-21T09:14:13.929Z","11-12 inch laptop","1280","800","1272","644","1.5","18","Nov 21, 1:00 AM","false"
"numerosity_discrimination","3","261","211","8","12","0.6667","j","456","<div style=""width:100vw;height:100vh;background-color:black;""></div>","j","html-keyboard-response","1325","2.0.0","32679073","177655","testolin2020_replication","2025-11-21T09:14:13.929Z","11-12 inch laptop","1280","800","1272","644","1.5","18","Nov 21, 1:00 AM","true"
"numerosity_discrimination","3","262","97","7","8","0.875","j","858","<div style=""width:100vw;height:100vh;background-color:black;""></div>","f","html-keyboard-response","1330","2.0.0","32682388","177655","testolin2020_replication","2025-11-21T09:14:13.929Z","11-12 inch laptop","1280","800","1272","644","1.5","18","Nov 21, 1:00 AM","false"
"numerosity_discrimination","3","263","165","14","10","0.7143","j","533","<div style=""width:100vw;height:100vh;background-color:black;""></div>","f","html-keyboard-response","1335","2.0.0","32685304","177655","testolin2020_replication","2025-11-21T09:14:13.929Z","11-12 inch laptop","1280","800","1272","644","1.5","18","Nov 21, 1:00 AM","false"
"numerosity_discrimination","3","264","298","9","18","0.5","j","141","<div style=""width:100vw;height:100vh;background-color:black;""></div>","j","html-keyboard-response","1340","2.0.0","32687801","177655","testolin2020_replication","2025-11-21T09:14:13.929Z","11-12 inch laptop","1280","800","1272","644","1.5","18","Nov 21, 1:00 AM","true"
"numerosity_discrimination","3","265","152","16","12","0.75","j","371","<div style=""width:100vw;height:100vh;background-color:black;""></div>","f","html-keyboard-response","1345","2.0.0","32690401","177655","testolin2020_replication","2025-11-21T09:14:13.929Z","11-12 inch laptop","1280","800","1272","644","1.5","18","Nov 21, 1:00 AM","false"
"numerosity_discrimination","3","266","104","8","7","0.875","j","521","<div style=""width:100vw;height:100vh;background-color:black;""></div>","f","html-keyboard-response","1350","2.0.0","32693188","177655","testolin2020_replication","2025-11-21T09:14:13.929Z","11-12 inch laptop","1280","800","1272","644","1.5","18","Nov 21, 1:00 AM","false"
"numerosity_discrimination","3","267","262","9","14","0.6429","j","270","<div style=""width:100vw;height:100vh;background-color:black;""></div>","f","html-keyboard-response","1355","2.0.0","32695752","177655","testolin2020_replication","2025-11-21T09:14:13.929Z","11-12 inch laptop","1280","800","1272","644","1.5","18","Nov 21, 1:00 AM","false"
"numerosity_discrimination","3","268","269","9","14","0.6429","j","244","<div style=""width:100vw;height:100vh;background-color:black;""></div>","j","html-keyboard-response","1360","2.0.0","32698674","177655","testolin2020_replication","2025-11-21T09:14:13.929Z","11-12 inch laptop","1280","800","1272","644","1.5","18","Nov 21, 1:00 AM","true"
"numerosity_discrimination","3","269","252","18","28","0.6429","j","244","<div style=""width:100vw;height:100vh;background-color:black;""></div>","f","html-keyboard-response","1365","2.0.0","32701256","177655","testolin2020_replication","2025-11-21T09:14:13.929Z","11-12 inch laptop","1280","800","1272","644","1.5","18","Nov 21, 1:00 AM","false"
"numerosity_discrimination","3","270","130","22","28","0.7857","j","510","<div style=""width:100vw;height:100vh;background-color:black;""></div>","f","html-keyboard-response","1370","2.0.0","32704113","177655","testolin2020_replication","2025-11-21T09:14:13.929Z","11-12 inch laptop","1280","800","1272","644","1.5","18","Nov 21, 1:00 AM","false"
"numerosity_discrimination","3","271","1","9","8","0.8889","j","605","<div style=""width:100vw;height:100vh;background-color:black;""></div>","j","html-keyboard-response","1375","2.0.0","32707357","177655","testolin2020_replication","2025-11-21T09:14:13.929Z","11-12 inch laptop","1280","800","1272","644","1.5","18","Nov 21, 1:00 AM","true"
"numerosity_discrimination","3","272","255","18","28","0.6429","j","260","<div style=""width:100vw;height:100vh;background-color:black;""></div>","j","html-keyboard-response","1380","2.0.0","32710204","177655","testolin2020_replication","2025-11-21T09:14:13.929Z","11-12 inch laptop","1280","800","1272","644","1.5","18","Nov 21, 1:00 AM","true"
"numerosity_discrimination","3","273","40","10","12","0.8333","j","260","<div style=""width:100vw;height:100vh;background-color:black;""></div>","f","html-keyboard-response","1385","2.0.0","32713101","177655","testolin2020_replication","2025-11-21T09:14:13.929Z","11-12 inch laptop","1280","800","1272","644","1.5","18","Nov 21, 1:00 AM","false"
"numerosity_discrimination","3","274","277","20","10","0.5","j","263","<div style=""width:100vw;height:100vh;background-color:black;""></div>","f","html-keyboard-response","1390","2.0.0","32715698","177655","testolin2020_replication","2025-11-21T09:14:13.929Z","11-12 inch laptop","1280","800","1272","644","1.5","18","Nov 21, 1:00 AM","false"
"numerosity_discrimination","3","275","73","14","12","0.8571","j","445","<div style=""width:100vw;height:100vh;background-color:black;""></div>","f","html-keyboard-response","1395","2.0.0","32718419","177655","testolin2020_replication","2025-11-21T09:14:13.929Z","11-12 inch laptop","1280","800","1272","644","1.5","18","Nov 21, 1:00 AM","false"
"numerosity_discrimination","3","276","81","16","18","0.8889","j","447","<div style=""width:100vw;height:100vh;background-color:black;""></div>","f","html-keyboard-response","1400","2.0.0","32721495","177655","testolin2020_replication","2025-11-21T09:14:13.929Z","11-12 inch laptop","1280","800","1272","644","1.5","18","Nov 21, 1:00 AM","false"
"numerosity_discrimination","3","277","169","18","25","0.72","j","414","<div style=""width:100vw;height:100vh;background-color:black;""></div>","f","html-keyboard-response","1405","2.0.0","32724407","177655","testolin2020_replication","2025-11-21T09:14:13.929Z","11-12 inch laptop","1280","800","1272","644","1.5","18","Nov 21, 1:00 AM","false"
"numerosity_discrimination","3","278","296","9","16","0.5625","j","555","<div style=""width:100vw;height:100vh;background-color:black;""></div>","j","html-keyboard-response","1410","2.0.0","32727632","177655","testolin2020_replication","2025-11-21T09:14:13.929Z","11-12 inch laptop","1280","800","1272","644","1.5","18","Nov 21, 1:00 AM","true"
"numerosity_discrimination","3","279","25","11","9","0.8182","j","652","<div style=""width:100vw;height:100vh;background-color:black;""></div>","f","html-keyboard-response","1415","2.0.0","32730531","177655","testolin2020_replication","2025-11-21T09:14:13.929Z","11-12 inch laptop","1280","800","1272","644","1.5","18","Nov 21, 1:00 AM","false"
"numerosity_discrimination","3","280","289","22","12","0.5455","j","389","<div style=""width:100vw;height:100vh;background-color:black;""></div>","f","html-keyboard-response","1420","2.0.0","32733200","177655","testolin2020_replication","2025-11-21T09:14:13.929Z","11-12 inch laptop","1280","800","1272","644","1.5","18","Nov 21, 1:00 AM","false"
"numerosity_discrimination","3","281","33","8","9","0.8889","j","187","<div style=""width:100vw;height:100vh;background-color:black;""></div>","j","html-keyboard-response","1425","2.0.0","32735649","177655","testolin2020_replication","2025-11-21T09:14:13.929Z","11-12 inch laptop","1280","800","1272","644","1.5","18","Nov 21, 1:00 AM","true"
"numerosity_discrimination","3","282","43","11","9","0.8182","j","401","<div style=""width:100vw;height:100vh;background-color:black;""></div>","f","html-keyboard-response","1430","2.0.0","32738447","177655","testolin2020_replication","2025-11-21T09:14:13.929Z","11-12 inch laptop","1280","800","1272","644","1.5","18","Nov 21, 1:00 AM","false"
"numerosity_discrimination","3","283","147","8","11","0.7273","j","885","<div style=""width:100vw;height:100vh;background-color:black;""></div>","f","html-keyboard-response","1435","2.0.0","32741798","177655","testolin2020_replication","2025-11-21T09:14:13.929Z","11-12 inch laptop","1280","800","1272","644","1.5","18","Nov 21, 1:00 AM","false"
"numerosity_discrimination","3","284","98","25","28","0.8929","j","515","<div style=""width:100vw;height:100vh;background-color:black;""></div>","f","html-keyboard-response","1440","2.0.0","32744653","177655","testolin2020_replication","2025-11-21T09:14:13.929Z","11-12 inch laptop","1280","800","1272","644","1.5","18","Nov 21, 1:00 AM","false"
"numerosity_discrimination","3","285","39","20","16","0.8","j","560","<div style=""width:100vw;height:100vh;background-color:black;""></div>","f","html-keyboard-response","1445","2.0.0","32747729","177655","testolin2020_replication","2025-11-21T09:14:13.929Z","11-12 inch laptop","1280","800","1272","644","1.5","18","Nov 21, 1:00 AM","false"
"numerosity_discrimination","3","286","115","25","28","0.8929","j","658","<div style=""width:100vw;height:100vh;background-color:black;""></div>","f","html-keyboard-response","1450","2.0.0","32750757","177655","testolin2020_replication","2025-11-21T09:14:13.929Z","11-12 inch laptop","1280","800","1272","644","1.5","18","Nov 21, 1:00 AM","false"
"numerosity_discrimination","3","287","80","16","18","0.8889","j","330","<div style=""width:100vw;height:100vh;background-color:black;""></div>","f","html-keyboard-response","1455","2.0.0","32753709","177655","testolin2020_replication","2025-11-21T09:14:13.929Z","11-12 inch laptop","1280","800","1272","644","1.5","18","Nov 21, 1:00 AM","false"
"numerosity_discrimination","3","288","144","28","20","0.7143","j","635","<div style=""width:100vw;height:100vh;background-color:black;""></div>","f","html-keyboard-response","1460","2.0.0","32756750","177655","testolin2020_replication","2025-11-21T09:14:13.929Z","11-12 inch laptop","1280","800","1272","644","1.5","18","Nov 21, 1:00 AM","false"
"numerosity_discrimination","3","289","45","25","20","0.8","j","376","<div style=""width:100vw;height:100vh;background-color:black;""></div>","f","html-keyboard-response","1465","2.0.0","32759541","177655","testolin2020_replication","2025-11-21T09:14:13.929Z","11-12 inch laptop","1280","800","1272","644","1.5","18","Nov 21, 1:00 AM","false"
"numerosity_discrimination","3","290","200","12","9","0.75","j","495","<div style=""width:100vw;height:100vh;background-color:black;""></div>","f","html-keyboard-response","1470","2.0.0","32762414","177655","testolin2020_replication","2025-11-21T09:14:13.929Z","11-12 inch laptop","1280","800","1272","644","1.5","18","Nov 21, 1:00 AM","false"
"numerosity_discrimination","3","291","212","22","14","0.6364","j","356","<div style=""width:100vw;height:100vh;background-color:black;""></div>","f","html-keyboard-response","1475","2.0.0","32764985","177655","testolin2020_replication","2025-11-21T09:14:13.929Z","11-12 inch laptop","1280","800","1272","644","1.5","18","Nov 21, 1:00 AM","false"
"numerosity_discrimination","3","292","207","7","9","0.7778","j","451","<div style=""width:100vw;height:100vh;background-color:black;""></div>","f","html-keyboard-response","1480","2.0.0","32767864","177655","testolin2020_replication","2025-11-21T09:14:13.929Z","11-12 inch laptop","1280","800","1272","644","1.5","18","Nov 21, 1:00 AM","false"
"numerosity_discrimination","3","293","204","7","9","0.7778","j","652","<div style=""width:100vw;height:100vh;background-color:black;""></div>","j","html-keyboard-response","1485","2.0.0","32770877","177655","testolin2020_replication","2025-11-21T09:14:13.929Z","11-12 inch laptop","1280","800","1272","644","1.5","18","Nov 21, 1:00 AM","true"
"numerosity_discrimination","3","294","47","20","25","0.8","j","457","<div style=""width:100vw;height:100vh;background-color:black;""></div>","f","html-keyboard-response","1490","2.0.0","32773691","177655","testolin2020_replication","2025-11-21T09:14:13.929Z","11-12 inch laptop","1280","800","1272","644","1.5","18","Nov 21, 1:00 AM","false"
"numerosity_discrimination","3","295","206","9","7","0.7778","j","401","<div style=""width:100vw;height:100vh;background-color:black;""></div>","f","html-keyboard-response","1495","2.0.0","32776387","177655","testolin2020_replication","2025-11-21T09:14:13.929Z","11-12 inch laptop","1280","800","1272","644","1.5","18","Nov 21, 1:00 AM","false"
"numerosity_discrimination","3","296","91","12","14","0.8571","j","506","<div style=""width:100vw;height:100vh;background-color:black;""></div>","f","html-keyboard-response","1500","2.0.0","32779471","177655","testolin2020_replication","2025-11-21T09:14:13.929Z","11-12 inch laptop","1280","800","1272","644","1.5","18","Nov 21, 1:00 AM","false"
"numerosity_discrimination","3","297","263","22","14","0.6364","j","360","<div style=""width:100vw;height:100vh;background-color:black;""></div>","f","html-keyboard-response","1505","2.0.0","32782462","177655","testolin2020_replication","2025-11-21T09:14:13.929Z","11-12 inch laptop","1280","800","1272","644","1.5","18","Nov 21, 1:00 AM","false"
"numerosity_discrimination","3","298","110","7","8","0.875","j","435","<div style=""width:100vw;height:100vh;background-color:black;""></div>","f","html-keyboard-response","1510","2.0.0","32785184","177655","testolin2020_replication","2025-11-21T09:14:13.929Z","11-12 inch laptop","1280","800","1272","644","1.5","18","Nov 21, 1:00 AM","false"
"numerosity_discrimination","3","299","222","16","10","0.625","j","343","<div style=""width:100vw;height:100vh;background-color:black;""></div>","f","html-keyboard-response","1515","2.0.0","32787940","177655","testolin2020_replication","2025-11-21T09:14:13.929Z","11-12 inch laptop","1280","800","1272","644","1.5","18","Nov 21, 1:00 AM","false"
"numerosity_discrimination","3","300","143","20","28","0.7143","j","335","<div style=""width:100vw;height:100vh;background-color:black;""></div>","f","html-keyboard-response","1520","2.0.0","32790622","177655","testolin2020_replication","2025-11-21T09:14:13.929Z","11-12 inch laptop","1280","800","1272","644","1.5","18","Nov 21, 1:00 AM","false"
