"task","block","pair_order","pair_num","left_n","right_n","pair_ratio","correct_key","rt","stimulus","response","trial_type","trial_index","plugin_version","time_elapsed","participant_id","experiment","date","screen_size_category","screen_width_pixels","screen_height_pixels","window_width_pixels","window_height_pixels","pixel_ratio","participant_age","time_slot","correct"
"numerosity_discrimination","1","1","286","18","10","0.5556","j","845","<div style=""width:100vw;height:100vh;background-color:black;""></div>","f","html-keyboard-response","21","2.0.0","276559","178030","testolin2020_replication","2025-11-23T23:09:36.580Z","13-14 inch laptop","1440","900","1342","754","2","19","Nov 28 11:00pm","false"
"numerosity_discrimination","1","2","61","8","10","0.8","j","1118","<div style=""width:100vw;height:100vh;background-color:black;""></div>","f","html-keyboard-response","26","2.0.0","279850","178030","testolin2020_replication","2025-11-23T23:09:36.580Z","13-14 inch laptop","1440","900","1342","754","2","19","Nov 28 11:00pm","false"
"numerosity_discrimination","1","3","271","20","11","0.55","j","730","<div style=""width:100vw;height:100vh;background-color:black;""></div>","f","html-keyboard-response","31","2.0.0","282752","178030","testolin2020_replication","2025-11-23T23:09:36.580Z","13-14 inch laptop","1440","900","1342","754","2","19","Nov 28 11:00pm","false"
"numerosity_discrimination","1","4","128","22","28","0.7857","j","475","<div style=""width:100vw;height:100vh;background-color:black;""></div>","j","html-keyboard-response","36","2.0.0","285661","178030","testolin2020_replication","2025-11-23T23:09:36.580Z","13-14 inch laptop","1440","900","1342","754","2","19","Nov 28 11:00pm","true"
"numerosity_discrimination","1","5","278","9","18","0.5","j","541","<div style=""width:100vw;height:100vh;background-color:black;""></div>","j","html-keyboard-response","41","2.0.0","288681","178030","testolin2020_replication","2025-11-23T23:09:36.580Z","13-14 inch laptop","1440","900","1342","754","2","19","Nov 28 11:00pm","true"
"numerosity_discrimination","1","6","51","10","12","0.8333","j","377","<div style=""width:100vw;height:100vh;background-color:black;""></div>","f","html-keyboard-response","46","2.0.0","291676","178030","testolin2020_replication","2025-11-23T23:09:36.580Z","13-14 inch laptop","1440","900","1342","754","2","19","Nov 28 11:00pm","false"
"numerosity_discrimination","1","7","188","9","12","0.75","j","404","<div style=""width:100vw;height:100vh;background-color:black;""></div>","j","html-keyboard-response","51","2.0.0","294298","178030","testolin2020_replication","2025-11-23T23:09:36.580Z","13-14 inch laptop","1440","900","1342","754","2","19","Nov 28 11:00pm","true"
"numerosity_discrimination","1","8","236","22","14","0.6364","j","288","<div style=""width:100vw;height:100vh;background-color:black;""></div>","f","html-keyboard-response","56","2.0.0","296995","178030","testolin2020_replication","2025-11-23T23:09:36.580Z","13-14 inch laptop","1440","900","1342","754","2","19","Nov 28 11:00pm","false"
"numerosity_discrimination","1","9","35","9","8","0.8889","j","783","<div style=""width:100vw;height:100vh;background-color:black;""></div>","f","html-keyboard-response","61","2.0.0","300215","178030","testolin2020_replication","2025-11-23T23:09:36.580Z","13-14 inch laptop","1440","900","1342","754","2","19","Nov 28 11:00pm","false"
"numerosity_discrimination","1","10","267","18","28","0.6429","j","444","<div style=""width:100vw;height:100vh;background-color:black;""></div>","j","html-keyboard-response","66","2.0.0","303120","178030","testolin2020_replication","2025-11-23T23:09:36.580Z","13-14 inch laptop","1440","900","1342","754","2","19","Nov 28 11:00pm","true"
"numerosity_discrimination","1","11","280","28","16","0.5714","j","239","<div style=""width:100vw;height:100vh;background-color:black;""></div>","f","html-keyboard-response","71","2.0.0","305914","178030","testolin2020_replication","2025-11-23T23:09:36.580Z","13-14 inch laptop","1440","900","1342","754","2","19","Nov 28 11:00pm","false"
"numerosity_discrimination","1","12","279","20","11","0.55","j","211","<div style=""width:100vw;height:100vh;background-color:black;""></div>","f","html-keyboard-response","76","2.0.0","308307","178030","testolin2020_replication","2025-11-23T23:09:36.580Z","13-14 inch laptop","1440","900","1342","754","2","19","Nov 28 11:00pm","false"
"numerosity_discrimination","1","13","167","9","12","0.75","j","518","<div style=""width:100vw;height:100vh;background-color:black;""></div>","j","html-keyboard-response","81","2.0.0","311360","178030","testolin2020_replication","2025-11-23T23:09:36.580Z","13-14 inch laptop","1440","900","1342","754","2","19","Nov 28 11:00pm","true"
"numerosity_discrimination","1","14","9","9","8","0.8889","j","384","<div style=""width:100vw;height:100vh;background-color:black;""></div>","f","html-keyboard-response","86","2.0.0","314390","178030","testolin2020_replication","2025-11-23T23:09:36.580Z","13-14 inch laptop","1440","900","1342","754","2","19","Nov 28 11:00pm","false"
"numerosity_discrimination","1","15","202","9","7","0.7778","j","806","<div style=""width:100vw;height:100vh;background-color:black;""></div>","j","html-keyboard-response","91","2.0.0","317392","178030","testolin2020_replication","2025-11-23T23:09:36.580Z","13-14 inch laptop","1440","900","1342","754","2","19","Nov 28 11:00pm","true"
"numerosity_discrimination","1","16","272","10","20","0.5","j","332","<div style=""width:100vw;height:100vh;background-color:black;""></div>","j","html-keyboard-response","96","2.0.0","320237","178030","testolin2020_replication","2025-11-23T23:09:36.580Z","13-14 inch laptop","1440","900","1342","754","2","19","Nov 28 11:00pm","true"
"numerosity_discrimination","1","17","235","14","9","0.6429","j","545","<div style=""width:100vw;height:100vh;background-color:black;""></div>","j","html-keyboard-response","101","2.0.0","323175","178030","testolin2020_replication","2025-11-23T23:09:36.580Z","13-14 inch laptop","1440","900","1342","754","2","19","Nov 28 11:00pm","true"
"numerosity_discrimination","1","18","67","11","9","0.8182","j","481","<div style=""width:100vw;height:100vh;background-color:black;""></div>","j","html-keyboard-response","106","2.0.0","326015","178030","testolin2020_replication","2025-11-23T23:09:36.580Z","13-14 inch laptop","1440","900","1342","754","2","19","Nov 28 11:00pm","true"
"numerosity_discrimination","1","19","160","12","16","0.75","j","351","<div style=""width:100vw;height:100vh;background-color:black;""></div>","j","html-keyboard-response","111","2.0.0","329008","178030","testolin2020_replication","2025-11-23T23:09:36.580Z","13-14 inch laptop","1440","900","1342","754","2","19","Nov 28 11:00pm","true"
"numerosity_discrimination","1","20","31","28","25","0.8929","j","206","<div style=""width:100vw;height:100vh;background-color:black;""></div>","f","html-keyboard-response","116","2.0.0","331579","178030","testolin2020_replication","2025-11-23T23:09:36.580Z","13-14 inch laptop","1440","900","1342","754","2","19","Nov 28 11:00pm","false"
"numerosity_discrimination","1","21","213","18","11","0.6111","j","228","<div style=""width:100vw;height:100vh;background-color:black;""></div>","f","html-keyboard-response","121","2.0.0","334446","178030","testolin2020_replication","2025-11-23T23:09:36.580Z","13-14 inch laptop","1440","900","1342","754","2","19","Nov 28 11:00pm","false"
"numerosity_discrimination","1","22","193","25","18","0.72","j","156","<div style=""width:100vw;height:100vh;background-color:black;""></div>","f","html-keyboard-response","126","2.0.0","337261","178030","testolin2020_replication","2025-11-23T23:09:36.580Z","13-14 inch laptop","1440","900","1342","754","2","19","Nov 28 11:00pm","false"
"numerosity_discrimination","1","23","105","28","25","0.8929","j","181","<div style=""width:100vw;height:100vh;background-color:black;""></div>","f","html-keyboard-response","131","2.0.0","339937","178030","testolin2020_replication","2025-11-23T23:09:36.580Z","13-14 inch laptop","1440","900","1342","754","2","19","Nov 28 11:00pm","false"
"numerosity_discrimination","1","24","158","18","14","0.7778","j","219","<div style=""width:100vw;height:100vh;background-color:black;""></div>","f","html-keyboard-response","136","2.0.0","342529","178030","testolin2020_replication","2025-11-23T23:09:36.580Z","13-14 inch laptop","1440","900","1342","754","2","19","Nov 28 11:00pm","false"
"numerosity_discrimination","1","25","175","11","14","0.7857","j","261","<div style=""width:100vw;height:100vh;background-color:black;""></div>","j","html-keyboard-response","141","2.0.0","345202","178030","testolin2020_replication","2025-11-23T23:09:36.580Z","13-14 inch laptop","1440","900","1342","754","2","19","Nov 28 11:00pm","true"
"numerosity_discrimination","1","26","254","20","12","0.6","j","141","<div style=""width:100vw;height:100vh;background-color:black;""></div>","f","html-keyboard-response","146","2.0.0","347649","178030","testolin2020_replication","2025-11-23T23:09:36.580Z","13-14 inch laptop","1440","900","1342","754","2","19","Nov 28 11:00pm","false"
"numerosity_discrimination","1","27","221","16","10","0.625","j","219","<div style=""width:100vw;height:100vh;background-color:black;""></div>","j","html-keyboard-response","151","2.0.0","350242","178030","testolin2020_replication","2025-11-23T23:09:36.580Z","13-14 inch laptop","1440","900","1342","754","2","19","Nov 28 11:00pm","true"
"numerosity_discrimination","1","28","55","18","16","0.8889","j","72","<div style=""width:100vw;height:100vh;background-color:black;""></div>","f","html-keyboard-response","156","2.0.0","352814","178030","testolin2020_replication","2025-11-23T23:09:36.580Z","13-14 inch laptop","1440","900","1342","754","2","19","Nov 28 11:00pm","false"
"numerosity_discrimination","1","29","120","14","12","0.8571","j","268","<div style=""width:100vw;height:100vh;background-color:black;""></div>","f","html-keyboard-response","161","2.0.0","355324","178030","testolin2020_replication","2025-11-23T23:09:36.580Z","13-14 inch laptop","1440","900","1342","754","2","19","Nov 28 11:00pm","false"
"numerosity_discrimination","1","30","89","11","9","0.8182","j","284","<div style=""width:100vw;height:100vh;background-color:black;""></div>","j","html-keyboard-response","166","2.0.0","357814","178030","testolin2020_replication","2025-11-23T23:09:36.580Z","13-14 inch laptop","1440","900","1342","754","2","19","Nov 28 11:00pm","true"
"numerosity_discrimination","1","31","108","8","9","0.8889","j","251","<div style=""width:100vw;height:100vh;background-color:black;""></div>","j","html-keyboard-response","171","2.0.0","360654","178030","testolin2020_replication","2025-11-23T23:09:36.580Z","13-14 inch laptop","1440","900","1342","754","2","19","Nov 28 11:00pm","true"
"numerosity_discrimination","1","32","23","11","9","0.8182","j","566","<div style=""width:100vw;height:100vh;background-color:black;""></div>","j","html-keyboard-response","176","2.0.0","363539","178030","testolin2020_replication","2025-11-23T23:09:36.580Z","13-14 inch laptop","1440","900","1342","754","2","19","Nov 28 11:00pm","true"
"numerosity_discrimination","1","33","48","14","16","0.875","j","292","<div style=""width:100vw;height:100vh;background-color:black;""></div>","f","html-keyboard-response","181","2.0.0","365997","178030","testolin2020_replication","2025-11-23T23:09:36.580Z","13-14 inch laptop","1440","900","1342","754","2","19","Nov 28 11:00pm","false"
"numerosity_discrimination","1","34","177","8","11","0.7273","j","604","<div style=""width:100vw;height:100vh;background-color:black;""></div>","j","html-keyboard-response","186","2.0.0","368994","178030","testolin2020_replication","2025-11-23T23:09:36.580Z","13-14 inch laptop","1440","900","1342","754","2","19","Nov 28 11:00pm","true"
"numerosity_discrimination","1","35","26","28","25","0.8929","j","204","<div style=""width:100vw;height:100vh;background-color:black;""></div>","f","html-keyboard-response","191","2.0.0","371506","178030","testolin2020_replication","2025-11-23T23:09:36.580Z","13-14 inch laptop","1440","900","1342","754","2","19","Nov 28 11:00pm","false"
"numerosity_discrimination","1","36","166","20","14","0.7","j","122","<div style=""width:100vw;height:100vh;background-color:black;""></div>","f","html-keyboard-response","196","2.0.0","374077","178030","testolin2020_replication","2025-11-23T23:09:36.580Z","13-14 inch laptop","1440","900","1342","754","2","19","Nov 28 11:00pm","false"
"numerosity_discrimination","1","37","261","28","18","0.6429","j","152","<div style=""width:100vw;height:100vh;background-color:black;""></div>","f","html-keyboard-response","201","2.0.0","376871","178030","testolin2020_replication","2025-11-23T23:09:36.580Z","13-14 inch laptop","1440","900","1342","754","2","19","Nov 28 11:00pm","false"
"numerosity_discrimination","1","38","32","16","20","0.8","j","200","<div style=""width:100vw;height:100vh;background-color:black;""></div>","j","html-keyboard-response","206","2.0.0","379239","178030","testolin2020_replication","2025-11-23T23:09:36.580Z","13-14 inch laptop","1440","900","1342","754","2","19","Nov 28 11:00pm","true"
"numerosity_discrimination","1","39","103","14","12","0.8571","j","437","<div style=""width:100vw;height:100vh;background-color:black;""></div>","f","html-keyboard-response","211","2.0.0","382230","178030","testolin2020_replication","2025-11-23T23:09:36.580Z","13-14 inch laptop","1440","900","1342","754","2","19","Nov 28 11:00pm","false"
"numerosity_discrimination","1","40","197","12","16","0.75","j","262","<div style=""width:100vw;height:100vh;background-color:black;""></div>","j","html-keyboard-response","216","2.0.0","384805","178030","testolin2020_replication","2025-11-23T23:09:36.580Z","13-14 inch laptop","1440","900","1342","754","2","19","Nov 28 11:00pm","true"
"numerosity_discrimination","1","41","268","18","11","0.6111","j","421","<div style=""width:100vw;height:100vh;background-color:black;""></div>","f","html-keyboard-response","221","2.0.0","387550","178030","testolin2020_replication","2025-11-23T23:09:36.580Z","13-14 inch laptop","1440","900","1342","754","2","19","Nov 28 11:00pm","false"
"numerosity_discrimination","1","42","299","20","10","0.5","j","397","<div style=""width:100vw;height:100vh;background-color:black;""></div>","j","html-keyboard-response","226","2.0.0","390588","178030","testolin2020_replication","2025-11-23T23:09:36.580Z","13-14 inch laptop","1440","900","1342","754","2","19","Nov 28 11:00pm","true"
"numerosity_discrimination","1","43","179","22","16","0.7273","j","398","<div style=""width:100vw;height:100vh;background-color:black;""></div>","f","html-keyboard-response","231","2.0.0","393421","178030","testolin2020_replication","2025-11-23T23:09:36.580Z","13-14 inch laptop","1440","900","1342","754","2","19","Nov 28 11:00pm","false"
"numerosity_discrimination","1","44","203","11","8","0.7273","j","311","<div style=""width:100vw;height:100vh;background-color:black;""></div>","f","html-keyboard-response","236","2.0.0","396227","178030","testolin2020_replication","2025-11-23T23:09:36.580Z","13-14 inch laptop","1440","900","1342","754","2","19","Nov 28 11:00pm","false"
"numerosity_discrimination","1","45","245","10","16","0.625","j","217","<div style=""width:100vw;height:100vh;background-color:black;""></div>","j","html-keyboard-response","241","2.0.0","398936","178030","testolin2020_replication","2025-11-23T23:09:36.580Z","13-14 inch laptop","1440","900","1342","754","2","19","Nov 28 11:00pm","true"
"numerosity_discrimination","1","46","34","16","18","0.8889","j","179","<div style=""width:100vw;height:100vh;background-color:black;""></div>","j","html-keyboard-response","246","2.0.0","401588","178030","testolin2020_replication","2025-11-23T23:09:36.580Z","13-14 inch laptop","1440","900","1342","754","2","19","Nov 28 11:00pm","true"
"numerosity_discrimination","1","47","164","20","14","0.7","j","61","<div style=""width:100vw;height:100vh;background-color:black;""></div>","f","html-keyboard-response","251","2.0.0","403891","178030","testolin2020_replication","2025-11-23T23:09:36.580Z","13-14 inch laptop","1440","900","1342","754","2","19","Nov 28 11:00pm","false"
"numerosity_discrimination","1","48","186","22","28","0.7857","j","6374","<div style=""width:100vw;height:100vh;background-color:black;""></div>","j","html-keyboard-response","256","2.0.0","412892","178030","testolin2020_replication","2025-11-23T23:09:36.580Z","13-14 inch laptop","1440","900","1342","754","2","19","Nov 28 11:00pm","true"
"numerosity_discrimination","1","49","19","18","22","0.8182","j","470","<div style=""width:100vw;height:100vh;background-color:black;""></div>","j","html-keyboard-response","261","2.0.0","415910","178030","testolin2020_replication","2025-11-23T23:09:36.580Z","13-14 inch laptop","1440","900","1342","754","2","19","Nov 28 11:00pm","true"
"numerosity_discrimination","1","50","22","16","20","0.8","j","279","<div style=""width:100vw;height:100vh;background-color:black;""></div>","j","html-keyboard-response","266","2.0.0","418581","178030","testolin2020_replication","2025-11-23T23:09:36.580Z","13-14 inch laptop","1440","900","1342","754","2","19","Nov 28 11:00pm","true"
"numerosity_discrimination","1","51","285","11","22","0.5","j","300","<div style=""width:100vw;height:100vh;background-color:black;""></div>","j","html-keyboard-response","271","2.0.0","421406","178030","testolin2020_replication","2025-11-23T23:09:36.580Z","13-14 inch laptop","1440","900","1342","754","2","19","Nov 28 11:00pm","true"
"numerosity_discrimination","1","52","54","22","18","0.8182","j","467","<div style=""width:100vw;height:100vh;background-color:black;""></div>","f","html-keyboard-response","276","2.0.0","424200","178030","testolin2020_replication","2025-11-23T23:09:36.580Z","13-14 inch laptop","1440","900","1342","754","2","19","Nov 28 11:00pm","false"
"numerosity_discrimination","1","53","238","20","12","0.6","j","633","<div style=""width:100vw;height:100vh;background-color:black;""></div>","f","html-keyboard-response","281","2.0.0","427354","178030","testolin2020_replication","2025-11-23T23:09:36.580Z","13-14 inch laptop","1440","900","1342","754","2","19","Nov 28 11:00pm","false"
"numerosity_discrimination","1","54","124","16","12","0.75","j","293","<div style=""width:100vw;height:100vh;background-color:black;""></div>","j","html-keyboard-response","286","2.0.0","430097","178030","testolin2020_replication","2025-11-23T23:09:36.580Z","13-14 inch laptop","1440","900","1342","754","2","19","Nov 28 11:00pm","true"
"numerosity_discrimination","1","55","18","14","12","0.8571","j","380","<div style=""width:100vw;height:100vh;background-color:black;""></div>","f","html-keyboard-response","291","2.0.0","433022","178030","testolin2020_replication","2025-11-23T23:09:36.580Z","13-14 inch laptop","1440","900","1342","754","2","19","Nov 28 11:00pm","false"
"numerosity_discrimination","1","56","173","25","18","0.72","j","340","<div style=""width:100vw;height:100vh;background-color:black;""></div>","f","html-keyboard-response","296","2.0.0","435745","178030","testolin2020_replication","2025-11-23T23:09:36.580Z","13-14 inch laptop","1440","900","1342","754","2","19","Nov 28 11:00pm","false"
"numerosity_discrimination","1","57","63","9","8","0.8889","j","448","<div style=""width:100vw;height:100vh;background-color:black;""></div>","f","html-keyboard-response","301","2.0.0","438459","178030","testolin2020_replication","2025-11-23T23:09:36.580Z","13-14 inch laptop","1440","900","1342","754","2","19","Nov 28 11:00pm","false"
"numerosity_discrimination","1","58","159","20","28","0.7143","j","260","<div style=""width:100vw;height:100vh;background-color:black;""></div>","f","html-keyboard-response","306","2.0.0","441108","178030","testolin2020_replication","2025-11-23T23:09:36.580Z","13-14 inch laptop","1440","900","1342","754","2","19","Nov 28 11:00pm","false"
"numerosity_discrimination","1","59","265","18","28","0.6429","j","642","<div style=""width:100vw;height:100vh;background-color:black;""></div>","j","html-keyboard-response","311","2.0.0","444250","178030","testolin2020_replication","2025-11-23T23:09:36.580Z","13-14 inch laptop","1440","900","1342","754","2","19","Nov 28 11:00pm","true"
"numerosity_discrimination","1","60","17","12","14","0.8571","j","471","<div style=""width:100vw;height:100vh;background-color:black;""></div>","j","html-keyboard-response","316","2.0.0","447143","178030","testolin2020_replication","2025-11-23T23:09:36.580Z","13-14 inch laptop","1440","900","1342","754","2","19","Nov 28 11:00pm","true"
"numerosity_discrimination","1","61","140","11","8","0.7273","j","221","<div style=""width:100vw;height:100vh;background-color:black;""></div>","f","html-keyboard-response","321","2.0.0","449964","178030","testolin2020_replication","2025-11-23T23:09:36.580Z","13-14 inch laptop","1440","900","1342","754","2","19","Nov 28 11:00pm","false"
"numerosity_discrimination","1","62","208","9","7","0.7778","j","509","<div style=""width:100vw;height:100vh;background-color:black;""></div>","f","html-keyboard-response","326","2.0.0","452831","178030","testolin2020_replication","2025-11-23T23:09:36.580Z","13-14 inch laptop","1440","900","1342","754","2","19","Nov 28 11:00pm","false"
"numerosity_discrimination","1","63","53","18","22","0.8182","j","126","<div style=""width:100vw;height:100vh;background-color:black;""></div>","f","html-keyboard-response","331","2.0.0","455584","178030","testolin2020_replication","2025-11-23T23:09:36.580Z","13-14 inch laptop","1440","900","1342","754","2","19","Nov 28 11:00pm","false"
"numerosity_discrimination","1","64","126","9","7","0.7778","j","137","<div style=""width:100vw;height:100vh;background-color:black;""></div>","j","html-keyboard-response","336","2.0.0","458254","178030","testolin2020_replication","2025-11-23T23:09:36.580Z","13-14 inch laptop","1440","900","1342","754","2","19","Nov 28 11:00pm","true"
"numerosity_discrimination","1","65","88","12","10","0.8333","j","336","<div style=""width:100vw;height:100vh;background-color:black;""></div>","j","html-keyboard-response","341","2.0.0","460823","178030","testolin2020_replication","2025-11-23T23:09:36.580Z","13-14 inch laptop","1440","900","1342","754","2","19","Nov 28 11:00pm","true"
"numerosity_discrimination","1","66","116","28","25","0.8929","j","702","<div style=""width:100vw;height:100vh;background-color:black;""></div>","f","html-keyboard-response","346","2.0.0","464031","178030","testolin2020_replication","2025-11-23T23:09:36.580Z","13-14 inch laptop","1440","900","1342","754","2","19","Nov 28 11:00pm","false"
"numerosity_discrimination","1","67","4","12","14","0.8571","j","376","<div style=""width:100vw;height:100vh;background-color:black;""></div>","j","html-keyboard-response","351","2.0.0","466745","178030","testolin2020_replication","2025-11-23T23:09:36.580Z","13-14 inch laptop","1440","900","1342","754","2","19","Nov 28 11:00pm","true"
"numerosity_discrimination","1","68","287","25","14","0.56","j","85","<div style=""width:100vw;height:100vh;background-color:black;""></div>","f","html-keyboard-response","356","2.0.0","469172","178030","testolin2020_replication","2025-11-23T23:09:36.580Z","13-14 inch laptop","1440","900","1342","754","2","19","Nov 28 11:00pm","false"
"numerosity_discrimination","1","69","119","12","10","0.8333","j","165","<div style=""width:100vw;height:100vh;background-color:black;""></div>","j","html-keyboard-response","361","2.0.0","471896","178030","testolin2020_replication","2025-11-23T23:09:36.580Z","13-14 inch laptop","1440","900","1342","754","2","19","Nov 28 11:00pm","true"
"numerosity_discrimination","1","70","122","8","11","0.7273","j","105","<div style=""width:100vw;height:100vh;background-color:black;""></div>","j","html-keyboard-response","366","2.0.0","474563","178030","testolin2020_replication","2025-11-23T23:09:36.580Z","13-14 inch laptop","1440","900","1342","754","2","19","Nov 28 11:00pm","true"
"numerosity_discrimination","1","71","194","7","9","0.7778","j","136","<div style=""width:100vw;height:100vh;background-color:black;""></div>","j","html-keyboard-response","371","2.0.0","476950","178030","testolin2020_replication","2025-11-23T23:09:36.580Z","13-14 inch laptop","1440","900","1342","754","2","19","Nov 28 11:00pm","true"
"numerosity_discrimination","1","72","75","12","14","0.8571","j","168","<div style=""width:100vw;height:100vh;background-color:black;""></div>","j","html-keyboard-response","376","2.0.0","479338","178030","testolin2020_replication","2025-11-23T23:09:36.580Z","13-14 inch laptop","1440","900","1342","754","2","19","Nov 28 11:00pm","true"
"numerosity_discrimination","1","73","150","16","22","0.7273","j","154","<div style=""width:100vw;height:100vh;background-color:black;""></div>","j","html-keyboard-response","381","2.0.0","481857","178030","testolin2020_replication","2025-11-23T23:09:36.580Z","13-14 inch laptop","1440","900","1342","754","2","19","Nov 28 11:00pm","true"
"numerosity_discrimination","1","74","70","18","16","0.8889","j","110","<div style=""width:100vw;height:100vh;background-color:black;""></div>","f","html-keyboard-response","386","2.0.0","484568","178030","testolin2020_replication","2025-11-23T23:09:36.580Z","13-14 inch laptop","1440","900","1342","754","2","19","Nov 28 11:00pm","false"
"numerosity_discrimination","1","75","187","18","14","0.7778","j","299","<div style=""width:100vw;height:100vh;background-color:black;""></div>","f","html-keyboard-response","391","2.0.0","487391","178030","testolin2020_replication","2025-11-23T23:09:36.580Z","13-14 inch laptop","1440","900","1342","754","2","19","Nov 28 11:00pm","false"
"numerosity_discrimination","1","76","275","14","7","0.5","j","81","<div style=""width:100vw;height:100vh;background-color:black;""></div>","f","html-keyboard-response","396","2.0.0","489904","178030","testolin2020_replication","2025-11-23T23:09:36.580Z","13-14 inch laptop","1440","900","1342","754","2","19","Nov 28 11:00pm","false"
"numerosity_discrimination","1","77","192","22","28","0.7857","j","234","<div style=""width:100vw;height:100vh;background-color:black;""></div>","j","html-keyboard-response","401","2.0.0","492426","178030","testolin2020_replication","2025-11-23T23:09:36.580Z","13-14 inch laptop","1440","900","1342","754","2","19","Nov 28 11:00pm","true"
"numerosity_discrimination","1","78","225","14","22","0.6364","j","187","<div style=""width:100vw;height:100vh;background-color:black;""></div>","j","html-keyboard-response","406","2.0.0","494970","178030","testolin2020_replication","2025-11-23T23:09:36.580Z","13-14 inch laptop","1440","900","1342","754","2","19","Nov 28 11:00pm","true"
"numerosity_discrimination","1","79","59","14","12","0.8571","j","163","<div style=""width:100vw;height:100vh;background-color:black;""></div>","j","html-keyboard-response","411","2.0.0","497730","178030","testolin2020_replication","2025-11-23T23:09:36.580Z","13-14 inch laptop","1440","900","1342","754","2","19","Nov 28 11:00pm","true"
"numerosity_discrimination","1","80","239","22","14","0.6364","j","31","<div style=""width:100vw;height:100vh;background-color:black;""></div>","f","html-keyboard-response","416","2.0.0","500331","178030","testolin2020_replication","2025-11-23T23:09:36.580Z","13-14 inch laptop","1440","900","1342","754","2","19","Nov 28 11:00pm","false"
"numerosity_discrimination","1","81","226","14","9","0.6429","j","196","<div style=""width:100vw;height:100vh;background-color:black;""></div>","f","html-keyboard-response","421","2.0.0","502877","178030","testolin2020_replication","2025-11-23T23:09:36.580Z","13-14 inch laptop","1440","900","1342","754","2","19","Nov 28 11:00pm","false"
"numerosity_discrimination","1","82","259","18","11","0.6111","j","48","<div style=""width:100vw;height:100vh;background-color:black;""></div>","f","html-keyboard-response","426","2.0.0","505505","178030","testolin2020_replication","2025-11-23T23:09:36.580Z","13-14 inch laptop","1440","900","1342","754","2","19","Nov 28 11:00pm","false"
"numerosity_discrimination","1","83","184","18","14","0.7778","j","292","<div style=""width:100vw;height:100vh;background-color:black;""></div>","f","html-keyboard-response","431","2.0.0","508307","178030","testolin2020_replication","2025-11-23T23:09:36.580Z","13-14 inch laptop","1440","900","1342","754","2","19","Nov 28 11:00pm","false"
"numerosity_discrimination","1","84","100","28","25","0.8929","j","38","<div style=""width:100vw;height:100vh;background-color:black;""></div>","f","html-keyboard-response","436","2.0.0","510772","178030","testolin2020_replication","2025-11-23T23:09:36.580Z","13-14 inch laptop","1440","900","1342","754","2","19","Nov 28 11:00pm","false"
"numerosity_discrimination","1","85","38","14","16","0.875","j","152","<div style=""width:100vw;height:100vh;background-color:black;""></div>","j","html-keyboard-response","441","2.0.0","513534","178030","testolin2020_replication","2025-11-23T23:09:36.580Z","13-14 inch laptop","1440","900","1342","754","2","19","Nov 28 11:00pm","true"
"numerosity_discrimination","1","86","109","12","14","0.8571","j","210","<div style=""width:100vw;height:100vh;background-color:black;""></div>","j","html-keyboard-response","446","2.0.0","516222","178030","testolin2020_replication","2025-11-23T23:09:36.580Z","13-14 inch laptop","1440","900","1342","754","2","19","Nov 28 11:00pm","true"
"numerosity_discrimination","1","87","231","25","16","0.64","j","102","<div style=""width:100vw;height:100vh;background-color:black;""></div>","f","html-keyboard-response","451","2.0.0","518947","178030","testolin2020_replication","2025-11-23T23:09:36.580Z","13-14 inch laptop","1440","900","1342","754","2","19","Nov 28 11:00pm","false"
"numerosity_discrimination","1","88","282","8","14","0.5714","j","187","<div style=""width:100vw;height:100vh;background-color:black;""></div>","j","html-keyboard-response","456","2.0.0","521489","178030","testolin2020_replication","2025-11-23T23:09:36.580Z","13-14 inch laptop","1440","900","1342","754","2","19","Nov 28 11:00pm","true"
"numerosity_discrimination","1","89","37","20","16","0.8","j","155","<div style=""width:100vw;height:100vh;background-color:black;""></div>","f","html-keyboard-response","461","2.0.0","524198","178030","testolin2020_replication","2025-11-23T23:09:36.580Z","13-14 inch laptop","1440","900","1342","754","2","19","Nov 28 11:00pm","false"
"numerosity_discrimination","1","90","41","16","20","0.8","j","432","<div style=""width:100vw;height:100vh;background-color:black;""></div>","j","html-keyboard-response","466","2.0.0","527205","178030","testolin2020_replication","2025-11-23T23:09:36.580Z","13-14 inch laptop","1440","900","1342","754","2","19","Nov 28 11:00pm","true"
"numerosity_discrimination","1","91","11","8","10","0.8","j","343","<div style=""width:100vw;height:100vh;background-color:black;""></div>","j","html-keyboard-response","471","2.0.0","529759","178030","testolin2020_replication","2025-11-23T23:09:36.580Z","13-14 inch laptop","1440","900","1342","754","2","19","Nov 28 11:00pm","true"
"numerosity_discrimination","1","92","163","18","14","0.7778","j","75","<div style=""width:100vw;height:100vh;background-color:black;""></div>","f","html-keyboard-response","476","2.0.0","532305","178030","testolin2020_replication","2025-11-23T23:09:36.580Z","13-14 inch laptop","1440","900","1342","754","2","19","Nov 28 11:00pm","false"
"numerosity_discrimination","1","93","243","18","12","0.6667","j","63","<div style=""width:100vw;height:100vh;background-color:black;""></div>","f","html-keyboard-response","481","2.0.0","534836","178030","testolin2020_replication","2025-11-23T23:09:36.580Z","13-14 inch laptop","1440","900","1342","754","2","19","Nov 28 11:00pm","false"
"numerosity_discrimination","1","94","290","12","22","0.5455","j","233","<div style=""width:100vw;height:100vh;background-color:black;""></div>","j","html-keyboard-response","486","2.0.0","537289","178030","testolin2020_replication","2025-11-23T23:09:36.580Z","13-14 inch laptop","1440","900","1342","754","2","19","Nov 28 11:00pm","true"
"numerosity_discrimination","1","95","281","12","7","0.5833","j","275","<div style=""width:100vw;height:100vh;background-color:black;""></div>","f","html-keyboard-response","491","2.0.0","540016","178030","testolin2020_replication","2025-11-23T23:09:36.580Z","13-14 inch laptop","1440","900","1342","754","2","19","Nov 28 11:00pm","false"
"numerosity_discrimination","1","96","134","16","12","0.75","j","130","<div style=""width:100vw;height:100vh;background-color:black;""></div>","f","html-keyboard-response","496","2.0.0","542753","178030","testolin2020_replication","2025-11-23T23:09:36.580Z","13-14 inch laptop","1440","900","1342","754","2","19","Nov 28 11:00pm","false"
"numerosity_discrimination","1","97","123","12","16","0.75","j","96","<div style=""width:100vw;height:100vh;background-color:black;""></div>","j","html-keyboard-response","501","2.0.0","545058","178030","testolin2020_replication","2025-11-23T23:09:36.580Z","13-14 inch laptop","1440","900","1342","754","2","19","Nov 28 11:00pm","true"
"numerosity_discrimination","1","98","274","18","9","0.5","j","331","<div style=""width:100vw;height:100vh;background-color:black;""></div>","f","html-keyboard-response","506","2.0.0","547690","178030","testolin2020_replication","2025-11-23T23:09:36.580Z","13-14 inch laptop","1440","900","1342","754","2","19","Nov 28 11:00pm","false"
"numerosity_discrimination","1","99","112","28","25","0.8929","j","318","<div style=""width:100vw;height:100vh;background-color:black;""></div>","j","html-keyboard-response","511","2.0.0","550561","178030","testolin2020_replication","2025-11-23T23:09:36.580Z","13-14 inch laptop","1440","900","1342","754","2","19","Nov 28 11:00pm","true"
"numerosity_discrimination","1","100","295","20","10","0.5","j","4716","<div style=""width:100vw;height:100vh;background-color:black;""></div>","j","html-keyboard-response","516","2.0.0","557806","178030","testolin2020_replication","2025-11-23T23:09:36.580Z","13-14 inch laptop","1440","900","1342","754","2","19","Nov 28 11:00pm","true"
"numerosity_discrimination","2","101","46","18","22","0.8182","j","186","<div style=""width:100vw;height:100vh;background-color:black;""></div>","j","html-keyboard-response","523","2.0.0","562997","178030","testolin2020_replication","2025-11-23T23:09:36.580Z","13-14 inch laptop","1440","900","1342","754","2","19","Nov 28 11:00pm","true"
"numerosity_discrimination","2","102","77","7","8","0.875","j","183","<div style=""width:100vw;height:100vh;background-color:black;""></div>","j","html-keyboard-response","528","2.0.0","565433","178030","testolin2020_replication","2025-11-23T23:09:36.580Z","13-14 inch laptop","1440","900","1342","754","2","19","Nov 28 11:00pm","true"
"numerosity_discrimination","2","103","68","11","9","0.8182","j","24","<div style=""width:100vw;height:100vh;background-color:black;""></div>","f","html-keyboard-response","533","2.0.0","567760","178030","testolin2020_replication","2025-11-23T23:09:36.580Z","13-14 inch laptop","1440","900","1342","754","2","19","Nov 28 11:00pm","false"
"numerosity_discrimination","2","104","178","14","11","0.7857","j","191","<div style=""width:100vw;height:100vh;background-color:black;""></div>","f","html-keyboard-response","538","2.0.0","570552","178030","testolin2020_replication","2025-11-23T23:09:36.580Z","13-14 inch laptop","1440","900","1342","754","2","19","Nov 28 11:00pm","false"
"numerosity_discrimination","2","105","30","11","9","0.8182","j","382","<div style=""width:100vw;height:100vh;background-color:black;""></div>","f","html-keyboard-response","543","2.0.0","573293","178030","testolin2020_replication","2025-11-23T23:09:36.580Z","13-14 inch laptop","1440","900","1342","754","2","19","Nov 28 11:00pm","false"
"numerosity_discrimination","2","106","86","22","25","0.88","j","48","<div style=""width:100vw;height:100vh;background-color:black;""></div>","f","html-keyboard-response","548","2.0.0","575889","178030","testolin2020_replication","2025-11-23T23:09:36.580Z","13-14 inch laptop","1440","900","1342","754","2","19","Nov 28 11:00pm","false"
"numerosity_discrimination","2","107","244","8","12","0.6667","j","314","<div style=""width:100vw;height:100vh;background-color:black;""></div>","j","html-keyboard-response","553","2.0.0","578724","178030","testolin2020_replication","2025-11-23T23:09:36.580Z","13-14 inch laptop","1440","900","1342","754","2","19","Nov 28 11:00pm","true"
"numerosity_discrimination","2","108","195","16","12","0.75","j","83","<div style=""width:100vw;height:100vh;background-color:black;""></div>","f","html-keyboard-response","558","2.0.0","581015","178030","testolin2020_replication","2025-11-23T23:09:36.580Z","13-14 inch laptop","1440","900","1342","754","2","19","Nov 28 11:00pm","false"
"numerosity_discrimination","2","109","78","11","9","0.8182","j","254","<div style=""width:100vw;height:100vh;background-color:black;""></div>","f","html-keyboard-response","563","2.0.0","583800","178030","testolin2020_replication","2025-11-23T23:09:36.580Z","13-14 inch laptop","1440","900","1342","754","2","19","Nov 28 11:00pm","false"
"numerosity_discrimination","2","110","6","16","18","0.8889","j","63","<div style=""width:100vw;height:100vh;background-color:black;""></div>","f","html-keyboard-response","568","2.0.0","586448","178030","testolin2020_replication","2025-11-23T23:09:36.580Z","13-14 inch laptop","1440","900","1342","754","2","19","Nov 28 11:00pm","false"
"numerosity_discrimination","2","111","185","20","28","0.7143","j","321","<div style=""width:100vw;height:100vh;background-color:black;""></div>","j","html-keyboard-response","573","2.0.0","589211","178030","testolin2020_replication","2025-11-23T23:09:36.580Z","13-14 inch laptop","1440","900","1342","754","2","19","Nov 28 11:00pm","true"
"numerosity_discrimination","2","112","148","25","18","0.72","j","4231","<div style=""width:100vw;height:100vh;background-color:black;""></div>","j","html-keyboard-response","578","2.0.0","595710","178030","testolin2020_replication","2025-11-23T23:09:36.580Z","13-14 inch laptop","1440","900","1342","754","2","19","Nov 28 11:00pm","true"
"numerosity_discrimination","2","113","157","7","10","0.7","j","209","<div style=""width:100vw;height:100vh;background-color:black;""></div>","j","html-keyboard-response","583","2.0.0","598535","178030","testolin2020_replication","2025-11-23T23:09:36.580Z","13-14 inch laptop","1440","900","1342","754","2","19","Nov 28 11:00pm","true"
"numerosity_discrimination","2","114","141","20","14","0.7","j","78","<div style=""width:100vw;height:100vh;background-color:black;""></div>","f","html-keyboard-response","588","2.0.0","600976","178030","testolin2020_replication","2025-11-23T23:09:36.580Z","13-14 inch laptop","1440","900","1342","754","2","19","Nov 28 11:00pm","false"
"numerosity_discrimination","2","115","253","22","14","0.6364","j","71","<div style=""width:100vw;height:100vh;background-color:black;""></div>","f","html-keyboard-response","593","2.0.0","603311","178030","testolin2020_replication","2025-11-23T23:09:36.580Z","13-14 inch laptop","1440","900","1342","754","2","19","Nov 28 11:00pm","false"
"numerosity_discrimination","2","116","214","20","12","0.6","j","90","<div style=""width:100vw;height:100vh;background-color:black;""></div>","f","html-keyboard-response","598","2.0.0","605903","178030","testolin2020_replication","2025-11-23T23:09:36.580Z","13-14 inch laptop","1440","900","1342","754","2","19","Nov 28 11:00pm","false"
"numerosity_discrimination","2","117","102","8","7","0.875","j","31","<div style=""width:100vw;height:100vh;background-color:black;""></div>","f","html-keyboard-response","603","2.0.0","608508","178030","testolin2020_replication","2025-11-23T23:09:36.580Z","13-14 inch laptop","1440","900","1342","754","2","19","Nov 28 11:00pm","false"
"numerosity_discrimination","2","118","96","12","10","0.8333","j","5878","<div style=""width:100vw;height:100vh;background-color:black;""></div>","f","html-keyboard-response","608","2.0.0","617045","178030","testolin2020_replication","2025-11-23T23:09:36.580Z","13-14 inch laptop","1440","900","1342","754","2","19","Nov 28 11:00pm","false"
"numerosity_discrimination","2","119","220","28","18","0.6429","j","150","<div style=""width:100vw;height:100vh;background-color:black;""></div>","f","html-keyboard-response","613","2.0.0","619358","178030","testolin2020_replication","2025-11-23T23:09:36.580Z","13-14 inch laptop","1440","900","1342","754","2","19","Nov 28 11:00pm","false"
"numerosity_discrimination","2","120","142","11","14","0.7857","j","286","<div style=""width:100vw;height:100vh;background-color:black;""></div>","j","html-keyboard-response","618","2.0.0","622136","178030","testolin2020_replication","2025-11-23T23:09:36.580Z","13-14 inch laptop","1440","900","1342","754","2","19","Nov 28 11:00pm","true"
"numerosity_discrimination","2","121","183","14","20","0.7","j","140","<div style=""width:100vw;height:100vh;background-color:black;""></div>","j","html-keyboard-response","623","2.0.0","624448","178030","testolin2020_replication","2025-11-23T23:09:36.580Z","13-14 inch laptop","1440","900","1342","754","2","19","Nov 28 11:00pm","true"
"numerosity_discrimination","2","122","291","11","20","0.55","j","324","<div style=""width:100vw;height:100vh;background-color:black;""></div>","j","html-keyboard-response","628","2.0.0","627111","178030","testolin2020_replication","2025-11-23T23:09:36.580Z","13-14 inch laptop","1440","900","1342","754","2","19","Nov 28 11:00pm","true"
"numerosity_discrimination","2","123","248","22","14","0.6364","j","659","<div style=""width:100vw;height:100vh;background-color:black;""></div>","j","html-keyboard-response","633","2.0.0","629986","178030","testolin2020_replication","2025-11-23T23:09:36.580Z","13-14 inch laptop","1440","900","1342","754","2","19","Nov 28 11:00pm","true"
"numerosity_discrimination","2","124","230","10","16","0.625","j","2090","<div style=""width:100vw;height:100vh;background-color:black;""></div>","f","html-keyboard-response","638","2.0.0","634495","178030","testolin2020_replication","2025-11-23T23:09:36.580Z","13-14 inch laptop","1440","900","1342","754","2","19","Nov 28 11:00pm","false"
"numerosity_discrimination","2","125","283","20","11","0.55","j","182","<div style=""width:100vw;height:100vh;background-color:black;""></div>","f","html-keyboard-response","643","2.0.0","637296","178030","testolin2020_replication","2025-11-23T23:09:36.580Z","13-14 inch laptop","1440","900","1342","754","2","19","Nov 28 11:00pm","false"
"numerosity_discrimination","2","126","14","8","7","0.875","j","270","<div style=""width:100vw;height:100vh;background-color:black;""></div>","j","html-keyboard-response","648","2.0.0","640222","178030","testolin2020_replication","2025-11-23T23:09:36.580Z","13-14 inch laptop","1440","900","1342","754","2","19","Nov 28 11:00pm","true"
"numerosity_discrimination","2","127","297","18","10","0.5556","j","33","<div style=""width:100vw;height:100vh;background-color:black;""></div>","f","html-keyboard-response","653","2.0.0","642569","178030","testolin2020_replication","2025-11-23T23:09:36.580Z","13-14 inch laptop","1440","900","1342","754","2","19","Nov 28 11:00pm","false"
"numerosity_discrimination","2","128","250","18","12","0.6667","j","105","<div style=""width:100vw;height:100vh;background-color:black;""></div>","f","html-keyboard-response","658","2.0.0","645006","178030","testolin2020_replication","2025-11-23T23:09:36.580Z","13-14 inch laptop","1440","900","1342","754","2","19","Nov 28 11:00pm","false"
"numerosity_discrimination","2","129","79","16","18","0.8889","j","70","<div style=""width:100vw;height:100vh;background-color:black;""></div>","f","html-keyboard-response","663","2.0.0","647703","178030","testolin2020_replication","2025-11-23T23:09:36.580Z","13-14 inch laptop","1440","900","1342","754","2","19","Nov 28 11:00pm","false"
"numerosity_discrimination","2","130","171","12","9","0.75","j","34","<div style=""width:100vw;height:100vh;background-color:black;""></div>","f","html-keyboard-response","668","2.0.0","650350","178030","testolin2020_replication","2025-11-23T23:09:36.580Z","13-14 inch laptop","1440","900","1342","754","2","19","Nov 28 11:00pm","false"
"numerosity_discrimination","2","131","8","16","14","0.875","j","247","<div style=""width:100vw;height:100vh;background-color:black;""></div>","f","html-keyboard-response","673","2.0.0","652851","178030","testolin2020_replication","2025-11-23T23:09:36.580Z","13-14 inch laptop","1440","900","1342","754","2","19","Nov 28 11:00pm","false"
"numerosity_discrimination","2","132","107","16","18","0.8889","j","83","<div style=""width:100vw;height:100vh;background-color:black;""></div>","f","html-keyboard-response","678","2.0.0","655460","178030","testolin2020_replication","2025-11-23T23:09:36.580Z","13-14 inch laptop","1440","900","1342","754","2","19","Nov 28 11:00pm","false"
"numerosity_discrimination","2","133","99","22","18","0.8182","j","77","<div style=""width:100vw;height:100vh;background-color:black;""></div>","f","html-keyboard-response","683","2.0.0","658001","178030","testolin2020_replication","2025-11-23T23:09:36.580Z","13-14 inch laptop","1440","900","1342","754","2","19","Nov 28 11:00pm","false"
"numerosity_discrimination","2","134","224","9","14","0.6429","j","112","<div style=""width:100vw;height:100vh;background-color:black;""></div>","j","html-keyboard-response","688","2.0.0","660487","178030","testolin2020_replication","2025-11-23T23:09:36.580Z","13-14 inch laptop","1440","900","1342","754","2","19","Nov 28 11:00pm","true"
"numerosity_discrimination","2","135","151","9","7","0.7778","j","3440","<div style=""width:100vw;height:100vh;background-color:black;""></div>","f","html-keyboard-response","693","2.0.0","666261","178030","testolin2020_replication","2025-11-23T23:09:36.580Z","13-14 inch laptop","1440","900","1342","754","2","19","Nov 28 11:00pm","false"
"numerosity_discrimination","2","136","133","10","14","0.7143","j","233","<div style=""width:100vw;height:100vh;background-color:black;""></div>","j","html-keyboard-response","698","2.0.0","669145","178030","testolin2020_replication","2025-11-23T23:09:36.580Z","13-14 inch laptop","1440","900","1342","754","2","19","Nov 28 11:00pm","true"
"numerosity_discrimination","2","137","258","14","22","0.6364","j","205","<div style=""width:100vw;height:100vh;background-color:black;""></div>","j","html-keyboard-response","703","2.0.0","671897","178030","testolin2020_replication","2025-11-23T23:09:36.580Z","13-14 inch laptop","1440","900","1342","754","2","19","Nov 28 11:00pm","true"
"numerosity_discrimination","2","138","82","16","14","0.875","j","98","<div style=""width:100vw;height:100vh;background-color:black;""></div>","f","html-keyboard-response","708","2.0.0","674485","178030","testolin2020_replication","2025-11-23T23:09:36.580Z","13-14 inch laptop","1440","900","1342","754","2","19","Nov 28 11:00pm","false"
"numerosity_discrimination","2","139","146","10","14","0.7143","j","59","<div style=""width:100vw;height:100vh;background-color:black;""></div>","j","html-keyboard-response","713","2.0.0","676930","178030","testolin2020_replication","2025-11-23T23:09:36.580Z","13-14 inch laptop","1440","900","1342","754","2","19","Nov 28 11:00pm","true"
"numerosity_discrimination","2","140","215","16","11","0.6875","j","17","<div style=""width:100vw;height:100vh;background-color:black;""></div>","f","html-keyboard-response","718","2.0.0","679350","178030","testolin2020_replication","2025-11-23T23:09:36.580Z","13-14 inch laptop","1440","900","1342","754","2","19","Nov 28 11:00pm","false"
"numerosity_discrimination","2","141","209","9","7","0.7778","j","2588","<div style=""width:100vw;height:100vh;background-color:black;""></div>","f","html-keyboard-response","723","2.0.0","684345","178030","testolin2020_replication","2025-11-23T23:09:36.580Z","13-14 inch laptop","1440","900","1342","754","2","19","Nov 28 11:00pm","false"
"numerosity_discrimination","2","142","156","12","16","0.75","j","189","<div style=""width:100vw;height:100vh;background-color:black;""></div>","j","html-keyboard-response","728","2.0.0","686884","178030","testolin2020_replication","2025-11-23T23:09:36.580Z","13-14 inch laptop","1440","900","1342","754","2","19","Nov 28 11:00pm","true"
"numerosity_discrimination","2","143","181","10","14","0.7143","j","133","<div style=""width:100vw;height:100vh;background-color:black;""></div>","f","html-keyboard-response","733","2.0.0","689356","178030","testolin2020_replication","2025-11-23T23:09:36.580Z","13-14 inch laptop","1440","900","1342","754","2","19","Nov 28 11:00pm","false"
"numerosity_discrimination","2","144","270","14","22","0.6364","j","218","<div style=""width:100vw;height:100vh;background-color:black;""></div>","j","html-keyboard-response","738","2.0.0","692209","178030","testolin2020_replication","2025-11-23T23:09:36.580Z","13-14 inch laptop","1440","900","1342","754","2","19","Nov 28 11:00pm","true"
"numerosity_discrimination","2","145","293","7","12","0.5833","j","5040","<div style=""width:100vw;height:100vh;background-color:black;""></div>","j","html-keyboard-response","743","2.0.0","699602","178030","testolin2020_replication","2025-11-23T23:09:36.580Z","13-14 inch laptop","1440","900","1342","754","2","19","Nov 28 11:00pm","true"
"numerosity_discrimination","2","146","154","11","14","0.7857","j","35","<div style=""width:100vw;height:100vh;background-color:black;""></div>","f","html-keyboard-response","748","2.0.0","701854","178030","testolin2020_replication","2025-11-23T23:09:36.580Z","13-14 inch laptop","1440","900","1342","754","2","19","Nov 28 11:00pm","false"
"numerosity_discrimination","2","147","137","10","7","0.7","j","158","<div style=""width:100vw;height:100vh;background-color:black;""></div>","f","html-keyboard-response","753","2.0.0","704487","178030","testolin2020_replication","2025-11-23T23:09:36.580Z","13-14 inch laptop","1440","900","1342","754","2","19","Nov 28 11:00pm","false"
"numerosity_discrimination","2","148","95","9","8","0.8889","j","92","<div style=""width:100vw;height:100vh;background-color:black;""></div>","f","html-keyboard-response","758","2.0.0","707075","178030","testolin2020_replication","2025-11-23T23:09:36.580Z","13-14 inch laptop","1440","900","1342","754","2","19","Nov 28 11:00pm","false"
"numerosity_discrimination","2","149","240","20","12","0.6","j","339","<div style=""width:100vw;height:100vh;background-color:black;""></div>","f","html-keyboard-response","763","2.0.0","709800","178030","testolin2020_replication","2025-11-23T23:09:36.580Z","13-14 inch laptop","1440","900","1342","754","2","19","Nov 28 11:00pm","false"
"numerosity_discrimination","2","150","191","28","20","0.7143","j","94","<div style=""width:100vw;height:100vh;background-color:black;""></div>","f","html-keyboard-response","768","2.0.0","712482","178030","testolin2020_replication","2025-11-23T23:09:36.580Z","13-14 inch laptop","1440","900","1342","754","2","19","Nov 28 11:00pm","false"
"numerosity_discrimination","2","151","162","16","22","0.7273","j","5727","<div style=""width:100vw;height:100vh;background-color:black;""></div>","f","html-keyboard-response","773","2.0.0","720439","178030","testolin2020_replication","2025-11-23T23:09:36.580Z","13-14 inch laptop","1440","900","1342","754","2","19","Nov 28 11:00pm","false"
"numerosity_discrimination","2","152","64","9","11","0.8182","j","74","<div style=""width:100vw;height:100vh;background-color:black;""></div>","j","html-keyboard-response","778","2.0.0","722740","178030","testolin2020_replication","2025-11-23T23:09:36.580Z","13-14 inch laptop","1440","900","1342","754","2","19","Nov 28 11:00pm","true"
"numerosity_discrimination","2","153","58","18","22","0.8182","j","139","<div style=""width:100vw;height:100vh;background-color:black;""></div>","f","html-keyboard-response","783","2.0.0","725342","178030","testolin2020_replication","2025-11-23T23:09:36.580Z","13-14 inch laptop","1440","900","1342","754","2","19","Nov 28 11:00pm","false"
"numerosity_discrimination","2","154","66","9","11","0.8182","j","148","<div style=""width:100vw;height:100vh;background-color:black;""></div>","j","html-keyboard-response","788","2.0.0","727937","178030","testolin2020_replication","2025-11-23T23:09:36.580Z","13-14 inch laptop","1440","900","1342","754","2","19","Nov 28 11:00pm","true"
"numerosity_discrimination","2","155","266","7","11","0.6364","j","129","<div style=""width:100vw;height:100vh;background-color:black;""></div>","j","html-keyboard-response","793","2.0.0","730547","178030","testolin2020_replication","2025-11-23T23:09:36.580Z","13-14 inch laptop","1440","900","1342","754","2","19","Nov 28 11:00pm","true"
"numerosity_discrimination","2","156","90","7","8","0.875","j","226","<div style=""width:100vw;height:100vh;background-color:black;""></div>","j","html-keyboard-response","798","2.0.0","733161","178030","testolin2020_replication","2025-11-23T23:09:36.580Z","13-14 inch laptop","1440","900","1342","754","2","19","Nov 28 11:00pm","true"
"numerosity_discrimination","2","157","74","12","10","0.8333","j","118","<div style=""width:100vw;height:100vh;background-color:black;""></div>","f","html-keyboard-response","803","2.0.0","735671","178030","testolin2020_replication","2025-11-23T23:09:36.580Z","13-14 inch laptop","1440","900","1342","754","2","19","Nov 28 11:00pm","false"
"numerosity_discrimination","2","158","288","18","10","0.5556","j","123","<div style=""width:100vw;height:100vh;background-color:black;""></div>","f","html-keyboard-response","808","2.0.0","738243","178030","testolin2020_replication","2025-11-23T23:09:36.580Z","13-14 inch laptop","1440","900","1342","754","2","19","Nov 28 11:00pm","false"
"numerosity_discrimination","2","159","85","7","8","0.875","j","146","<div style=""width:100vw;height:100vh;background-color:black;""></div>","j","html-keyboard-response","813","2.0.0","740730","178030","testolin2020_replication","2025-11-23T23:09:36.580Z","13-14 inch laptop","1440","900","1342","754","2","19","Nov 28 11:00pm","true"
"numerosity_discrimination","2","160","87","14","16","0.875","j","3604","<div style=""width:100vw;height:100vh;background-color:black;""></div>","f","html-keyboard-response","818","2.0.0","746813","178030","testolin2020_replication","2025-11-23T23:09:36.580Z","13-14 inch laptop","1440","900","1342","754","2","19","Nov 28 11:00pm","false"
"numerosity_discrimination","2","161","205","14","11","0.7857","j","266","<div style=""width:100vw;height:100vh;background-color:black;""></div>","f","html-keyboard-response","823","2.0.0","749301","178030","testolin2020_replication","2025-11-23T23:09:36.580Z","13-14 inch laptop","1440","900","1342","754","2","19","Nov 28 11:00pm","false"
"numerosity_discrimination","2","162","83","7","8","0.875","j","76","<div style=""width:100vw;height:100vh;background-color:black;""></div>","j","html-keyboard-response","828","2.0.0","751695","178030","testolin2020_replication","2025-11-23T23:09:36.580Z","13-14 inch laptop","1440","900","1342","754","2","19","Nov 28 11:00pm","true"
"numerosity_discrimination","2","163","292","8","14","0.5714","j","134","<div style=""width:100vw;height:100vh;background-color:black;""></div>","f","html-keyboard-response","833","2.0.0","754082","178030","testolin2020_replication","2025-11-23T23:09:36.580Z","13-14 inch laptop","1440","900","1342","754","2","19","Nov 28 11:00pm","false"
"numerosity_discrimination","2","164","24","12","10","0.8333","j","36","<div style=""width:100vw;height:100vh;background-color:black;""></div>","f","html-keyboard-response","838","2.0.0","756569","178030","testolin2020_replication","2025-11-23T23:09:36.580Z","13-14 inch laptop","1440","900","1342","754","2","19","Nov 28 11:00pm","false"
"numerosity_discrimination","2","165","114","20","16","0.8","j","75","<div style=""width:100vw;height:100vh;background-color:black;""></div>","f","html-keyboard-response","843","2.0.0","758806","178030","testolin2020_replication","2025-11-23T23:09:36.580Z","13-14 inch laptop","1440","900","1342","754","2","19","Nov 28 11:00pm","false"
"numerosity_discrimination","2","166","20","7","8","0.875","j","195","<div style=""width:100vw;height:100vh;background-color:black;""></div>","j","html-keyboard-response","848","2.0.0","761211","178030","testolin2020_replication","2025-11-23T23:09:36.580Z","13-14 inch laptop","1440","900","1342","754","2","19","Nov 28 11:00pm","true"
"numerosity_discrimination","2","167","36","9","11","0.8182","j","88","<div style=""width:100vw;height:100vh;background-color:black;""></div>","j","html-keyboard-response","853","2.0.0","763899","178030","testolin2020_replication","2025-11-23T23:09:36.580Z","13-14 inch laptop","1440","900","1342","754","2","19","Nov 28 11:00pm","true"
"numerosity_discrimination","2","168","131","11","14","0.7857","j","153","<div style=""width:100vw;height:100vh;background-color:black;""></div>","f","html-keyboard-response","858","2.0.0","766337","178030","testolin2020_replication","2025-11-23T23:09:36.580Z","13-14 inch laptop","1440","900","1342","754","2","19","Nov 28 11:00pm","false"
"numerosity_discrimination","2","169","190","18","14","0.7778","j","3467","<div style=""width:100vw;height:100vh;background-color:black;""></div>","f","html-keyboard-response","863","2.0.0","772425","178030","testolin2020_replication","2025-11-23T23:09:36.580Z","13-14 inch laptop","1440","900","1342","754","2","19","Nov 28 11:00pm","false"
"numerosity_discrimination","2","170","129","12","9","0.75","j","257","<div style=""width:100vw;height:100vh;background-color:black;""></div>","j","html-keyboard-response","868","2.0.0","774889","178030","testolin2020_replication","2025-11-23T23:09:36.580Z","13-14 inch laptop","1440","900","1342","754","2","19","Nov 28 11:00pm","true"
"numerosity_discrimination","2","171","12","20","16","0.8","j","57","<div style=""width:100vw;height:100vh;background-color:black;""></div>","f","html-keyboard-response","873","2.0.0","777286","178030","testolin2020_replication","2025-11-23T23:09:36.580Z","13-14 inch laptop","1440","900","1342","754","2","19","Nov 28 11:00pm","false"
"numerosity_discrimination","2","172","42","22","25","0.88","j","45","<div style=""width:100vw;height:100vh;background-color:black;""></div>","f","html-keyboard-response","878","2.0.0","779771","178030","testolin2020_replication","2025-11-23T23:09:36.580Z","13-14 inch laptop","1440","900","1342","754","2","19","Nov 28 11:00pm","false"
"numerosity_discrimination","2","173","127","14","10","0.7143","j","64","<div style=""width:100vw;height:100vh;background-color:black;""></div>","f","html-keyboard-response","883","2.0.0","782002","178030","testolin2020_replication","2025-11-23T23:09:36.580Z","13-14 inch laptop","1440","900","1342","754","2","19","Nov 28 11:00pm","false"
"numerosity_discrimination","2","174","13","7","8","0.875","j","193","<div style=""width:100vw;height:100vh;background-color:black;""></div>","j","html-keyboard-response","888","2.0.0","784463","178030","testolin2020_replication","2025-11-23T23:09:36.580Z","13-14 inch laptop","1440","900","1342","754","2","19","Nov 28 11:00pm","true"
"numerosity_discrimination","2","175","196","12","16","0.75","j","124","<div style=""width:100vw;height:100vh;background-color:black;""></div>","j","html-keyboard-response","893","2.0.0","786822","178030","testolin2020_replication","2025-11-23T23:09:36.580Z","13-14 inch laptop","1440","900","1342","754","2","19","Nov 28 11:00pm","true"
"numerosity_discrimination","2","176","210","14","11","0.7857","j","3691","<div style=""width:100vw;height:100vh;background-color:black;""></div>","f","html-keyboard-response","898","2.0.0","793060","178030","testolin2020_replication","2025-11-23T23:09:36.580Z","13-14 inch laptop","1440","900","1342","754","2","19","Nov 28 11:00pm","false"
"numerosity_discrimination","2","177","65","12","14","0.8571","j","235","<div style=""width:100vw;height:100vh;background-color:black;""></div>","j","html-keyboard-response","903","2.0.0","795568","178030","testolin2020_replication","2025-11-23T23:09:36.580Z","13-14 inch laptop","1440","900","1342","754","2","19","Nov 28 11:00pm","true"
"numerosity_discrimination","2","178","121","12","16","0.75","j","221","<div style=""width:100vw;height:100vh;background-color:black;""></div>","j","html-keyboard-response","908","2.0.0","797957","178030","testolin2020_replication","2025-11-23T23:09:36.580Z","13-14 inch laptop","1440","900","1342","754","2","19","Nov 28 11:00pm","true"
"numerosity_discrimination","2","179","76","8","7","0.875","j","174","<div style=""width:100vw;height:100vh;background-color:black;""></div>","f","html-keyboard-response","913","2.0.0","800458","178030","testolin2020_replication","2025-11-23T23:09:36.580Z","13-14 inch laptop","1440","900","1342","754","2","19","Nov 28 11:00pm","false"
"numerosity_discrimination","2","180","174","22","16","0.7273","j","4199","<div style=""width:100vw;height:100vh;background-color:black;""></div>","f","html-keyboard-response","918","2.0.0","807117","178030","testolin2020_replication","2025-11-23T23:09:36.580Z","13-14 inch laptop","1440","900","1342","754","2","19","Nov 28 11:00pm","false"
"numerosity_discrimination","2","181","273","18","9","0.5","j","796","<div style=""width:100vw;height:100vh;background-color:black;""></div>","f","html-keyboard-response","923","2.0.0","810265","178030","testolin2020_replication","2025-11-23T23:09:36.580Z","13-14 inch laptop","1440","900","1342","754","2","19","Nov 28 11:00pm","false"
"numerosity_discrimination","2","182","176","10","14","0.7143","j","92","<div style=""width:100vw;height:100vh;background-color:black;""></div>","j","html-keyboard-response","928","2.0.0","812859","178030","testolin2020_replication","2025-11-23T23:09:36.580Z","13-14 inch laptop","1440","900","1342","754","2","19","Nov 28 11:00pm","true"
"numerosity_discrimination","2","183","50","14","16","0.875","j","562","<div style=""width:100vw;height:100vh;background-color:black;""></div>","j","html-keyboard-response","933","2.0.0","815945","178030","testolin2020_replication","2025-11-23T23:09:36.580Z","13-14 inch laptop","1440","900","1342","754","2","19","Nov 28 11:00pm","true"
"numerosity_discrimination","2","184","145","12","9","0.75","j","216","<div style=""width:100vw;height:100vh;background-color:black;""></div>","f","html-keyboard-response","938","2.0.0","818383","178030","testolin2020_replication","2025-11-23T23:09:36.580Z","13-14 inch laptop","1440","900","1342","754","2","19","Nov 28 11:00pm","false"
"numerosity_discrimination","2","185","219","9","14","0.6429","j","246","<div style=""width:100vw;height:100vh;background-color:black;""></div>","j","html-keyboard-response","943","2.0.0","820840","178030","testolin2020_replication","2025-11-23T23:09:36.580Z","13-14 inch laptop","1440","900","1342","754","2","19","Nov 28 11:00pm","true"
"numerosity_discrimination","2","186","3","16","14","0.875","j","198","<div style=""width:100vw;height:100vh;background-color:black;""></div>","f","html-keyboard-response","948","2.0.0","823506","178030","testolin2020_replication","2025-11-23T23:09:36.580Z","13-14 inch laptop","1440","900","1342","754","2","19","Nov 28 11:00pm","false"
"numerosity_discrimination","2","187","201","20","14","0.7","j","226","<div style=""width:100vw;height:100vh;background-color:black;""></div>","f","html-keyboard-response","953","2.0.0","825956","178030","testolin2020_replication","2025-11-23T23:09:36.580Z","13-14 inch laptop","1440","900","1342","754","2","19","Nov 28 11:00pm","false"
"numerosity_discrimination","2","188","44","20","16","0.8","j","277","<div style=""width:100vw;height:100vh;background-color:black;""></div>","f","html-keyboard-response","958","2.0.0","828590","178030","testolin2020_replication","2025-11-23T23:09:36.580Z","13-14 inch laptop","1440","900","1342","754","2","19","Nov 28 11:00pm","false"
"numerosity_discrimination","2","189","136","10","14","0.7143","j","235","<div style=""width:100vw;height:100vh;background-color:black;""></div>","j","html-keyboard-response","963","2.0.0","831025","178030","testolin2020_replication","2025-11-23T23:09:36.580Z","13-14 inch laptop","1440","900","1342","754","2","19","Nov 28 11:00pm","true"
"numerosity_discrimination","2","190","237","20","12","0.6","j","94","<div style=""width:100vw;height:100vh;background-color:black;""></div>","f","html-keyboard-response","968","2.0.0","833418","178030","testolin2020_replication","2025-11-23T23:09:36.580Z","13-14 inch laptop","1440","900","1342","754","2","19","Nov 28 11:00pm","false"
"numerosity_discrimination","2","191","294","7","12","0.5833","j","372","<div style=""width:100vw;height:100vh;background-color:black;""></div>","j","html-keyboard-response","973","2.0.0","836339","178030","testolin2020_replication","2025-11-23T23:09:36.580Z","13-14 inch laptop","1440","900","1342","754","2","19","Nov 28 11:00pm","true"
"numerosity_discrimination","2","192","21","22","18","0.8182","j","2620","<div style=""width:100vw;height:100vh;background-color:black;""></div>","f","html-keyboard-response","978","2.0.0","841255","178030","testolin2020_replication","2025-11-23T23:09:36.580Z","13-14 inch laptop","1440","900","1342","754","2","19","Nov 28 11:00pm","false"
"numerosity_discrimination","2","193","125","11","14","0.7857","j","319","<div style=""width:100vw;height:100vh;background-color:black;""></div>","j","html-keyboard-response","983","2.0.0","844000","178030","testolin2020_replication","2025-11-23T23:09:36.580Z","13-14 inch laptop","1440","900","1342","754","2","19","Nov 28 11:00pm","true"
"numerosity_discrimination","2","194","228","11","16","0.6875","j","344","<div style=""width:100vw;height:100vh;background-color:black;""></div>","j","html-keyboard-response","988","2.0.0","846667","178030","testolin2020_replication","2025-11-23T23:09:36.580Z","13-14 inch laptop","1440","900","1342","754","2","19","Nov 28 11:00pm","true"
"numerosity_discrimination","2","195","111","11","9","0.8182","j","424","<div style=""width:100vw;height:100vh;background-color:black;""></div>","f","html-keyboard-response","993","2.0.0","849457","178030","testolin2020_replication","2025-11-23T23:09:36.580Z","13-14 inch laptop","1440","900","1342","754","2","19","Nov 28 11:00pm","false"
"numerosity_discrimination","2","196","62","12","14","0.8571","j","380","<div style=""width:100vw;height:100vh;background-color:black;""></div>","f","html-keyboard-response","998","2.0.0","852366","178030","testolin2020_replication","2025-11-23T23:09:36.580Z","13-14 inch laptop","1440","900","1342","754","2","19","Nov 28 11:00pm","false"
"numerosity_discrimination","2","197","153","16","22","0.7273","j","122","<div style=""width:100vw;height:100vh;background-color:black;""></div>","j","html-keyboard-response","1003","2.0.0","855022","178030","testolin2020_replication","2025-11-23T23:09:36.580Z","13-14 inch laptop","1440","900","1342","754","2","19","Nov 28 11:00pm","true"
"numerosity_discrimination","2","198","199","20","28","0.7143","j","368","<div style=""width:100vw;height:100vh;background-color:black;""></div>","f","html-keyboard-response","1008","2.0.0","857615","178030","testolin2020_replication","2025-11-23T23:09:36.580Z","13-14 inch laptop","1440","900","1342","754","2","19","Nov 28 11:00pm","false"
"numerosity_discrimination","2","199","132","20","14","0.7","j","482","<div style=""width:100vw;height:100vh;background-color:black;""></div>","f","html-keyboard-response","1013","2.0.0","860582","178030","testolin2020_replication","2025-11-23T23:09:36.580Z","13-14 inch laptop","1440","900","1342","754","2","19","Nov 28 11:00pm","false"
"numerosity_discrimination","2","200","84","7","8","0.875","j","218","<div style=""width:100vw;height:100vh;background-color:black;""></div>","j","html-keyboard-response","1018","2.0.0","863459","178030","testolin2020_replication","2025-11-23T23:09:36.580Z","13-14 inch laptop","1440","900","1342","754","2","19","Nov 28 11:00pm","true"
"numerosity_discrimination","3","201","300","9","16","0.5625","j","499","<div style=""width:100vw;height:100vh;background-color:black;""></div>","j","html-keyboard-response","1025","2.0.0","871807","178030","testolin2020_replication","2025-11-23T23:09:36.580Z","13-14 inch laptop","1440","900","1342","754","2","19","Nov 28 11:00pm","true"
"numerosity_discrimination","3","202","234","14","9","0.6429","j","125","<div style=""width:100vw;height:100vh;background-color:black;""></div>","f","html-keyboard-response","1030","2.0.0","874214","178030","testolin2020_replication","2025-11-23T23:09:36.580Z","13-14 inch laptop","1440","900","1342","754","2","19","Nov 28 11:00pm","false"
"numerosity_discrimination","3","203","5","22","18","0.8182","j","340","<div style=""width:100vw;height:100vh;background-color:black;""></div>","f","html-keyboard-response","1035","2.0.0","876909","178030","testolin2020_replication","2025-11-23T23:09:36.580Z","13-14 inch laptop","1440","900","1342","754","2","19","Nov 28 11:00pm","false"
"numerosity_discrimination","3","204","170","12","16","0.75","j","503","<div style=""width:100vw;height:100vh;background-color:black;""></div>","j","html-keyboard-response","1040","2.0.0","880006","178030","testolin2020_replication","2025-11-23T23:09:36.580Z","13-14 inch laptop","1440","900","1342","754","2","19","Nov 28 11:00pm","true"
"numerosity_discrimination","3","205","28","8","9","0.8889","j","516","<div style=""width:100vw;height:100vh;background-color:black;""></div>","f","html-keyboard-response","1045","2.0.0","883148","178030","testolin2020_replication","2025-11-23T23:09:36.580Z","13-14 inch laptop","1440","900","1342","754","2","19","Nov 28 11:00pm","false"
"numerosity_discrimination","3","206","284","14","28","0.5","j","312","<div style=""width:100vw;height:100vh;background-color:black;""></div>","j","html-keyboard-response","1050","2.0.0","885829","178030","testolin2020_replication","2025-11-23T23:09:36.580Z","13-14 inch laptop","1440","900","1342","754","2","19","Nov 28 11:00pm","true"
"numerosity_discrimination","3","207","29","12","14","0.8571","j","451","<div style=""width:100vw;height:100vh;background-color:black;""></div>","j","html-keyboard-response","1055","2.0.0","888739","178030","testolin2020_replication","2025-11-23T23:09:36.580Z","13-14 inch laptop","1440","900","1342","754","2","19","Nov 28 11:00pm","true"
"numerosity_discrimination","3","208","93","8","10","0.8","j","426","<div style=""width:100vw;height:100vh;background-color:black;""></div>","j","html-keyboard-response","1060","2.0.0","891532","178030","testolin2020_replication","2025-11-23T23:09:36.580Z","13-14 inch laptop","1440","900","1342","754","2","19","Nov 28 11:00pm","true"
"numerosity_discrimination","3","209","257","10","16","0.625","j","404","<div style=""width:100vw;height:100vh;background-color:black;""></div>","j","html-keyboard-response","1065","2.0.0","894209","178030","testolin2020_replication","2025-11-23T23:09:36.580Z","13-14 inch laptop","1440","900","1342","754","2","19","Nov 28 11:00pm","true"
"numerosity_discrimination","3","210","16","20","16","0.8","j","359","<div style=""width:100vw;height:100vh;background-color:black;""></div>","f","html-keyboard-response","1070","2.0.0","896834","178030","testolin2020_replication","2025-11-23T23:09:36.580Z","13-14 inch laptop","1440","900","1342","754","2","19","Nov 28 11:00pm","false"
"numerosity_discrimination","3","211","189","16","22","0.7273","j","489","<div style=""width:100vw;height:100vh;background-color:black;""></div>","j","html-keyboard-response","1075","2.0.0","899843","178030","testolin2020_replication","2025-11-23T23:09:36.580Z","13-14 inch laptop","1440","900","1342","754","2","19","Nov 28 11:00pm","true"
"numerosity_discrimination","3","212","135","9","12","0.75","j","529","<div style=""width:100vw;height:100vh;background-color:black;""></div>","j","html-keyboard-response","1080","2.0.0","902901","178030","testolin2020_replication","2025-11-23T23:09:36.580Z","13-14 inch laptop","1440","900","1342","754","2","19","Nov 28 11:00pm","true"
"numerosity_discrimination","3","213","260","25","16","0.64","j","527","<div style=""width:100vw;height:100vh;background-color:black;""></div>","f","html-keyboard-response","1085","2.0.0","906020","178030","testolin2020_replication","2025-11-23T23:09:36.580Z","13-14 inch laptop","1440","900","1342","754","2","19","Nov 28 11:00pm","false"
"numerosity_discrimination","3","214","241","7","11","0.6364","j","539","<div style=""width:100vw;height:100vh;background-color:black;""></div>","j","html-keyboard-response","1090","2.0.0","908877","178030","testolin2020_replication","2025-11-23T23:09:36.580Z","13-14 inch laptop","1440","900","1342","754","2","19","Nov 28 11:00pm","true"
"numerosity_discrimination","3","215","182","12","9","0.75","j","511","<div style=""width:100vw;height:100vh;background-color:black;""></div>","f","html-keyboard-response","1095","2.0.0","911761","178030","testolin2020_replication","2025-11-23T23:09:36.580Z","13-14 inch laptop","1440","900","1342","754","2","19","Nov 28 11:00pm","false"
"numerosity_discrimination","3","216","15","20","25","0.8","j","398","<div style=""width:100vw;height:100vh;background-color:black;""></div>","j","html-keyboard-response","1100","2.0.0","914517","178030","testolin2020_replication","2025-11-23T23:09:36.580Z","13-14 inch laptop","1440","900","1342","754","2","19","Nov 28 11:00pm","true"
"numerosity_discrimination","3","217","247","11","16","0.6875","j","261","<div style=""width:100vw;height:100vh;background-color:black;""></div>","f","html-keyboard-response","1105","2.0.0","917422","178030","testolin2020_replication","2025-11-23T23:09:36.580Z","13-14 inch laptop","1440","900","1342","754","2","19","Nov 28 11:00pm","false"
"numerosity_discrimination","3","218","117","22","18","0.8182","j","305","<div style=""width:100vw;height:100vh;background-color:black;""></div>","f","html-keyboard-response","1110","2.0.0","919963","178030","testolin2020_replication","2025-11-23T23:09:36.580Z","13-14 inch laptop","1440","900","1342","754","2","19","Nov 28 11:00pm","false"
"numerosity_discrimination","3","219","249","14","22","0.6364","j","242","<div style=""width:100vw;height:100vh;background-color:black;""></div>","j","html-keyboard-response","1115","2.0.0","922633","178030","testolin2020_replication","2025-11-23T23:09:36.580Z","13-14 inch laptop","1440","900","1342","754","2","19","Nov 28 11:00pm","true"
"numerosity_discrimination","3","220","217","25","16","0.64","j","82","<div style=""width:100vw;height:100vh;background-color:black;""></div>","f","html-keyboard-response","1120","2.0.0","925370","178030","testolin2020_replication","2025-11-23T23:09:36.580Z","13-14 inch laptop","1440","900","1342","754","2","19","Nov 28 11:00pm","false"
"numerosity_discrimination","3","221","242","28","18","0.6429","j","342","<div style=""width:100vw;height:100vh;background-color:black;""></div>","f","html-keyboard-response","1125","2.0.0","928236","178030","testolin2020_replication","2025-11-23T23:09:36.580Z","13-14 inch laptop","1440","900","1342","754","2","19","Nov 28 11:00pm","false"
"numerosity_discrimination","3","222","106","25","22","0.88","j","361","<div style=""width:100vw;height:100vh;background-color:black;""></div>","f","html-keyboard-response","1130","2.0.0","930905","178030","testolin2020_replication","2025-11-23T23:09:36.580Z","13-14 inch laptop","1440","900","1342","754","2","19","Nov 28 11:00pm","false"
"numerosity_discrimination","3","223","101","20","25","0.8","j","719","<div style=""width:100vw;height:100vh;background-color:black;""></div>","j","html-keyboard-response","1135","2.0.0","933949","178030","testolin2020_replication","2025-11-23T23:09:36.580Z","13-14 inch laptop","1440","900","1342","754","2","19","Nov 28 11:00pm","true"
"numerosity_discrimination","3","224","113","20","16","0.8","j","490","<div style=""width:100vw;height:100vh;background-color:black;""></div>","f","html-keyboard-response","1140","2.0.0","936942","178030","testolin2020_replication","2025-11-23T23:09:36.580Z","13-14 inch laptop","1440","900","1342","754","2","19","Nov 28 11:00pm","false"
"numerosity_discrimination","3","225","71","22","18","0.8182","j","494","<div style=""width:100vw;height:100vh;background-color:black;""></div>","f","html-keyboard-response","1145","2.0.0","939791","178030","testolin2020_replication","2025-11-23T23:09:36.580Z","13-14 inch laptop","1440","900","1342","754","2","19","Nov 28 11:00pm","false"
"numerosity_discrimination","3","226","52","25","28","0.8929","j","288","<div style=""width:100vw;height:100vh;background-color:black;""></div>","f","html-keyboard-response","1150","2.0.0","942657","178030","testolin2020_replication","2025-11-23T23:09:36.580Z","13-14 inch laptop","1440","900","1342","754","2","19","Nov 28 11:00pm","false"
"numerosity_discrimination","3","227","7","14","16","0.875","j","446","<div style=""width:100vw;height:100vh;background-color:black;""></div>","f","html-keyboard-response","1155","2.0.0","945526","178030","testolin2020_replication","2025-11-23T23:09:36.580Z","13-14 inch laptop","1440","900","1342","754","2","19","Nov 28 11:00pm","false"
"numerosity_discrimination","3","228","56","25","22","0.88","j","389","<div style=""width:100vw;height:100vh;background-color:black;""></div>","f","html-keyboard-response","1160","2.0.0","948494","178030","testolin2020_replication","2025-11-23T23:09:36.580Z","13-14 inch laptop","1440","900","1342","754","2","19","Nov 28 11:00pm","false"
"numerosity_discrimination","3","229","138","16","12","0.75","j","651","<div style=""width:100vw;height:100vh;background-color:black;""></div>","f","html-keyboard-response","1165","2.0.0","951629","178030","testolin2020_replication","2025-11-23T23:09:36.580Z","13-14 inch laptop","1440","900","1342","754","2","19","Nov 28 11:00pm","false"
"numerosity_discrimination","3","230","198","16","12","0.75","j","456","<div style=""width:100vw;height:100vh;background-color:black;""></div>","f","html-keyboard-response","1170","2.0.0","954621","178030","testolin2020_replication","2025-11-23T23:09:36.580Z","13-14 inch laptop","1440","900","1342","754","2","19","Nov 28 11:00pm","false"
"numerosity_discrimination","3","231","233","8","12","0.6667","j","473","<div style=""width:100vw;height:100vh;background-color:black;""></div>","f","html-keyboard-response","1175","2.0.0","957613","178030","testolin2020_replication","2025-11-23T23:09:36.580Z","13-14 inch laptop","1440","900","1342","754","2","19","Nov 28 11:00pm","false"
"numerosity_discrimination","3","232","264","25","16","0.64","j","386","<div style=""width:100vw;height:100vh;background-color:black;""></div>","f","html-keyboard-response","1180","2.0.0","960636","178030","testolin2020_replication","2025-11-23T23:09:36.580Z","13-14 inch laptop","1440","900","1342","754","2","19","Nov 28 11:00pm","false"
"numerosity_discrimination","3","233","27","14","12","0.8571","j","367","<div style=""width:100vw;height:100vh;background-color:black;""></div>","f","html-keyboard-response","1185","2.0.0","963397","178030","testolin2020_replication","2025-11-23T23:09:36.580Z","13-14 inch laptop","1440","900","1342","754","2","19","Nov 28 11:00pm","false"
"numerosity_discrimination","3","234","49","8","10","0.8","j","319","<div style=""width:100vw;height:100vh;background-color:black;""></div>","j","html-keyboard-response","1190","2.0.0","966294","178030","testolin2020_replication","2025-11-23T23:09:36.580Z","13-14 inch laptop","1440","900","1342","754","2","19","Nov 28 11:00pm","true"
"numerosity_discrimination","3","235","10","9","11","0.8182","j","922","<div style=""width:100vw;height:100vh;background-color:black;""></div>","j","html-keyboard-response","1195","2.0.0","969383","178030","testolin2020_replication","2025-11-23T23:09:36.580Z","13-14 inch laptop","1440","900","1342","754","2","19","Nov 28 11:00pm","true"
"numerosity_discrimination","3","236","232","8","12","0.6667","j","296","<div style=""width:100vw;height:100vh;background-color:black;""></div>","j","html-keyboard-response","1200","2.0.0","972179","178030","testolin2020_replication","2025-11-23T23:09:36.580Z","13-14 inch laptop","1440","900","1342","754","2","19","Nov 28 11:00pm","true"
"numerosity_discrimination","3","237","69","10","8","0.8","j","264","<div style=""width:100vw;height:100vh;background-color:black;""></div>","f","html-keyboard-response","1205","2.0.0","974629","178030","testolin2020_replication","2025-11-23T23:09:36.580Z","13-14 inch laptop","1440","900","1342","754","2","19","Nov 28 11:00pm","false"
"numerosity_discrimination","3","238","92","18","22","0.8182","j","350","<div style=""width:100vw;height:100vh;background-color:black;""></div>","j","html-keyboard-response","1210","2.0.0","977572","178030","testolin2020_replication","2025-11-23T23:09:36.580Z","13-14 inch laptop","1440","900","1342","754","2","19","Nov 28 11:00pm","true"
"numerosity_discrimination","3","239","60","18","22","0.8182","j","547","<div style=""width:100vw;height:100vh;background-color:black;""></div>","j","html-keyboard-response","1215","2.0.0","980337","178030","testolin2020_replication","2025-11-23T23:09:36.580Z","13-14 inch laptop","1440","900","1342","754","2","19","Nov 28 11:00pm","true"
"numerosity_discrimination","3","240","72","11","9","0.8182","j","367","<div style=""width:100vw;height:100vh;background-color:black;""></div>","f","html-keyboard-response","1220","2.0.0","983141","178030","testolin2020_replication","2025-11-23T23:09:36.580Z","13-14 inch laptop","1440","900","1342","754","2","19","Nov 28 11:00pm","false"
"numerosity_discrimination","3","241","256","7","11","0.6364","j","398","<div style=""width:100vw;height:100vh;background-color:black;""></div>","j","html-keyboard-response","1225","2.0.0","985988","178030","testolin2020_replication","2025-11-23T23:09:36.580Z","13-14 inch laptop","1440","900","1342","754","2","19","Nov 28 11:00pm","true"
"numerosity_discrimination","3","242","246","20","12","0.6","j","230","<div style=""width:100vw;height:100vh;background-color:black;""></div>","f","html-keyboard-response","1230","2.0.0","988819","178030","testolin2020_replication","2025-11-23T23:09:36.580Z","13-14 inch laptop","1440","900","1342","754","2","19","Nov 28 11:00pm","false"
"numerosity_discrimination","3","243","149","18","14","0.7778","j","321","<div style=""width:100vw;height:100vh;background-color:black;""></div>","j","html-keyboard-response","1235","2.0.0","991394","178030","testolin2020_replication","2025-11-23T23:09:36.580Z","13-14 inch laptop","1440","900","1342","754","2","19","Nov 28 11:00pm","true"
"numerosity_discrimination","3","244","229","20","12","0.6","j","101","<div style=""width:100vw;height:100vh;background-color:black;""></div>","f","html-keyboard-response","1240","2.0.0","993954","178030","testolin2020_replication","2025-11-23T23:09:36.580Z","13-14 inch laptop","1440","900","1342","754","2","19","Nov 28 11:00pm","false"
"numerosity_discrimination","3","245","57","22","18","0.8182","j","417","<div style=""width:100vw;height:100vh;background-color:black;""></div>","f","html-keyboard-response","1245","2.0.0","996911","178030","testolin2020_replication","2025-11-23T23:09:36.580Z","13-14 inch laptop","1440","900","1342","754","2","19","Nov 28 11:00pm","false"
"numerosity_discrimination","3","246","227","8","12","0.6667","j","474","<div style=""width:100vw;height:100vh;background-color:black;""></div>","f","html-keyboard-response","1250","2.0.0","999997","178030","testolin2020_replication","2025-11-23T23:09:36.580Z","13-14 inch laptop","1440","900","1342","754","2","19","Nov 28 11:00pm","false"
"numerosity_discrimination","3","247","2","28","25","0.8929","j","146","<div style=""width:100vw;height:100vh;background-color:black;""></div>","f","html-keyboard-response","1255","2.0.0","1002378","178030","testolin2020_replication","2025-11-23T23:09:36.580Z","13-14 inch laptop","1440","900","1342","754","2","19","Nov 28 11:00pm","false"
"numerosity_discrimination","3","248","251","20","12","0.6","j","62","<div style=""width:100vw;height:100vh;background-color:black;""></div>","f","html-keyboard-response","1260","2.0.0","1004693","178030","testolin2020_replication","2025-11-23T23:09:36.580Z","13-14 inch laptop","1440","900","1342","754","2","19","Nov 28 11:00pm","false"
"numerosity_discrimination","3","249","172","16","22","0.7273","j","215","<div style=""width:100vw;height:100vh;background-color:black;""></div>","j","html-keyboard-response","1265","2.0.0","1007353","178030","testolin2020_replication","2025-11-23T23:09:36.580Z","13-14 inch laptop","1440","900","1342","754","2","19","Nov 28 11:00pm","true"
"numerosity_discrimination","3","250","161","28","22","0.7857","j","144","<div style=""width:100vw;height:100vh;background-color:black;""></div>","f","html-keyboard-response","1270","2.0.0","1009893","178030","testolin2020_replication","2025-11-23T23:09:36.580Z","13-14 inch laptop","1440","900","1342","754","2","19","Nov 28 11:00pm","false"
"numerosity_discrimination","3","251","218","14","22","0.6364","j","192","<div style=""width:100vw;height:100vh;background-color:black;""></div>","j","html-keyboard-response","1275","2.0.0","1012413","178030","testolin2020_replication","2025-11-23T23:09:36.580Z","13-14 inch laptop","1440","900","1342","754","2","19","Nov 28 11:00pm","true"
"numerosity_discrimination","3","252","168","20","14","0.7","j","62","<div style=""width:100vw;height:100vh;background-color:black;""></div>","f","html-keyboard-response","1280","2.0.0","1014935","178030","testolin2020_replication","2025-11-23T23:09:36.580Z","13-14 inch laptop","1440","900","1342","754","2","19","Nov 28 11:00pm","false"
"numerosity_discrimination","3","253","155","7","9","0.7778","j","91","<div style=""width:100vw;height:100vh;background-color:black;""></div>","j","html-keyboard-response","1285","2.0.0","1017445","178030","testolin2020_replication","2025-11-23T23:09:36.580Z","13-14 inch laptop","1440","900","1342","754","2","19","Nov 28 11:00pm","true"
"numerosity_discrimination","3","254","216","9","14","0.6429","j","91","<div style=""width:100vw;height:100vh;background-color:black;""></div>","j","html-keyboard-response","1290","2.0.0","1020046","178030","testolin2020_replication","2025-11-23T23:09:36.580Z","13-14 inch laptop","1440","900","1342","754","2","19","Nov 28 11:00pm","true"
"numerosity_discrimination","3","255","94","22","25","0.88","j","128","<div style=""width:100vw;height:100vh;background-color:black;""></div>","f","html-keyboard-response","1295","2.0.0","1022624","178030","testolin2020_replication","2025-11-23T23:09:36.580Z","13-14 inch laptop","1440","900","1342","754","2","19","Nov 28 11:00pm","false"
"numerosity_discrimination","3","256","180","9","7","0.7778","j","222","<div style=""width:100vw;height:100vh;background-color:black;""></div>","j","html-keyboard-response","1300","2.0.0","1025154","178030","testolin2020_replication","2025-11-23T23:09:36.580Z","13-14 inch laptop","1440","900","1342","754","2","19","Nov 28 11:00pm","true"
"numerosity_discrimination","3","257","276","16","8","0.5","j","60","<div style=""width:100vw;height:100vh;background-color:black;""></div>","f","html-keyboard-response","1305","2.0.0","1027550","178030","testolin2020_replication","2025-11-23T23:09:36.580Z","13-14 inch laptop","1440","900","1342","754","2","19","Nov 28 11:00pm","false"
"numerosity_discrimination","3","258","139","9","7","0.7778","j","108","<div style=""width:100vw;height:100vh;background-color:black;""></div>","f","html-keyboard-response","1310","2.0.0","1030234","178030","testolin2020_replication","2025-11-23T23:09:36.580Z","13-14 inch laptop","1440","900","1342","754","2","19","Nov 28 11:00pm","false"
"numerosity_discrimination","3","259","223","28","18","0.6429","j","368","<div style=""width:100vw;height:100vh;background-color:black;""></div>","f","html-keyboard-response","1315","2.0.0","1032853","178030","testolin2020_replication","2025-11-23T23:09:36.580Z","13-14 inch laptop","1440","900","1342","754","2","19","Nov 28 11:00pm","false"
"numerosity_discrimination","3","260","118","20","25","0.8","j","285","<div style=""width:100vw;height:100vh;background-color:black;""></div>","j","html-keyboard-response","1320","2.0.0","1035662","178030","testolin2020_replication","2025-11-23T23:09:36.580Z","13-14 inch laptop","1440","900","1342","754","2","19","Nov 28 11:00pm","true"
"numerosity_discrimination","3","261","211","8","12","0.6667","j","316","<div style=""width:100vw;height:100vh;background-color:black;""></div>","j","html-keyboard-response","1325","2.0.0","1038213","178030","testolin2020_replication","2025-11-23T23:09:36.580Z","13-14 inch laptop","1440","900","1342","754","2","19","Nov 28 11:00pm","true"
"numerosity_discrimination","3","262","97","7","8","0.875","j","221","<div style=""width:100vw;height:100vh;background-color:black;""></div>","f","html-keyboard-response","1330","2.0.0","1040857","178030","testolin2020_replication","2025-11-23T23:09:36.580Z","13-14 inch laptop","1440","900","1342","754","2","19","Nov 28 11:00pm","false"
"numerosity_discrimination","3","263","165","14","10","0.7143","j","60","<div style=""width:100vw;height:100vh;background-color:black;""></div>","f","html-keyboard-response","1335","2.0.0","1043264","178030","testolin2020_replication","2025-11-23T23:09:36.580Z","13-14 inch laptop","1440","900","1342","754","2","19","Nov 28 11:00pm","false"
"numerosity_discrimination","3","264","298","9","18","0.5","j","192","<div style=""width:100vw;height:100vh;background-color:black;""></div>","j","html-keyboard-response","1340","2.0.0","1045781","178030","testolin2020_replication","2025-11-23T23:09:36.580Z","13-14 inch laptop","1440","900","1342","754","2","19","Nov 28 11:00pm","true"
"numerosity_discrimination","3","265","152","16","12","0.75","j","271","<div style=""width:100vw;height:100vh;background-color:black;""></div>","f","html-keyboard-response","1345","2.0.0","1048248","178030","testolin2020_replication","2025-11-23T23:09:36.580Z","13-14 inch laptop","1440","900","1342","754","2","19","Nov 28 11:00pm","false"
"numerosity_discrimination","3","266","104","8","7","0.875","j","328","<div style=""width:100vw;height:100vh;background-color:black;""></div>","f","html-keyboard-response","1350","2.0.0","1050830","178030","testolin2020_replication","2025-11-23T23:09:36.580Z","13-14 inch laptop","1440","900","1342","754","2","19","Nov 28 11:00pm","false"
"numerosity_discrimination","3","267","262","9","14","0.6429","j","235","<div style=""width:100vw;height:100vh;background-color:black;""></div>","f","html-keyboard-response","1355","2.0.0","1053326","178030","testolin2020_replication","2025-11-23T23:09:36.580Z","13-14 inch laptop","1440","900","1342","754","2","19","Nov 28 11:00pm","false"
"numerosity_discrimination","3","268","269","9","14","0.6429","j","301","<div style=""width:100vw;height:100vh;background-color:black;""></div>","j","html-keyboard-response","1360","2.0.0","1056264","178030","testolin2020_replication","2025-11-23T23:09:36.580Z","13-14 inch laptop","1440","900","1342","754","2","19","Nov 28 11:00pm","true"
"numerosity_discrimination","3","269","252","18","28","0.6429","j","1003","<div style=""width:100vw;height:100vh;background-color:black;""></div>","f","html-keyboard-response","1365","2.0.0","1059569","178030","testolin2020_replication","2025-11-23T23:09:36.580Z","13-14 inch laptop","1440","900","1342","754","2","19","Nov 28 11:00pm","false"
"numerosity_discrimination","3","270","130","22","28","0.7857","j","307","<div style=""width:100vw;height:100vh;background-color:black;""></div>","f","html-keyboard-response","1370","2.0.0","1062173","178030","testolin2020_replication","2025-11-23T23:09:36.580Z","13-14 inch laptop","1440","900","1342","754","2","19","Nov 28 11:00pm","false"
"numerosity_discrimination","3","271","1","9","8","0.8889","j","333","<div style=""width:100vw;height:100vh;background-color:black;""></div>","f","html-keyboard-response","1375","2.0.0","1065114","178030","testolin2020_replication","2025-11-23T23:09:36.580Z","13-14 inch laptop","1440","900","1342","754","2","19","Nov 28 11:00pm","false"
"numerosity_discrimination","3","272","255","18","28","0.6429","j","594","<div style=""width:100vw;height:100vh;background-color:black;""></div>","f","html-keyboard-response","1380","2.0.0","1068273","178030","testolin2020_replication","2025-11-23T23:09:36.580Z","13-14 inch laptop","1440","900","1342","754","2","19","Nov 28 11:00pm","false"
"numerosity_discrimination","3","273","40","10","12","0.8333","j","251","<div style=""width:100vw;height:100vh;background-color:black;""></div>","f","html-keyboard-response","1385","2.0.0","1071117","178030","testolin2020_replication","2025-11-23T23:09:36.580Z","13-14 inch laptop","1440","900","1342","754","2","19","Nov 28 11:00pm","false"
"numerosity_discrimination","3","274","277","20","10","0.5","j","186","<div style=""width:100vw;height:100vh;background-color:black;""></div>","f","html-keyboard-response","1390","2.0.0","1073617","178030","testolin2020_replication","2025-11-23T23:09:36.580Z","13-14 inch laptop","1440","900","1342","754","2","19","Nov 28 11:00pm","false"
"numerosity_discrimination","3","275","73","14","12","0.8571","j","436","<div style=""width:100vw;height:100vh;background-color:black;""></div>","f","html-keyboard-response","1395","2.0.0","1076296","178030","testolin2020_replication","2025-11-23T23:09:36.580Z","13-14 inch laptop","1440","900","1342","754","2","19","Nov 28 11:00pm","false"
"numerosity_discrimination","3","276","81","16","18","0.8889","j","165","<div style=""width:100vw;height:100vh;background-color:black;""></div>","f","html-keyboard-response","1400","2.0.0","1079061","178030","testolin2020_replication","2025-11-23T23:09:36.580Z","13-14 inch laptop","1440","900","1342","754","2","19","Nov 28 11:00pm","false"
"numerosity_discrimination","3","277","169","18","25","0.72","j","286","<div style=""width:100vw;height:100vh;background-color:black;""></div>","f","html-keyboard-response","1405","2.0.0","1081814","178030","testolin2020_replication","2025-11-23T23:09:36.580Z","13-14 inch laptop","1440","900","1342","754","2","19","Nov 28 11:00pm","false"
"numerosity_discrimination","3","278","296","9","16","0.5625","j","271","<div style=""width:100vw;height:100vh;background-color:black;""></div>","j","html-keyboard-response","1410","2.0.0","1084711","178030","testolin2020_replication","2025-11-23T23:09:36.580Z","13-14 inch laptop","1440","900","1342","754","2","19","Nov 28 11:00pm","true"
"numerosity_discrimination","3","279","25","11","9","0.8182","j","157","<div style=""width:100vw;height:100vh;background-color:black;""></div>","f","html-keyboard-response","1415","2.0.0","1087082","178030","testolin2020_replication","2025-11-23T23:09:36.580Z","13-14 inch laptop","1440","900","1342","754","2","19","Nov 28 11:00pm","false"
"numerosity_discrimination","3","280","289","22","12","0.5455","j","83","<div style=""width:100vw;height:100vh;background-color:black;""></div>","f","html-keyboard-response","1420","2.0.0","1089404","178030","testolin2020_replication","2025-11-23T23:09:36.580Z","13-14 inch laptop","1440","900","1342","754","2","19","Nov 28 11:00pm","false"
"numerosity_discrimination","3","281","33","8","9","0.8889","j","256","<div style=""width:100vw;height:100vh;background-color:black;""></div>","f","html-keyboard-response","1425","2.0.0","1091891","178030","testolin2020_replication","2025-11-23T23:09:36.580Z","13-14 inch laptop","1440","900","1342","754","2","19","Nov 28 11:00pm","false"
"numerosity_discrimination","3","282","43","11","9","0.8182","j","416","<div style=""width:100vw;height:100vh;background-color:black;""></div>","j","html-keyboard-response","1430","2.0.0","1094676","178030","testolin2020_replication","2025-11-23T23:09:36.580Z","13-14 inch laptop","1440","900","1342","754","2","19","Nov 28 11:00pm","true"
"numerosity_discrimination","3","283","147","8","11","0.7273","j","374","<div style=""width:100vw;height:100vh;background-color:black;""></div>","f","html-keyboard-response","1435","2.0.0","1097472","178030","testolin2020_replication","2025-11-23T23:09:36.580Z","13-14 inch laptop","1440","900","1342","754","2","19","Nov 28 11:00pm","false"
"numerosity_discrimination","3","284","98","25","28","0.8929","j","137","<div style=""width:100vw;height:100vh;background-color:black;""></div>","f","html-keyboard-response","1440","2.0.0","1099914","178030","testolin2020_replication","2025-11-23T23:09:36.580Z","13-14 inch laptop","1440","900","1342","754","2","19","Nov 28 11:00pm","false"
"numerosity_discrimination","3","285","39","20","16","0.8","j","150","<div style=""width:100vw;height:100vh;background-color:black;""></div>","f","html-keyboard-response","1445","2.0.0","1102571","178030","testolin2020_replication","2025-11-23T23:09:36.580Z","13-14 inch laptop","1440","900","1342","754","2","19","Nov 28 11:00pm","false"
"numerosity_discrimination","3","286","115","25","28","0.8929","j","87","<div style=""width:100vw;height:100vh;background-color:black;""></div>","f","html-keyboard-response","1450","2.0.0","1104991","178030","testolin2020_replication","2025-11-23T23:09:36.580Z","13-14 inch laptop","1440","900","1342","754","2","19","Nov 28 11:00pm","false"
"numerosity_discrimination","3","287","80","16","18","0.8889","j","306","<div style=""width:100vw;height:100vh;background-color:black;""></div>","f","html-keyboard-response","1455","2.0.0","1107885","178030","testolin2020_replication","2025-11-23T23:09:36.580Z","13-14 inch laptop","1440","900","1342","754","2","19","Nov 28 11:00pm","false"
"numerosity_discrimination","3","288","144","28","20","0.7143","j","123","<div style=""width:100vw;height:100vh;background-color:black;""></div>","f","html-keyboard-response","1460","2.0.0","1110387","178030","testolin2020_replication","2025-11-23T23:09:36.580Z","13-14 inch laptop","1440","900","1342","754","2","19","Nov 28 11:00pm","false"
"numerosity_discrimination","3","289","45","25","20","0.8","j","153","<div style=""width:100vw;height:100vh;background-color:black;""></div>","f","html-keyboard-response","1465","2.0.0","1112917","178030","testolin2020_replication","2025-11-23T23:09:36.580Z","13-14 inch laptop","1440","900","1342","754","2","19","Nov 28 11:00pm","false"
"numerosity_discrimination","3","290","200","12","9","0.75","j","361","<div style=""width:100vw;height:100vh;background-color:black;""></div>","f","html-keyboard-response","1470","2.0.0","1115625","178030","testolin2020_replication","2025-11-23T23:09:36.580Z","13-14 inch laptop","1440","900","1342","754","2","19","Nov 28 11:00pm","false"
"numerosity_discrimination","3","291","212","22","14","0.6364","j","160","<div style=""width:100vw;height:100vh;background-color:black;""></div>","f","html-keyboard-response","1475","2.0.0","1117975","178030","testolin2020_replication","2025-11-23T23:09:36.580Z","13-14 inch laptop","1440","900","1342","754","2","19","Nov 28 11:00pm","false"
"numerosity_discrimination","3","292","207","7","9","0.7778","j","195","<div style=""width:100vw;height:100vh;background-color:black;""></div>","f","html-keyboard-response","1480","2.0.0","1120564","178030","testolin2020_replication","2025-11-23T23:09:36.580Z","13-14 inch laptop","1440","900","1342","754","2","19","Nov 28 11:00pm","false"
"numerosity_discrimination","3","293","204","7","9","0.7778","j","349","<div style=""width:100vw;height:100vh;background-color:black;""></div>","j","html-keyboard-response","1485","2.0.0","1123253","178030","testolin2020_replication","2025-11-23T23:09:36.580Z","13-14 inch laptop","1440","900","1342","754","2","19","Nov 28 11:00pm","true"
"numerosity_discrimination","3","294","47","20","25","0.8","j","185","<div style=""width:100vw;height:100vh;background-color:black;""></div>","f","html-keyboard-response","1490","2.0.0","1125773","178030","testolin2020_replication","2025-11-23T23:09:36.580Z","13-14 inch laptop","1440","900","1342","754","2","19","Nov 28 11:00pm","false"
"numerosity_discrimination","3","295","206","9","7","0.7778","j","177","<div style=""width:100vw;height:100vh;background-color:black;""></div>","f","html-keyboard-response","1495","2.0.0","1128213","178030","testolin2020_replication","2025-11-23T23:09:36.580Z","13-14 inch laptop","1440","900","1342","754","2","19","Nov 28 11:00pm","false"
"numerosity_discrimination","3","296","91","12","14","0.8571","j","72","<div style=""width:100vw;height:100vh;background-color:black;""></div>","f","html-keyboard-response","1500","2.0.0","1130834","178030","testolin2020_replication","2025-11-23T23:09:36.580Z","13-14 inch laptop","1440","900","1342","754","2","19","Nov 28 11:00pm","false"
"numerosity_discrimination","3","297","263","22","14","0.6364","j","18","<div style=""width:100vw;height:100vh;background-color:black;""></div>","f","html-keyboard-response","1505","2.0.0","1133444","178030","testolin2020_replication","2025-11-23T23:09:36.580Z","13-14 inch laptop","1440","900","1342","754","2","19","Nov 28 11:00pm","false"
"numerosity_discrimination","3","298","110","7","8","0.875","j","200","<div style=""width:100vw;height:100vh;background-color:black;""></div>","f","html-keyboard-response","1510","2.0.0","1135894","178030","testolin2020_replication","2025-11-23T23:09:36.580Z","13-14 inch laptop","1440","900","1342","754","2","19","Nov 28 11:00pm","false"
"numerosity_discrimination","3","299","222","16","10","0.625","j","30","<div style=""width:100vw;height:100vh;background-color:black;""></div>","f","html-keyboard-response","1515","2.0.0","1138323","178030","testolin2020_replication","2025-11-23T23:09:36.580Z","13-14 inch laptop","1440","900","1342","754","2","19","Nov 28 11:00pm","false"
"numerosity_discrimination","3","300","143","20","28","0.7143","j","3951","<div style=""width:100vw;height:100vh;background-color:black;""></div>","f","html-keyboard-response","1520","2.0.0","1144605","178030","testolin2020_replication","2025-11-23T23:09:36.580Z","13-14 inch laptop","1440","900","1342","754","2","19","Nov 28 11:00pm","false"
