"task","block","pair_order","pair_num","left_n","right_n","pair_ratio","correct_key","rt","stimulus","response","trial_type","trial_index","plugin_version","time_elapsed","participant_id","experiment","date","screen_size_category","screen_width_pixels","screen_height_pixels","window_width_pixels","window_height_pixels","pixel_ratio","participant_age","time_slot","correct"
"numerosity_discrimination","1","1","286","18","10","0.5556","j","821","<div style=""width:100vw;height:100vh;background-color:black;""></div>","f","html-keyboard-response","21","2.0.0","219813","178942","testolin2020_replication","2025-11-22T23:00:46.151Z","13-14 inch laptop","1512","982","1512","776","2","18","November 28 11:00 pm ","false"
"numerosity_discrimination","1","2","61","8","10","0.8","j","527","<div style=""width:100vw;height:100vh;background-color:black;""></div>","j","html-keyboard-response","26","2.0.0","222510","178942","testolin2020_replication","2025-11-22T23:00:46.151Z","13-14 inch laptop","1512","982","1512","776","2","18","November 28 11:00 pm ","true"
"numerosity_discrimination","1","3","271","20","11","0.55","j","760","<div style=""width:100vw;height:100vh;background-color:black;""></div>","f","html-keyboard-response","31","2.0.0","225440","178942","testolin2020_replication","2025-11-22T23:00:46.151Z","13-14 inch laptop","1512","982","1512","776","2","18","November 28 11:00 pm ","false"
"numerosity_discrimination","1","4","128","22","28","0.7857","j","723","<div style=""width:100vw;height:100vh;background-color:black;""></div>","j","html-keyboard-response","36","2.0.0","228595","178942","testolin2020_replication","2025-11-22T23:00:46.151Z","13-14 inch laptop","1512","982","1512","776","2","18","November 28 11:00 pm ","true"
"numerosity_discrimination","1","5","278","9","18","0.5","j","861","<div style=""width:100vw;height:100vh;background-color:black;""></div>","j","html-keyboard-response","41","2.0.0","231935","178942","testolin2020_replication","2025-11-22T23:00:46.151Z","13-14 inch laptop","1512","982","1512","776","2","18","November 28 11:00 pm ","true"
"numerosity_discrimination","1","6","51","10","12","0.8333","j","854","<div style=""width:100vw;height:100vh;background-color:black;""></div>","j","html-keyboard-response","46","2.0.0","235401","178942","testolin2020_replication","2025-11-22T23:00:46.151Z","13-14 inch laptop","1512","982","1512","776","2","18","November 28 11:00 pm ","true"
"numerosity_discrimination","1","7","188","9","12","0.75","j","933","<div style=""width:100vw;height:100vh;background-color:black;""></div>","j","html-keyboard-response","51","2.0.0","238549","178942","testolin2020_replication","2025-11-22T23:00:46.151Z","13-14 inch laptop","1512","982","1512","776","2","18","November 28 11:00 pm ","true"
"numerosity_discrimination","1","8","236","22","14","0.6364","j","499","<div style=""width:100vw;height:100vh;background-color:black;""></div>","f","html-keyboard-response","56","2.0.0","241456","178942","testolin2020_replication","2025-11-22T23:00:46.151Z","13-14 inch laptop","1512","982","1512","776","2","18","November 28 11:00 pm ","false"
"numerosity_discrimination","1","9","35","9","8","0.8889","j","605","<div style=""width:100vw;height:100vh;background-color:black;""></div>","j","html-keyboard-response","61","2.0.0","244494","178942","testolin2020_replication","2025-11-22T23:00:46.151Z","13-14 inch laptop","1512","982","1512","776","2","18","November 28 11:00 pm ","true"
"numerosity_discrimination","1","10","267","18","28","0.6429","j","386","<div style=""width:100vw;height:100vh;background-color:black;""></div>","j","html-keyboard-response","66","2.0.0","247338","178942","testolin2020_replication","2025-11-22T23:00:46.151Z","13-14 inch laptop","1512","982","1512","776","2","18","November 28 11:00 pm ","true"
"numerosity_discrimination","1","11","280","28","16","0.5714","j","543","<div style=""width:100vw;height:100vh;background-color:black;""></div>","f","html-keyboard-response","71","2.0.0","250433","178942","testolin2020_replication","2025-11-22T23:00:46.151Z","13-14 inch laptop","1512","982","1512","776","2","18","November 28 11:00 pm ","false"
"numerosity_discrimination","1","12","279","20","11","0.55","j","594","<div style=""width:100vw;height:100vh;background-color:black;""></div>","f","html-keyboard-response","76","2.0.0","253206","178942","testolin2020_replication","2025-11-22T23:00:46.151Z","13-14 inch laptop","1512","982","1512","776","2","18","November 28 11:00 pm ","false"
"numerosity_discrimination","1","13","167","9","12","0.75","j","438","<div style=""width:100vw;height:100vh;background-color:black;""></div>","j","html-keyboard-response","81","2.0.0","256180","178942","testolin2020_replication","2025-11-22T23:00:46.151Z","13-14 inch laptop","1512","982","1512","776","2","18","November 28 11:00 pm ","true"
"numerosity_discrimination","1","14","9","9","8","0.8889","j","473","<div style=""width:100vw;height:100vh;background-color:black;""></div>","f","html-keyboard-response","86","2.0.0","259296","178942","testolin2020_replication","2025-11-22T23:00:46.151Z","13-14 inch laptop","1512","982","1512","776","2","18","November 28 11:00 pm ","false"
"numerosity_discrimination","1","15","202","9","7","0.7778","j","654","<div style=""width:100vw;height:100vh;background-color:black;""></div>","f","html-keyboard-response","91","2.0.0","262144","178942","testolin2020_replication","2025-11-22T23:00:46.151Z","13-14 inch laptop","1512","982","1512","776","2","18","November 28 11:00 pm ","false"
"numerosity_discrimination","1","16","272","10","20","0.5","j","622","<div style=""width:100vw;height:100vh;background-color:black;""></div>","j","html-keyboard-response","96","2.0.0","265273","178942","testolin2020_replication","2025-11-22T23:00:46.151Z","13-14 inch laptop","1512","982","1512","776","2","18","November 28 11:00 pm ","true"
"numerosity_discrimination","1","17","235","14","9","0.6429","j","553","<div style=""width:100vw;height:100vh;background-color:black;""></div>","f","html-keyboard-response","101","2.0.0","268215","178942","testolin2020_replication","2025-11-22T23:00:46.151Z","13-14 inch laptop","1512","982","1512","776","2","18","November 28 11:00 pm ","false"
"numerosity_discrimination","1","18","67","11","9","0.8182","j","546","<div style=""width:100vw;height:100vh;background-color:black;""></div>","f","html-keyboard-response","106","2.0.0","271121","178942","testolin2020_replication","2025-11-22T23:00:46.151Z","13-14 inch laptop","1512","982","1512","776","2","18","November 28 11:00 pm ","false"
"numerosity_discrimination","1","19","160","12","16","0.75","j","444","<div style=""width:100vw;height:100vh;background-color:black;""></div>","j","html-keyboard-response","111","2.0.0","274203","178942","testolin2020_replication","2025-11-22T23:00:46.151Z","13-14 inch laptop","1512","982","1512","776","2","18","November 28 11:00 pm ","true"
"numerosity_discrimination","1","20","31","28","25","0.8929","j","519","<div style=""width:100vw;height:100vh;background-color:black;""></div>","f","html-keyboard-response","116","2.0.0","277087","178942","testolin2020_replication","2025-11-22T23:00:46.151Z","13-14 inch laptop","1512","982","1512","776","2","18","November 28 11:00 pm ","false"
"numerosity_discrimination","1","21","213","18","11","0.6111","j","524","<div style=""width:100vw;height:100vh;background-color:black;""></div>","f","html-keyboard-response","121","2.0.0","280246","178942","testolin2020_replication","2025-11-22T23:00:46.151Z","13-14 inch laptop","1512","982","1512","776","2","18","November 28 11:00 pm ","false"
"numerosity_discrimination","1","22","193","25","18","0.72","j","517","<div style=""width:100vw;height:100vh;background-color:black;""></div>","f","html-keyboard-response","126","2.0.0","283419","178942","testolin2020_replication","2025-11-22T23:00:46.151Z","13-14 inch laptop","1512","982","1512","776","2","18","November 28 11:00 pm ","false"
"numerosity_discrimination","1","23","105","28","25","0.8929","j","355","<div style=""width:100vw;height:100vh;background-color:black;""></div>","j","html-keyboard-response","131","2.0.0","286264","178942","testolin2020_replication","2025-11-22T23:00:46.151Z","13-14 inch laptop","1512","982","1512","776","2","18","November 28 11:00 pm ","true"
"numerosity_discrimination","1","24","158","18","14","0.7778","j","530","<div style=""width:100vw;height:100vh;background-color:black;""></div>","f","html-keyboard-response","136","2.0.0","289164","178942","testolin2020_replication","2025-11-22T23:00:46.151Z","13-14 inch laptop","1512","982","1512","776","2","18","November 28 11:00 pm ","false"
"numerosity_discrimination","1","25","175","11","14","0.7857","j","465","<div style=""width:100vw;height:100vh;background-color:black;""></div>","f","html-keyboard-response","141","2.0.0","292038","178942","testolin2020_replication","2025-11-22T23:00:46.151Z","13-14 inch laptop","1512","982","1512","776","2","18","November 28 11:00 pm ","false"
"numerosity_discrimination","1","26","254","20","12","0.6","j","450","<div style=""width:100vw;height:100vh;background-color:black;""></div>","f","html-keyboard-response","146","2.0.0","294791","178942","testolin2020_replication","2025-11-22T23:00:46.151Z","13-14 inch laptop","1512","982","1512","776","2","18","November 28 11:00 pm ","false"
"numerosity_discrimination","1","27","221","16","10","0.625","j","565","<div style=""width:100vw;height:100vh;background-color:black;""></div>","f","html-keyboard-response","151","2.0.0","297728","178942","testolin2020_replication","2025-11-22T23:00:46.151Z","13-14 inch laptop","1512","982","1512","776","2","18","November 28 11:00 pm ","false"
"numerosity_discrimination","1","28","55","18","16","0.8889","j","622","<div style=""width:100vw;height:100vh;background-color:black;""></div>","f","html-keyboard-response","156","2.0.0","300846","178942","testolin2020_replication","2025-11-22T23:00:46.151Z","13-14 inch laptop","1512","982","1512","776","2","18","November 28 11:00 pm ","false"
"numerosity_discrimination","1","29","120","14","12","0.8571","j","517","<div style=""width:100vw;height:100vh;background-color:black;""></div>","f","html-keyboard-response","161","2.0.0","303598","178942","testolin2020_replication","2025-11-22T23:00:46.151Z","13-14 inch laptop","1512","982","1512","776","2","18","November 28 11:00 pm ","false"
"numerosity_discrimination","1","30","89","11","9","0.8182","j","416","<div style=""width:100vw;height:100vh;background-color:black;""></div>","f","html-keyboard-response","166","2.0.0","306219","178942","testolin2020_replication","2025-11-22T23:00:46.151Z","13-14 inch laptop","1512","982","1512","776","2","18","November 28 11:00 pm ","false"
"numerosity_discrimination","1","31","108","8","9","0.8889","j","571","<div style=""width:100vw;height:100vh;background-color:black;""></div>","j","html-keyboard-response","171","2.0.0","309377","178942","testolin2020_replication","2025-11-22T23:00:46.151Z","13-14 inch laptop","1512","982","1512","776","2","18","November 28 11:00 pm ","true"
"numerosity_discrimination","1","32","23","11","9","0.8182","j","571","<div style=""width:100vw;height:100vh;background-color:black;""></div>","f","html-keyboard-response","176","2.0.0","312262","178942","testolin2020_replication","2025-11-22T23:00:46.151Z","13-14 inch laptop","1512","982","1512","776","2","18","November 28 11:00 pm ","false"
"numerosity_discrimination","1","33","48","14","16","0.875","j","630","<div style=""width:100vw;height:100vh;background-color:black;""></div>","j","html-keyboard-response","181","2.0.0","315053","178942","testolin2020_replication","2025-11-22T23:00:46.151Z","13-14 inch laptop","1512","982","1512","776","2","18","November 28 11:00 pm ","true"
"numerosity_discrimination","1","34","177","8","11","0.7273","j","338","<div style=""width:100vw;height:100vh;background-color:black;""></div>","j","html-keyboard-response","186","2.0.0","317782","178942","testolin2020_replication","2025-11-22T23:00:46.151Z","13-14 inch laptop","1512","982","1512","776","2","18","November 28 11:00 pm ","true"
"numerosity_discrimination","1","35","26","28","25","0.8929","j","410","<div style=""width:100vw;height:100vh;background-color:black;""></div>","f","html-keyboard-response","191","2.0.0","320499","178942","testolin2020_replication","2025-11-22T23:00:46.151Z","13-14 inch laptop","1512","982","1512","776","2","18","November 28 11:00 pm ","false"
"numerosity_discrimination","1","36","166","20","14","0.7","j","418","<div style=""width:100vw;height:100vh;background-color:black;""></div>","f","html-keyboard-response","196","2.0.0","323363","178942","testolin2020_replication","2025-11-22T23:00:46.151Z","13-14 inch laptop","1512","982","1512","776","2","18","November 28 11:00 pm ","false"
"numerosity_discrimination","1","37","261","28","18","0.6429","j","490","<div style=""width:100vw;height:100vh;background-color:black;""></div>","f","html-keyboard-response","201","2.0.0","326494","178942","testolin2020_replication","2025-11-22T23:00:46.151Z","13-14 inch laptop","1512","982","1512","776","2","18","November 28 11:00 pm ","false"
"numerosity_discrimination","1","38","32","16","20","0.8","j","342","<div style=""width:100vw;height:100vh;background-color:black;""></div>","j","html-keyboard-response","206","2.0.0","329003","178942","testolin2020_replication","2025-11-22T23:00:46.151Z","13-14 inch laptop","1512","982","1512","776","2","18","November 28 11:00 pm ","true"
"numerosity_discrimination","1","39","103","14","12","0.8571","j","389","<div style=""width:100vw;height:100vh;background-color:black;""></div>","j","html-keyboard-response","211","2.0.0","331942","178942","testolin2020_replication","2025-11-22T23:00:46.151Z","13-14 inch laptop","1512","982","1512","776","2","18","November 28 11:00 pm ","true"
"numerosity_discrimination","1","40","197","12","16","0.75","j","704","<div style=""width:100vw;height:100vh;background-color:black;""></div>","j","html-keyboard-response","216","2.0.0","334956","178942","testolin2020_replication","2025-11-22T23:00:46.151Z","13-14 inch laptop","1512","982","1512","776","2","18","November 28 11:00 pm ","true"
"numerosity_discrimination","1","41","268","18","11","0.6111","j","389","<div style=""width:100vw;height:100vh;background-color:black;""></div>","f","html-keyboard-response","221","2.0.0","337664","178942","testolin2020_replication","2025-11-22T23:00:46.151Z","13-14 inch laptop","1512","982","1512","776","2","18","November 28 11:00 pm ","false"
"numerosity_discrimination","1","42","299","20","10","0.5","j","542","<div style=""width:100vw;height:100vh;background-color:black;""></div>","f","html-keyboard-response","226","2.0.0","340843","178942","testolin2020_replication","2025-11-22T23:00:46.151Z","13-14 inch laptop","1512","982","1512","776","2","18","November 28 11:00 pm ","false"
"numerosity_discrimination","1","43","179","22","16","0.7273","j","701","<div style=""width:100vw;height:100vh;background-color:black;""></div>","j","html-keyboard-response","231","2.0.0","343976","178942","testolin2020_replication","2025-11-22T23:00:46.151Z","13-14 inch laptop","1512","982","1512","776","2","18","November 28 11:00 pm ","true"
"numerosity_discrimination","1","44","203","11","8","0.7273","j","504","<div style=""width:100vw;height:100vh;background-color:black;""></div>","f","html-keyboard-response","236","2.0.0","346975","178942","testolin2020_replication","2025-11-22T23:00:46.151Z","13-14 inch laptop","1512","982","1512","776","2","18","November 28 11:00 pm ","false"
"numerosity_discrimination","1","45","245","10","16","0.625","j","532","<div style=""width:100vw;height:100vh;background-color:black;""></div>","j","html-keyboard-response","241","2.0.0","349996","178942","testolin2020_replication","2025-11-22T23:00:46.151Z","13-14 inch laptop","1512","982","1512","776","2","18","November 28 11:00 pm ","true"
"numerosity_discrimination","1","46","34","16","18","0.8889","j","380","<div style=""width:100vw;height:100vh;background-color:black;""></div>","j","html-keyboard-response","246","2.0.0","352847","178942","testolin2020_replication","2025-11-22T23:00:46.151Z","13-14 inch laptop","1512","982","1512","776","2","18","November 28 11:00 pm ","true"
"numerosity_discrimination","1","47","164","20","14","0.7","j","626","<div style=""width:100vw;height:100vh;background-color:black;""></div>","f","html-keyboard-response","251","2.0.0","355714","178942","testolin2020_replication","2025-11-22T23:00:46.151Z","13-14 inch laptop","1512","982","1512","776","2","18","November 28 11:00 pm ","false"
"numerosity_discrimination","1","48","186","22","28","0.7857","j","1016","<div style=""width:100vw;height:100vh;background-color:black;""></div>","j","html-keyboard-response","256","2.0.0","359354","178942","testolin2020_replication","2025-11-22T23:00:46.151Z","13-14 inch laptop","1512","982","1512","776","2","18","November 28 11:00 pm ","true"
"numerosity_discrimination","1","49","19","18","22","0.8182","j","429","<div style=""width:100vw;height:100vh;background-color:black;""></div>","j","html-keyboard-response","261","2.0.0","362327","178942","testolin2020_replication","2025-11-22T23:00:46.151Z","13-14 inch laptop","1512","982","1512","776","2","18","November 28 11:00 pm ","true"
"numerosity_discrimination","1","50","22","16","20","0.8","j","356","<div style=""width:100vw;height:100vh;background-color:black;""></div>","f","html-keyboard-response","266","2.0.0","365069","178942","testolin2020_replication","2025-11-22T23:00:46.151Z","13-14 inch laptop","1512","982","1512","776","2","18","November 28 11:00 pm ","false"
"numerosity_discrimination","1","51","285","11","22","0.5","j","594","<div style=""width:100vw;height:100vh;background-color:black;""></div>","j","html-keyboard-response","271","2.0.0","368189","178942","testolin2020_replication","2025-11-22T23:00:46.151Z","13-14 inch laptop","1512","982","1512","776","2","18","November 28 11:00 pm ","true"
"numerosity_discrimination","1","52","54","22","18","0.8182","j","512","<div style=""width:100vw;height:100vh;background-color:black;""></div>","f","html-keyboard-response","276","2.0.0","371026","178942","testolin2020_replication","2025-11-22T23:00:46.151Z","13-14 inch laptop","1512","982","1512","776","2","18","November 28 11:00 pm ","false"
"numerosity_discrimination","1","53","238","20","12","0.6","j","406","<div style=""width:100vw;height:100vh;background-color:black;""></div>","f","html-keyboard-response","281","2.0.0","373949","178942","testolin2020_replication","2025-11-22T23:00:46.151Z","13-14 inch laptop","1512","982","1512","776","2","18","November 28 11:00 pm ","false"
"numerosity_discrimination","1","54","124","16","12","0.75","j","386","<div style=""width:100vw;height:100vh;background-color:black;""></div>","f","html-keyboard-response","286","2.0.0","376781","178942","testolin2020_replication","2025-11-22T23:00:46.151Z","13-14 inch laptop","1512","982","1512","776","2","18","November 28 11:00 pm ","false"
"numerosity_discrimination","1","55","18","14","12","0.8571","j","436","<div style=""width:100vw;height:100vh;background-color:black;""></div>","f","html-keyboard-response","291","2.0.0","379757","178942","testolin2020_replication","2025-11-22T23:00:46.151Z","13-14 inch laptop","1512","982","1512","776","2","18","November 28 11:00 pm ","false"
"numerosity_discrimination","1","56","173","25","18","0.72","j","539","<div style=""width:100vw;height:100vh;background-color:black;""></div>","f","html-keyboard-response","296","2.0.0","382674","178942","testolin2020_replication","2025-11-22T23:00:46.151Z","13-14 inch laptop","1512","982","1512","776","2","18","November 28 11:00 pm ","false"
"numerosity_discrimination","1","57","63","9","8","0.8889","j","548","<div style=""width:100vw;height:100vh;background-color:black;""></div>","f","html-keyboard-response","301","2.0.0","385485","178942","testolin2020_replication","2025-11-22T23:00:46.151Z","13-14 inch laptop","1512","982","1512","776","2","18","November 28 11:00 pm ","false"
"numerosity_discrimination","1","58","159","20","28","0.7143","j","367","<div style=""width:100vw;height:100vh;background-color:black;""></div>","j","html-keyboard-response","306","2.0.0","388240","178942","testolin2020_replication","2025-11-22T23:00:46.151Z","13-14 inch laptop","1512","982","1512","776","2","18","November 28 11:00 pm ","true"
"numerosity_discrimination","1","59","265","18","28","0.6429","j","337","<div style=""width:100vw;height:100vh;background-color:black;""></div>","j","html-keyboard-response","311","2.0.0","391071","178942","testolin2020_replication","2025-11-22T23:00:46.151Z","13-14 inch laptop","1512","982","1512","776","2","18","November 28 11:00 pm ","true"
"numerosity_discrimination","1","60","17","12","14","0.8571","j","332","<div style=""width:100vw;height:100vh;background-color:black;""></div>","j","html-keyboard-response","316","2.0.0","393822","178942","testolin2020_replication","2025-11-22T23:00:46.151Z","13-14 inch laptop","1512","982","1512","776","2","18","November 28 11:00 pm ","true"
"numerosity_discrimination","1","61","140","11","8","0.7273","j","299","<div style=""width:100vw;height:100vh;background-color:black;""></div>","f","html-keyboard-response","321","2.0.0","396717","178942","testolin2020_replication","2025-11-22T23:00:46.151Z","13-14 inch laptop","1512","982","1512","776","2","18","November 28 11:00 pm ","false"
"numerosity_discrimination","1","62","208","9","7","0.7778","j","589","<div style=""width:100vw;height:100vh;background-color:black;""></div>","f","html-keyboard-response","326","2.0.0","399659","178942","testolin2020_replication","2025-11-22T23:00:46.151Z","13-14 inch laptop","1512","982","1512","776","2","18","November 28 11:00 pm ","false"
"numerosity_discrimination","1","63","53","18","22","0.8182","j","554","<div style=""width:100vw;height:100vh;background-color:black;""></div>","j","html-keyboard-response","331","2.0.0","402835","178942","testolin2020_replication","2025-11-22T23:00:46.151Z","13-14 inch laptop","1512","982","1512","776","2","18","November 28 11:00 pm ","true"
"numerosity_discrimination","1","64","126","9","7","0.7778","j","449","<div style=""width:100vw;height:100vh;background-color:black;""></div>","f","html-keyboard-response","336","2.0.0","405814","178942","testolin2020_replication","2025-11-22T23:00:46.151Z","13-14 inch laptop","1512","982","1512","776","2","18","November 28 11:00 pm ","false"
"numerosity_discrimination","1","65","88","12","10","0.8333","j","533","<div style=""width:100vw;height:100vh;background-color:black;""></div>","f","html-keyboard-response","341","2.0.0","408578","178942","testolin2020_replication","2025-11-22T23:00:46.151Z","13-14 inch laptop","1512","982","1512","776","2","18","November 28 11:00 pm ","false"
"numerosity_discrimination","1","66","116","28","25","0.8929","j","536","<div style=""width:100vw;height:100vh;background-color:black;""></div>","j","html-keyboard-response","346","2.0.0","411618","178942","testolin2020_replication","2025-11-22T23:00:46.151Z","13-14 inch laptop","1512","982","1512","776","2","18","November 28 11:00 pm ","true"
"numerosity_discrimination","1","67","4","12","14","0.8571","j","387","<div style=""width:100vw;height:100vh;background-color:black;""></div>","f","html-keyboard-response","351","2.0.0","414339","178942","testolin2020_replication","2025-11-22T23:00:46.151Z","13-14 inch laptop","1512","982","1512","776","2","18","November 28 11:00 pm ","false"
"numerosity_discrimination","1","68","287","25","14","0.56","j","530","<div style=""width:100vw;height:100vh;background-color:black;""></div>","f","html-keyboard-response","356","2.0.0","417209","178942","testolin2020_replication","2025-11-22T23:00:46.151Z","13-14 inch laptop","1512","982","1512","776","2","18","November 28 11:00 pm ","false"
"numerosity_discrimination","1","69","119","12","10","0.8333","j","631","<div style=""width:100vw;height:100vh;background-color:black;""></div>","j","html-keyboard-response","361","2.0.0","420396","178942","testolin2020_replication","2025-11-22T23:00:46.151Z","13-14 inch laptop","1512","982","1512","776","2","18","November 28 11:00 pm ","true"
"numerosity_discrimination","1","70","122","8","11","0.7273","j","568","<div style=""width:100vw;height:100vh;background-color:black;""></div>","j","html-keyboard-response","366","2.0.0","423521","178942","testolin2020_replication","2025-11-22T23:00:46.151Z","13-14 inch laptop","1512","982","1512","776","2","18","November 28 11:00 pm ","true"
"numerosity_discrimination","1","71","194","7","9","0.7778","j","590","<div style=""width:100vw;height:100vh;background-color:black;""></div>","j","html-keyboard-response","371","2.0.0","426359","178942","testolin2020_replication","2025-11-22T23:00:46.151Z","13-14 inch laptop","1512","982","1512","776","2","18","November 28 11:00 pm ","true"
"numerosity_discrimination","1","72","75","12","14","0.8571","j","529","<div style=""width:100vw;height:100vh;background-color:black;""></div>","j","html-keyboard-response","376","2.0.0","429104","178942","testolin2020_replication","2025-11-22T23:00:46.151Z","13-14 inch laptop","1512","982","1512","776","2","18","November 28 11:00 pm ","true"
"numerosity_discrimination","1","73","150","16","22","0.7273","j","532","<div style=""width:100vw;height:100vh;background-color:black;""></div>","j","html-keyboard-response","381","2.0.0","431997","178942","testolin2020_replication","2025-11-22T23:00:46.151Z","13-14 inch laptop","1512","982","1512","776","2","18","November 28 11:00 pm ","true"
"numerosity_discrimination","1","74","70","18","16","0.8889","j","462","<div style=""width:100vw;height:100vh;background-color:black;""></div>","f","html-keyboard-response","386","2.0.0","435055","178942","testolin2020_replication","2025-11-22T23:00:46.151Z","13-14 inch laptop","1512","982","1512","776","2","18","November 28 11:00 pm ","false"
"numerosity_discrimination","1","75","187","18","14","0.7778","j","381","<div style=""width:100vw;height:100vh;background-color:black;""></div>","f","html-keyboard-response","391","2.0.0","437955","178942","testolin2020_replication","2025-11-22T23:00:46.151Z","13-14 inch laptop","1512","982","1512","776","2","18","November 28 11:00 pm ","false"
"numerosity_discrimination","1","76","275","14","7","0.5","j","319","<div style=""width:100vw;height:100vh;background-color:black;""></div>","f","html-keyboard-response","396","2.0.0","440699","178942","testolin2020_replication","2025-11-22T23:00:46.151Z","13-14 inch laptop","1512","982","1512","776","2","18","November 28 11:00 pm ","false"
"numerosity_discrimination","1","77","192","22","28","0.7857","j","431","<div style=""width:100vw;height:100vh;background-color:black;""></div>","j","html-keyboard-response","401","2.0.0","443415","178942","testolin2020_replication","2025-11-22T23:00:46.151Z","13-14 inch laptop","1512","982","1512","776","2","18","November 28 11:00 pm ","true"
"numerosity_discrimination","1","78","225","14","22","0.6364","j","273","<div style=""width:100vw;height:100vh;background-color:black;""></div>","j","html-keyboard-response","406","2.0.0","446043","178942","testolin2020_replication","2025-11-22T23:00:46.151Z","13-14 inch laptop","1512","982","1512","776","2","18","November 28 11:00 pm ","true"
"numerosity_discrimination","1","79","59","14","12","0.8571","j","522","<div style=""width:100vw;height:100vh;background-color:black;""></div>","j","html-keyboard-response","411","2.0.0","449160","178942","testolin2020_replication","2025-11-22T23:00:46.151Z","13-14 inch laptop","1512","982","1512","776","2","18","November 28 11:00 pm ","true"
"numerosity_discrimination","1","80","239","22","14","0.6364","j","425","<div style=""width:100vw;height:100vh;background-color:black;""></div>","f","html-keyboard-response","416","2.0.0","452152","178942","testolin2020_replication","2025-11-22T23:00:46.151Z","13-14 inch laptop","1512","982","1512","776","2","18","November 28 11:00 pm ","false"
"numerosity_discrimination","1","81","226","14","9","0.6429","j","416","<div style=""width:100vw;height:100vh;background-color:black;""></div>","f","html-keyboard-response","421","2.0.0","454912","178942","testolin2020_replication","2025-11-22T23:00:46.151Z","13-14 inch laptop","1512","982","1512","776","2","18","November 28 11:00 pm ","false"
"numerosity_discrimination","1","82","259","18","11","0.6111","j","430","<div style=""width:100vw;height:100vh;background-color:black;""></div>","f","html-keyboard-response","426","2.0.0","457915","178942","testolin2020_replication","2025-11-22T23:00:46.151Z","13-14 inch laptop","1512","982","1512","776","2","18","November 28 11:00 pm ","false"
"numerosity_discrimination","1","83","184","18","14","0.7778","j","440","<div style=""width:100vw;height:100vh;background-color:black;""></div>","f","html-keyboard-response","431","2.0.0","460860","178942","testolin2020_replication","2025-11-22T23:00:46.151Z","13-14 inch laptop","1512","982","1512","776","2","18","November 28 11:00 pm ","false"
"numerosity_discrimination","1","84","100","28","25","0.8929","j","472","<div style=""width:100vw;height:100vh;background-color:black;""></div>","f","html-keyboard-response","436","2.0.0","463757","178942","testolin2020_replication","2025-11-22T23:00:46.151Z","13-14 inch laptop","1512","982","1512","776","2","18","November 28 11:00 pm ","false"
"numerosity_discrimination","1","85","38","14","16","0.875","j","451","<div style=""width:100vw;height:100vh;background-color:black;""></div>","j","html-keyboard-response","441","2.0.0","466814","178942","testolin2020_replication","2025-11-22T23:00:46.151Z","13-14 inch laptop","1512","982","1512","776","2","18","November 28 11:00 pm ","true"
"numerosity_discrimination","1","86","109","12","14","0.8571","j","545","<div style=""width:100vw;height:100vh;background-color:black;""></div>","j","html-keyboard-response","446","2.0.0","469832","178942","testolin2020_replication","2025-11-22T23:00:46.151Z","13-14 inch laptop","1512","982","1512","776","2","18","November 28 11:00 pm ","true"
"numerosity_discrimination","1","87","231","25","16","0.64","j","390","<div style=""width:100vw;height:100vh;background-color:black;""></div>","f","html-keyboard-response","451","2.0.0","472841","178942","testolin2020_replication","2025-11-22T23:00:46.151Z","13-14 inch laptop","1512","982","1512","776","2","18","November 28 11:00 pm ","false"
"numerosity_discrimination","1","88","282","8","14","0.5714","j","259","<div style=""width:100vw;height:100vh;background-color:black;""></div>","j","html-keyboard-response","456","2.0.0","475453","178942","testolin2020_replication","2025-11-22T23:00:46.151Z","13-14 inch laptop","1512","982","1512","776","2","18","November 28 11:00 pm ","true"
"numerosity_discrimination","1","89","37","20","16","0.8","j","444","<div style=""width:100vw;height:100vh;background-color:black;""></div>","f","html-keyboard-response","461","2.0.0","478450","178942","testolin2020_replication","2025-11-22T23:00:46.151Z","13-14 inch laptop","1512","982","1512","776","2","18","November 28 11:00 pm ","false"
"numerosity_discrimination","1","90","41","16","20","0.8","j","408","<div style=""width:100vw;height:100vh;background-color:black;""></div>","j","html-keyboard-response","466","2.0.0","481429","178942","testolin2020_replication","2025-11-22T23:00:46.151Z","13-14 inch laptop","1512","982","1512","776","2","18","November 28 11:00 pm ","true"
"numerosity_discrimination","1","91","11","8","10","0.8","j","534","<div style=""width:100vw;height:100vh;background-color:black;""></div>","j","html-keyboard-response","471","2.0.0","484171","178942","testolin2020_replication","2025-11-22T23:00:46.151Z","13-14 inch laptop","1512","982","1512","776","2","18","November 28 11:00 pm ","true"
"numerosity_discrimination","1","92","163","18","14","0.7778","j","455","<div style=""width:100vw;height:100vh;background-color:black;""></div>","f","html-keyboard-response","476","2.0.0","487095","178942","testolin2020_replication","2025-11-22T23:00:46.151Z","13-14 inch laptop","1512","982","1512","776","2","18","November 28 11:00 pm ","false"
"numerosity_discrimination","1","93","243","18","12","0.6667","j","560","<div style=""width:100vw;height:100vh;background-color:black;""></div>","j","html-keyboard-response","481","2.0.0","490118","178942","testolin2020_replication","2025-11-22T23:00:46.151Z","13-14 inch laptop","1512","982","1512","776","2","18","November 28 11:00 pm ","true"
"numerosity_discrimination","1","94","290","12","22","0.5455","j","553","<div style=""width:100vw;height:100vh;background-color:black;""></div>","j","html-keyboard-response","486","2.0.0","492888","178942","testolin2020_replication","2025-11-22T23:00:46.151Z","13-14 inch laptop","1512","982","1512","776","2","18","November 28 11:00 pm ","true"
"numerosity_discrimination","1","95","281","12","7","0.5833","j","317","<div style=""width:100vw;height:100vh;background-color:black;""></div>","f","html-keyboard-response","491","2.0.0","495653","178942","testolin2020_replication","2025-11-22T23:00:46.151Z","13-14 inch laptop","1512","982","1512","776","2","18","November 28 11:00 pm ","false"
"numerosity_discrimination","1","96","134","16","12","0.75","j","471","<div style=""width:100vw;height:100vh;background-color:black;""></div>","f","html-keyboard-response","496","2.0.0","498727","178942","testolin2020_replication","2025-11-22T23:00:46.151Z","13-14 inch laptop","1512","982","1512","776","2","18","November 28 11:00 pm ","false"
"numerosity_discrimination","1","97","123","12","16","0.75","j","369","<div style=""width:100vw;height:100vh;background-color:black;""></div>","j","html-keyboard-response","501","2.0.0","501305","178942","testolin2020_replication","2025-11-22T23:00:46.151Z","13-14 inch laptop","1512","982","1512","776","2","18","November 28 11:00 pm ","true"
"numerosity_discrimination","1","98","274","18","9","0.5","j","532","<div style=""width:100vw;height:100vh;background-color:black;""></div>","f","html-keyboard-response","506","2.0.0","504135","178942","testolin2020_replication","2025-11-22T23:00:46.151Z","13-14 inch laptop","1512","982","1512","776","2","18","November 28 11:00 pm ","false"
"numerosity_discrimination","1","99","112","28","25","0.8929","j","1192","<div style=""width:100vw;height:100vh;background-color:black;""></div>","f","html-keyboard-response","511","2.0.0","507878","178942","testolin2020_replication","2025-11-22T23:00:46.151Z","13-14 inch laptop","1512","982","1512","776","2","18","November 28 11:00 pm ","false"
"numerosity_discrimination","1","100","295","20","10","0.5","j","504","<div style=""width:100vw;height:100vh;background-color:black;""></div>","f","html-keyboard-response","516","2.0.0","510905","178942","testolin2020_replication","2025-11-22T23:00:46.151Z","13-14 inch laptop","1512","982","1512","776","2","18","November 28 11:00 pm ","false"
"numerosity_discrimination","2","101","46","18","22","0.8182","j","776","<div style=""width:100vw;height:100vh;background-color:black;""></div>","j","html-keyboard-response","523","2.0.0","677785","178942","testolin2020_replication","2025-11-22T23:00:46.151Z","13-14 inch laptop","1512","982","1512","776","2","18","November 28 11:00 pm ","true"
"numerosity_discrimination","2","102","77","7","8","0.875","j","410","<div style=""width:100vw;height:100vh;background-color:black;""></div>","j","html-keyboard-response","528","2.0.0","680446","178942","testolin2020_replication","2025-11-22T23:00:46.151Z","13-14 inch laptop","1512","982","1512","776","2","18","November 28 11:00 pm ","true"
"numerosity_discrimination","2","103","68","11","9","0.8182","j","747","<div style=""width:100vw;height:100vh;background-color:black;""></div>","j","html-keyboard-response","533","2.0.0","683495","178942","testolin2020_replication","2025-11-22T23:00:46.151Z","13-14 inch laptop","1512","982","1512","776","2","18","November 28 11:00 pm ","true"
"numerosity_discrimination","2","104","178","14","11","0.7857","j","374","<div style=""width:100vw;height:100vh;background-color:black;""></div>","f","html-keyboard-response","538","2.0.0","686468","178942","testolin2020_replication","2025-11-22T23:00:46.151Z","13-14 inch laptop","1512","982","1512","776","2","18","November 28 11:00 pm ","false"
"numerosity_discrimination","2","105","30","11","9","0.8182","j","525","<div style=""width:100vw;height:100vh;background-color:black;""></div>","f","html-keyboard-response","543","2.0.0","689348","178942","testolin2020_replication","2025-11-22T23:00:46.151Z","13-14 inch laptop","1512","982","1512","776","2","18","November 28 11:00 pm ","false"
"numerosity_discrimination","2","106","86","22","25","0.88","j","510","<div style=""width:100vw;height:100vh;background-color:black;""></div>","j","html-keyboard-response","548","2.0.0","692405","178942","testolin2020_replication","2025-11-22T23:00:46.151Z","13-14 inch laptop","1512","982","1512","776","2","18","November 28 11:00 pm ","true"
"numerosity_discrimination","2","107","244","8","12","0.6667","j","380","<div style=""width:100vw;height:100vh;background-color:black;""></div>","j","html-keyboard-response","553","2.0.0","695304","178942","testolin2020_replication","2025-11-22T23:00:46.151Z","13-14 inch laptop","1512","982","1512","776","2","18","November 28 11:00 pm ","true"
"numerosity_discrimination","2","108","195","16","12","0.75","j","2897","<div style=""width:100vw;height:100vh;background-color:black;""></div>","f","html-keyboard-response","558","2.0.0","700405","178942","testolin2020_replication","2025-11-22T23:00:46.151Z","13-14 inch laptop","1512","982","1512","776","2","18","November 28 11:00 pm ","false"
"numerosity_discrimination","2","109","78","11","9","0.8182","j","735","<div style=""width:100vw;height:100vh;background-color:black;""></div>","j","html-keyboard-response","563","2.0.0","703666","178942","testolin2020_replication","2025-11-22T23:00:46.151Z","13-14 inch laptop","1512","982","1512","776","2","18","November 28 11:00 pm ","true"
"numerosity_discrimination","2","110","6","16","18","0.8889","j","556","<div style=""width:100vw;height:100vh;background-color:black;""></div>","j","html-keyboard-response","568","2.0.0","706803","178942","testolin2020_replication","2025-11-22T23:00:46.151Z","13-14 inch laptop","1512","982","1512","776","2","18","November 28 11:00 pm ","true"
"numerosity_discrimination","2","111","185","20","28","0.7143","j","494","<div style=""width:100vw;height:100vh;background-color:black;""></div>","j","html-keyboard-response","573","2.0.0","709738","178942","testolin2020_replication","2025-11-22T23:00:46.151Z","13-14 inch laptop","1512","982","1512","776","2","18","November 28 11:00 pm ","true"
"numerosity_discrimination","2","112","148","25","18","0.72","j","418","<div style=""width:100vw;height:100vh;background-color:black;""></div>","f","html-keyboard-response","578","2.0.0","712424","178942","testolin2020_replication","2025-11-22T23:00:46.151Z","13-14 inch laptop","1512","982","1512","776","2","18","November 28 11:00 pm ","false"
"numerosity_discrimination","2","113","157","7","10","0.7","j","506","<div style=""width:100vw;height:100vh;background-color:black;""></div>","j","html-keyboard-response","583","2.0.0","715540","178942","testolin2020_replication","2025-11-22T23:00:46.151Z","13-14 inch laptop","1512","982","1512","776","2","18","November 28 11:00 pm ","true"
"numerosity_discrimination","2","114","141","20","14","0.7","j","508","<div style=""width:100vw;height:100vh;background-color:black;""></div>","j","html-keyboard-response","588","2.0.0","718407","178942","testolin2020_replication","2025-11-22T23:00:46.151Z","13-14 inch laptop","1512","982","1512","776","2","18","November 28 11:00 pm ","true"
"numerosity_discrimination","2","115","253","22","14","0.6364","j","395","<div style=""width:100vw;height:100vh;background-color:black;""></div>","f","html-keyboard-response","593","2.0.0","721062","178942","testolin2020_replication","2025-11-22T23:00:46.151Z","13-14 inch laptop","1512","982","1512","776","2","18","November 28 11:00 pm ","false"
"numerosity_discrimination","2","116","214","20","12","0.6","j","385","<div style=""width:100vw;height:100vh;background-color:black;""></div>","f","html-keyboard-response","598","2.0.0","723946","178942","testolin2020_replication","2025-11-22T23:00:46.151Z","13-14 inch laptop","1512","982","1512","776","2","18","November 28 11:00 pm ","false"
"numerosity_discrimination","2","117","102","8","7","0.875","j","424","<div style=""width:100vw;height:100vh;background-color:black;""></div>","f","html-keyboard-response","603","2.0.0","726940","178942","testolin2020_replication","2025-11-22T23:00:46.151Z","13-14 inch laptop","1512","982","1512","776","2","18","November 28 11:00 pm ","false"
"numerosity_discrimination","2","118","96","12","10","0.8333","j","734","<div style=""width:100vw;height:100vh;background-color:black;""></div>","f","html-keyboard-response","608","2.0.0","730332","178942","testolin2020_replication","2025-11-22T23:00:46.151Z","13-14 inch laptop","1512","982","1512","776","2","18","November 28 11:00 pm ","false"
"numerosity_discrimination","2","119","220","28","18","0.6429","j","628","<div style=""width:100vw;height:100vh;background-color:black;""></div>","f","html-keyboard-response","613","2.0.0","733119","178942","testolin2020_replication","2025-11-22T23:00:46.151Z","13-14 inch laptop","1512","982","1512","776","2","18","November 28 11:00 pm ","false"
"numerosity_discrimination","2","120","142","11","14","0.7857","j","362","<div style=""width:100vw;height:100vh;background-color:black;""></div>","j","html-keyboard-response","618","2.0.0","735970","178942","testolin2020_replication","2025-11-22T23:00:46.151Z","13-14 inch laptop","1512","982","1512","776","2","18","November 28 11:00 pm ","true"
"numerosity_discrimination","2","121","183","14","20","0.7","j","764","<div style=""width:100vw;height:100vh;background-color:black;""></div>","j","html-keyboard-response","623","2.0.0","738903","178942","testolin2020_replication","2025-11-22T23:00:46.151Z","13-14 inch laptop","1512","982","1512","776","2","18","November 28 11:00 pm ","true"
"numerosity_discrimination","2","122","291","11","20","0.55","j","591","<div style=""width:100vw;height:100vh;background-color:black;""></div>","j","html-keyboard-response","628","2.0.0","741830","178942","testolin2020_replication","2025-11-22T23:00:46.151Z","13-14 inch laptop","1512","982","1512","776","2","18","November 28 11:00 pm ","true"
"numerosity_discrimination","2","123","248","22","14","0.6364","j","3402","<div style=""width:100vw;height:100vh;background-color:black;""></div>","f","html-keyboard-response","633","2.0.0","747446","178942","testolin2020_replication","2025-11-22T23:00:46.151Z","13-14 inch laptop","1512","982","1512","776","2","18","November 28 11:00 pm ","false"
"numerosity_discrimination","2","124","230","10","16","0.625","j","436","<div style=""width:100vw;height:100vh;background-color:black;""></div>","j","html-keyboard-response","638","2.0.0","750297","178942","testolin2020_replication","2025-11-22T23:00:46.151Z","13-14 inch laptop","1512","982","1512","776","2","18","November 28 11:00 pm ","true"
"numerosity_discrimination","2","125","283","20","11","0.55","j","411","<div style=""width:100vw;height:100vh;background-color:black;""></div>","f","html-keyboard-response","643","2.0.0","753324","178942","testolin2020_replication","2025-11-22T23:00:46.151Z","13-14 inch laptop","1512","982","1512","776","2","18","November 28 11:00 pm ","false"
"numerosity_discrimination","2","126","14","8","7","0.875","j","608","<div style=""width:100vw;height:100vh;background-color:black;""></div>","j","html-keyboard-response","648","2.0.0","756583","178942","testolin2020_replication","2025-11-22T23:00:46.151Z","13-14 inch laptop","1512","982","1512","776","2","18","November 28 11:00 pm ","true"
"numerosity_discrimination","2","127","297","18","10","0.5556","j","349","<div style=""width:100vw;height:100vh;background-color:black;""></div>","f","html-keyboard-response","653","2.0.0","759242","178942","testolin2020_replication","2025-11-22T23:00:46.151Z","13-14 inch laptop","1512","982","1512","776","2","18","November 28 11:00 pm ","false"
"numerosity_discrimination","2","128","250","18","12","0.6667","j","349","<div style=""width:100vw;height:100vh;background-color:black;""></div>","f","html-keyboard-response","658","2.0.0","761919","178942","testolin2020_replication","2025-11-22T23:00:46.151Z","13-14 inch laptop","1512","982","1512","776","2","18","November 28 11:00 pm ","false"
"numerosity_discrimination","2","129","79","16","18","0.8889","j","546","<div style=""width:100vw;height:100vh;background-color:black;""></div>","j","html-keyboard-response","663","2.0.0","765088","178942","testolin2020_replication","2025-11-22T23:00:46.151Z","13-14 inch laptop","1512","982","1512","776","2","18","November 28 11:00 pm ","true"
"numerosity_discrimination","2","130","171","12","9","0.75","j","289","<div style=""width:100vw;height:100vh;background-color:black;""></div>","f","html-keyboard-response","668","2.0.0","767990","178942","testolin2020_replication","2025-11-22T23:00:46.151Z","13-14 inch laptop","1512","982","1512","776","2","18","November 28 11:00 pm ","false"
"numerosity_discrimination","2","131","8","16","14","0.875","j","356","<div style=""width:100vw;height:100vh;background-color:black;""></div>","f","html-keyboard-response","673","2.0.0","770597","178942","testolin2020_replication","2025-11-22T23:00:46.151Z","13-14 inch laptop","1512","982","1512","776","2","18","November 28 11:00 pm ","false"
"numerosity_discrimination","2","132","107","16","18","0.8889","j","368","<div style=""width:100vw;height:100vh;background-color:black;""></div>","j","html-keyboard-response","678","2.0.0","773485","178942","testolin2020_replication","2025-11-22T23:00:46.151Z","13-14 inch laptop","1512","982","1512","776","2","18","November 28 11:00 pm ","true"
"numerosity_discrimination","2","133","99","22","18","0.8182","j","361","<div style=""width:100vw;height:100vh;background-color:black;""></div>","j","html-keyboard-response","683","2.0.0","776305","178942","testolin2020_replication","2025-11-22T23:00:46.151Z","13-14 inch laptop","1512","982","1512","776","2","18","November 28 11:00 pm ","true"
"numerosity_discrimination","2","134","224","9","14","0.6429","j","289","<div style=""width:100vw;height:100vh;background-color:black;""></div>","j","html-keyboard-response","688","2.0.0","778963","178942","testolin2020_replication","2025-11-22T23:00:46.151Z","13-14 inch laptop","1512","982","1512","776","2","18","November 28 11:00 pm ","true"
"numerosity_discrimination","2","135","151","9","7","0.7778","j","296","<div style=""width:100vw;height:100vh;background-color:black;""></div>","f","html-keyboard-response","693","2.0.0","781589","178942","testolin2020_replication","2025-11-22T23:00:46.151Z","13-14 inch laptop","1512","982","1512","776","2","18","November 28 11:00 pm ","false"
"numerosity_discrimination","2","136","133","10","14","0.7143","j","368","<div style=""width:100vw;height:100vh;background-color:black;""></div>","j","html-keyboard-response","698","2.0.0","784603","178942","testolin2020_replication","2025-11-22T23:00:46.151Z","13-14 inch laptop","1512","982","1512","776","2","18","November 28 11:00 pm ","true"
"numerosity_discrimination","2","137","258","14","22","0.6364","j","332","<div style=""width:100vw;height:100vh;background-color:black;""></div>","j","html-keyboard-response","703","2.0.0","787480","178942","testolin2020_replication","2025-11-22T23:00:46.151Z","13-14 inch laptop","1512","982","1512","776","2","18","November 28 11:00 pm ","true"
"numerosity_discrimination","2","138","82","16","14","0.875","j","391","<div style=""width:100vw;height:100vh;background-color:black;""></div>","f","html-keyboard-response","708","2.0.0","790359","178942","testolin2020_replication","2025-11-22T23:00:46.151Z","13-14 inch laptop","1512","982","1512","776","2","18","November 28 11:00 pm ","false"
"numerosity_discrimination","2","139","146","10","14","0.7143","j","317","<div style=""width:100vw;height:100vh;background-color:black;""></div>","j","html-keyboard-response","713","2.0.0","793060","178942","testolin2020_replication","2025-11-22T23:00:46.151Z","13-14 inch laptop","1512","982","1512","776","2","18","November 28 11:00 pm ","true"
"numerosity_discrimination","2","140","215","16","11","0.6875","j","298","<div style=""width:100vw;height:100vh;background-color:black;""></div>","f","html-keyboard-response","718","2.0.0","795756","178942","testolin2020_replication","2025-11-22T23:00:46.151Z","13-14 inch laptop","1512","982","1512","776","2","18","November 28 11:00 pm ","false"
"numerosity_discrimination","2","141","209","9","7","0.7778","j","339","<div style=""width:100vw;height:100vh;background-color:black;""></div>","j","html-keyboard-response","723","2.0.0","798500","178942","testolin2020_replication","2025-11-22T23:00:46.151Z","13-14 inch laptop","1512","982","1512","776","2","18","November 28 11:00 pm ","true"
"numerosity_discrimination","2","142","156","12","16","0.75","j","595","<div style=""width:100vw;height:100vh;background-color:black;""></div>","j","html-keyboard-response","728","2.0.0","801440","178942","testolin2020_replication","2025-11-22T23:00:46.151Z","13-14 inch laptop","1512","982","1512","776","2","18","November 28 11:00 pm ","true"
"numerosity_discrimination","2","143","181","10","14","0.7143","j","662","<div style=""width:100vw;height:100vh;background-color:black;""></div>","j","html-keyboard-response","733","2.0.0","804436","178942","testolin2020_replication","2025-11-22T23:00:46.151Z","13-14 inch laptop","1512","982","1512","776","2","18","November 28 11:00 pm ","true"
"numerosity_discrimination","2","144","270","14","22","0.6364","j","623","<div style=""width:100vw;height:100vh;background-color:black;""></div>","j","html-keyboard-response","738","2.0.0","807689","178942","testolin2020_replication","2025-11-22T23:00:46.151Z","13-14 inch laptop","1512","982","1512","776","2","18","November 28 11:00 pm ","true"
"numerosity_discrimination","2","145","293","7","12","0.5833","j","659","<div style=""width:100vw;height:100vh;background-color:black;""></div>","j","html-keyboard-response","743","2.0.0","810699","178942","testolin2020_replication","2025-11-22T23:00:46.151Z","13-14 inch laptop","1512","982","1512","776","2","18","November 28 11:00 pm ","true"
"numerosity_discrimination","2","146","154","11","14","0.7857","j","372","<div style=""width:100vw;height:100vh;background-color:black;""></div>","j","html-keyboard-response","748","2.0.0","813286","178942","testolin2020_replication","2025-11-22T23:00:46.151Z","13-14 inch laptop","1512","982","1512","776","2","18","November 28 11:00 pm ","true"
"numerosity_discrimination","2","147","137","10","7","0.7","j","450","<div style=""width:100vw;height:100vh;background-color:black;""></div>","f","html-keyboard-response","753","2.0.0","816209","178942","testolin2020_replication","2025-11-22T23:00:46.151Z","13-14 inch laptop","1512","982","1512","776","2","18","November 28 11:00 pm ","false"
"numerosity_discrimination","2","148","95","9","8","0.8889","j","650","<div style=""width:100vw;height:100vh;background-color:black;""></div>","j","html-keyboard-response","758","2.0.0","819352","178942","testolin2020_replication","2025-11-22T23:00:46.151Z","13-14 inch laptop","1512","982","1512","776","2","18","November 28 11:00 pm ","true"
"numerosity_discrimination","2","149","240","20","12","0.6","j","408","<div style=""width:100vw;height:100vh;background-color:black;""></div>","f","html-keyboard-response","763","2.0.0","822142","178942","testolin2020_replication","2025-11-22T23:00:46.151Z","13-14 inch laptop","1512","982","1512","776","2","18","November 28 11:00 pm ","false"
"numerosity_discrimination","2","150","191","28","20","0.7143","j","454","<div style=""width:100vw;height:100vh;background-color:black;""></div>","f","html-keyboard-response","768","2.0.0","825181","178942","testolin2020_replication","2025-11-22T23:00:46.151Z","13-14 inch laptop","1512","982","1512","776","2","18","November 28 11:00 pm ","false"
"numerosity_discrimination","2","151","162","16","22","0.7273","j","362","<div style=""width:100vw;height:100vh;background-color:black;""></div>","j","html-keyboard-response","773","2.0.0","827773","178942","testolin2020_replication","2025-11-22T23:00:46.151Z","13-14 inch laptop","1512","982","1512","776","2","18","November 28 11:00 pm ","true"
"numerosity_discrimination","2","152","64","9","11","0.8182","j","289","<div style=""width:100vw;height:100vh;background-color:black;""></div>","j","html-keyboard-response","778","2.0.0","830285","178942","testolin2020_replication","2025-11-22T23:00:46.151Z","13-14 inch laptop","1512","982","1512","776","2","18","November 28 11:00 pm ","true"
"numerosity_discrimination","2","153","58","18","22","0.8182","j","648","<div style=""width:100vw;height:100vh;background-color:black;""></div>","j","html-keyboard-response","783","2.0.0","833397","178942","testolin2020_replication","2025-11-22T23:00:46.151Z","13-14 inch laptop","1512","982","1512","776","2","18","November 28 11:00 pm ","true"
"numerosity_discrimination","2","154","66","9","11","0.8182","j","597","<div style=""width:100vw;height:100vh;background-color:black;""></div>","j","html-keyboard-response","788","2.0.0","836440","178942","testolin2020_replication","2025-11-22T23:00:46.151Z","13-14 inch laptop","1512","982","1512","776","2","18","November 28 11:00 pm ","true"
"numerosity_discrimination","2","155","266","7","11","0.6364","j","644","<div style=""width:100vw;height:100vh;background-color:black;""></div>","j","html-keyboard-response","793","2.0.0","839563","178942","testolin2020_replication","2025-11-22T23:00:46.151Z","13-14 inch laptop","1512","982","1512","776","2","18","November 28 11:00 pm ","true"
"numerosity_discrimination","2","156","90","7","8","0.875","j","572","<div style=""width:100vw;height:100vh;background-color:black;""></div>","j","html-keyboard-response","798","2.0.0","842520","178942","testolin2020_replication","2025-11-22T23:00:46.151Z","13-14 inch laptop","1512","982","1512","776","2","18","November 28 11:00 pm ","true"
"numerosity_discrimination","2","157","74","12","10","0.8333","j","476","<div style=""width:100vw;height:100vh;background-color:black;""></div>","f","html-keyboard-response","803","2.0.0","845386","178942","testolin2020_replication","2025-11-22T23:00:46.151Z","13-14 inch laptop","1512","982","1512","776","2","18","November 28 11:00 pm ","false"
"numerosity_discrimination","2","158","288","18","10","0.5556","j","312","<div style=""width:100vw;height:100vh;background-color:black;""></div>","f","html-keyboard-response","808","2.0.0","848147","178942","testolin2020_replication","2025-11-22T23:00:46.151Z","13-14 inch laptop","1512","982","1512","776","2","18","November 28 11:00 pm ","false"
"numerosity_discrimination","2","159","85","7","8","0.875","j","332","<div style=""width:100vw;height:100vh;background-color:black;""></div>","j","html-keyboard-response","813","2.0.0","850821","178942","testolin2020_replication","2025-11-22T23:00:46.151Z","13-14 inch laptop","1512","982","1512","776","2","18","November 28 11:00 pm ","true"
"numerosity_discrimination","2","160","87","14","16","0.875","j","311","<div style=""width:100vw;height:100vh;background-color:black;""></div>","j","html-keyboard-response","818","2.0.0","853610","178942","testolin2020_replication","2025-11-22T23:00:46.151Z","13-14 inch laptop","1512","982","1512","776","2","18","November 28 11:00 pm ","true"
"numerosity_discrimination","2","161","205","14","11","0.7857","j","420","<div style=""width:100vw;height:100vh;background-color:black;""></div>","f","html-keyboard-response","823","2.0.0","856252","178942","testolin2020_replication","2025-11-22T23:00:46.151Z","13-14 inch laptop","1512","982","1512","776","2","18","November 28 11:00 pm ","false"
"numerosity_discrimination","2","162","83","7","8","0.875","j","455","<div style=""width:100vw;height:100vh;background-color:black;""></div>","j","html-keyboard-response","828","2.0.0","859018","178942","testolin2020_replication","2025-11-22T23:00:46.151Z","13-14 inch laptop","1512","982","1512","776","2","18","November 28 11:00 pm ","true"
"numerosity_discrimination","2","163","292","8","14","0.5714","j","355","<div style=""width:100vw;height:100vh;background-color:black;""></div>","j","html-keyboard-response","833","2.0.0","861626","178942","testolin2020_replication","2025-11-22T23:00:46.151Z","13-14 inch laptop","1512","982","1512","776","2","18","November 28 11:00 pm ","true"
"numerosity_discrimination","2","164","24","12","10","0.8333","j","490","<div style=""width:100vw;height:100vh;background-color:black;""></div>","f","html-keyboard-response","838","2.0.0","864562","178942","testolin2020_replication","2025-11-22T23:00:46.151Z","13-14 inch laptop","1512","982","1512","776","2","18","November 28 11:00 pm ","false"
"numerosity_discrimination","2","165","114","20","16","0.8","j","491","<div style=""width:100vw;height:100vh;background-color:black;""></div>","f","html-keyboard-response","843","2.0.0","867213","178942","testolin2020_replication","2025-11-22T23:00:46.151Z","13-14 inch laptop","1512","982","1512","776","2","18","November 28 11:00 pm ","false"
"numerosity_discrimination","2","166","20","7","8","0.875","j","437","<div style=""width:100vw;height:100vh;background-color:black;""></div>","j","html-keyboard-response","848","2.0.0","869858","178942","testolin2020_replication","2025-11-22T23:00:46.151Z","13-14 inch laptop","1512","982","1512","776","2","18","November 28 11:00 pm ","true"
"numerosity_discrimination","2","167","36","9","11","0.8182","j","539","<div style=""width:100vw;height:100vh;background-color:black;""></div>","j","html-keyboard-response","853","2.0.0","872993","178942","testolin2020_replication","2025-11-22T23:00:46.151Z","13-14 inch laptop","1512","982","1512","776","2","18","November 28 11:00 pm ","true"
"numerosity_discrimination","2","168","131","11","14","0.7857","j","408","<div style=""width:100vw;height:100vh;background-color:black;""></div>","j","html-keyboard-response","858","2.0.0","875685","178942","testolin2020_replication","2025-11-22T23:00:46.151Z","13-14 inch laptop","1512","982","1512","776","2","18","November 28 11:00 pm ","true"
"numerosity_discrimination","2","169","190","18","14","0.7778","j","465","<div style=""width:100vw;height:100vh;background-color:black;""></div>","f","html-keyboard-response","863","2.0.0","878769","178942","testolin2020_replication","2025-11-22T23:00:46.151Z","13-14 inch laptop","1512","982","1512","776","2","18","November 28 11:00 pm ","false"
"numerosity_discrimination","2","170","129","12","9","0.75","j","378","<div style=""width:100vw;height:100vh;background-color:black;""></div>","f","html-keyboard-response","868","2.0.0","881354","178942","testolin2020_replication","2025-11-22T23:00:46.151Z","13-14 inch laptop","1512","982","1512","776","2","18","November 28 11:00 pm ","false"
"numerosity_discrimination","2","171","12","20","16","0.8","j","1145","<div style=""width:100vw;height:100vh;background-color:black;""></div>","f","html-keyboard-response","873","2.0.0","884836","178942","testolin2020_replication","2025-11-22T23:00:46.151Z","13-14 inch laptop","1512","982","1512","776","2","18","November 28 11:00 pm ","false"
"numerosity_discrimination","2","172","42","22","25","0.88","j","521","<div style=""width:100vw;height:100vh;background-color:black;""></div>","j","html-keyboard-response","878","2.0.0","887791","178942","testolin2020_replication","2025-11-22T23:00:46.151Z","13-14 inch laptop","1512","982","1512","776","2","18","November 28 11:00 pm ","true"
"numerosity_discrimination","2","173","127","14","10","0.7143","j","584","<div style=""width:100vw;height:100vh;background-color:black;""></div>","j","html-keyboard-response","883","2.0.0","890537","178942","testolin2020_replication","2025-11-22T23:00:46.151Z","13-14 inch laptop","1512","982","1512","776","2","18","November 28 11:00 pm ","true"
"numerosity_discrimination","2","174","13","7","8","0.875","j","324","<div style=""width:100vw;height:100vh;background-color:black;""></div>","j","html-keyboard-response","888","2.0.0","893128","178942","testolin2020_replication","2025-11-22T23:00:46.151Z","13-14 inch laptop","1512","982","1512","776","2","18","November 28 11:00 pm ","true"
"numerosity_discrimination","2","175","196","12","16","0.75","j","417","<div style=""width:100vw;height:100vh;background-color:black;""></div>","j","html-keyboard-response","893","2.0.0","895777","178942","testolin2020_replication","2025-11-22T23:00:46.151Z","13-14 inch laptop","1512","982","1512","776","2","18","November 28 11:00 pm ","true"
"numerosity_discrimination","2","176","210","14","11","0.7857","j","455","<div style=""width:100vw;height:100vh;background-color:black;""></div>","f","html-keyboard-response","898","2.0.0","898776","178942","testolin2020_replication","2025-11-22T23:00:46.151Z","13-14 inch laptop","1512","982","1512","776","2","18","November 28 11:00 pm ","false"
"numerosity_discrimination","2","177","65","12","14","0.8571","j","781","<div style=""width:100vw;height:100vh;background-color:black;""></div>","j","html-keyboard-response","903","2.0.0","901828","178942","testolin2020_replication","2025-11-22T23:00:46.151Z","13-14 inch laptop","1512","982","1512","776","2","18","November 28 11:00 pm ","true"
"numerosity_discrimination","2","178","121","12","16","0.75","j","645","<div style=""width:100vw;height:100vh;background-color:black;""></div>","j","html-keyboard-response","908","2.0.0","904639","178942","testolin2020_replication","2025-11-22T23:00:46.151Z","13-14 inch laptop","1512","982","1512","776","2","18","November 28 11:00 pm ","true"
"numerosity_discrimination","2","179","76","8","7","0.875","j","487","<div style=""width:100vw;height:100vh;background-color:black;""></div>","f","html-keyboard-response","913","2.0.0","907453","178942","testolin2020_replication","2025-11-22T23:00:46.151Z","13-14 inch laptop","1512","982","1512","776","2","18","November 28 11:00 pm ","false"
"numerosity_discrimination","2","180","174","22","16","0.7273","j","358","<div style=""width:100vw;height:100vh;background-color:black;""></div>","f","html-keyboard-response","918","2.0.0","910265","178942","testolin2020_replication","2025-11-22T23:00:46.151Z","13-14 inch laptop","1512","982","1512","776","2","18","November 28 11:00 pm ","false"
"numerosity_discrimination","2","181","273","18","9","0.5","j","343","<div style=""width:100vw;height:100vh;background-color:black;""></div>","f","html-keyboard-response","923","2.0.0","912954","178942","testolin2020_replication","2025-11-22T23:00:46.151Z","13-14 inch laptop","1512","982","1512","776","2","18","November 28 11:00 pm ","false"
"numerosity_discrimination","2","182","176","10","14","0.7143","j","443","<div style=""width:100vw;height:100vh;background-color:black;""></div>","j","html-keyboard-response","928","2.0.0","915895","178942","testolin2020_replication","2025-11-22T23:00:46.151Z","13-14 inch laptop","1512","982","1512","776","2","18","November 28 11:00 pm ","true"
"numerosity_discrimination","2","183","50","14","16","0.875","j","554","<div style=""width:100vw;height:100vh;background-color:black;""></div>","j","html-keyboard-response","933","2.0.0","918973","178942","testolin2020_replication","2025-11-22T23:00:46.151Z","13-14 inch laptop","1512","982","1512","776","2","18","November 28 11:00 pm ","true"
"numerosity_discrimination","2","184","145","12","9","0.75","j","398","<div style=""width:100vw;height:100vh;background-color:black;""></div>","f","html-keyboard-response","938","2.0.0","921590","178942","testolin2020_replication","2025-11-22T23:00:46.151Z","13-14 inch laptop","1512","982","1512","776","2","18","November 28 11:00 pm ","false"
"numerosity_discrimination","2","185","219","9","14","0.6429","j","353","<div style=""width:100vw;height:100vh;background-color:black;""></div>","j","html-keyboard-response","943","2.0.0","924149","178942","testolin2020_replication","2025-11-22T23:00:46.151Z","13-14 inch laptop","1512","982","1512","776","2","18","November 28 11:00 pm ","true"
"numerosity_discrimination","2","186","3","16","14","0.875","j","371","<div style=""width:100vw;height:100vh;background-color:black;""></div>","j","html-keyboard-response","948","2.0.0","926983","178942","testolin2020_replication","2025-11-22T23:00:46.151Z","13-14 inch laptop","1512","982","1512","776","2","18","November 28 11:00 pm ","true"
"numerosity_discrimination","2","187","201","20","14","0.7","j","359","<div style=""width:100vw;height:100vh;background-color:black;""></div>","f","html-keyboard-response","953","2.0.0","929566","178942","testolin2020_replication","2025-11-22T23:00:46.151Z","13-14 inch laptop","1512","982","1512","776","2","18","November 28 11:00 pm ","false"
"numerosity_discrimination","2","188","44","20","16","0.8","j","507","<div style=""width:100vw;height:100vh;background-color:black;""></div>","f","html-keyboard-response","958","2.0.0","932426","178942","testolin2020_replication","2025-11-22T23:00:46.151Z","13-14 inch laptop","1512","982","1512","776","2","18","November 28 11:00 pm ","false"
"numerosity_discrimination","2","189","136","10","14","0.7143","j","221","<div style=""width:100vw;height:100vh;background-color:black;""></div>","j","html-keyboard-response","963","2.0.0","934845","178942","testolin2020_replication","2025-11-22T23:00:46.151Z","13-14 inch laptop","1512","982","1512","776","2","18","November 28 11:00 pm ","true"
"numerosity_discrimination","2","190","237","20","12","0.6","j","382","<div style=""width:100vw;height:100vh;background-color:black;""></div>","f","html-keyboard-response","968","2.0.0","937522","178942","testolin2020_replication","2025-11-22T23:00:46.151Z","13-14 inch laptop","1512","982","1512","776","2","18","November 28 11:00 pm ","false"
"numerosity_discrimination","2","191","294","7","12","0.5833","j","335","<div style=""width:100vw;height:100vh;background-color:black;""></div>","j","html-keyboard-response","973","2.0.0","940404","178942","testolin2020_replication","2025-11-22T23:00:46.151Z","13-14 inch laptop","1512","982","1512","776","2","18","November 28 11:00 pm ","true"
"numerosity_discrimination","2","192","21","22","18","0.8182","j","372","<div style=""width:100vw;height:100vh;background-color:black;""></div>","f","html-keyboard-response","978","2.0.0","943068","178942","testolin2020_replication","2025-11-22T23:00:46.151Z","13-14 inch laptop","1512","982","1512","776","2","18","November 28 11:00 pm ","false"
"numerosity_discrimination","2","193","125","11","14","0.7857","j","373","<div style=""width:100vw;height:100vh;background-color:black;""></div>","j","html-keyboard-response","983","2.0.0","945866","178942","testolin2020_replication","2025-11-22T23:00:46.151Z","13-14 inch laptop","1512","982","1512","776","2","18","November 28 11:00 pm ","true"
"numerosity_discrimination","2","194","228","11","16","0.6875","j","336","<div style=""width:100vw;height:100vh;background-color:black;""></div>","j","html-keyboard-response","988","2.0.0","948522","178942","testolin2020_replication","2025-11-22T23:00:46.151Z","13-14 inch laptop","1512","982","1512","776","2","18","November 28 11:00 pm ","true"
"numerosity_discrimination","2","195","111","11","9","0.8182","j","616","<div style=""width:100vw;height:100vh;background-color:black;""></div>","j","html-keyboard-response","993","2.0.0","951503","178942","testolin2020_replication","2025-11-22T23:00:46.151Z","13-14 inch laptop","1512","982","1512","776","2","18","November 28 11:00 pm ","true"
"numerosity_discrimination","2","196","62","12","14","0.8571","j","667","<div style=""width:100vw;height:100vh;background-color:black;""></div>","f","html-keyboard-response","998","2.0.0","954694","178942","testolin2020_replication","2025-11-22T23:00:46.151Z","13-14 inch laptop","1512","982","1512","776","2","18","November 28 11:00 pm ","false"
"numerosity_discrimination","2","197","153","16","22","0.7273","j","304","<div style=""width:100vw;height:100vh;background-color:black;""></div>","j","html-keyboard-response","1003","2.0.0","957529","178942","testolin2020_replication","2025-11-22T23:00:46.151Z","13-14 inch laptop","1512","982","1512","776","2","18","November 28 11:00 pm ","true"
"numerosity_discrimination","2","198","199","20","28","0.7143","j","396","<div style=""width:100vw;height:100vh;background-color:black;""></div>","j","html-keyboard-response","1008","2.0.0","960148","178942","testolin2020_replication","2025-11-22T23:00:46.151Z","13-14 inch laptop","1512","982","1512","776","2","18","November 28 11:00 pm ","true"
"numerosity_discrimination","2","199","132","20","14","0.7","j","366","<div style=""width:100vw;height:100vh;background-color:black;""></div>","f","html-keyboard-response","1013","2.0.0","962996","178942","testolin2020_replication","2025-11-22T23:00:46.151Z","13-14 inch laptop","1512","982","1512","776","2","18","November 28 11:00 pm ","false"
"numerosity_discrimination","2","200","84","7","8","0.875","j","596","<div style=""width:100vw;height:100vh;background-color:black;""></div>","j","html-keyboard-response","1018","2.0.0","966246","178942","testolin2020_replication","2025-11-22T23:00:46.151Z","13-14 inch laptop","1512","982","1512","776","2","18","November 28 11:00 pm ","true"
"numerosity_discrimination","3","201","300","9","16","0.5625","j","2035","<div style=""width:100vw;height:100vh;background-color:black;""></div>","j","html-keyboard-response","1025","2.0.0","1070976","178942","testolin2020_replication","2025-11-22T23:00:46.151Z","13-14 inch laptop","1512","982","1512","776","2","18","November 28 11:00 pm ","true"
"numerosity_discrimination","3","202","234","14","9","0.6429","j","381","<div style=""width:100vw;height:100vh;background-color:black;""></div>","f","html-keyboard-response","1030","2.0.0","1073637","178942","testolin2020_replication","2025-11-22T23:00:46.151Z","13-14 inch laptop","1512","982","1512","776","2","18","November 28 11:00 pm ","false"
"numerosity_discrimination","3","203","5","22","18","0.8182","j","365","<div style=""width:100vw;height:100vh;background-color:black;""></div>","f","html-keyboard-response","1035","2.0.0","1076354","178942","testolin2020_replication","2025-11-22T23:00:46.151Z","13-14 inch laptop","1512","982","1512","776","2","18","November 28 11:00 pm ","false"
"numerosity_discrimination","3","204","170","12","16","0.75","j","446","<div style=""width:100vw;height:100vh;background-color:black;""></div>","j","html-keyboard-response","1040","2.0.0","1079396","178942","testolin2020_replication","2025-11-22T23:00:46.151Z","13-14 inch laptop","1512","982","1512","776","2","18","November 28 11:00 pm ","true"
"numerosity_discrimination","3","205","28","8","9","0.8889","j","527","<div style=""width:100vw;height:100vh;background-color:black;""></div>","j","html-keyboard-response","1045","2.0.0","1082548","178942","testolin2020_replication","2025-11-22T23:00:46.151Z","13-14 inch laptop","1512","982","1512","776","2","18","November 28 11:00 pm ","true"
"numerosity_discrimination","3","206","284","14","28","0.5","j","956","<div style=""width:100vw;height:100vh;background-color:black;""></div>","j","html-keyboard-response","1050","2.0.0","1085870","178942","testolin2020_replication","2025-11-22T23:00:46.151Z","13-14 inch laptop","1512","982","1512","776","2","18","November 28 11:00 pm ","true"
"numerosity_discrimination","3","207","29","12","14","0.8571","j","448","<div style=""width:100vw;height:100vh;background-color:black;""></div>","f","html-keyboard-response","1055","2.0.0","1088775","178942","testolin2020_replication","2025-11-22T23:00:46.151Z","13-14 inch laptop","1512","982","1512","776","2","18","November 28 11:00 pm ","false"
"numerosity_discrimination","3","208","93","8","10","0.8","j","582","<div style=""width:100vw;height:100vh;background-color:black;""></div>","j","html-keyboard-response","1060","2.0.0","1091722","178942","testolin2020_replication","2025-11-22T23:00:46.151Z","13-14 inch laptop","1512","982","1512","776","2","18","November 28 11:00 pm ","true"
"numerosity_discrimination","3","209","257","10","16","0.625","j","485","<div style=""width:100vw;height:100vh;background-color:black;""></div>","j","html-keyboard-response","1065","2.0.0","1094478","178942","testolin2020_replication","2025-11-22T23:00:46.151Z","13-14 inch laptop","1512","982","1512","776","2","18","November 28 11:00 pm ","true"
"numerosity_discrimination","3","210","16","20","16","0.8","j","405","<div style=""width:100vw;height:100vh;background-color:black;""></div>","f","html-keyboard-response","1070","2.0.0","1097149","178942","testolin2020_replication","2025-11-22T23:00:46.151Z","13-14 inch laptop","1512","982","1512","776","2","18","November 28 11:00 pm ","false"
"numerosity_discrimination","3","211","189","16","22","0.7273","j","411","<div style=""width:100vw;height:100vh;background-color:black;""></div>","j","html-keyboard-response","1075","2.0.0","1100076","178942","testolin2020_replication","2025-11-22T23:00:46.151Z","13-14 inch laptop","1512","982","1512","776","2","18","November 28 11:00 pm ","true"
"numerosity_discrimination","3","212","135","9","12","0.75","j","401","<div style=""width:100vw;height:100vh;background-color:black;""></div>","j","html-keyboard-response","1080","2.0.0","1103002","178942","testolin2020_replication","2025-11-22T23:00:46.151Z","13-14 inch laptop","1512","982","1512","776","2","18","November 28 11:00 pm ","true"
"numerosity_discrimination","3","213","260","25","16","0.64","j","352","<div style=""width:100vw;height:100vh;background-color:black;""></div>","f","html-keyboard-response","1085","2.0.0","1105942","178942","testolin2020_replication","2025-11-22T23:00:46.151Z","13-14 inch laptop","1512","982","1512","776","2","18","November 28 11:00 pm ","false"
"numerosity_discrimination","3","214","241","7","11","0.6364","j","289","<div style=""width:100vw;height:100vh;background-color:black;""></div>","j","html-keyboard-response","1090","2.0.0","1108546","178942","testolin2020_replication","2025-11-22T23:00:46.151Z","13-14 inch laptop","1512","982","1512","776","2","18","November 28 11:00 pm ","true"
"numerosity_discrimination","3","215","182","12","9","0.75","j","426","<div style=""width:100vw;height:100vh;background-color:black;""></div>","f","html-keyboard-response","1095","2.0.0","1111344","178942","testolin2020_replication","2025-11-22T23:00:46.151Z","13-14 inch laptop","1512","982","1512","776","2","18","November 28 11:00 pm ","false"
"numerosity_discrimination","3","216","15","20","25","0.8","j","904","<div style=""width:100vw;height:100vh;background-color:black;""></div>","j","html-keyboard-response","1100","2.0.0","1114603","178942","testolin2020_replication","2025-11-22T23:00:46.151Z","13-14 inch laptop","1512","982","1512","776","2","18","November 28 11:00 pm ","true"
"numerosity_discrimination","3","217","247","11","16","0.6875","j","619","<div style=""width:100vw;height:100vh;background-color:black;""></div>","j","html-keyboard-response","1105","2.0.0","1117866","178942","testolin2020_replication","2025-11-22T23:00:46.151Z","13-14 inch laptop","1512","982","1512","776","2","18","November 28 11:00 pm ","true"
"numerosity_discrimination","3","218","117","22","18","0.8182","j","334","<div style=""width:100vw;height:100vh;background-color:black;""></div>","f","html-keyboard-response","1110","2.0.0","1120433","178942","testolin2020_replication","2025-11-22T23:00:46.151Z","13-14 inch laptop","1512","982","1512","776","2","18","November 28 11:00 pm ","false"
"numerosity_discrimination","3","219","249","14","22","0.6364","j","356","<div style=""width:100vw;height:100vh;background-color:black;""></div>","j","html-keyboard-response","1115","2.0.0","1123216","178942","testolin2020_replication","2025-11-22T23:00:46.151Z","13-14 inch laptop","1512","982","1512","776","2","18","November 28 11:00 pm ","true"
"numerosity_discrimination","3","220","217","25","16","0.64","j","390","<div style=""width:100vw;height:100vh;background-color:black;""></div>","f","html-keyboard-response","1120","2.0.0","1126259","178942","testolin2020_replication","2025-11-22T23:00:46.151Z","13-14 inch laptop","1512","982","1512","776","2","18","November 28 11:00 pm ","false"
"numerosity_discrimination","3","221","242","28","18","0.6429","j","305","<div style=""width:100vw;height:100vh;background-color:black;""></div>","f","html-keyboard-response","1125","2.0.0","1129085","178942","testolin2020_replication","2025-11-22T23:00:46.151Z","13-14 inch laptop","1512","982","1512","776","2","18","November 28 11:00 pm ","false"
"numerosity_discrimination","3","222","106","25","22","0.88","j","878","<div style=""width:100vw;height:100vh;background-color:black;""></div>","j","html-keyboard-response","1130","2.0.0","1132270","178942","testolin2020_replication","2025-11-22T23:00:46.151Z","13-14 inch laptop","1512","982","1512","776","2","18","November 28 11:00 pm ","true"
"numerosity_discrimination","3","223","101","20","25","0.8","j","551","<div style=""width:100vw;height:100vh;background-color:black;""></div>","j","html-keyboard-response","1135","2.0.0","1135142","178942","testolin2020_replication","2025-11-22T23:00:46.151Z","13-14 inch laptop","1512","982","1512","776","2","18","November 28 11:00 pm ","true"
"numerosity_discrimination","3","224","113","20","16","0.8","j","546","<div style=""width:100vw;height:100vh;background-color:black;""></div>","f","html-keyboard-response","1140","2.0.0","1138191","178942","testolin2020_replication","2025-11-22T23:00:46.151Z","13-14 inch laptop","1512","982","1512","776","2","18","November 28 11:00 pm ","false"
"numerosity_discrimination","3","225","71","22","18","0.8182","j","373","<div style=""width:100vw;height:100vh;background-color:black;""></div>","f","html-keyboard-response","1145","2.0.0","1140917","178942","testolin2020_replication","2025-11-22T23:00:46.151Z","13-14 inch laptop","1512","982","1512","776","2","18","November 28 11:00 pm ","false"
"numerosity_discrimination","3","226","52","25","28","0.8929","j","542","<div style=""width:100vw;height:100vh;background-color:black;""></div>","j","html-keyboard-response","1150","2.0.0","1144037","178942","testolin2020_replication","2025-11-22T23:00:46.151Z","13-14 inch laptop","1512","982","1512","776","2","18","November 28 11:00 pm ","true"
"numerosity_discrimination","3","227","7","14","16","0.875","j","446","<div style=""width:100vw;height:100vh;background-color:black;""></div>","j","html-keyboard-response","1155","2.0.0","1146903","178942","testolin2020_replication","2025-11-22T23:00:46.151Z","13-14 inch laptop","1512","982","1512","776","2","18","November 28 11:00 pm ","true"
"numerosity_discrimination","3","228","56","25","22","0.88","j","377","<div style=""width:100vw;height:100vh;background-color:black;""></div>","f","html-keyboard-response","1160","2.0.0","1149857","178942","testolin2020_replication","2025-11-22T23:00:46.151Z","13-14 inch laptop","1512","982","1512","776","2","18","November 28 11:00 pm ","false"
"numerosity_discrimination","3","229","138","16","12","0.75","j","441","<div style=""width:100vw;height:100vh;background-color:black;""></div>","f","html-keyboard-response","1165","2.0.0","1152779","178942","testolin2020_replication","2025-11-22T23:00:46.151Z","13-14 inch laptop","1512","982","1512","776","2","18","November 28 11:00 pm ","false"
"numerosity_discrimination","3","230","198","16","12","0.75","j","397","<div style=""width:100vw;height:100vh;background-color:black;""></div>","f","html-keyboard-response","1170","2.0.0","1155708","178942","testolin2020_replication","2025-11-22T23:00:46.151Z","13-14 inch laptop","1512","982","1512","776","2","18","November 28 11:00 pm ","false"
"numerosity_discrimination","3","231","233","8","12","0.6667","j","261","<div style=""width:100vw;height:100vh;background-color:black;""></div>","j","html-keyboard-response","1175","2.0.0","1158484","178942","testolin2020_replication","2025-11-22T23:00:46.151Z","13-14 inch laptop","1512","982","1512","776","2","18","November 28 11:00 pm ","true"
"numerosity_discrimination","3","232","264","25","16","0.64","j","407","<div style=""width:100vw;height:100vh;background-color:black;""></div>","f","html-keyboard-response","1180","2.0.0","1161524","178942","testolin2020_replication","2025-11-22T23:00:46.151Z","13-14 inch laptop","1512","982","1512","776","2","18","November 28 11:00 pm ","false"
"numerosity_discrimination","3","233","27","14","12","0.8571","j","435","<div style=""width:100vw;height:100vh;background-color:black;""></div>","f","html-keyboard-response","1185","2.0.0","1164350","178942","testolin2020_replication","2025-11-22T23:00:46.151Z","13-14 inch laptop","1512","982","1512","776","2","18","November 28 11:00 pm ","false"
"numerosity_discrimination","3","234","49","8","10","0.8","j","436","<div style=""width:100vw;height:100vh;background-color:black;""></div>","j","html-keyboard-response","1190","2.0.0","1167362","178942","testolin2020_replication","2025-11-22T23:00:46.151Z","13-14 inch laptop","1512","982","1512","776","2","18","November 28 11:00 pm ","true"
"numerosity_discrimination","3","235","10","9","11","0.8182","j","596","<div style=""width:100vw;height:100vh;background-color:black;""></div>","j","html-keyboard-response","1195","2.0.0","1170121","178942","testolin2020_replication","2025-11-22T23:00:46.151Z","13-14 inch laptop","1512","982","1512","776","2","18","November 28 11:00 pm ","true"
"numerosity_discrimination","3","236","232","8","12","0.6667","j","470","<div style=""width:100vw;height:100vh;background-color:black;""></div>","j","html-keyboard-response","1200","2.0.0","1173090","178942","testolin2020_replication","2025-11-22T23:00:46.151Z","13-14 inch laptop","1512","982","1512","776","2","18","November 28 11:00 pm ","true"
"numerosity_discrimination","3","237","69","10","8","0.8","j","501","<div style=""width:100vw;height:100vh;background-color:black;""></div>","f","html-keyboard-response","1205","2.0.0","1175774","178942","testolin2020_replication","2025-11-22T23:00:46.151Z","13-14 inch laptop","1512","982","1512","776","2","18","November 28 11:00 pm ","false"
"numerosity_discrimination","3","238","92","18","22","0.8182","j","547","<div style=""width:100vw;height:100vh;background-color:black;""></div>","j","html-keyboard-response","1210","2.0.0","1178914","178942","testolin2020_replication","2025-11-22T23:00:46.151Z","13-14 inch laptop","1512","982","1512","776","2","18","November 28 11:00 pm ","true"
"numerosity_discrimination","3","239","60","18","22","0.8182","j","451","<div style=""width:100vw;height:100vh;background-color:black;""></div>","f","html-keyboard-response","1215","2.0.0","1181580","178942","testolin2020_replication","2025-11-22T23:00:46.151Z","13-14 inch laptop","1512","982","1512","776","2","18","November 28 11:00 pm ","false"
"numerosity_discrimination","3","240","72","11","9","0.8182","j","375","<div style=""width:100vw;height:100vh;background-color:black;""></div>","f","html-keyboard-response","1220","2.0.0","1184390","178942","testolin2020_replication","2025-11-22T23:00:46.151Z","13-14 inch laptop","1512","982","1512","776","2","18","November 28 11:00 pm ","false"
"numerosity_discrimination","3","241","256","7","11","0.6364","j","553","<div style=""width:100vw;height:100vh;background-color:black;""></div>","j","html-keyboard-response","1225","2.0.0","1187389","178942","testolin2020_replication","2025-11-22T23:00:46.151Z","13-14 inch laptop","1512","982","1512","776","2","18","November 28 11:00 pm ","true"
"numerosity_discrimination","3","242","246","20","12","0.6","j","364","<div style=""width:100vw;height:100vh;background-color:black;""></div>","f","html-keyboard-response","1230","2.0.0","1190353","178942","testolin2020_replication","2025-11-22T23:00:46.151Z","13-14 inch laptop","1512","982","1512","776","2","18","November 28 11:00 pm ","false"
"numerosity_discrimination","3","243","149","18","14","0.7778","j","404","<div style=""width:100vw;height:100vh;background-color:black;""></div>","f","html-keyboard-response","1235","2.0.0","1193009","178942","testolin2020_replication","2025-11-22T23:00:46.151Z","13-14 inch laptop","1512","982","1512","776","2","18","November 28 11:00 pm ","false"
"numerosity_discrimination","3","244","229","20","12","0.6","j","598","<div style=""width:100vw;height:100vh;background-color:black;""></div>","f","html-keyboard-response","1240","2.0.0","1196064","178942","testolin2020_replication","2025-11-22T23:00:46.151Z","13-14 inch laptop","1512","982","1512","776","2","18","November 28 11:00 pm ","false"
"numerosity_discrimination","3","245","57","22","18","0.8182","j","359","<div style=""width:100vw;height:100vh;background-color:black;""></div>","f","html-keyboard-response","1245","2.0.0","1198962","178942","testolin2020_replication","2025-11-22T23:00:46.151Z","13-14 inch laptop","1512","982","1512","776","2","18","November 28 11:00 pm ","false"
"numerosity_discrimination","3","246","227","8","12","0.6667","j","279","<div style=""width:100vw;height:100vh;background-color:black;""></div>","j","html-keyboard-response","1250","2.0.0","1201851","178942","testolin2020_replication","2025-11-22T23:00:46.151Z","13-14 inch laptop","1512","982","1512","776","2","18","November 28 11:00 pm ","true"
"numerosity_discrimination","3","247","2","28","25","0.8929","j","448","<div style=""width:100vw;height:100vh;background-color:black;""></div>","f","html-keyboard-response","1255","2.0.0","1204530","178942","testolin2020_replication","2025-11-22T23:00:46.151Z","13-14 inch laptop","1512","982","1512","776","2","18","November 28 11:00 pm ","false"
"numerosity_discrimination","3","248","251","20","12","0.6","j","457","<div style=""width:100vw;height:100vh;background-color:black;""></div>","f","html-keyboard-response","1260","2.0.0","1207235","178942","testolin2020_replication","2025-11-22T23:00:46.151Z","13-14 inch laptop","1512","982","1512","776","2","18","November 28 11:00 pm ","false"
"numerosity_discrimination","3","249","172","16","22","0.7273","j","257","<div style=""width:100vw;height:100vh;background-color:black;""></div>","j","html-keyboard-response","1265","2.0.0","1209933","178942","testolin2020_replication","2025-11-22T23:00:46.151Z","13-14 inch laptop","1512","982","1512","776","2","18","November 28 11:00 pm ","true"
"numerosity_discrimination","3","250","161","28","22","0.7857","j","367","<div style=""width:100vw;height:100vh;background-color:black;""></div>","f","html-keyboard-response","1270","2.0.0","1212697","178942","testolin2020_replication","2025-11-22T23:00:46.151Z","13-14 inch laptop","1512","982","1512","776","2","18","November 28 11:00 pm ","false"
"numerosity_discrimination","3","251","218","14","22","0.6364","j","325","<div style=""width:100vw;height:100vh;background-color:black;""></div>","j","html-keyboard-response","1275","2.0.0","1215349","178942","testolin2020_replication","2025-11-22T23:00:46.151Z","13-14 inch laptop","1512","982","1512","776","2","18","November 28 11:00 pm ","true"
"numerosity_discrimination","3","252","168","20","14","0.7","j","413","<div style=""width:100vw;height:100vh;background-color:black;""></div>","f","html-keyboard-response","1280","2.0.0","1218220","178942","testolin2020_replication","2025-11-22T23:00:46.151Z","13-14 inch laptop","1512","982","1512","776","2","18","November 28 11:00 pm ","false"
"numerosity_discrimination","3","253","155","7","9","0.7778","j","298","<div style=""width:100vw;height:100vh;background-color:black;""></div>","j","html-keyboard-response","1285","2.0.0","1220932","178942","testolin2020_replication","2025-11-22T23:00:46.151Z","13-14 inch laptop","1512","982","1512","776","2","18","November 28 11:00 pm ","true"
"numerosity_discrimination","3","254","216","9","14","0.6429","j","262","<div style=""width:100vw;height:100vh;background-color:black;""></div>","j","html-keyboard-response","1290","2.0.0","1223700","178942","testolin2020_replication","2025-11-22T23:00:46.151Z","13-14 inch laptop","1512","982","1512","776","2","18","November 28 11:00 pm ","true"
"numerosity_discrimination","3","255","94","22","25","0.88","j","624","<div style=""width:100vw;height:100vh;background-color:black;""></div>","j","html-keyboard-response","1295","2.0.0","1226771","178942","testolin2020_replication","2025-11-22T23:00:46.151Z","13-14 inch laptop","1512","982","1512","776","2","18","November 28 11:00 pm ","true"
"numerosity_discrimination","3","256","180","9","7","0.7778","j","371","<div style=""width:100vw;height:100vh;background-color:black;""></div>","f","html-keyboard-response","1300","2.0.0","1229445","178942","testolin2020_replication","2025-11-22T23:00:46.151Z","13-14 inch laptop","1512","982","1512","776","2","18","November 28 11:00 pm ","false"
"numerosity_discrimination","3","257","276","16","8","0.5","j","464","<div style=""width:100vw;height:100vh;background-color:black;""></div>","f","html-keyboard-response","1305","2.0.0","1232241","178942","testolin2020_replication","2025-11-22T23:00:46.151Z","13-14 inch laptop","1512","982","1512","776","2","18","November 28 11:00 pm ","false"
"numerosity_discrimination","3","258","139","9","7","0.7778","j","786","<div style=""width:100vw;height:100vh;background-color:black;""></div>","f","html-keyboard-response","1310","2.0.0","1235601","178942","testolin2020_replication","2025-11-22T23:00:46.151Z","13-14 inch laptop","1512","982","1512","776","2","18","November 28 11:00 pm ","false"
"numerosity_discrimination","3","259","223","28","18","0.6429","j","419","<div style=""width:100vw;height:100vh;background-color:black;""></div>","f","html-keyboard-response","1315","2.0.0","1238267","178942","testolin2020_replication","2025-11-22T23:00:46.151Z","13-14 inch laptop","1512","982","1512","776","2","18","November 28 11:00 pm ","false"
"numerosity_discrimination","3","260","118","20","25","0.8","j","486","<div style=""width:100vw;height:100vh;background-color:black;""></div>","j","html-keyboard-response","1320","2.0.0","1241277","178942","testolin2020_replication","2025-11-22T23:00:46.151Z","13-14 inch laptop","1512","982","1512","776","2","18","November 28 11:00 pm ","true"
"numerosity_discrimination","3","261","211","8","12","0.6667","j","357","<div style=""width:100vw;height:100vh;background-color:black;""></div>","j","html-keyboard-response","1325","2.0.0","1243865","178942","testolin2020_replication","2025-11-22T23:00:46.151Z","13-14 inch laptop","1512","982","1512","776","2","18","November 28 11:00 pm ","true"
"numerosity_discrimination","3","262","97","7","8","0.875","j","419","<div style=""width:100vw;height:100vh;background-color:black;""></div>","j","html-keyboard-response","1330","2.0.0","1246703","178942","testolin2020_replication","2025-11-22T23:00:46.151Z","13-14 inch laptop","1512","982","1512","776","2","18","November 28 11:00 pm ","true"
"numerosity_discrimination","3","263","165","14","10","0.7143","j","653","<div style=""width:100vw;height:100vh;background-color:black;""></div>","f","html-keyboard-response","1335","2.0.0","1249700","178942","testolin2020_replication","2025-11-22T23:00:46.151Z","13-14 inch laptop","1512","982","1512","776","2","18","November 28 11:00 pm ","false"
"numerosity_discrimination","3","264","298","9","18","0.5","j","401","<div style=""width:100vw;height:100vh;background-color:black;""></div>","j","html-keyboard-response","1340","2.0.0","1252423","178942","testolin2020_replication","2025-11-22T23:00:46.151Z","13-14 inch laptop","1512","982","1512","776","2","18","November 28 11:00 pm ","true"
"numerosity_discrimination","3","265","152","16","12","0.75","j","463","<div style=""width:100vw;height:100vh;background-color:black;""></div>","f","html-keyboard-response","1345","2.0.0","1255078","178942","testolin2020_replication","2025-11-22T23:00:46.151Z","13-14 inch laptop","1512","982","1512","776","2","18","November 28 11:00 pm ","false"
"numerosity_discrimination","3","266","104","8","7","0.875","j","590","<div style=""width:100vw;height:100vh;background-color:black;""></div>","f","html-keyboard-response","1350","2.0.0","1257919","178942","testolin2020_replication","2025-11-22T23:00:46.151Z","13-14 inch laptop","1512","982","1512","776","2","18","November 28 11:00 pm ","false"
"numerosity_discrimination","3","267","262","9","14","0.6429","j","322","<div style=""width:100vw;height:100vh;background-color:black;""></div>","j","html-keyboard-response","1355","2.0.0","1260502","178942","testolin2020_replication","2025-11-22T23:00:46.151Z","13-14 inch laptop","1512","982","1512","776","2","18","November 28 11:00 pm ","true"
"numerosity_discrimination","3","268","269","9","14","0.6429","j","609","<div style=""width:100vw;height:100vh;background-color:black;""></div>","j","html-keyboard-response","1360","2.0.0","1263745","178942","testolin2020_replication","2025-11-22T23:00:46.151Z","13-14 inch laptop","1512","982","1512","776","2","18","November 28 11:00 pm ","true"
"numerosity_discrimination","3","269","252","18","28","0.6429","j","639","<div style=""width:100vw;height:100vh;background-color:black;""></div>","j","html-keyboard-response","1365","2.0.0","1266689","178942","testolin2020_replication","2025-11-22T23:00:46.151Z","13-14 inch laptop","1512","982","1512","776","2","18","November 28 11:00 pm ","true"
"numerosity_discrimination","3","270","130","22","28","0.7857","j","721","<div style=""width:100vw;height:100vh;background-color:black;""></div>","j","html-keyboard-response","1370","2.0.0","1269708","178942","testolin2020_replication","2025-11-22T23:00:46.151Z","13-14 inch laptop","1512","982","1512","776","2","18","November 28 11:00 pm ","true"
"numerosity_discrimination","3","271","1","9","8","0.8889","j","480","<div style=""width:100vw;height:100vh;background-color:black;""></div>","f","html-keyboard-response","1375","2.0.0","1272794","178942","testolin2020_replication","2025-11-22T23:00:46.151Z","13-14 inch laptop","1512","982","1512","776","2","18","November 28 11:00 pm ","false"
"numerosity_discrimination","3","272","255","18","28","0.6429","j","334","<div style=""width:100vw;height:100vh;background-color:black;""></div>","j","html-keyboard-response","1380","2.0.0","1275688","178942","testolin2020_replication","2025-11-22T23:00:46.151Z","13-14 inch laptop","1512","982","1512","776","2","18","November 28 11:00 pm ","true"
"numerosity_discrimination","3","273","40","10","12","0.8333","j","460","<div style=""width:100vw;height:100vh;background-color:black;""></div>","f","html-keyboard-response","1385","2.0.0","1278739","178942","testolin2020_replication","2025-11-22T23:00:46.151Z","13-14 inch laptop","1512","982","1512","776","2","18","November 28 11:00 pm ","false"
"numerosity_discrimination","3","274","277","20","10","0.5","j","371","<div style=""width:100vw;height:100vh;background-color:black;""></div>","f","html-keyboard-response","1390","2.0.0","1281424","178942","testolin2020_replication","2025-11-22T23:00:46.151Z","13-14 inch laptop","1512","982","1512","776","2","18","November 28 11:00 pm ","false"
"numerosity_discrimination","3","275","73","14","12","0.8571","j","517","<div style=""width:100vw;height:100vh;background-color:black;""></div>","j","html-keyboard-response","1395","2.0.0","1284180","178942","testolin2020_replication","2025-11-22T23:00:46.151Z","13-14 inch laptop","1512","982","1512","776","2","18","November 28 11:00 pm ","true"
"numerosity_discrimination","3","276","81","16","18","0.8889","j","455","<div style=""width:100vw;height:100vh;background-color:black;""></div>","f","html-keyboard-response","1400","2.0.0","1287233","178942","testolin2020_replication","2025-11-22T23:00:46.151Z","13-14 inch laptop","1512","982","1512","776","2","18","November 28 11:00 pm ","false"
"numerosity_discrimination","3","277","169","18","25","0.72","j","609","<div style=""width:100vw;height:100vh;background-color:black;""></div>","j","html-keyboard-response","1405","2.0.0","1290307","178942","testolin2020_replication","2025-11-22T23:00:46.151Z","13-14 inch laptop","1512","982","1512","776","2","18","November 28 11:00 pm ","true"
"numerosity_discrimination","3","278","296","9","16","0.5625","j","513","<div style=""width:100vw;height:100vh;background-color:black;""></div>","j","html-keyboard-response","1410","2.0.0","1293444","178942","testolin2020_replication","2025-11-22T23:00:46.151Z","13-14 inch laptop","1512","982","1512","776","2","18","November 28 11:00 pm ","true"
"numerosity_discrimination","3","279","25","11","9","0.8182","j","311","<div style=""width:100vw;height:100vh;background-color:black;""></div>","f","html-keyboard-response","1415","2.0.0","1295967","178942","testolin2020_replication","2025-11-22T23:00:46.151Z","13-14 inch laptop","1512","982","1512","776","2","18","November 28 11:00 pm ","false"
"numerosity_discrimination","3","280","289","22","12","0.5455","j","337","<div style=""width:100vw;height:100vh;background-color:black;""></div>","f","html-keyboard-response","1420","2.0.0","1298539","178942","testolin2020_replication","2025-11-22T23:00:46.151Z","13-14 inch laptop","1512","982","1512","776","2","18","November 28 11:00 pm ","false"
"numerosity_discrimination","3","281","33","8","9","0.8889","j","254","<div style=""width:100vw;height:100vh;background-color:black;""></div>","j","html-keyboard-response","1425","2.0.0","1301018","178942","testolin2020_replication","2025-11-22T23:00:46.151Z","13-14 inch laptop","1512","982","1512","776","2","18","November 28 11:00 pm ","true"
"numerosity_discrimination","3","282","43","11","9","0.8182","j","476","<div style=""width:100vw;height:100vh;background-color:black;""></div>","f","html-keyboard-response","1430","2.0.0","1303863","178942","testolin2020_replication","2025-11-22T23:00:46.151Z","13-14 inch laptop","1512","982","1512","776","2","18","November 28 11:00 pm ","false"
"numerosity_discrimination","3","283","147","8","11","0.7273","j","298","<div style=""width:100vw;height:100vh;background-color:black;""></div>","j","html-keyboard-response","1435","2.0.0","1306579","178942","testolin2020_replication","2025-11-22T23:00:46.151Z","13-14 inch laptop","1512","982","1512","776","2","18","November 28 11:00 pm ","true"
"numerosity_discrimination","3","284","98","25","28","0.8929","j","405","<div style=""width:100vw;height:100vh;background-color:black;""></div>","j","html-keyboard-response","1440","2.0.0","1309284","178942","testolin2020_replication","2025-11-22T23:00:46.151Z","13-14 inch laptop","1512","982","1512","776","2","18","November 28 11:00 pm ","true"
"numerosity_discrimination","3","285","39","20","16","0.8","j","308","<div style=""width:100vw;height:100vh;background-color:black;""></div>","j","html-keyboard-response","1445","2.0.0","1312091","178942","testolin2020_replication","2025-11-22T23:00:46.151Z","13-14 inch laptop","1512","982","1512","776","2","18","November 28 11:00 pm ","true"
"numerosity_discrimination","3","286","115","25","28","0.8929","j","416","<div style=""width:100vw;height:100vh;background-color:black;""></div>","j","html-keyboard-response","1450","2.0.0","1314835","178942","testolin2020_replication","2025-11-22T23:00:46.151Z","13-14 inch laptop","1512","982","1512","776","2","18","November 28 11:00 pm ","true"
"numerosity_discrimination","3","287","80","16","18","0.8889","j","263","<div style=""width:100vw;height:100vh;background-color:black;""></div>","j","html-keyboard-response","1455","2.0.0","1317679","178942","testolin2020_replication","2025-11-22T23:00:46.151Z","13-14 inch laptop","1512","982","1512","776","2","18","November 28 11:00 pm ","true"
"numerosity_discrimination","3","288","144","28","20","0.7143","j","303","<div style=""width:100vw;height:100vh;background-color:black;""></div>","f","html-keyboard-response","1460","2.0.0","1320358","178942","testolin2020_replication","2025-11-22T23:00:46.151Z","13-14 inch laptop","1512","982","1512","776","2","18","November 28 11:00 pm ","false"
"numerosity_discrimination","3","289","45","25","20","0.8","j","418","<div style=""width:100vw;height:100vh;background-color:black;""></div>","f","html-keyboard-response","1465","2.0.0","1323150","178942","testolin2020_replication","2025-11-22T23:00:46.151Z","13-14 inch laptop","1512","982","1512","776","2","18","November 28 11:00 pm ","false"
"numerosity_discrimination","3","290","200","12","9","0.75","j","324","<div style=""width:100vw;height:100vh;background-color:black;""></div>","f","html-keyboard-response","1470","2.0.0","1325818","178942","testolin2020_replication","2025-11-22T23:00:46.151Z","13-14 inch laptop","1512","982","1512","776","2","18","November 28 11:00 pm ","false"
"numerosity_discrimination","3","291","212","22","14","0.6364","j","295","<div style=""width:100vw;height:100vh;background-color:black;""></div>","j","html-keyboard-response","1475","2.0.0","1328301","178942","testolin2020_replication","2025-11-22T23:00:46.151Z","13-14 inch laptop","1512","982","1512","776","2","18","November 28 11:00 pm ","true"
"numerosity_discrimination","3","292","207","7","9","0.7778","j","225","<div style=""width:100vw;height:100vh;background-color:black;""></div>","j","html-keyboard-response","1480","2.0.0","1330916","178942","testolin2020_replication","2025-11-22T23:00:46.151Z","13-14 inch laptop","1512","982","1512","776","2","18","November 28 11:00 pm ","true"
"numerosity_discrimination","3","293","204","7","9","0.7778","j","208","<div style=""width:100vw;height:100vh;background-color:black;""></div>","j","html-keyboard-response","1485","2.0.0","1333460","178942","testolin2020_replication","2025-11-22T23:00:46.151Z","13-14 inch laptop","1512","982","1512","776","2","18","November 28 11:00 pm ","true"
"numerosity_discrimination","3","294","47","20","25","0.8","j","363","<div style=""width:100vw;height:100vh;background-color:black;""></div>","f","html-keyboard-response","1490","2.0.0","1336152","178942","testolin2020_replication","2025-11-22T23:00:46.151Z","13-14 inch laptop","1512","982","1512","776","2","18","November 28 11:00 pm ","false"
"numerosity_discrimination","3","295","206","9","7","0.7778","j","379","<div style=""width:100vw;height:100vh;background-color:black;""></div>","f","html-keyboard-response","1495","2.0.0","1338793","178942","testolin2020_replication","2025-11-22T23:00:46.151Z","13-14 inch laptop","1512","982","1512","776","2","18","November 28 11:00 pm ","false"
"numerosity_discrimination","3","296","91","12","14","0.8571","j","870","<div style=""width:100vw;height:100vh;background-color:black;""></div>","j","html-keyboard-response","1500","2.0.0","1342209","178942","testolin2020_replication","2025-11-22T23:00:46.151Z","13-14 inch laptop","1512","982","1512","776","2","18","November 28 11:00 pm ","true"
"numerosity_discrimination","3","297","263","22","14","0.6364","j","387","<div style=""width:100vw;height:100vh;background-color:black;""></div>","f","html-keyboard-response","1505","2.0.0","1345181","178942","testolin2020_replication","2025-11-22T23:00:46.151Z","13-14 inch laptop","1512","982","1512","776","2","18","November 28 11:00 pm ","false"
"numerosity_discrimination","3","298","110","7","8","0.875","j","247","<div style=""width:100vw;height:100vh;background-color:black;""></div>","j","html-keyboard-response","1510","2.0.0","1347679","178942","testolin2020_replication","2025-11-22T23:00:46.151Z","13-14 inch laptop","1512","982","1512","776","2","18","November 28 11:00 pm ","true"
"numerosity_discrimination","3","299","222","16","10","0.625","j","287","<div style=""width:100vw;height:100vh;background-color:black;""></div>","f","html-keyboard-response","1515","2.0.0","1350362","178942","testolin2020_replication","2025-11-22T23:00:46.151Z","13-14 inch laptop","1512","982","1512","776","2","18","November 28 11:00 pm ","false"
"numerosity_discrimination","3","300","143","20","28","0.7143","j","239","<div style=""width:100vw;height:100vh;background-color:black;""></div>","j","html-keyboard-response","1520","2.0.0","1352930","178942","testolin2020_replication","2025-11-22T23:00:46.151Z","13-14 inch laptop","1512","982","1512","776","2","18","November 28 11:00 pm ","true"
