"task","block","pair_order","pair_num","left_n","right_n","pair_ratio","correct_key","rt","stimulus","response","trial_type","trial_index","plugin_version","time_elapsed","participant_id","experiment","date","screen_size_category","screen_width_pixels","screen_height_pixels","window_width_pixels","window_height_pixels","pixel_ratio","participant_age","time_slot","correct"
"numerosity_discrimination","1","1","286","18","10","0.5556","j","2129","<div style=""width:100vw;height:100vh;background-color:black;""></div>","f","html-keyboard-response","21","2.0.0","250342","179182","testolin2020_replication","2025-11-21T22:26:40.168Z","15-16 inch laptop","1280","720","1280","585","1.5","19","Nov 21, 2:30","false"
"numerosity_discrimination","1","2","61","8","10","0.8","j","817","<div style=""width:100vw;height:100vh;background-color:black;""></div>","f","html-keyboard-response","26","2.0.0","253346","179182","testolin2020_replication","2025-11-21T22:26:40.168Z","15-16 inch laptop","1280","720","1280","585","1.5","19","Nov 21, 2:30","false"
"numerosity_discrimination","1","3","271","20","11","0.55","j","782","<div style=""width:100vw;height:100vh;background-color:black;""></div>","f","html-keyboard-response","31","2.0.0","256335","179182","testolin2020_replication","2025-11-21T22:26:40.168Z","15-16 inch laptop","1280","720","1280","585","1.5","19","Nov 21, 2:30","false"
"numerosity_discrimination","1","4","128","22","28","0.7857","j","1106","<div style=""width:100vw;height:100vh;background-color:black;""></div>","f","html-keyboard-response","36","2.0.0","259921","179182","testolin2020_replication","2025-11-21T22:26:40.168Z","15-16 inch laptop","1280","720","1280","585","1.5","19","Nov 21, 2:30","false"
"numerosity_discrimination","1","5","278","9","18","0.5","j","1499","<div style=""width:100vw;height:100vh;background-color:black;""></div>","j","html-keyboard-response","41","2.0.0","263938","179182","testolin2020_replication","2025-11-21T22:26:40.168Z","15-16 inch laptop","1280","720","1280","585","1.5","19","Nov 21, 2:30","true"
"numerosity_discrimination","1","6","51","10","12","0.8333","j","819","<div style=""width:100vw;height:100vh;background-color:black;""></div>","f","html-keyboard-response","46","2.0.0","267397","179182","testolin2020_replication","2025-11-21T22:26:40.168Z","15-16 inch laptop","1280","720","1280","585","1.5","19","Nov 21, 2:30","false"
"numerosity_discrimination","1","7","188","9","12","0.75","j","1281","<div style=""width:100vw;height:100vh;background-color:black;""></div>","j","html-keyboard-response","51","2.0.0","270927","179182","testolin2020_replication","2025-11-21T22:26:40.168Z","15-16 inch laptop","1280","720","1280","585","1.5","19","Nov 21, 2:30","true"
"numerosity_discrimination","1","8","236","22","14","0.6364","j","870","<div style=""width:100vw;height:100vh;background-color:black;""></div>","f","html-keyboard-response","56","2.0.0","274247","179182","testolin2020_replication","2025-11-21T22:26:40.168Z","15-16 inch laptop","1280","720","1280","585","1.5","19","Nov 21, 2:30","false"
"numerosity_discrimination","1","9","35","9","8","0.8889","j","725","<div style=""width:100vw;height:100vh;background-color:black;""></div>","f","html-keyboard-response","61","2.0.0","277446","179182","testolin2020_replication","2025-11-21T22:26:40.168Z","15-16 inch laptop","1280","720","1280","585","1.5","19","Nov 21, 2:30","false"
"numerosity_discrimination","1","10","267","18","28","0.6429","j","1139","<div style=""width:100vw;height:100vh;background-color:black;""></div>","f","html-keyboard-response","66","2.0.0","281069","179182","testolin2020_replication","2025-11-21T22:26:40.168Z","15-16 inch laptop","1280","720","1280","585","1.5","19","Nov 21, 2:30","false"
"numerosity_discrimination","1","11","280","28","16","0.5714","j","637","<div style=""width:100vw;height:100vh;background-color:black;""></div>","f","html-keyboard-response","71","2.0.0","284296","179182","testolin2020_replication","2025-11-21T22:26:40.168Z","15-16 inch laptop","1280","720","1280","585","1.5","19","Nov 21, 2:30","false"
"numerosity_discrimination","1","12","279","20","11","0.55","j","1001","<div style=""width:100vw;height:100vh;background-color:black;""></div>","f","html-keyboard-response","76","2.0.0","287505","179182","testolin2020_replication","2025-11-21T22:26:40.168Z","15-16 inch laptop","1280","720","1280","585","1.5","19","Nov 21, 2:30","false"
"numerosity_discrimination","1","13","167","9","12","0.75","j","1137","<div style=""width:100vw;height:100vh;background-color:black;""></div>","j","html-keyboard-response","81","2.0.0","291222","179182","testolin2020_replication","2025-11-21T22:26:40.168Z","15-16 inch laptop","1280","720","1280","585","1.5","19","Nov 21, 2:30","true"
"numerosity_discrimination","1","14","9","9","8","0.8889","j","836","<div style=""width:100vw;height:100vh;background-color:black;""></div>","f","html-keyboard-response","86","2.0.0","294746","179182","testolin2020_replication","2025-11-21T22:26:40.168Z","15-16 inch laptop","1280","720","1280","585","1.5","19","Nov 21, 2:30","false"
"numerosity_discrimination","1","15","202","9","7","0.7778","j","966","<div style=""width:100vw;height:100vh;background-color:black;""></div>","f","html-keyboard-response","91","2.0.0","297934","179182","testolin2020_replication","2025-11-21T22:26:40.168Z","15-16 inch laptop","1280","720","1280","585","1.5","19","Nov 21, 2:30","false"
"numerosity_discrimination","1","16","272","10","20","0.5","j","839","<div style=""width:100vw;height:100vh;background-color:black;""></div>","j","html-keyboard-response","96","2.0.0","301312","179182","testolin2020_replication","2025-11-21T22:26:40.168Z","15-16 inch laptop","1280","720","1280","585","1.5","19","Nov 21, 2:30","true"
"numerosity_discrimination","1","17","235","14","9","0.6429","j","651","<div style=""width:100vw;height:100vh;background-color:black;""></div>","f","html-keyboard-response","101","2.0.0","304403","179182","testolin2020_replication","2025-11-21T22:26:40.168Z","15-16 inch laptop","1280","720","1280","585","1.5","19","Nov 21, 2:30","false"
"numerosity_discrimination","1","18","67","11","9","0.8182","j","1315","<div style=""width:100vw;height:100vh;background-color:black;""></div>","j","html-keyboard-response","106","2.0.0","308116","179182","testolin2020_replication","2025-11-21T22:26:40.168Z","15-16 inch laptop","1280","720","1280","585","1.5","19","Nov 21, 2:30","true"
"numerosity_discrimination","1","19","160","12","16","0.75","j","868","<div style=""width:100vw;height:100vh;background-color:black;""></div>","j","html-keyboard-response","111","2.0.0","311649","179182","testolin2020_replication","2025-11-21T22:26:40.168Z","15-16 inch laptop","1280","720","1280","585","1.5","19","Nov 21, 2:30","true"
"numerosity_discrimination","1","20","31","28","25","0.8929","j","700","<div style=""width:100vw;height:100vh;background-color:black;""></div>","f","html-keyboard-response","116","2.0.0","314764","179182","testolin2020_replication","2025-11-21T22:26:40.168Z","15-16 inch laptop","1280","720","1280","585","1.5","19","Nov 21, 2:30","false"
"numerosity_discrimination","1","21","213","18","11","0.6111","j","853","<div style=""width:100vw;height:100vh;background-color:black;""></div>","f","html-keyboard-response","121","2.0.0","318271","179182","testolin2020_replication","2025-11-21T22:26:40.168Z","15-16 inch laptop","1280","720","1280","585","1.5","19","Nov 21, 2:30","false"
"numerosity_discrimination","1","22","193","25","18","0.72","j","605","<div style=""width:100vw;height:100vh;background-color:black;""></div>","f","html-keyboard-response","126","2.0.0","321557","179182","testolin2020_replication","2025-11-21T22:26:40.168Z","15-16 inch laptop","1280","720","1280","585","1.5","19","Nov 21, 2:30","false"
"numerosity_discrimination","1","23","105","28","25","0.8929","j","610","<div style=""width:100vw;height:100vh;background-color:black;""></div>","f","html-keyboard-response","131","2.0.0","324684","179182","testolin2020_replication","2025-11-21T22:26:40.168Z","15-16 inch laptop","1280","720","1280","585","1.5","19","Nov 21, 2:30","false"
"numerosity_discrimination","1","24","158","18","14","0.7778","j","914","<div style=""width:100vw;height:100vh;background-color:black;""></div>","f","html-keyboard-response","136","2.0.0","328003","179182","testolin2020_replication","2025-11-21T22:26:40.168Z","15-16 inch laptop","1280","720","1280","585","1.5","19","Nov 21, 2:30","false"
"numerosity_discrimination","1","25","175","11","14","0.7857","j","1850","<div style=""width:100vw;height:100vh;background-color:black;""></div>","f","html-keyboard-response","141","2.0.0","332292","179182","testolin2020_replication","2025-11-21T22:26:40.168Z","15-16 inch laptop","1280","720","1280","585","1.5","19","Nov 21, 2:30","false"
"numerosity_discrimination","1","26","254","20","12","0.6","j","608","<div style=""width:100vw;height:100vh;background-color:black;""></div>","f","html-keyboard-response","146","2.0.0","335224","179182","testolin2020_replication","2025-11-21T22:26:40.168Z","15-16 inch laptop","1280","720","1280","585","1.5","19","Nov 21, 2:30","false"
"numerosity_discrimination","1","27","221","16","10","0.625","j","1067","<div style=""width:100vw;height:100vh;background-color:black;""></div>","f","html-keyboard-response","151","2.0.0","338701","179182","testolin2020_replication","2025-11-21T22:26:40.168Z","15-16 inch laptop","1280","720","1280","585","1.5","19","Nov 21, 2:30","false"
"numerosity_discrimination","1","28","55","18","16","0.8889","j","862","<div style=""width:100vw;height:100vh;background-color:black;""></div>","f","html-keyboard-response","156","2.0.0","342104","179182","testolin2020_replication","2025-11-21T22:26:40.168Z","15-16 inch laptop","1280","720","1280","585","1.5","19","Nov 21, 2:30","false"
"numerosity_discrimination","1","29","120","14","12","0.8571","j","937","<div style=""width:100vw;height:100vh;background-color:black;""></div>","j","html-keyboard-response","161","2.0.0","345295","179182","testolin2020_replication","2025-11-21T22:26:40.168Z","15-16 inch laptop","1280","720","1280","585","1.5","19","Nov 21, 2:30","true"
"numerosity_discrimination","1","30","89","11","9","0.8182","j","2162","<div style=""width:100vw;height:100vh;background-color:black;""></div>","f","html-keyboard-response","166","2.0.0","349692","179182","testolin2020_replication","2025-11-21T22:26:40.168Z","15-16 inch laptop","1280","720","1280","585","1.5","19","Nov 21, 2:30","false"
"numerosity_discrimination","1","31","108","8","9","0.8889","j","744","<div style=""width:100vw;height:100vh;background-color:black;""></div>","j","html-keyboard-response","171","2.0.0","353045","179182","testolin2020_replication","2025-11-21T22:26:40.168Z","15-16 inch laptop","1280","720","1280","585","1.5","19","Nov 21, 2:30","true"
"numerosity_discrimination","1","32","23","11","9","0.8182","j","836","<div style=""width:100vw;height:100vh;background-color:black;""></div>","j","html-keyboard-response","176","2.0.0","356230","179182","testolin2020_replication","2025-11-21T22:26:40.168Z","15-16 inch laptop","1280","720","1280","585","1.5","19","Nov 21, 2:30","true"
"numerosity_discrimination","1","33","48","14","16","0.875","j","830","<div style=""width:100vw;height:100vh;background-color:black;""></div>","j","html-keyboard-response","181","2.0.0","359245","179182","testolin2020_replication","2025-11-21T22:26:40.168Z","15-16 inch laptop","1280","720","1280","585","1.5","19","Nov 21, 2:30","true"
"numerosity_discrimination","1","34","177","8","11","0.7273","j","650","<div style=""width:100vw;height:100vh;background-color:black;""></div>","j","html-keyboard-response","186","2.0.0","362313","179182","testolin2020_replication","2025-11-21T22:26:40.168Z","15-16 inch laptop","1280","720","1280","585","1.5","19","Nov 21, 2:30","true"
"numerosity_discrimination","1","35","26","28","25","0.8929","j","1216","<div style=""width:100vw;height:100vh;background-color:black;""></div>","f","html-keyboard-response","191","2.0.0","365855","179182","testolin2020_replication","2025-11-21T22:26:40.168Z","15-16 inch laptop","1280","720","1280","585","1.5","19","Nov 21, 2:30","false"
"numerosity_discrimination","1","36","166","20","14","0.7","j","691","<div style=""width:100vw;height:100vh;background-color:black;""></div>","f","html-keyboard-response","196","2.0.0","369030","179182","testolin2020_replication","2025-11-21T22:26:40.168Z","15-16 inch laptop","1280","720","1280","585","1.5","19","Nov 21, 2:30","false"
"numerosity_discrimination","1","37","261","28","18","0.6429","j","768","<div style=""width:100vw;height:100vh;background-color:black;""></div>","f","html-keyboard-response","201","2.0.0","372483","179182","testolin2020_replication","2025-11-21T22:26:40.168Z","15-16 inch laptop","1280","720","1280","585","1.5","19","Nov 21, 2:30","false"
"numerosity_discrimination","1","38","32","16","20","0.8","j","895","<div style=""width:100vw;height:100vh;background-color:black;""></div>","j","html-keyboard-response","206","2.0.0","375585","179182","testolin2020_replication","2025-11-21T22:26:40.168Z","15-16 inch laptop","1280","720","1280","585","1.5","19","Nov 21, 2:30","true"
"numerosity_discrimination","1","39","103","14","12","0.8571","j","1327","<div style=""width:100vw;height:100vh;background-color:black;""></div>","f","html-keyboard-response","211","2.0.0","379475","179182","testolin2020_replication","2025-11-21T22:26:40.168Z","15-16 inch laptop","1280","720","1280","585","1.5","19","Nov 21, 2:30","false"
"numerosity_discrimination","1","40","197","12","16","0.75","j","652","<div style=""width:100vw;height:100vh;background-color:black;""></div>","j","html-keyboard-response","216","2.0.0","382475","179182","testolin2020_replication","2025-11-21T22:26:40.168Z","15-16 inch laptop","1280","720","1280","585","1.5","19","Nov 21, 2:30","true"
"numerosity_discrimination","1","41","268","18","11","0.6111","j","596","<div style=""width:100vw;height:100vh;background-color:black;""></div>","f","html-keyboard-response","221","2.0.0","385409","179182","testolin2020_replication","2025-11-21T22:26:40.168Z","15-16 inch laptop","1280","720","1280","585","1.5","19","Nov 21, 2:30","false"
"numerosity_discrimination","1","42","299","20","10","0.5","j","703","<div style=""width:100vw;height:100vh;background-color:black;""></div>","f","html-keyboard-response","226","2.0.0","388767","179182","testolin2020_replication","2025-11-21T22:26:40.168Z","15-16 inch laptop","1280","720","1280","585","1.5","19","Nov 21, 2:30","false"
"numerosity_discrimination","1","43","179","22","16","0.7273","j","891","<div style=""width:100vw;height:100vh;background-color:black;""></div>","f","html-keyboard-response","231","2.0.0","392123","179182","testolin2020_replication","2025-11-21T22:26:40.168Z","15-16 inch laptop","1280","720","1280","585","1.5","19","Nov 21, 2:30","false"
"numerosity_discrimination","1","44","203","11","8","0.7273","j","1015","<div style=""width:100vw;height:100vh;background-color:black;""></div>","f","html-keyboard-response","236","2.0.0","395664","179182","testolin2020_replication","2025-11-21T22:26:40.168Z","15-16 inch laptop","1280","720","1280","585","1.5","19","Nov 21, 2:30","false"
"numerosity_discrimination","1","45","245","10","16","0.625","j","1012","<div style=""width:100vw;height:100vh;background-color:black;""></div>","j","html-keyboard-response","241","2.0.0","399194","179182","testolin2020_replication","2025-11-21T22:26:40.168Z","15-16 inch laptop","1280","720","1280","585","1.5","19","Nov 21, 2:30","true"
"numerosity_discrimination","1","46","34","16","18","0.8889","j","1223","<div style=""width:100vw;height:100vh;background-color:black;""></div>","f","html-keyboard-response","246","2.0.0","402905","179182","testolin2020_replication","2025-11-21T22:26:40.168Z","15-16 inch laptop","1280","720","1280","585","1.5","19","Nov 21, 2:30","false"
"numerosity_discrimination","1","47","164","20","14","0.7","j","2278","<div style=""width:100vw;height:100vh;background-color:black;""></div>","f","html-keyboard-response","251","2.0.0","407456","179182","testolin2020_replication","2025-11-21T22:26:40.168Z","15-16 inch laptop","1280","720","1280","585","1.5","19","Nov 21, 2:30","false"
"numerosity_discrimination","1","48","186","22","28","0.7857","j","838","<div style=""width:100vw;height:100vh;background-color:black;""></div>","j","html-keyboard-response","256","2.0.0","410950","179182","testolin2020_replication","2025-11-21T22:26:40.168Z","15-16 inch laptop","1280","720","1280","585","1.5","19","Nov 21, 2:30","true"
"numerosity_discrimination","1","49","19","18","22","0.8182","j","767","<div style=""width:100vw;height:100vh;background-color:black;""></div>","j","html-keyboard-response","261","2.0.0","414292","179182","testolin2020_replication","2025-11-21T22:26:40.168Z","15-16 inch laptop","1280","720","1280","585","1.5","19","Nov 21, 2:30","true"
"numerosity_discrimination","1","50","22","16","20","0.8","j","745","<div style=""width:100vw;height:100vh;background-color:black;""></div>","j","html-keyboard-response","266","2.0.0","417459","179182","testolin2020_replication","2025-11-21T22:26:40.168Z","15-16 inch laptop","1280","720","1280","585","1.5","19","Nov 21, 2:30","true"
"numerosity_discrimination","1","51","285","11","22","0.5","j","854","<div style=""width:100vw;height:100vh;background-color:black;""></div>","j","html-keyboard-response","271","2.0.0","420856","179182","testolin2020_replication","2025-11-21T22:26:40.168Z","15-16 inch laptop","1280","720","1280","585","1.5","19","Nov 21, 2:30","true"
"numerosity_discrimination","1","52","54","22","18","0.8182","j","820","<div style=""width:100vw;height:100vh;background-color:black;""></div>","f","html-keyboard-response","276","2.0.0","424031","179182","testolin2020_replication","2025-11-21T22:26:40.168Z","15-16 inch laptop","1280","720","1280","585","1.5","19","Nov 21, 2:30","false"
"numerosity_discrimination","1","53","238","20","12","0.6","j","841","<div style=""width:100vw;height:100vh;background-color:black;""></div>","f","html-keyboard-response","281","2.0.0","427405","179182","testolin2020_replication","2025-11-21T22:26:40.168Z","15-16 inch laptop","1280","720","1280","585","1.5","19","Nov 21, 2:30","false"
"numerosity_discrimination","1","54","124","16","12","0.75","j","750","<div style=""width:100vw;height:100vh;background-color:black;""></div>","f","html-keyboard-response","286","2.0.0","430635","179182","testolin2020_replication","2025-11-21T22:26:40.168Z","15-16 inch laptop","1280","720","1280","585","1.5","19","Nov 21, 2:30","false"
"numerosity_discrimination","1","55","18","14","12","0.8571","j","809","<div style=""width:100vw;height:100vh;background-color:black;""></div>","f","html-keyboard-response","291","2.0.0","434022","179182","testolin2020_replication","2025-11-21T22:26:40.168Z","15-16 inch laptop","1280","720","1280","585","1.5","19","Nov 21, 2:30","false"
"numerosity_discrimination","1","56","173","25","18","0.72","j","621","<div style=""width:100vw;height:100vh;background-color:black;""></div>","f","html-keyboard-response","296","2.0.0","437061","179182","testolin2020_replication","2025-11-21T22:26:40.168Z","15-16 inch laptop","1280","720","1280","585","1.5","19","Nov 21, 2:30","false"
"numerosity_discrimination","1","57","63","9","8","0.8889","j","1198","<div style=""width:100vw;height:100vh;background-color:black;""></div>","j","html-keyboard-response","301","2.0.0","440546","179182","testolin2020_replication","2025-11-21T22:26:40.168Z","15-16 inch laptop","1280","720","1280","585","1.5","19","Nov 21, 2:30","true"
"numerosity_discrimination","1","58","159","20","28","0.7143","j","953","<div style=""width:100vw;height:100vh;background-color:black;""></div>","j","html-keyboard-response","306","2.0.0","443915","179182","testolin2020_replication","2025-11-21T22:26:40.168Z","15-16 inch laptop","1280","720","1280","585","1.5","19","Nov 21, 2:30","true"
"numerosity_discrimination","1","59","265","18","28","0.6429","j","758","<div style=""width:100vw;height:100vh;background-color:black;""></div>","j","html-keyboard-response","311","2.0.0","447191","179182","testolin2020_replication","2025-11-21T22:26:40.168Z","15-16 inch laptop","1280","720","1280","585","1.5","19","Nov 21, 2:30","true"
"numerosity_discrimination","1","60","17","12","14","0.8571","j","978","<div style=""width:100vw;height:100vh;background-color:black;""></div>","j","html-keyboard-response","316","2.0.0","450624","179182","testolin2020_replication","2025-11-21T22:26:40.168Z","15-16 inch laptop","1280","720","1280","585","1.5","19","Nov 21, 2:30","true"
"numerosity_discrimination","1","61","140","11","8","0.7273","j","1031","<div style=""width:100vw;height:100vh;background-color:black;""></div>","f","html-keyboard-response","321","2.0.0","454277","179182","testolin2020_replication","2025-11-21T22:26:40.168Z","15-16 inch laptop","1280","720","1280","585","1.5","19","Nov 21, 2:30","false"
"numerosity_discrimination","1","62","208","9","7","0.7778","j","825","<div style=""width:100vw;height:100vh;background-color:black;""></div>","f","html-keyboard-response","326","2.0.0","457496","179182","testolin2020_replication","2025-11-21T22:26:40.168Z","15-16 inch laptop","1280","720","1280","585","1.5","19","Nov 21, 2:30","false"
"numerosity_discrimination","1","63","53","18","22","0.8182","j","846","<div style=""width:100vw;height:100vh;background-color:black;""></div>","j","html-keyboard-response","331","2.0.0","460991","179182","testolin2020_replication","2025-11-21T22:26:40.168Z","15-16 inch laptop","1280","720","1280","585","1.5","19","Nov 21, 2:30","true"
"numerosity_discrimination","1","64","126","9","7","0.7778","j","899","<div style=""width:100vw;height:100vh;background-color:black;""></div>","f","html-keyboard-response","336","2.0.0","464461","179182","testolin2020_replication","2025-11-21T22:26:40.168Z","15-16 inch laptop","1280","720","1280","585","1.5","19","Nov 21, 2:30","false"
"numerosity_discrimination","1","65","88","12","10","0.8333","j","852","<div style=""width:100vw;height:100vh;background-color:black;""></div>","f","html-keyboard-response","341","2.0.0","467565","179182","testolin2020_replication","2025-11-21T22:26:40.168Z","15-16 inch laptop","1280","720","1280","585","1.5","19","Nov 21, 2:30","false"
"numerosity_discrimination","1","66","116","28","25","0.8929","j","1063","<div style=""width:100vw;height:100vh;background-color:black;""></div>","f","html-keyboard-response","346","2.0.0","471141","179182","testolin2020_replication","2025-11-21T22:26:40.168Z","15-16 inch laptop","1280","720","1280","585","1.5","19","Nov 21, 2:30","false"
"numerosity_discrimination","1","67","4","12","14","0.8571","j","958","<div style=""width:100vw;height:100vh;background-color:black;""></div>","j","html-keyboard-response","351","2.0.0","474467","179182","testolin2020_replication","2025-11-21T22:26:40.168Z","15-16 inch laptop","1280","720","1280","585","1.5","19","Nov 21, 2:30","true"
"numerosity_discrimination","1","68","287","25","14","0.56","j","707","<div style=""width:100vw;height:100vh;background-color:black;""></div>","f","html-keyboard-response","356","2.0.0","477561","179182","testolin2020_replication","2025-11-21T22:26:40.168Z","15-16 inch laptop","1280","720","1280","585","1.5","19","Nov 21, 2:30","false"
"numerosity_discrimination","1","69","119","12","10","0.8333","j","721","<div style=""width:100vw;height:100vh;background-color:black;""></div>","f","html-keyboard-response","361","2.0.0","480871","179182","testolin2020_replication","2025-11-21T22:26:40.168Z","15-16 inch laptop","1280","720","1280","585","1.5","19","Nov 21, 2:30","false"
"numerosity_discrimination","1","70","122","8","11","0.7273","j","957","<div style=""width:100vw;height:100vh;background-color:black;""></div>","j","html-keyboard-response","366","2.0.0","484400","179182","testolin2020_replication","2025-11-21T22:26:40.168Z","15-16 inch laptop","1280","720","1280","585","1.5","19","Nov 21, 2:30","true"
"numerosity_discrimination","1","71","194","7","9","0.7778","j","702","<div style=""width:100vw;height:100vh;background-color:black;""></div>","j","html-keyboard-response","371","2.0.0","487394","179182","testolin2020_replication","2025-11-21T22:26:40.168Z","15-16 inch laptop","1280","720","1280","585","1.5","19","Nov 21, 2:30","true"
"numerosity_discrimination","1","72","75","12","14","0.8571","j","791","<div style=""width:100vw;height:100vh;background-color:black;""></div>","j","html-keyboard-response","376","2.0.0","490434","179182","testolin2020_replication","2025-11-21T22:26:40.168Z","15-16 inch laptop","1280","720","1280","585","1.5","19","Nov 21, 2:30","true"
"numerosity_discrimination","1","73","150","16","22","0.7273","j","887","<div style=""width:100vw;height:100vh;background-color:black;""></div>","j","html-keyboard-response","381","2.0.0","493712","179182","testolin2020_replication","2025-11-21T22:26:40.168Z","15-16 inch laptop","1280","720","1280","585","1.5","19","Nov 21, 2:30","true"
"numerosity_discrimination","1","74","70","18","16","0.8889","j","968","<div style=""width:100vw;height:100vh;background-color:black;""></div>","f","html-keyboard-response","386","2.0.0","497301","179182","testolin2020_replication","2025-11-21T22:26:40.168Z","15-16 inch laptop","1280","720","1280","585","1.5","19","Nov 21, 2:30","false"
"numerosity_discrimination","1","75","187","18","14","0.7778","j","875","<div style=""width:100vw;height:100vh;background-color:black;""></div>","f","html-keyboard-response","391","2.0.0","500707","179182","testolin2020_replication","2025-11-21T22:26:40.168Z","15-16 inch laptop","1280","720","1280","585","1.5","19","Nov 21, 2:30","false"
"numerosity_discrimination","1","76","275","14","7","0.5","j","814","<div style=""width:100vw;height:100vh;background-color:black;""></div>","f","html-keyboard-response","396","2.0.0","503955","179182","testolin2020_replication","2025-11-21T22:26:40.168Z","15-16 inch laptop","1280","720","1280","585","1.5","19","Nov 21, 2:30","false"
"numerosity_discrimination","1","77","192","22","28","0.7857","j","897","<div style=""width:100vw;height:100vh;background-color:black;""></div>","j","html-keyboard-response","401","2.0.0","507154","179182","testolin2020_replication","2025-11-21T22:26:40.168Z","15-16 inch laptop","1280","720","1280","585","1.5","19","Nov 21, 2:30","true"
"numerosity_discrimination","1","78","225","14","22","0.6364","j","577","<div style=""width:100vw;height:100vh;background-color:black;""></div>","j","html-keyboard-response","406","2.0.0","510109","179182","testolin2020_replication","2025-11-21T22:26:40.168Z","15-16 inch laptop","1280","720","1280","585","1.5","19","Nov 21, 2:30","true"
"numerosity_discrimination","1","79","59","14","12","0.8571","j","742","<div style=""width:100vw;height:100vh;background-color:black;""></div>","f","html-keyboard-response","411","2.0.0","513474","179182","testolin2020_replication","2025-11-21T22:26:40.168Z","15-16 inch laptop","1280","720","1280","585","1.5","19","Nov 21, 2:30","false"
"numerosity_discrimination","1","80","239","22","14","0.6364","j","679","<div style=""width:100vw;height:100vh;background-color:black;""></div>","f","html-keyboard-response","416","2.0.0","516754","179182","testolin2020_replication","2025-11-21T22:26:40.168Z","15-16 inch laptop","1280","720","1280","585","1.5","19","Nov 21, 2:30","false"
"numerosity_discrimination","1","81","226","14","9","0.6429","j","763","<div style=""width:100vw;height:100vh;background-color:black;""></div>","f","html-keyboard-response","421","2.0.0","519894","179182","testolin2020_replication","2025-11-21T22:26:40.168Z","15-16 inch laptop","1280","720","1280","585","1.5","19","Nov 21, 2:30","false"
"numerosity_discrimination","1","82","259","18","11","0.6111","j","468","<div style=""width:100vw;height:100vh;background-color:black;""></div>","f","html-keyboard-response","426","2.0.0","522959","179182","testolin2020_replication","2025-11-21T22:26:40.168Z","15-16 inch laptop","1280","720","1280","585","1.5","19","Nov 21, 2:30","false"
"numerosity_discrimination","1","83","184","18","14","0.7778","j","1150","<div style=""width:100vw;height:100vh;background-color:black;""></div>","f","html-keyboard-response","431","2.0.0","526655","179182","testolin2020_replication","2025-11-21T22:26:40.168Z","15-16 inch laptop","1280","720","1280","585","1.5","19","Nov 21, 2:30","false"
"numerosity_discrimination","1","84","100","28","25","0.8929","j","1020","<div style=""width:100vw;height:100vh;background-color:black;""></div>","f","html-keyboard-response","436","2.0.0","530127","179182","testolin2020_replication","2025-11-21T22:26:40.168Z","15-16 inch laptop","1280","720","1280","585","1.5","19","Nov 21, 2:30","false"
"numerosity_discrimination","1","85","38","14","16","0.875","j","937","<div style=""width:100vw;height:100vh;background-color:black;""></div>","j","html-keyboard-response","441","2.0.0","533709","179182","testolin2020_replication","2025-11-21T22:26:40.168Z","15-16 inch laptop","1280","720","1280","585","1.5","19","Nov 21, 2:30","true"
"numerosity_discrimination","1","86","109","12","14","0.8571","j","1844","<div style=""width:100vw;height:100vh;background-color:black;""></div>","j","html-keyboard-response","446","2.0.0","538063","179182","testolin2020_replication","2025-11-21T22:26:40.168Z","15-16 inch laptop","1280","720","1280","585","1.5","19","Nov 21, 2:30","true"
"numerosity_discrimination","1","87","231","25","16","0.64","j","857","<div style=""width:100vw;height:100vh;background-color:black;""></div>","f","html-keyboard-response","451","2.0.0","541579","179182","testolin2020_replication","2025-11-21T22:26:40.168Z","15-16 inch laptop","1280","720","1280","585","1.5","19","Nov 21, 2:30","false"
"numerosity_discrimination","1","88","282","8","14","0.5714","j","908","<div style=""width:100vw;height:100vh;background-color:black;""></div>","j","html-keyboard-response","456","2.0.0","544866","179182","testolin2020_replication","2025-11-21T22:26:40.168Z","15-16 inch laptop","1280","720","1280","585","1.5","19","Nov 21, 2:30","true"
"numerosity_discrimination","1","89","37","20","16","0.8","j","428","<div style=""width:100vw;height:100vh;background-color:black;""></div>","f","html-keyboard-response","461","2.0.0","547892","179182","testolin2020_replication","2025-11-21T22:26:40.168Z","15-16 inch laptop","1280","720","1280","585","1.5","19","Nov 21, 2:30","false"
"numerosity_discrimination","1","90","41","16","20","0.8","j","835","<div style=""width:100vw;height:100vh;background-color:black;""></div>","j","html-keyboard-response","466","2.0.0","551359","179182","testolin2020_replication","2025-11-21T22:26:40.168Z","15-16 inch laptop","1280","720","1280","585","1.5","19","Nov 21, 2:30","true"
"numerosity_discrimination","1","91","11","8","10","0.8","j","1091","<div style=""width:100vw;height:100vh;background-color:black;""></div>","j","html-keyboard-response","471","2.0.0","554680","179182","testolin2020_replication","2025-11-21T22:26:40.168Z","15-16 inch laptop","1280","720","1280","585","1.5","19","Nov 21, 2:30","true"
"numerosity_discrimination","1","92","163","18","14","0.7778","j","789","<div style=""width:100vw;height:100vh;background-color:black;""></div>","f","html-keyboard-response","476","2.0.0","557970","179182","testolin2020_replication","2025-11-21T22:26:40.168Z","15-16 inch laptop","1280","720","1280","585","1.5","19","Nov 21, 2:30","false"
"numerosity_discrimination","1","93","243","18","12","0.6667","j","717","<div style=""width:100vw;height:100vh;background-color:black;""></div>","f","html-keyboard-response","481","2.0.0","561184","179182","testolin2020_replication","2025-11-21T22:26:40.168Z","15-16 inch laptop","1280","720","1280","585","1.5","19","Nov 21, 2:30","false"
"numerosity_discrimination","1","94","290","12","22","0.5455","j","754","<div style=""width:100vw;height:100vh;background-color:black;""></div>","j","html-keyboard-response","486","2.0.0","564192","179182","testolin2020_replication","2025-11-21T22:26:40.168Z","15-16 inch laptop","1280","720","1280","585","1.5","19","Nov 21, 2:30","true"
"numerosity_discrimination","1","95","281","12","7","0.5833","j","652","<div style=""width:100vw;height:100vh;background-color:black;""></div>","f","html-keyboard-response","491","2.0.0","567323","179182","testolin2020_replication","2025-11-21T22:26:40.168Z","15-16 inch laptop","1280","720","1280","585","1.5","19","Nov 21, 2:30","false"
"numerosity_discrimination","1","96","134","16","12","0.75","j","851","<div style=""width:100vw;height:100vh;background-color:black;""></div>","f","html-keyboard-response","496","2.0.0","570790","179182","testolin2020_replication","2025-11-21T22:26:40.168Z","15-16 inch laptop","1280","720","1280","585","1.5","19","Nov 21, 2:30","false"
"numerosity_discrimination","1","97","123","12","16","0.75","j","1178","<div style=""width:100vw;height:100vh;background-color:black;""></div>","j","html-keyboard-response","501","2.0.0","574218","179182","testolin2020_replication","2025-11-21T22:26:40.168Z","15-16 inch laptop","1280","720","1280","585","1.5","19","Nov 21, 2:30","true"
"numerosity_discrimination","1","98","274","18","9","0.5","j","709","<div style=""width:100vw;height:100vh;background-color:black;""></div>","f","html-keyboard-response","506","2.0.0","577238","179182","testolin2020_replication","2025-11-21T22:26:40.168Z","15-16 inch laptop","1280","720","1280","585","1.5","19","Nov 21, 2:30","false"
"numerosity_discrimination","1","99","112","28","25","0.8929","j","953","<div style=""width:100vw;height:100vh;background-color:black;""></div>","j","html-keyboard-response","511","2.0.0","580783","179182","testolin2020_replication","2025-11-21T22:26:40.168Z","15-16 inch laptop","1280","720","1280","585","1.5","19","Nov 21, 2:30","true"
"numerosity_discrimination","1","100","295","20","10","0.5","j","860","<div style=""width:100vw;height:100vh;background-color:black;""></div>","f","html-keyboard-response","516","2.0.0","584183","179182","testolin2020_replication","2025-11-21T22:26:40.168Z","15-16 inch laptop","1280","720","1280","585","1.5","19","Nov 21, 2:30","false"
"numerosity_discrimination","2","101","46","18","22","0.8182","j","980","<div style=""width:100vw;height:100vh;background-color:black;""></div>","j","html-keyboard-response","523","2.0.0","607152","179182","testolin2020_replication","2025-11-21T22:26:40.168Z","15-16 inch laptop","1280","720","1280","585","1.5","19","Nov 21, 2:30","true"
"numerosity_discrimination","2","102","77","7","8","0.875","j","1482","<div style=""width:100vw;height:100vh;background-color:black;""></div>","f","html-keyboard-response","528","2.0.0","610910","179182","testolin2020_replication","2025-11-21T22:26:40.168Z","15-16 inch laptop","1280","720","1280","585","1.5","19","Nov 21, 2:30","false"
"numerosity_discrimination","2","103","68","11","9","0.8182","j","1061","<div style=""width:100vw;height:100vh;background-color:black;""></div>","f","html-keyboard-response","533","2.0.0","614287","179182","testolin2020_replication","2025-11-21T22:26:40.168Z","15-16 inch laptop","1280","720","1280","585","1.5","19","Nov 21, 2:30","false"
"numerosity_discrimination","2","104","178","14","11","0.7857","j","1139","<div style=""width:100vw;height:100vh;background-color:black;""></div>","f","html-keyboard-response","538","2.0.0","618048","179182","testolin2020_replication","2025-11-21T22:26:40.168Z","15-16 inch laptop","1280","720","1280","585","1.5","19","Nov 21, 2:30","false"
"numerosity_discrimination","2","105","30","11","9","0.8182","j","1277","<div style=""width:100vw;height:100vh;background-color:black;""></div>","f","html-keyboard-response","543","2.0.0","621722","179182","testolin2020_replication","2025-11-21T22:26:40.168Z","15-16 inch laptop","1280","720","1280","585","1.5","19","Nov 21, 2:30","false"
"numerosity_discrimination","2","106","86","22","25","0.88","j","961","<div style=""width:100vw;height:100vh;background-color:black;""></div>","j","html-keyboard-response","548","2.0.0","625249","179182","testolin2020_replication","2025-11-21T22:26:40.168Z","15-16 inch laptop","1280","720","1280","585","1.5","19","Nov 21, 2:30","true"
"numerosity_discrimination","2","107","244","8","12","0.6667","j","1026","<div style=""width:100vw;height:100vh;background-color:black;""></div>","j","html-keyboard-response","553","2.0.0","628812","179182","testolin2020_replication","2025-11-21T22:26:40.168Z","15-16 inch laptop","1280","720","1280","585","1.5","19","Nov 21, 2:30","true"
"numerosity_discrimination","2","108","195","16","12","0.75","j","1061","<div style=""width:100vw;height:100vh;background-color:black;""></div>","f","html-keyboard-response","558","2.0.0","632123","179182","testolin2020_replication","2025-11-21T22:26:40.168Z","15-16 inch laptop","1280","720","1280","585","1.5","19","Nov 21, 2:30","false"
"numerosity_discrimination","2","109","78","11","9","0.8182","j","1611","<div style=""width:100vw;height:100vh;background-color:black;""></div>","j","html-keyboard-response","563","2.0.0","636287","179182","testolin2020_replication","2025-11-21T22:26:40.168Z","15-16 inch laptop","1280","720","1280","585","1.5","19","Nov 21, 2:30","true"
"numerosity_discrimination","2","110","6","16","18","0.8889","j","1771","<div style=""width:100vw;height:100vh;background-color:black;""></div>","j","html-keyboard-response","568","2.0.0","640689","179182","testolin2020_replication","2025-11-21T22:26:40.168Z","15-16 inch laptop","1280","720","1280","585","1.5","19","Nov 21, 2:30","true"
"numerosity_discrimination","2","111","185","20","28","0.7143","j","1041","<div style=""width:100vw;height:100vh;background-color:black;""></div>","j","html-keyboard-response","573","2.0.0","644193","179182","testolin2020_replication","2025-11-21T22:26:40.168Z","15-16 inch laptop","1280","720","1280","585","1.5","19","Nov 21, 2:30","true"
"numerosity_discrimination","2","112","148","25","18","0.72","j","1124","<div style=""width:100vw;height:100vh;background-color:black;""></div>","f","html-keyboard-response","578","2.0.0","647592","179182","testolin2020_replication","2025-11-21T22:26:40.168Z","15-16 inch laptop","1280","720","1280","585","1.5","19","Nov 21, 2:30","false"
"numerosity_discrimination","2","113","157","7","10","0.7","j","670","<div style=""width:100vw;height:100vh;background-color:black;""></div>","j","html-keyboard-response","583","2.0.0","650905","179182","testolin2020_replication","2025-11-21T22:26:40.168Z","15-16 inch laptop","1280","720","1280","585","1.5","19","Nov 21, 2:30","true"
"numerosity_discrimination","2","114","141","20","14","0.7","j","892","<div style=""width:100vw;height:100vh;background-color:black;""></div>","f","html-keyboard-response","588","2.0.0","654196","179182","testolin2020_replication","2025-11-21T22:26:40.168Z","15-16 inch laptop","1280","720","1280","585","1.5","19","Nov 21, 2:30","false"
"numerosity_discrimination","2","115","253","22","14","0.6364","j","517","<div style=""width:100vw;height:100vh;background-color:black;""></div>","f","html-keyboard-response","593","2.0.0","657021","179182","testolin2020_replication","2025-11-21T22:26:40.168Z","15-16 inch laptop","1280","720","1280","585","1.5","19","Nov 21, 2:30","false"
"numerosity_discrimination","2","116","214","20","12","0.6","j","1196","<div style=""width:100vw;height:100vh;background-color:black;""></div>","f","html-keyboard-response","598","2.0.0","660747","179182","testolin2020_replication","2025-11-21T22:26:40.168Z","15-16 inch laptop","1280","720","1280","585","1.5","19","Nov 21, 2:30","false"
"numerosity_discrimination","2","117","102","8","7","0.875","j","698","<div style=""width:100vw;height:100vh;background-color:black;""></div>","f","html-keyboard-response","603","2.0.0","664048","179182","testolin2020_replication","2025-11-21T22:26:40.168Z","15-16 inch laptop","1280","720","1280","585","1.5","19","Nov 21, 2:30","false"
"numerosity_discrimination","2","118","96","12","10","0.8333","j","714","<div style=""width:100vw;height:100vh;background-color:black;""></div>","f","html-keyboard-response","608","2.0.0","667465","179182","testolin2020_replication","2025-11-21T22:26:40.168Z","15-16 inch laptop","1280","720","1280","585","1.5","19","Nov 21, 2:30","false"
"numerosity_discrimination","2","119","220","28","18","0.6429","j","1177","<div style=""width:100vw;height:100vh;background-color:black;""></div>","j","html-keyboard-response","613","2.0.0","670861","179182","testolin2020_replication","2025-11-21T22:26:40.168Z","15-16 inch laptop","1280","720","1280","585","1.5","19","Nov 21, 2:30","true"
"numerosity_discrimination","2","120","142","11","14","0.7857","j","933","<div style=""width:100vw;height:100vh;background-color:black;""></div>","j","html-keyboard-response","618","2.0.0","674307","179182","testolin2020_replication","2025-11-21T22:26:40.168Z","15-16 inch laptop","1280","720","1280","585","1.5","19","Nov 21, 2:30","true"
"numerosity_discrimination","2","121","183","14","20","0.7","j","865","<div style=""width:100vw;height:100vh;background-color:black;""></div>","j","html-keyboard-response","623","2.0.0","677356","179182","testolin2020_replication","2025-11-21T22:26:40.168Z","15-16 inch laptop","1280","720","1280","585","1.5","19","Nov 21, 2:30","true"
"numerosity_discrimination","2","122","291","11","20","0.55","j","918","<div style=""width:100vw;height:100vh;background-color:black;""></div>","j","html-keyboard-response","628","2.0.0","680651","179182","testolin2020_replication","2025-11-21T22:26:40.168Z","15-16 inch laptop","1280","720","1280","585","1.5","19","Nov 21, 2:30","true"
"numerosity_discrimination","2","123","248","22","14","0.6364","j","1071","<div style=""width:100vw;height:100vh;background-color:black;""></div>","f","html-keyboard-response","633","2.0.0","683970","179182","testolin2020_replication","2025-11-21T22:26:40.168Z","15-16 inch laptop","1280","720","1280","585","1.5","19","Nov 21, 2:30","false"
"numerosity_discrimination","2","124","230","10","16","0.625","j","808","<div style=""width:100vw;height:100vh;background-color:black;""></div>","j","html-keyboard-response","638","2.0.0","687235","179182","testolin2020_replication","2025-11-21T22:26:40.168Z","15-16 inch laptop","1280","720","1280","585","1.5","19","Nov 21, 2:30","true"
"numerosity_discrimination","2","125","283","20","11","0.55","j","892","<div style=""width:100vw;height:100vh;background-color:black;""></div>","f","html-keyboard-response","643","2.0.0","690776","179182","testolin2020_replication","2025-11-21T22:26:40.168Z","15-16 inch laptop","1280","720","1280","585","1.5","19","Nov 21, 2:30","false"
"numerosity_discrimination","2","126","14","8","7","0.875","j","988","<div style=""width:100vw;height:100vh;background-color:black;""></div>","f","html-keyboard-response","648","2.0.0","694452","179182","testolin2020_replication","2025-11-21T22:26:40.168Z","15-16 inch laptop","1280","720","1280","585","1.5","19","Nov 21, 2:30","false"
"numerosity_discrimination","2","127","297","18","10","0.5556","j","925","<div style=""width:100vw;height:100vh;background-color:black;""></div>","f","html-keyboard-response","653","2.0.0","697717","179182","testolin2020_replication","2025-11-21T22:26:40.168Z","15-16 inch laptop","1280","720","1280","585","1.5","19","Nov 21, 2:30","false"
"numerosity_discrimination","2","128","250","18","12","0.6667","j","1403","<div style=""width:100vw;height:100vh;background-color:black;""></div>","f","html-keyboard-response","658","2.0.0","701478","179182","testolin2020_replication","2025-11-21T22:26:40.168Z","15-16 inch laptop","1280","720","1280","585","1.5","19","Nov 21, 2:30","false"
"numerosity_discrimination","2","129","79","16","18","0.8889","j","1116","<div style=""width:100vw;height:100vh;background-color:black;""></div>","j","html-keyboard-response","663","2.0.0","705248","179182","testolin2020_replication","2025-11-21T22:26:40.168Z","15-16 inch laptop","1280","720","1280","585","1.5","19","Nov 21, 2:30","true"
"numerosity_discrimination","2","130","171","12","9","0.75","j","928","<div style=""width:100vw;height:100vh;background-color:black;""></div>","f","html-keyboard-response","668","2.0.0","708828","179182","testolin2020_replication","2025-11-21T22:26:40.168Z","15-16 inch laptop","1280","720","1280","585","1.5","19","Nov 21, 2:30","false"
"numerosity_discrimination","2","131","8","16","14","0.875","j","1416","<div style=""width:100vw;height:100vh;background-color:black;""></div>","f","html-keyboard-response","673","2.0.0","712523","179182","testolin2020_replication","2025-11-21T22:26:40.168Z","15-16 inch laptop","1280","720","1280","585","1.5","19","Nov 21, 2:30","false"
"numerosity_discrimination","2","132","107","16","18","0.8889","j","1136","<div style=""width:100vw;height:100vh;background-color:black;""></div>","j","html-keyboard-response","678","2.0.0","716218","179182","testolin2020_replication","2025-11-21T22:26:40.168Z","15-16 inch laptop","1280","720","1280","585","1.5","19","Nov 21, 2:30","true"
"numerosity_discrimination","2","133","99","22","18","0.8182","j","1624","<div style=""width:100vw;height:100vh;background-color:black;""></div>","j","html-keyboard-response","683","2.0.0","720325","179182","testolin2020_replication","2025-11-21T22:26:40.168Z","15-16 inch laptop","1280","720","1280","585","1.5","19","Nov 21, 2:30","true"
"numerosity_discrimination","2","134","224","9","14","0.6429","j","971","<div style=""width:100vw;height:100vh;background-color:black;""></div>","j","html-keyboard-response","688","2.0.0","723695","179182","testolin2020_replication","2025-11-21T22:26:40.168Z","15-16 inch laptop","1280","720","1280","585","1.5","19","Nov 21, 2:30","true"
"numerosity_discrimination","2","135","151","9","7","0.7778","j","512","<div style=""width:100vw;height:100vh;background-color:black;""></div>","f","html-keyboard-response","693","2.0.0","726595","179182","testolin2020_replication","2025-11-21T22:26:40.168Z","15-16 inch laptop","1280","720","1280","585","1.5","19","Nov 21, 2:30","false"
"numerosity_discrimination","2","136","133","10","14","0.7143","j","780","<div style=""width:100vw;height:100vh;background-color:black;""></div>","j","html-keyboard-response","698","2.0.0","730060","179182","testolin2020_replication","2025-11-21T22:26:40.168Z","15-16 inch laptop","1280","720","1280","585","1.5","19","Nov 21, 2:30","true"
"numerosity_discrimination","2","137","258","14","22","0.6364","j","765","<div style=""width:100vw;height:100vh;background-color:black;""></div>","j","html-keyboard-response","703","2.0.0","733400","179182","testolin2020_replication","2025-11-21T22:26:40.168Z","15-16 inch laptop","1280","720","1280","585","1.5","19","Nov 21, 2:30","true"
"numerosity_discrimination","2","138","82","16","14","0.875","j","756","<div style=""width:100vw;height:100vh;background-color:black;""></div>","f","html-keyboard-response","708","2.0.0","736670","179182","testolin2020_replication","2025-11-21T22:26:40.168Z","15-16 inch laptop","1280","720","1280","585","1.5","19","Nov 21, 2:30","false"
"numerosity_discrimination","2","139","146","10","14","0.7143","j","851","<div style=""width:100vw;height:100vh;background-color:black;""></div>","j","html-keyboard-response","713","2.0.0","739929","179182","testolin2020_replication","2025-11-21T22:26:40.168Z","15-16 inch laptop","1280","720","1280","585","1.5","19","Nov 21, 2:30","true"
"numerosity_discrimination","2","140","215","16","11","0.6875","j","742","<div style=""width:100vw;height:100vh;background-color:black;""></div>","f","html-keyboard-response","718","2.0.0","743082","179182","testolin2020_replication","2025-11-21T22:26:40.168Z","15-16 inch laptop","1280","720","1280","585","1.5","19","Nov 21, 2:30","false"
"numerosity_discrimination","2","141","209","9","7","0.7778","j","606","<div style=""width:100vw;height:100vh;background-color:black;""></div>","f","html-keyboard-response","723","2.0.0","746138","179182","testolin2020_replication","2025-11-21T22:26:40.168Z","15-16 inch laptop","1280","720","1280","585","1.5","19","Nov 21, 2:30","false"
"numerosity_discrimination","2","142","156","12","16","0.75","j","887","<div style=""width:100vw;height:100vh;background-color:black;""></div>","j","html-keyboard-response","728","2.0.0","749399","179182","testolin2020_replication","2025-11-21T22:26:40.168Z","15-16 inch laptop","1280","720","1280","585","1.5","19","Nov 21, 2:30","true"
"numerosity_discrimination","2","143","181","10","14","0.7143","j","939","<div style=""width:100vw;height:100vh;background-color:black;""></div>","j","html-keyboard-response","733","2.0.0","752712","179182","testolin2020_replication","2025-11-21T22:26:40.168Z","15-16 inch laptop","1280","720","1280","585","1.5","19","Nov 21, 2:30","true"
"numerosity_discrimination","2","144","270","14","22","0.6364","j","929","<div style=""width:100vw;height:100vh;background-color:black;""></div>","j","html-keyboard-response","738","2.0.0","756308","179182","testolin2020_replication","2025-11-21T22:26:40.168Z","15-16 inch laptop","1280","720","1280","585","1.5","19","Nov 21, 2:30","true"
"numerosity_discrimination","2","145","293","7","12","0.5833","j","595","<div style=""width:100vw;height:100vh;background-color:black;""></div>","j","html-keyboard-response","743","2.0.0","759293","179182","testolin2020_replication","2025-11-21T22:26:40.168Z","15-16 inch laptop","1280","720","1280","585","1.5","19","Nov 21, 2:30","true"
"numerosity_discrimination","2","146","154","11","14","0.7857","j","883","<div style=""width:100vw;height:100vh;background-color:black;""></div>","j","html-keyboard-response","748","2.0.0","762429","179182","testolin2020_replication","2025-11-21T22:26:40.168Z","15-16 inch laptop","1280","720","1280","585","1.5","19","Nov 21, 2:30","true"
"numerosity_discrimination","2","147","137","10","7","0.7","j","899","<div style=""width:100vw;height:100vh;background-color:black;""></div>","f","html-keyboard-response","753","2.0.0","765843","179182","testolin2020_replication","2025-11-21T22:26:40.168Z","15-16 inch laptop","1280","720","1280","585","1.5","19","Nov 21, 2:30","false"
"numerosity_discrimination","2","148","95","9","8","0.8889","j","1281","<div style=""width:100vw;height:100vh;background-color:black;""></div>","j","html-keyboard-response","758","2.0.0","769661","179182","testolin2020_replication","2025-11-21T22:26:40.168Z","15-16 inch laptop","1280","720","1280","585","1.5","19","Nov 21, 2:30","true"
"numerosity_discrimination","2","149","240","20","12","0.6","j","1031","<div style=""width:100vw;height:100vh;background-color:black;""></div>","f","html-keyboard-response","763","2.0.0","773118","179182","testolin2020_replication","2025-11-21T22:26:40.168Z","15-16 inch laptop","1280","720","1280","585","1.5","19","Nov 21, 2:30","false"
"numerosity_discrimination","2","150","191","28","20","0.7143","j","1150","<div style=""width:100vw;height:100vh;background-color:black;""></div>","f","html-keyboard-response","768","2.0.0","776863","179182","testolin2020_replication","2025-11-21T22:26:40.168Z","15-16 inch laptop","1280","720","1280","585","1.5","19","Nov 21, 2:30","false"
"numerosity_discrimination","2","151","162","16","22","0.7273","j","845","<div style=""width:100vw;height:100vh;background-color:black;""></div>","j","html-keyboard-response","773","2.0.0","779963","179182","testolin2020_replication","2025-11-21T22:26:40.168Z","15-16 inch laptop","1280","720","1280","585","1.5","19","Nov 21, 2:30","true"
"numerosity_discrimination","2","152","64","9","11","0.8182","j","1012","<div style=""width:100vw;height:100vh;background-color:black;""></div>","j","html-keyboard-response","778","2.0.0","783218","179182","testolin2020_replication","2025-11-21T22:26:40.168Z","15-16 inch laptop","1280","720","1280","585","1.5","19","Nov 21, 2:30","true"
"numerosity_discrimination","2","153","58","18","22","0.8182","j","1044","<div style=""width:100vw;height:100vh;background-color:black;""></div>","j","html-keyboard-response","783","2.0.0","786773","179182","testolin2020_replication","2025-11-21T22:26:40.168Z","15-16 inch laptop","1280","720","1280","585","1.5","19","Nov 21, 2:30","true"
"numerosity_discrimination","2","154","66","9","11","0.8182","j","1178","<div style=""width:100vw;height:100vh;background-color:black;""></div>","j","html-keyboard-response","788","2.0.0","790434","179182","testolin2020_replication","2025-11-21T22:26:40.168Z","15-16 inch laptop","1280","720","1280","585","1.5","19","Nov 21, 2:30","true"
"numerosity_discrimination","2","155","266","7","11","0.6364","j","864","<div style=""width:100vw;height:100vh;background-color:black;""></div>","j","html-keyboard-response","793","2.0.0","793802","179182","testolin2020_replication","2025-11-21T22:26:40.168Z","15-16 inch laptop","1280","720","1280","585","1.5","19","Nov 21, 2:30","true"
"numerosity_discrimination","2","156","90","7","8","0.875","j","915","<div style=""width:100vw;height:100vh;background-color:black;""></div>","j","html-keyboard-response","798","2.0.0","797138","179182","testolin2020_replication","2025-11-21T22:26:40.168Z","15-16 inch laptop","1280","720","1280","585","1.5","19","Nov 21, 2:30","true"
"numerosity_discrimination","2","157","74","12","10","0.8333","j","880","<div style=""width:100vw;height:100vh;background-color:black;""></div>","f","html-keyboard-response","803","2.0.0","800443","179182","testolin2020_replication","2025-11-21T22:26:40.168Z","15-16 inch laptop","1280","720","1280","585","1.5","19","Nov 21, 2:30","false"
"numerosity_discrimination","2","158","288","18","10","0.5556","j","1013","<div style=""width:100vw;height:100vh;background-color:black;""></div>","f","html-keyboard-response","808","2.0.0","803941","179182","testolin2020_replication","2025-11-21T22:26:40.168Z","15-16 inch laptop","1280","720","1280","585","1.5","19","Nov 21, 2:30","false"
"numerosity_discrimination","2","159","85","7","8","0.875","j","962","<div style=""width:100vw;height:100vh;background-color:black;""></div>","j","html-keyboard-response","813","2.0.0","807257","179182","testolin2020_replication","2025-11-21T22:26:40.168Z","15-16 inch laptop","1280","720","1280","585","1.5","19","Nov 21, 2:30","true"
"numerosity_discrimination","2","160","87","14","16","0.875","j","767","<div style=""width:100vw;height:100vh;background-color:black;""></div>","j","html-keyboard-response","818","2.0.0","810543","179182","testolin2020_replication","2025-11-21T22:26:40.168Z","15-16 inch laptop","1280","720","1280","585","1.5","19","Nov 21, 2:30","true"
"numerosity_discrimination","2","161","205","14","11","0.7857","j","518","<div style=""width:100vw;height:100vh;background-color:black;""></div>","f","html-keyboard-response","823","2.0.0","813302","179182","testolin2020_replication","2025-11-21T22:26:40.168Z","15-16 inch laptop","1280","720","1280","585","1.5","19","Nov 21, 2:30","false"
"numerosity_discrimination","2","162","83","7","8","0.875","j","608","<div style=""width:100vw;height:100vh;background-color:black;""></div>","j","html-keyboard-response","828","2.0.0","816274","179182","testolin2020_replication","2025-11-21T22:26:40.168Z","15-16 inch laptop","1280","720","1280","585","1.5","19","Nov 21, 2:30","true"
"numerosity_discrimination","2","163","292","8","14","0.5714","j","604","<div style=""width:100vw;height:100vh;background-color:black;""></div>","j","html-keyboard-response","833","2.0.0","819171","179182","testolin2020_replication","2025-11-21T22:26:40.168Z","15-16 inch laptop","1280","720","1280","585","1.5","19","Nov 21, 2:30","true"
"numerosity_discrimination","2","164","24","12","10","0.8333","j","651","<div style=""width:100vw;height:100vh;background-color:black;""></div>","f","html-keyboard-response","838","2.0.0","822310","179182","testolin2020_replication","2025-11-21T22:26:40.168Z","15-16 inch laptop","1280","720","1280","585","1.5","19","Nov 21, 2:30","false"
"numerosity_discrimination","2","165","114","20","16","0.8","j","765","<div style=""width:100vw;height:100vh;background-color:black;""></div>","f","html-keyboard-response","843","2.0.0","825261","179182","testolin2020_replication","2025-11-21T22:26:40.168Z","15-16 inch laptop","1280","720","1280","585","1.5","19","Nov 21, 2:30","false"
"numerosity_discrimination","2","166","20","7","8","0.875","j","1722","<div style=""width:100vw;height:100vh;background-color:black;""></div>","j","html-keyboard-response","848","2.0.0","829201","179182","testolin2020_replication","2025-11-21T22:26:40.168Z","15-16 inch laptop","1280","720","1280","585","1.5","19","Nov 21, 2:30","true"
"numerosity_discrimination","2","167","36","9","11","0.8182","j","1120","<div style=""width:100vw;height:100vh;background-color:black;""></div>","j","html-keyboard-response","853","2.0.0","832937","179182","testolin2020_replication","2025-11-21T22:26:40.168Z","15-16 inch laptop","1280","720","1280","585","1.5","19","Nov 21, 2:30","true"
"numerosity_discrimination","2","168","131","11","14","0.7857","j","994","<div style=""width:100vw;height:100vh;background-color:black;""></div>","j","html-keyboard-response","858","2.0.0","836245","179182","testolin2020_replication","2025-11-21T22:26:40.168Z","15-16 inch laptop","1280","720","1280","585","1.5","19","Nov 21, 2:30","true"
"numerosity_discrimination","2","169","190","18","14","0.7778","j","1043","<div style=""width:100vw;height:100vh;background-color:black;""></div>","f","html-keyboard-response","863","2.0.0","839942","179182","testolin2020_replication","2025-11-21T22:26:40.168Z","15-16 inch laptop","1280","720","1280","585","1.5","19","Nov 21, 2:30","false"
"numerosity_discrimination","2","170","129","12","9","0.75","j","758","<div style=""width:100vw;height:100vh;background-color:black;""></div>","f","html-keyboard-response","868","2.0.0","842930","179182","testolin2020_replication","2025-11-21T22:26:40.168Z","15-16 inch laptop","1280","720","1280","585","1.5","19","Nov 21, 2:30","false"
"numerosity_discrimination","2","171","12","20","16","0.8","j","870","<div style=""width:100vw;height:100vh;background-color:black;""></div>","f","html-keyboard-response","873","2.0.0","846180","179182","testolin2020_replication","2025-11-21T22:26:40.168Z","15-16 inch laptop","1280","720","1280","585","1.5","19","Nov 21, 2:30","false"
"numerosity_discrimination","2","172","42","22","25","0.88","j","1011","<div style=""width:100vw;height:100vh;background-color:black;""></div>","j","html-keyboard-response","878","2.0.0","849651","179182","testolin2020_replication","2025-11-21T22:26:40.168Z","15-16 inch laptop","1280","720","1280","585","1.5","19","Nov 21, 2:30","true"
"numerosity_discrimination","2","173","127","14","10","0.7143","j","1148","<div style=""width:100vw;height:100vh;background-color:black;""></div>","f","html-keyboard-response","883","2.0.0","852992","179182","testolin2020_replication","2025-11-21T22:26:40.168Z","15-16 inch laptop","1280","720","1280","585","1.5","19","Nov 21, 2:30","false"
"numerosity_discrimination","2","174","13","7","8","0.875","j","677","<div style=""width:100vw;height:100vh;background-color:black;""></div>","j","html-keyboard-response","888","2.0.0","855986","179182","testolin2020_replication","2025-11-21T22:26:40.168Z","15-16 inch laptop","1280","720","1280","585","1.5","19","Nov 21, 2:30","true"
"numerosity_discrimination","2","175","196","12","16","0.75","j","825","<div style=""width:100vw;height:100vh;background-color:black;""></div>","j","html-keyboard-response","893","2.0.0","859066","179182","testolin2020_replication","2025-11-21T22:26:40.168Z","15-16 inch laptop","1280","720","1280","585","1.5","19","Nov 21, 2:30","true"
"numerosity_discrimination","2","176","210","14","11","0.7857","j","735","<div style=""width:100vw;height:100vh;background-color:black;""></div>","f","html-keyboard-response","898","2.0.0","862394","179182","testolin2020_replication","2025-11-21T22:26:40.168Z","15-16 inch laptop","1280","720","1280","585","1.5","19","Nov 21, 2:30","false"
"numerosity_discrimination","2","177","65","12","14","0.8571","j","633","<div style=""width:100vw;height:100vh;background-color:black;""></div>","j","html-keyboard-response","903","2.0.0","865325","179182","testolin2020_replication","2025-11-21T22:26:40.168Z","15-16 inch laptop","1280","720","1280","585","1.5","19","Nov 21, 2:30","true"
"numerosity_discrimination","2","178","121","12","16","0.75","j","660","<div style=""width:100vw;height:100vh;background-color:black;""></div>","j","html-keyboard-response","908","2.0.0","868185","179182","testolin2020_replication","2025-11-21T22:26:40.168Z","15-16 inch laptop","1280","720","1280","585","1.5","19","Nov 21, 2:30","true"
"numerosity_discrimination","2","179","76","8","7","0.875","j","759","<div style=""width:100vw;height:100vh;background-color:black;""></div>","f","html-keyboard-response","913","2.0.0","871299","179182","testolin2020_replication","2025-11-21T22:26:40.168Z","15-16 inch laptop","1280","720","1280","585","1.5","19","Nov 21, 2:30","false"
"numerosity_discrimination","2","180","174","22","16","0.7273","j","837","<div style=""width:100vw;height:100vh;background-color:black;""></div>","f","html-keyboard-response","918","2.0.0","874639","179182","testolin2020_replication","2025-11-21T22:26:40.168Z","15-16 inch laptop","1280","720","1280","585","1.5","19","Nov 21, 2:30","false"
"numerosity_discrimination","2","181","273","18","9","0.5","j","840","<div style=""width:100vw;height:100vh;background-color:black;""></div>","f","html-keyboard-response","923","2.0.0","877865","179182","testolin2020_replication","2025-11-21T22:26:40.168Z","15-16 inch laptop","1280","720","1280","585","1.5","19","Nov 21, 2:30","false"
"numerosity_discrimination","2","182","176","10","14","0.7143","j","848","<div style=""width:100vw;height:100vh;background-color:black;""></div>","j","html-keyboard-response","928","2.0.0","881254","179182","testolin2020_replication","2025-11-21T22:26:40.168Z","15-16 inch laptop","1280","720","1280","585","1.5","19","Nov 21, 2:30","true"
"numerosity_discrimination","2","183","50","14","16","0.875","j","657","<div style=""width:100vw;height:100vh;background-color:black;""></div>","j","html-keyboard-response","933","2.0.0","884459","179182","testolin2020_replication","2025-11-21T22:26:40.168Z","15-16 inch laptop","1280","720","1280","585","1.5","19","Nov 21, 2:30","true"
"numerosity_discrimination","2","184","145","12","9","0.75","j","1463","<div style=""width:100vw;height:100vh;background-color:black;""></div>","f","html-keyboard-response","938","2.0.0","888187","179182","testolin2020_replication","2025-11-21T22:26:40.168Z","15-16 inch laptop","1280","720","1280","585","1.5","19","Nov 21, 2:30","false"
"numerosity_discrimination","2","185","219","9","14","0.6429","j","1011","<div style=""width:100vw;height:100vh;background-color:black;""></div>","j","html-keyboard-response","943","2.0.0","891433","179182","testolin2020_replication","2025-11-21T22:26:40.168Z","15-16 inch laptop","1280","720","1280","585","1.5","19","Nov 21, 2:30","true"
"numerosity_discrimination","2","186","3","16","14","0.875","j","751","<div style=""width:100vw;height:100vh;background-color:black;""></div>","f","html-keyboard-response","948","2.0.0","894692","179182","testolin2020_replication","2025-11-21T22:26:40.168Z","15-16 inch laptop","1280","720","1280","585","1.5","19","Nov 21, 2:30","false"
"numerosity_discrimination","2","187","201","20","14","0.7","j","1029","<div style=""width:100vw;height:100vh;background-color:black;""></div>","f","html-keyboard-response","953","2.0.0","897983","179182","testolin2020_replication","2025-11-21T22:26:40.168Z","15-16 inch laptop","1280","720","1280","585","1.5","19","Nov 21, 2:30","false"
"numerosity_discrimination","2","188","44","20","16","0.8","j","954","<div style=""width:100vw;height:100vh;background-color:black;""></div>","f","html-keyboard-response","958","2.0.0","901335","179182","testolin2020_replication","2025-11-21T22:26:40.168Z","15-16 inch laptop","1280","720","1280","585","1.5","19","Nov 21, 2:30","false"
"numerosity_discrimination","2","189","136","10","14","0.7143","j","827","<div style=""width:100vw;height:100vh;background-color:black;""></div>","j","html-keyboard-response","963","2.0.0","904382","179182","testolin2020_replication","2025-11-21T22:26:40.168Z","15-16 inch laptop","1280","720","1280","585","1.5","19","Nov 21, 2:30","true"
"numerosity_discrimination","2","190","237","20","12","0.6","j","673","<div style=""width:100vw;height:100vh;background-color:black;""></div>","f","html-keyboard-response","968","2.0.0","907380","179182","testolin2020_replication","2025-11-21T22:26:40.168Z","15-16 inch laptop","1280","720","1280","585","1.5","19","Nov 21, 2:30","false"
"numerosity_discrimination","2","191","294","7","12","0.5833","j","835","<div style=""width:100vw;height:100vh;background-color:black;""></div>","j","html-keyboard-response","973","2.0.0","910791","179182","testolin2020_replication","2025-11-21T22:26:40.168Z","15-16 inch laptop","1280","720","1280","585","1.5","19","Nov 21, 2:30","true"
"numerosity_discrimination","2","192","21","22","18","0.8182","j","739","<div style=""width:100vw;height:100vh;background-color:black;""></div>","f","html-keyboard-response","978","2.0.0","913845","179182","testolin2020_replication","2025-11-21T22:26:40.168Z","15-16 inch laptop","1280","720","1280","585","1.5","19","Nov 21, 2:30","false"
"numerosity_discrimination","2","193","125","11","14","0.7857","j","1336","<div style=""width:100vw;height:100vh;background-color:black;""></div>","j","html-keyboard-response","983","2.0.0","917641","179182","testolin2020_replication","2025-11-21T22:26:40.168Z","15-16 inch laptop","1280","720","1280","585","1.5","19","Nov 21, 2:30","true"
"numerosity_discrimination","2","194","228","11","16","0.6875","j","797","<div style=""width:100vw;height:100vh;background-color:black;""></div>","j","html-keyboard-response","988","2.0.0","920784","179182","testolin2020_replication","2025-11-21T22:26:40.168Z","15-16 inch laptop","1280","720","1280","585","1.5","19","Nov 21, 2:30","true"
"numerosity_discrimination","2","195","111","11","9","0.8182","j","592","<div style=""width:100vw;height:100vh;background-color:black;""></div>","f","html-keyboard-response","993","2.0.0","923769","179182","testolin2020_replication","2025-11-21T22:26:40.168Z","15-16 inch laptop","1280","720","1280","585","1.5","19","Nov 21, 2:30","false"
"numerosity_discrimination","2","196","62","12","14","0.8571","j","2094","<div style=""width:100vw;height:100vh;background-color:black;""></div>","j","html-keyboard-response","998","2.0.0","928416","179182","testolin2020_replication","2025-11-21T22:26:40.168Z","15-16 inch laptop","1280","720","1280","585","1.5","19","Nov 21, 2:30","true"
"numerosity_discrimination","2","197","153","16","22","0.7273","j","1051","<div style=""width:100vw;height:100vh;background-color:black;""></div>","j","html-keyboard-response","1003","2.0.0","932024","179182","testolin2020_replication","2025-11-21T22:26:40.168Z","15-16 inch laptop","1280","720","1280","585","1.5","19","Nov 21, 2:30","true"
"numerosity_discrimination","2","198","199","20","28","0.7143","j","953","<div style=""width:100vw;height:100vh;background-color:black;""></div>","j","html-keyboard-response","1008","2.0.0","935240","179182","testolin2020_replication","2025-11-21T22:26:40.168Z","15-16 inch laptop","1280","720","1280","585","1.5","19","Nov 21, 2:30","true"
"numerosity_discrimination","2","199","132","20","14","0.7","j","1043","<div style=""width:100vw;height:100vh;background-color:black;""></div>","f","html-keyboard-response","1013","2.0.0","938789","179182","testolin2020_replication","2025-11-21T22:26:40.168Z","15-16 inch laptop","1280","720","1280","585","1.5","19","Nov 21, 2:30","false"
"numerosity_discrimination","2","200","84","7","8","0.875","j","562","<div style=""width:100vw;height:100vh;background-color:black;""></div>","j","html-keyboard-response","1018","2.0.0","942033","179182","testolin2020_replication","2025-11-21T22:26:40.168Z","15-16 inch laptop","1280","720","1280","585","1.5","19","Nov 21, 2:30","true"
"numerosity_discrimination","3","201","300","9","16","0.5625","j","481","<div style=""width:100vw;height:100vh;background-color:black;""></div>","j","html-keyboard-response","1025","2.0.0","955784","179182","testolin2020_replication","2025-11-21T22:26:40.168Z","15-16 inch laptop","1280","720","1280","585","1.5","19","Nov 21, 2:30","true"
"numerosity_discrimination","3","202","234","14","9","0.6429","j","363","<div style=""width:100vw;height:100vh;background-color:black;""></div>","f","html-keyboard-response","1030","2.0.0","958473","179182","testolin2020_replication","2025-11-21T22:26:40.168Z","15-16 inch laptop","1280","720","1280","585","1.5","19","Nov 21, 2:30","false"
"numerosity_discrimination","3","203","5","22","18","0.8182","j","821","<div style=""width:100vw;height:100vh;background-color:black;""></div>","f","html-keyboard-response","1035","2.0.0","961660","179182","testolin2020_replication","2025-11-21T22:26:40.168Z","15-16 inch laptop","1280","720","1280","585","1.5","19","Nov 21, 2:30","false"
"numerosity_discrimination","3","204","170","12","16","0.75","j","1067","<div style=""width:100vw;height:100vh;background-color:black;""></div>","j","html-keyboard-response","1040","2.0.0","965354","179182","testolin2020_replication","2025-11-21T22:26:40.168Z","15-16 inch laptop","1280","720","1280","585","1.5","19","Nov 21, 2:30","true"
"numerosity_discrimination","3","205","28","8","9","0.8889","j","793","<div style=""width:100vw;height:100vh;background-color:black;""></div>","f","html-keyboard-response","1045","2.0.0","968789","179182","testolin2020_replication","2025-11-21T22:26:40.168Z","15-16 inch laptop","1280","720","1280","585","1.5","19","Nov 21, 2:30","false"
"numerosity_discrimination","3","206","284","14","28","0.5","j","761","<div style=""width:100vw;height:100vh;background-color:black;""></div>","j","html-keyboard-response","1050","2.0.0","971979","179182","testolin2020_replication","2025-11-21T22:26:40.168Z","15-16 inch laptop","1280","720","1280","585","1.5","19","Nov 21, 2:30","true"
"numerosity_discrimination","3","207","29","12","14","0.8571","j","1180","<div style=""width:100vw;height:100vh;background-color:black;""></div>","j","html-keyboard-response","1055","2.0.0","975650","179182","testolin2020_replication","2025-11-21T22:26:40.168Z","15-16 inch laptop","1280","720","1280","585","1.5","19","Nov 21, 2:30","true"
"numerosity_discrimination","3","208","93","8","10","0.8","j","819","<div style=""width:100vw;height:100vh;background-color:black;""></div>","j","html-keyboard-response","1060","2.0.0","978869","179182","testolin2020_replication","2025-11-21T22:26:40.168Z","15-16 inch laptop","1280","720","1280","585","1.5","19","Nov 21, 2:30","true"
"numerosity_discrimination","3","209","257","10","16","0.625","j","1071","<div style=""width:100vw;height:100vh;background-color:black;""></div>","j","html-keyboard-response","1065","2.0.0","982230","179182","testolin2020_replication","2025-11-21T22:26:40.168Z","15-16 inch laptop","1280","720","1280","585","1.5","19","Nov 21, 2:30","true"
"numerosity_discrimination","3","210","16","20","16","0.8","j","814","<div style=""width:100vw;height:100vh;background-color:black;""></div>","f","html-keyboard-response","1070","2.0.0","985333","179182","testolin2020_replication","2025-11-21T22:26:40.168Z","15-16 inch laptop","1280","720","1280","585","1.5","19","Nov 21, 2:30","false"
"numerosity_discrimination","3","211","189","16","22","0.7273","j","812","<div style=""width:100vw;height:100vh;background-color:black;""></div>","j","html-keyboard-response","1075","2.0.0","988688","179182","testolin2020_replication","2025-11-21T22:26:40.168Z","15-16 inch laptop","1280","720","1280","585","1.5","19","Nov 21, 2:30","true"
"numerosity_discrimination","3","212","135","9","12","0.75","j","846","<div style=""width:100vw;height:100vh;background-color:black;""></div>","j","html-keyboard-response","1080","2.0.0","992104","179182","testolin2020_replication","2025-11-21T22:26:40.168Z","15-16 inch laptop","1280","720","1280","585","1.5","19","Nov 21, 2:30","true"
"numerosity_discrimination","3","213","260","25","16","0.64","j","966","<div style=""width:100vw;height:100vh;background-color:black;""></div>","f","html-keyboard-response","1085","2.0.0","995700","179182","testolin2020_replication","2025-11-21T22:26:40.168Z","15-16 inch laptop","1280","720","1280","585","1.5","19","Nov 21, 2:30","false"
"numerosity_discrimination","3","214","241","7","11","0.6364","j","1235","<div style=""width:100vw;height:100vh;background-color:black;""></div>","j","html-keyboard-response","1090","2.0.0","999284","179182","testolin2020_replication","2025-11-21T22:26:40.168Z","15-16 inch laptop","1280","720","1280","585","1.5","19","Nov 21, 2:30","true"
"numerosity_discrimination","3","215","182","12","9","0.75","j","812","<div style=""width:100vw;height:100vh;background-color:black;""></div>","f","html-keyboard-response","1095","2.0.0","1002495","179182","testolin2020_replication","2025-11-21T22:26:40.168Z","15-16 inch laptop","1280","720","1280","585","1.5","19","Nov 21, 2:30","false"
"numerosity_discrimination","3","216","15","20","25","0.8","j","1200","<div style=""width:100vw;height:100vh;background-color:black;""></div>","j","html-keyboard-response","1100","2.0.0","1006066","179182","testolin2020_replication","2025-11-21T22:26:40.168Z","15-16 inch laptop","1280","720","1280","585","1.5","19","Nov 21, 2:30","true"
"numerosity_discrimination","3","217","247","11","16","0.6875","j","888","<div style=""width:100vw;height:100vh;background-color:black;""></div>","j","html-keyboard-response","1105","2.0.0","1009641","179182","testolin2020_replication","2025-11-21T22:26:40.168Z","15-16 inch laptop","1280","720","1280","585","1.5","19","Nov 21, 2:30","true"
"numerosity_discrimination","3","218","117","22","18","0.8182","j","710","<div style=""width:100vw;height:100vh;background-color:black;""></div>","f","html-keyboard-response","1110","2.0.0","1012611","179182","testolin2020_replication","2025-11-21T22:26:40.168Z","15-16 inch laptop","1280","720","1280","585","1.5","19","Nov 21, 2:30","false"
"numerosity_discrimination","3","219","249","14","22","0.6364","j","836","<div style=""width:100vw;height:100vh;background-color:black;""></div>","j","html-keyboard-response","1115","2.0.0","1015904","179182","testolin2020_replication","2025-11-21T22:26:40.168Z","15-16 inch laptop","1280","720","1280","585","1.5","19","Nov 21, 2:30","true"
"numerosity_discrimination","3","220","217","25","16","0.64","j","953","<div style=""width:100vw;height:100vh;background-color:black;""></div>","f","html-keyboard-response","1120","2.0.0","1019529","179182","testolin2020_replication","2025-11-21T22:26:40.168Z","15-16 inch laptop","1280","720","1280","585","1.5","19","Nov 21, 2:30","false"
"numerosity_discrimination","3","221","242","28","18","0.6429","j","798","<div style=""width:100vw;height:100vh;background-color:black;""></div>","f","html-keyboard-response","1125","2.0.0","1022862","179182","testolin2020_replication","2025-11-21T22:26:40.168Z","15-16 inch laptop","1280","720","1280","585","1.5","19","Nov 21, 2:30","false"
"numerosity_discrimination","3","222","106","25","22","0.88","j","859","<div style=""width:100vw;height:100vh;background-color:black;""></div>","f","html-keyboard-response","1130","2.0.0","1026069","179182","testolin2020_replication","2025-11-21T22:26:40.168Z","15-16 inch laptop","1280","720","1280","585","1.5","19","Nov 21, 2:30","false"
"numerosity_discrimination","3","223","101","20","25","0.8","j","762","<div style=""width:100vw;height:100vh;background-color:black;""></div>","j","html-keyboard-response","1135","2.0.0","1029167","179182","testolin2020_replication","2025-11-21T22:26:40.168Z","15-16 inch laptop","1280","720","1280","585","1.5","19","Nov 21, 2:30","true"
"numerosity_discrimination","3","224","113","20","16","0.8","j","739","<div style=""width:100vw;height:100vh;background-color:black;""></div>","f","html-keyboard-response","1140","2.0.0","1032441","179182","testolin2020_replication","2025-11-21T22:26:40.168Z","15-16 inch laptop","1280","720","1280","585","1.5","19","Nov 21, 2:30","false"
"numerosity_discrimination","3","225","71","22","18","0.8182","j","875","<div style=""width:100vw;height:100vh;background-color:black;""></div>","f","html-keyboard-response","1145","2.0.0","1035681","179182","testolin2020_replication","2025-11-21T22:26:40.168Z","15-16 inch laptop","1280","720","1280","585","1.5","19","Nov 21, 2:30","false"
"numerosity_discrimination","3","226","52","25","28","0.8929","j","862","<div style=""width:100vw;height:100vh;background-color:black;""></div>","f","html-keyboard-response","1150","2.0.0","1039169","179182","testolin2020_replication","2025-11-21T22:26:40.168Z","15-16 inch laptop","1280","720","1280","585","1.5","19","Nov 21, 2:30","false"
"numerosity_discrimination","3","227","7","14","16","0.875","j","750","<div style=""width:100vw;height:100vh;background-color:black;""></div>","f","html-keyboard-response","1155","2.0.0","1042366","179182","testolin2020_replication","2025-11-21T22:26:40.168Z","15-16 inch laptop","1280","720","1280","585","1.5","19","Nov 21, 2:30","false"
"numerosity_discrimination","3","228","56","25","22","0.88","j","835","<div style=""width:100vw;height:100vh;background-color:black;""></div>","f","html-keyboard-response","1160","2.0.0","1045825","179182","testolin2020_replication","2025-11-21T22:26:40.168Z","15-16 inch laptop","1280","720","1280","585","1.5","19","Nov 21, 2:30","false"
"numerosity_discrimination","3","229","138","16","12","0.75","j","716","<div style=""width:100vw;height:100vh;background-color:black;""></div>","f","html-keyboard-response","1165","2.0.0","1049032","179182","testolin2020_replication","2025-11-21T22:26:40.168Z","15-16 inch laptop","1280","720","1280","585","1.5","19","Nov 21, 2:30","false"
"numerosity_discrimination","3","230","198","16","12","0.75","j","715","<div style=""width:100vw;height:100vh;background-color:black;""></div>","f","html-keyboard-response","1170","2.0.0","1052320","179182","testolin2020_replication","2025-11-21T22:26:40.168Z","15-16 inch laptop","1280","720","1280","585","1.5","19","Nov 21, 2:30","false"
"numerosity_discrimination","3","231","233","8","12","0.6667","j","855","<div style=""width:100vw;height:100vh;background-color:black;""></div>","j","html-keyboard-response","1175","2.0.0","1055719","179182","testolin2020_replication","2025-11-21T22:26:40.168Z","15-16 inch laptop","1280","720","1280","585","1.5","19","Nov 21, 2:30","true"
"numerosity_discrimination","3","232","264","25","16","0.64","j","1080","<div style=""width:100vw;height:100vh;background-color:black;""></div>","j","html-keyboard-response","1180","2.0.0","1059468","179182","testolin2020_replication","2025-11-21T22:26:40.168Z","15-16 inch laptop","1280","720","1280","585","1.5","19","Nov 21, 2:30","true"
"numerosity_discrimination","3","233","27","14","12","0.8571","j","1141","<div style=""width:100vw;height:100vh;background-color:black;""></div>","f","html-keyboard-response","1185","2.0.0","1063021","179182","testolin2020_replication","2025-11-21T22:26:40.168Z","15-16 inch laptop","1280","720","1280","585","1.5","19","Nov 21, 2:30","false"
"numerosity_discrimination","3","234","49","8","10","0.8","j","816","<div style=""width:100vw;height:100vh;background-color:black;""></div>","j","html-keyboard-response","1190","2.0.0","1066443","179182","testolin2020_replication","2025-11-21T22:26:40.168Z","15-16 inch laptop","1280","720","1280","585","1.5","19","Nov 21, 2:30","true"
"numerosity_discrimination","3","235","10","9","11","0.8182","j","752","<div style=""width:100vw;height:100vh;background-color:black;""></div>","j","html-keyboard-response","1195","2.0.0","1069383","179182","testolin2020_replication","2025-11-21T22:26:40.168Z","15-16 inch laptop","1280","720","1280","585","1.5","19","Nov 21, 2:30","true"
"numerosity_discrimination","3","236","232","8","12","0.6667","j","808","<div style=""width:100vw;height:100vh;background-color:black;""></div>","j","html-keyboard-response","1200","2.0.0","1072730","179182","testolin2020_replication","2025-11-21T22:26:40.168Z","15-16 inch laptop","1280","720","1280","585","1.5","19","Nov 21, 2:30","true"
"numerosity_discrimination","3","237","69","10","8","0.8","j","709","<div style=""width:100vw;height:100vh;background-color:black;""></div>","j","html-keyboard-response","1205","2.0.0","1075655","179182","testolin2020_replication","2025-11-21T22:26:40.168Z","15-16 inch laptop","1280","720","1280","585","1.5","19","Nov 21, 2:30","true"
"numerosity_discrimination","3","238","92","18","22","0.8182","j","636","<div style=""width:100vw;height:100vh;background-color:black;""></div>","j","html-keyboard-response","1210","2.0.0","1078917","179182","testolin2020_replication","2025-11-21T22:26:40.168Z","15-16 inch laptop","1280","720","1280","585","1.5","19","Nov 21, 2:30","true"
"numerosity_discrimination","3","239","60","18","22","0.8182","j","651","<div style=""width:100vw;height:100vh;background-color:black;""></div>","j","html-keyboard-response","1215","2.0.0","1081814","179182","testolin2020_replication","2025-11-21T22:26:40.168Z","15-16 inch laptop","1280","720","1280","585","1.5","19","Nov 21, 2:30","true"
"numerosity_discrimination","3","240","72","11","9","0.8182","j","815","<div style=""width:100vw;height:100vh;background-color:black;""></div>","f","html-keyboard-response","1220","2.0.0","1085094","179182","testolin2020_replication","2025-11-21T22:26:40.168Z","15-16 inch laptop","1280","720","1280","585","1.5","19","Nov 21, 2:30","false"
"numerosity_discrimination","3","241","256","7","11","0.6364","j","502","<div style=""width:100vw;height:100vh;background-color:black;""></div>","j","html-keyboard-response","1225","2.0.0","1088073","179182","testolin2020_replication","2025-11-21T22:26:40.168Z","15-16 inch laptop","1280","720","1280","585","1.5","19","Nov 21, 2:30","true"
"numerosity_discrimination","3","242","246","20","12","0.6","j","749","<div style=""width:100vw;height:100vh;background-color:black;""></div>","f","html-keyboard-response","1230","2.0.0","1091461","179182","testolin2020_replication","2025-11-21T22:26:40.168Z","15-16 inch laptop","1280","720","1280","585","1.5","19","Nov 21, 2:30","false"
"numerosity_discrimination","3","243","149","18","14","0.7778","j","918","<div style=""width:100vw;height:100vh;background-color:black;""></div>","f","html-keyboard-response","1235","2.0.0","1094657","179182","testolin2020_replication","2025-11-21T22:26:40.168Z","15-16 inch laptop","1280","720","1280","585","1.5","19","Nov 21, 2:30","false"
"numerosity_discrimination","3","244","229","20","12","0.6","j","1157","<div style=""width:100vw;height:100vh;background-color:black;""></div>","f","html-keyboard-response","1240","2.0.0","1098309","179182","testolin2020_replication","2025-11-21T22:26:40.168Z","15-16 inch laptop","1280","720","1280","585","1.5","19","Nov 21, 2:30","false"
"numerosity_discrimination","3","245","57","22","18","0.8182","j","1041","<div style=""width:100vw;height:100vh;background-color:black;""></div>","f","html-keyboard-response","1245","2.0.0","1101904","179182","testolin2020_replication","2025-11-21T22:26:40.168Z","15-16 inch laptop","1280","720","1280","585","1.5","19","Nov 21, 2:30","false"
"numerosity_discrimination","3","246","227","8","12","0.6667","j","835","<div style=""width:100vw;height:100vh;background-color:black;""></div>","j","html-keyboard-response","1250","2.0.0","1105378","179182","testolin2020_replication","2025-11-21T22:26:40.168Z","15-16 inch laptop","1280","720","1280","585","1.5","19","Nov 21, 2:30","true"
"numerosity_discrimination","3","247","2","28","25","0.8929","j","854","<div style=""width:100vw;height:100vh;background-color:black;""></div>","f","html-keyboard-response","1255","2.0.0","1108480","179182","testolin2020_replication","2025-11-21T22:26:40.168Z","15-16 inch laptop","1280","720","1280","585","1.5","19","Nov 21, 2:30","false"
"numerosity_discrimination","3","248","251","20","12","0.6","j","627","<div style=""width:100vw;height:100vh;background-color:black;""></div>","f","html-keyboard-response","1260","2.0.0","1111398","179182","testolin2020_replication","2025-11-21T22:26:40.168Z","15-16 inch laptop","1280","720","1280","585","1.5","19","Nov 21, 2:30","false"
"numerosity_discrimination","3","249","172","16","22","0.7273","j","1054","<div style=""width:100vw;height:100vh;background-color:black;""></div>","j","html-keyboard-response","1265","2.0.0","1114942","179182","testolin2020_replication","2025-11-21T22:26:40.168Z","15-16 inch laptop","1280","720","1280","585","1.5","19","Nov 21, 2:30","true"
"numerosity_discrimination","3","250","161","28","22","0.7857","j","871","<div style=""width:100vw;height:100vh;background-color:black;""></div>","f","html-keyboard-response","1270","2.0.0","1118239","179182","testolin2020_replication","2025-11-21T22:26:40.168Z","15-16 inch laptop","1280","720","1280","585","1.5","19","Nov 21, 2:30","false"
"numerosity_discrimination","3","251","218","14","22","0.6364","j","982","<div style=""width:100vw;height:100vh;background-color:black;""></div>","j","html-keyboard-response","1275","2.0.0","1121585","179182","testolin2020_replication","2025-11-21T22:26:40.168Z","15-16 inch laptop","1280","720","1280","585","1.5","19","Nov 21, 2:30","true"
"numerosity_discrimination","3","252","168","20","14","0.7","j","822","<div style=""width:100vw;height:100vh;background-color:black;""></div>","f","html-keyboard-response","1280","2.0.0","1124883","179182","testolin2020_replication","2025-11-21T22:26:40.168Z","15-16 inch laptop","1280","720","1280","585","1.5","19","Nov 21, 2:30","false"
"numerosity_discrimination","3","253","155","7","9","0.7778","j","1066","<div style=""width:100vw;height:100vh;background-color:black;""></div>","j","html-keyboard-response","1285","2.0.0","1128393","179182","testolin2020_replication","2025-11-21T22:26:40.168Z","15-16 inch laptop","1280","720","1280","585","1.5","19","Nov 21, 2:30","true"
"numerosity_discrimination","3","254","216","9","14","0.6429","j","618","<div style=""width:100vw;height:100vh;background-color:black;""></div>","j","html-keyboard-response","1290","2.0.0","1131545","179182","testolin2020_replication","2025-11-21T22:26:40.168Z","15-16 inch laptop","1280","720","1280","585","1.5","19","Nov 21, 2:30","true"
"numerosity_discrimination","3","255","94","22","25","0.88","j","622","<div style=""width:100vw;height:100vh;background-color:black;""></div>","f","html-keyboard-response","1295","2.0.0","1134655","179182","testolin2020_replication","2025-11-21T22:26:40.168Z","15-16 inch laptop","1280","720","1280","585","1.5","19","Nov 21, 2:30","false"
"numerosity_discrimination","3","256","180","9","7","0.7778","j","1042","<div style=""width:100vw;height:100vh;background-color:black;""></div>","f","html-keyboard-response","1300","2.0.0","1138037","179182","testolin2020_replication","2025-11-21T22:26:40.168Z","15-16 inch laptop","1280","720","1280","585","1.5","19","Nov 21, 2:30","false"
"numerosity_discrimination","3","257","276","16","8","0.5","j","747","<div style=""width:100vw;height:100vh;background-color:black;""></div>","f","html-keyboard-response","1305","2.0.0","1141142","179182","testolin2020_replication","2025-11-21T22:26:40.168Z","15-16 inch laptop","1280","720","1280","585","1.5","19","Nov 21, 2:30","false"
"numerosity_discrimination","3","258","139","9","7","0.7778","j","874","<div style=""width:100vw;height:100vh;background-color:black;""></div>","f","html-keyboard-response","1310","2.0.0","1144617","179182","testolin2020_replication","2025-11-21T22:26:40.168Z","15-16 inch laptop","1280","720","1280","585","1.5","19","Nov 21, 2:30","false"
"numerosity_discrimination","3","259","223","28","18","0.6429","j","828","<div style=""width:100vw;height:100vh;background-color:black;""></div>","f","html-keyboard-response","1315","2.0.0","1147722","179182","testolin2020_replication","2025-11-21T22:26:40.168Z","15-16 inch laptop","1280","720","1280","585","1.5","19","Nov 21, 2:30","false"
"numerosity_discrimination","3","260","118","20","25","0.8","j","814","<div style=""width:100vw;height:100vh;background-color:black;""></div>","j","html-keyboard-response","1320","2.0.0","1151084","179182","testolin2020_replication","2025-11-21T22:26:40.168Z","15-16 inch laptop","1280","720","1280","585","1.5","19","Nov 21, 2:30","true"
"numerosity_discrimination","3","261","211","8","12","0.6667","j","766","<div style=""width:100vw;height:100vh;background-color:black;""></div>","j","html-keyboard-response","1325","2.0.0","1154116","179182","testolin2020_replication","2025-11-21T22:26:40.168Z","15-16 inch laptop","1280","720","1280","585","1.5","19","Nov 21, 2:30","true"
"numerosity_discrimination","3","262","97","7","8","0.875","j","998","<div style=""width:100vw;height:100vh;background-color:black;""></div>","f","html-keyboard-response","1330","2.0.0","1157574","179182","testolin2020_replication","2025-11-21T22:26:40.168Z","15-16 inch laptop","1280","720","1280","585","1.5","19","Nov 21, 2:30","false"
"numerosity_discrimination","3","263","165","14","10","0.7143","j","854","<div style=""width:100vw;height:100vh;background-color:black;""></div>","f","html-keyboard-response","1335","2.0.0","1160810","179182","testolin2020_replication","2025-11-21T22:26:40.168Z","15-16 inch laptop","1280","720","1280","585","1.5","19","Nov 21, 2:30","false"
"numerosity_discrimination","3","264","298","9","18","0.5","j","661","<div style=""width:100vw;height:100vh;background-color:black;""></div>","j","html-keyboard-response","1340","2.0.0","1163823","179182","testolin2020_replication","2025-11-21T22:26:40.168Z","15-16 inch laptop","1280","720","1280","585","1.5","19","Nov 21, 2:30","true"
"numerosity_discrimination","3","265","152","16","12","0.75","j","648","<div style=""width:100vw;height:100vh;background-color:black;""></div>","f","html-keyboard-response","1345","2.0.0","1166706","179182","testolin2020_replication","2025-11-21T22:26:40.168Z","15-16 inch laptop","1280","720","1280","585","1.5","19","Nov 21, 2:30","false"
"numerosity_discrimination","3","266","104","8","7","0.875","j","820","<div style=""width:100vw;height:100vh;background-color:black;""></div>","f","html-keyboard-response","1350","2.0.0","1169824","179182","testolin2020_replication","2025-11-21T22:26:40.168Z","15-16 inch laptop","1280","720","1280","585","1.5","19","Nov 21, 2:30","false"
"numerosity_discrimination","3","267","262","9","14","0.6429","j","883","<div style=""width:100vw;height:100vh;background-color:black;""></div>","j","html-keyboard-response","1355","2.0.0","1173021","179182","testolin2020_replication","2025-11-21T22:26:40.168Z","15-16 inch laptop","1280","720","1280","585","1.5","19","Nov 21, 2:30","true"
"numerosity_discrimination","3","268","269","9","14","0.6429","j","984","<div style=""width:100vw;height:100vh;background-color:black;""></div>","j","html-keyboard-response","1360","2.0.0","1176676","179182","testolin2020_replication","2025-11-21T22:26:40.168Z","15-16 inch laptop","1280","720","1280","585","1.5","19","Nov 21, 2:30","true"
"numerosity_discrimination","3","269","252","18","28","0.6429","j","964","<div style=""width:100vw;height:100vh;background-color:black;""></div>","j","html-keyboard-response","1365","2.0.0","1179976","179182","testolin2020_replication","2025-11-21T22:26:40.168Z","15-16 inch laptop","1280","720","1280","585","1.5","19","Nov 21, 2:30","true"
"numerosity_discrimination","3","270","130","22","28","0.7857","j","1026","<div style=""width:100vw;height:100vh;background-color:black;""></div>","j","html-keyboard-response","1370","2.0.0","1183322","179182","testolin2020_replication","2025-11-21T22:26:40.168Z","15-16 inch laptop","1280","720","1280","585","1.5","19","Nov 21, 2:30","true"
"numerosity_discrimination","3","271","1","9","8","0.8889","j","1057","<div style=""width:100vw;height:100vh;background-color:black;""></div>","f","html-keyboard-response","1375","2.0.0","1187017","179182","testolin2020_replication","2025-11-21T22:26:40.168Z","15-16 inch laptop","1280","720","1280","585","1.5","19","Nov 21, 2:30","false"
"numerosity_discrimination","3","272","255","18","28","0.6429","j","628","<div style=""width:100vw;height:100vh;background-color:black;""></div>","j","html-keyboard-response","1380","2.0.0","1190235","179182","testolin2020_replication","2025-11-21T22:26:40.168Z","15-16 inch laptop","1280","720","1280","585","1.5","19","Nov 21, 2:30","true"
"numerosity_discrimination","3","273","40","10","12","0.8333","j","701","<div style=""width:100vw;height:100vh;background-color:black;""></div>","f","html-keyboard-response","1385","2.0.0","1193568","179182","testolin2020_replication","2025-11-21T22:26:40.168Z","15-16 inch laptop","1280","720","1280","585","1.5","19","Nov 21, 2:30","false"
"numerosity_discrimination","3","274","277","20","10","0.5","j","938","<div style=""width:100vw;height:100vh;background-color:black;""></div>","f","html-keyboard-response","1390","2.0.0","1196861","179182","testolin2020_replication","2025-11-21T22:26:40.168Z","15-16 inch laptop","1280","720","1280","585","1.5","19","Nov 21, 2:30","false"
"numerosity_discrimination","3","275","73","14","12","0.8571","j","938","<div style=""width:100vw;height:100vh;background-color:black;""></div>","f","html-keyboard-response","1395","2.0.0","1200077","179182","testolin2020_replication","2025-11-21T22:26:40.168Z","15-16 inch laptop","1280","720","1280","585","1.5","19","Nov 21, 2:30","false"
"numerosity_discrimination","3","276","81","16","18","0.8889","j","821","<div style=""width:100vw;height:100vh;background-color:black;""></div>","j","html-keyboard-response","1400","2.0.0","1203517","179182","testolin2020_replication","2025-11-21T22:26:40.168Z","15-16 inch laptop","1280","720","1280","585","1.5","19","Nov 21, 2:30","true"
"numerosity_discrimination","3","277","169","18","25","0.72","j","941","<div style=""width:100vw;height:100vh;background-color:black;""></div>","j","html-keyboard-response","1405","2.0.0","1206948","179182","testolin2020_replication","2025-11-21T22:26:40.168Z","15-16 inch laptop","1280","720","1280","585","1.5","19","Nov 21, 2:30","true"
"numerosity_discrimination","3","278","296","9","16","0.5625","j","599","<div style=""width:100vw;height:100vh;background-color:black;""></div>","j","html-keyboard-response","1410","2.0.0","1210197","179182","testolin2020_replication","2025-11-21T22:26:40.168Z","15-16 inch laptop","1280","720","1280","585","1.5","19","Nov 21, 2:30","true"
"numerosity_discrimination","3","279","25","11","9","0.8182","j","730","<div style=""width:100vw;height:100vh;background-color:black;""></div>","f","html-keyboard-response","1415","2.0.0","1213140","179182","testolin2020_replication","2025-11-21T22:26:40.168Z","15-16 inch laptop","1280","720","1280","585","1.5","19","Nov 21, 2:30","false"
"numerosity_discrimination","3","280","289","22","12","0.5455","j","950","<div style=""width:100vw;height:100vh;background-color:black;""></div>","f","html-keyboard-response","1420","2.0.0","1216358","179182","testolin2020_replication","2025-11-21T22:26:40.168Z","15-16 inch laptop","1280","720","1280","585","1.5","19","Nov 21, 2:30","false"
"numerosity_discrimination","3","281","33","8","9","0.8889","j","850","<div style=""width:100vw;height:100vh;background-color:black;""></div>","f","html-keyboard-response","1425","2.0.0","1219455","179182","testolin2020_replication","2025-11-21T22:26:40.168Z","15-16 inch laptop","1280","720","1280","585","1.5","19","Nov 21, 2:30","false"
"numerosity_discrimination","3","282","43","11","9","0.8182","j","999","<div style=""width:100vw;height:100vh;background-color:black;""></div>","f","html-keyboard-response","1430","2.0.0","1222856","179182","testolin2020_replication","2025-11-21T22:26:40.168Z","15-16 inch laptop","1280","720","1280","585","1.5","19","Nov 21, 2:30","false"
"numerosity_discrimination","3","283","147","8","11","0.7273","j","601","<div style=""width:100vw;height:100vh;background-color:black;""></div>","j","html-keyboard-response","1435","2.0.0","1225894","179182","testolin2020_replication","2025-11-21T22:26:40.168Z","15-16 inch laptop","1280","720","1280","585","1.5","19","Nov 21, 2:30","true"
"numerosity_discrimination","3","284","98","25","28","0.8929","j","1010","<div style=""width:100vw;height:100vh;background-color:black;""></div>","f","html-keyboard-response","1440","2.0.0","1229241","179182","testolin2020_replication","2025-11-21T22:26:40.168Z","15-16 inch laptop","1280","720","1280","585","1.5","19","Nov 21, 2:30","false"
"numerosity_discrimination","3","285","39","20","16","0.8","j","806","<div style=""width:100vw;height:100vh;background-color:black;""></div>","f","html-keyboard-response","1445","2.0.0","1232570","179182","testolin2020_replication","2025-11-21T22:26:40.168Z","15-16 inch laptop","1280","720","1280","585","1.5","19","Nov 21, 2:30","false"
"numerosity_discrimination","3","286","115","25","28","0.8929","j","950","<div style=""width:100vw;height:100vh;background-color:black;""></div>","j","html-keyboard-response","1450","2.0.0","1235879","179182","testolin2020_replication","2025-11-21T22:26:40.168Z","15-16 inch laptop","1280","720","1280","585","1.5","19","Nov 21, 2:30","true"
"numerosity_discrimination","3","287","80","16","18","0.8889","j","1374","<div style=""width:100vw;height:100vh;background-color:black;""></div>","j","html-keyboard-response","1455","2.0.0","1239882","179182","testolin2020_replication","2025-11-21T22:26:40.168Z","15-16 inch laptop","1280","720","1280","585","1.5","19","Nov 21, 2:30","true"
"numerosity_discrimination","3","288","144","28","20","0.7143","j","901","<div style=""width:100vw;height:100vh;background-color:black;""></div>","f","html-keyboard-response","1460","2.0.0","1243196","179182","testolin2020_replication","2025-11-21T22:26:40.168Z","15-16 inch laptop","1280","720","1280","585","1.5","19","Nov 21, 2:30","false"
"numerosity_discrimination","3","289","45","25","20","0.8","j","1092","<div style=""width:100vw;height:100vh;background-color:black;""></div>","f","html-keyboard-response","1465","2.0.0","1246683","179182","testolin2020_replication","2025-11-21T22:26:40.168Z","15-16 inch laptop","1280","720","1280","585","1.5","19","Nov 21, 2:30","false"
"numerosity_discrimination","3","290","200","12","9","0.75","j","837","<div style=""width:100vw;height:100vh;background-color:black;""></div>","f","html-keyboard-response","1470","2.0.0","1249901","179182","testolin2020_replication","2025-11-21T22:26:40.168Z","15-16 inch laptop","1280","720","1280","585","1.5","19","Nov 21, 2:30","false"
"numerosity_discrimination","3","291","212","22","14","0.6364","j","745","<div style=""width:100vw;height:100vh;background-color:black;""></div>","f","html-keyboard-response","1475","2.0.0","1252866","179182","testolin2020_replication","2025-11-21T22:26:40.168Z","15-16 inch laptop","1280","720","1280","585","1.5","19","Nov 21, 2:30","false"
"numerosity_discrimination","3","292","207","7","9","0.7778","j","848","<div style=""width:100vw;height:100vh;background-color:black;""></div>","j","html-keyboard-response","1480","2.0.0","1256132","179182","testolin2020_replication","2025-11-21T22:26:40.168Z","15-16 inch laptop","1280","720","1280","585","1.5","19","Nov 21, 2:30","true"
"numerosity_discrimination","3","293","204","7","9","0.7778","j","869","<div style=""width:100vw;height:100vh;background-color:black;""></div>","j","html-keyboard-response","1485","2.0.0","1259355","179182","testolin2020_replication","2025-11-21T22:26:40.168Z","15-16 inch laptop","1280","720","1280","585","1.5","19","Nov 21, 2:30","true"
"numerosity_discrimination","3","294","47","20","25","0.8","j","714","<div style=""width:100vw;height:100vh;background-color:black;""></div>","j","html-keyboard-response","1490","2.0.0","1262447","179182","testolin2020_replication","2025-11-21T22:26:40.168Z","15-16 inch laptop","1280","720","1280","585","1.5","19","Nov 21, 2:30","true"
"numerosity_discrimination","3","295","206","9","7","0.7778","j","1096","<div style=""width:100vw;height:100vh;background-color:black;""></div>","f","html-keyboard-response","1495","2.0.0","1265825","179182","testolin2020_replication","2025-11-21T22:26:40.168Z","15-16 inch laptop","1280","720","1280","585","1.5","19","Nov 21, 2:30","false"
"numerosity_discrimination","3","296","91","12","14","0.8571","j","846","<div style=""width:100vw;height:100vh;background-color:black;""></div>","j","html-keyboard-response","1500","2.0.0","1269241","179182","testolin2020_replication","2025-11-21T22:26:40.168Z","15-16 inch laptop","1280","720","1280","585","1.5","19","Nov 21, 2:30","true"
"numerosity_discrimination","3","297","263","22","14","0.6364","j","696","<div style=""width:100vw;height:100vh;background-color:black;""></div>","f","html-keyboard-response","1505","2.0.0","1272567","179182","testolin2020_replication","2025-11-21T22:26:40.168Z","15-16 inch laptop","1280","720","1280","585","1.5","19","Nov 21, 2:30","false"
"numerosity_discrimination","3","298","110","7","8","0.875","j","929","<div style=""width:100vw;height:100vh;background-color:black;""></div>","j","html-keyboard-response","1510","2.0.0","1275782","179182","testolin2020_replication","2025-11-21T22:26:40.168Z","15-16 inch laptop","1280","720","1280","585","1.5","19","Nov 21, 2:30","true"
"numerosity_discrimination","3","299","222","16","10","0.625","j","750","<div style=""width:100vw;height:100vh;background-color:black;""></div>","f","html-keyboard-response","1515","2.0.0","1278963","179182","testolin2020_replication","2025-11-21T22:26:40.168Z","15-16 inch laptop","1280","720","1280","585","1.5","19","Nov 21, 2:30","false"
"numerosity_discrimination","3","300","143","20","28","0.7143","j","921","<div style=""width:100vw;height:100vh;background-color:black;""></div>","j","html-keyboard-response","1520","2.0.0","1282238","179182","testolin2020_replication","2025-11-21T22:26:40.168Z","15-16 inch laptop","1280","720","1280","585","1.5","19","Nov 21, 2:30","true"
