"task","block","pair_order","pair_num","left_n","right_n","pair_ratio","correct_key","rt","stimulus","response","trial_type","trial_index","plugin_version","time_elapsed","participant_id","experiment","date","screen_size_category","screen_width_pixels","screen_height_pixels","window_width_pixels","window_height_pixels","pixel_ratio","participant_age","time_slot","correct"
"numerosity_discrimination","1","1","286","18","10","0.5556","j","514","<div style=""width:100vw;height:100vh;background-color:black;""></div>","f","html-keyboard-response","21","2.0.0","110075","180166","testolin2020_replication","2025-11-21T08:53:13.368Z","13-14 inch laptop","1710","1107","1598","937","2","24","Nov,21. 12:53AM","false"
"numerosity_discrimination","1","2","61","8","10","0.8","j","816","<div style=""width:100vw;height:100vh;background-color:black;""></div>","j","html-keyboard-response","26","2.0.0","113065","180166","testolin2020_replication","2025-11-21T08:53:13.368Z","13-14 inch laptop","1710","1107","1598","937","2","24","Nov,21. 12:53AM","true"
"numerosity_discrimination","1","3","271","20","11","0.55","j","387","<div style=""width:100vw;height:100vh;background-color:black;""></div>","f","html-keyboard-response","31","2.0.0","115623","180166","testolin2020_replication","2025-11-21T08:53:13.368Z","13-14 inch laptop","1710","1107","1598","937","2","24","Nov,21. 12:53AM","false"
"numerosity_discrimination","1","4","128","22","28","0.7857","j","3514","<div style=""width:100vw;height:100vh;background-color:black;""></div>","j","html-keyboard-response","36","2.0.0","121570","180166","testolin2020_replication","2025-11-21T08:53:13.368Z","13-14 inch laptop","1710","1107","1598","937","2","24","Nov,21. 12:53AM","true"
"numerosity_discrimination","1","5","278","9","18","0.5","j","361","<div style=""width:100vw;height:100vh;background-color:black;""></div>","j","html-keyboard-response","41","2.0.0","124412","180166","testolin2020_replication","2025-11-21T08:53:13.368Z","13-14 inch laptop","1710","1107","1598","937","2","24","Nov,21. 12:53AM","true"
"numerosity_discrimination","1","6","51","10","12","0.8333","j","1294","<div style=""width:100vw;height:100vh;background-color:black;""></div>","j","html-keyboard-response","46","2.0.0","128324","180166","testolin2020_replication","2025-11-21T08:53:13.368Z","13-14 inch laptop","1710","1107","1598","937","2","24","Nov,21. 12:53AM","true"
"numerosity_discrimination","1","7","188","9","12","0.75","j","1035","<div style=""width:100vw;height:100vh;background-color:black;""></div>","j","html-keyboard-response","51","2.0.0","131577","180166","testolin2020_replication","2025-11-21T08:53:13.368Z","13-14 inch laptop","1710","1107","1598","937","2","24","Nov,21. 12:53AM","true"
"numerosity_discrimination","1","8","236","22","14","0.6364","j","259","<div style=""width:100vw;height:100vh;background-color:black;""></div>","f","html-keyboard-response","56","2.0.0","134248","180166","testolin2020_replication","2025-11-21T08:53:13.368Z","13-14 inch laptop","1710","1107","1598","937","2","24","Nov,21. 12:53AM","false"
"numerosity_discrimination","1","9","35","9","8","0.8889","j","2445","<div style=""width:100vw;height:100vh;background-color:black;""></div>","f","html-keyboard-response","61","2.0.0","139129","180166","testolin2020_replication","2025-11-21T08:53:13.368Z","13-14 inch laptop","1710","1107","1598","937","2","24","Nov,21. 12:53AM","false"
"numerosity_discrimination","1","10","267","18","28","0.6429","j","218","<div style=""width:100vw;height:100vh;background-color:black;""></div>","j","html-keyboard-response","66","2.0.0","141809","180166","testolin2020_replication","2025-11-21T08:53:13.368Z","13-14 inch laptop","1710","1107","1598","937","2","24","Nov,21. 12:53AM","true"
"numerosity_discrimination","1","11","280","28","16","0.5714","j","315","<div style=""width:100vw;height:100vh;background-color:black;""></div>","f","html-keyboard-response","71","2.0.0","144680","180166","testolin2020_replication","2025-11-21T08:53:13.368Z","13-14 inch laptop","1710","1107","1598","937","2","24","Nov,21. 12:53AM","false"
"numerosity_discrimination","1","12","279","20","11","0.55","j","289","<div style=""width:100vw;height:100vh;background-color:black;""></div>","f","html-keyboard-response","76","2.0.0","147152","180166","testolin2020_replication","2025-11-21T08:53:13.368Z","13-14 inch laptop","1710","1107","1598","937","2","24","Nov,21. 12:53AM","false"
"numerosity_discrimination","1","13","167","9","12","0.75","j","1408","<div style=""width:100vw;height:100vh;background-color:black;""></div>","f","html-keyboard-response","81","2.0.0","151092","180166","testolin2020_replication","2025-11-21T08:53:13.368Z","13-14 inch laptop","1710","1107","1598","937","2","24","Nov,21. 12:53AM","false"
"numerosity_discrimination","1","14","9","9","8","0.8889","j","348","<div style=""width:100vw;height:100vh;background-color:black;""></div>","j","html-keyboard-response","86","2.0.0","154088","180166","testolin2020_replication","2025-11-21T08:53:13.368Z","13-14 inch laptop","1710","1107","1598","937","2","24","Nov,21. 12:53AM","true"
"numerosity_discrimination","1","15","202","9","7","0.7778","j","428","<div style=""width:100vw;height:100vh;background-color:black;""></div>","j","html-keyboard-response","91","2.0.0","156715","180166","testolin2020_replication","2025-11-21T08:53:13.368Z","13-14 inch laptop","1710","1107","1598","937","2","24","Nov,21. 12:53AM","true"
"numerosity_discrimination","1","16","272","10","20","0.5","j","194","<div style=""width:100vw;height:100vh;background-color:black;""></div>","j","html-keyboard-response","96","2.0.0","159421","180166","testolin2020_replication","2025-11-21T08:53:13.368Z","13-14 inch laptop","1710","1107","1598","937","2","24","Nov,21. 12:53AM","true"
"numerosity_discrimination","1","17","235","14","9","0.6429","j","334","<div style=""width:100vw;height:100vh;background-color:black;""></div>","f","html-keyboard-response","101","2.0.0","162149","180166","testolin2020_replication","2025-11-21T08:53:13.368Z","13-14 inch laptop","1710","1107","1598","937","2","24","Nov,21. 12:53AM","false"
"numerosity_discrimination","1","18","67","11","9","0.8182","j","764","<div style=""width:100vw;height:100vh;background-color:black;""></div>","j","html-keyboard-response","106","2.0.0","165274","180166","testolin2020_replication","2025-11-21T08:53:13.368Z","13-14 inch laptop","1710","1107","1598","937","2","24","Nov,21. 12:53AM","true"
"numerosity_discrimination","1","19","160","12","16","0.75","j","81","<div style=""width:100vw;height:100vh;background-color:black;""></div>","j","html-keyboard-response","111","2.0.0","167998","180166","testolin2020_replication","2025-11-21T08:53:13.368Z","13-14 inch laptop","1710","1107","1598","937","2","24","Nov,21. 12:53AM","true"
"numerosity_discrimination","1","20","31","28","25","0.8929","j","193","<div style=""width:100vw;height:100vh;background-color:black;""></div>","f","html-keyboard-response","116","2.0.0","170557","180166","testolin2020_replication","2025-11-21T08:53:13.368Z","13-14 inch laptop","1710","1107","1598","937","2","24","Nov,21. 12:53AM","false"
"numerosity_discrimination","1","21","213","18","11","0.6111","j","375","<div style=""width:100vw;height:100vh;background-color:black;""></div>","f","html-keyboard-response","121","2.0.0","173571","180166","testolin2020_replication","2025-11-21T08:53:13.368Z","13-14 inch laptop","1710","1107","1598","937","2","24","Nov,21. 12:53AM","false"
"numerosity_discrimination","1","22","193","25","18","0.72","j","288","<div style=""width:100vw;height:100vh;background-color:black;""></div>","f","html-keyboard-response","126","2.0.0","176519","180166","testolin2020_replication","2025-11-21T08:53:13.368Z","13-14 inch laptop","1710","1107","1598","937","2","24","Nov,21. 12:53AM","false"
"numerosity_discrimination","1","23","105","28","25","0.8929","j","1692","<div style=""width:100vw;height:100vh;background-color:black;""></div>","j","html-keyboard-response","131","2.0.0","180704","180166","testolin2020_replication","2025-11-21T08:53:13.368Z","13-14 inch laptop","1710","1107","1598","937","2","24","Nov,21. 12:53AM","true"
"numerosity_discrimination","1","24","158","18","14","0.7778","j","321","<div style=""width:100vw;height:100vh;background-color:black;""></div>","f","html-keyboard-response","136","2.0.0","183399","180166","testolin2020_replication","2025-11-21T08:53:13.368Z","13-14 inch laptop","1710","1107","1598","937","2","24","Nov,21. 12:53AM","false"
"numerosity_discrimination","1","25","175","11","14","0.7857","j","814","<div style=""width:100vw;height:100vh;background-color:black;""></div>","j","html-keyboard-response","141","2.0.0","186625","180166","testolin2020_replication","2025-11-21T08:53:13.368Z","13-14 inch laptop","1710","1107","1598","937","2","24","Nov,21. 12:53AM","true"
"numerosity_discrimination","1","26","254","20","12","0.6","j","160","<div style=""width:100vw;height:100vh;background-color:black;""></div>","f","html-keyboard-response","146","2.0.0","189093","180166","testolin2020_replication","2025-11-21T08:53:13.368Z","13-14 inch laptop","1710","1107","1598","937","2","24","Nov,21. 12:53AM","false"
"numerosity_discrimination","1","27","221","16","10","0.625","j","237","<div style=""width:100vw;height:100vh;background-color:black;""></div>","f","html-keyboard-response","151","2.0.0","191704","180166","testolin2020_replication","2025-11-21T08:53:13.368Z","13-14 inch laptop","1710","1107","1598","937","2","24","Nov,21. 12:53AM","false"
"numerosity_discrimination","1","28","55","18","16","0.8889","j","473","<div style=""width:100vw;height:100vh;background-color:black;""></div>","f","html-keyboard-response","156","2.0.0","194679","180166","testolin2020_replication","2025-11-21T08:53:13.368Z","13-14 inch laptop","1710","1107","1598","937","2","24","Nov,21. 12:53AM","false"
"numerosity_discrimination","1","29","120","14","12","0.8571","j","531","<div style=""width:100vw;height:100vh;background-color:black;""></div>","f","html-keyboard-response","161","2.0.0","197451","180166","testolin2020_replication","2025-11-21T08:53:13.368Z","13-14 inch laptop","1710","1107","1598","937","2","24","Nov,21. 12:53AM","false"
"numerosity_discrimination","1","30","89","11","9","0.8182","j","2382","<div style=""width:100vw;height:100vh;background-color:black;""></div>","j","html-keyboard-response","166","2.0.0","202040","180166","testolin2020_replication","2025-11-21T08:53:13.368Z","13-14 inch laptop","1710","1107","1598","937","2","24","Nov,21. 12:53AM","true"
"numerosity_discrimination","1","31","108","8","9","0.8889","j","202","<div style=""width:100vw;height:100vh;background-color:black;""></div>","j","html-keyboard-response","171","2.0.0","204831","180166","testolin2020_replication","2025-11-21T08:53:13.368Z","13-14 inch laptop","1710","1107","1598","937","2","24","Nov,21. 12:53AM","true"
"numerosity_discrimination","1","32","23","11","9","0.8182","j","483","<div style=""width:100vw;height:100vh;background-color:black;""></div>","f","html-keyboard-response","176","2.0.0","207633","180166","testolin2020_replication","2025-11-21T08:53:13.368Z","13-14 inch laptop","1710","1107","1598","937","2","24","Nov,21. 12:53AM","false"
"numerosity_discrimination","1","33","48","14","16","0.875","j","810","<div style=""width:100vw;height:100vh;background-color:black;""></div>","f","html-keyboard-response","181","2.0.0","210608","180166","testolin2020_replication","2025-11-21T08:53:13.368Z","13-14 inch laptop","1710","1107","1598","937","2","24","Nov,21. 12:53AM","false"
"numerosity_discrimination","1","34","177","8","11","0.7273","j","110","<div style=""width:100vw;height:100vh;background-color:black;""></div>","j","html-keyboard-response","186","2.0.0","213112","180166","testolin2020_replication","2025-11-21T08:53:13.368Z","13-14 inch laptop","1710","1107","1598","937","2","24","Nov,21. 12:53AM","true"
"numerosity_discrimination","1","35","26","28","25","0.8929","j","126","<div style=""width:100vw;height:100vh;background-color:black;""></div>","f","html-keyboard-response","191","2.0.0","215545","180166","testolin2020_replication","2025-11-21T08:53:13.368Z","13-14 inch laptop","1710","1107","1598","937","2","24","Nov,21. 12:53AM","false"
"numerosity_discrimination","1","36","166","20","14","0.7","j","222","<div style=""width:100vw;height:100vh;background-color:black;""></div>","f","html-keyboard-response","196","2.0.0","218218","180166","testolin2020_replication","2025-11-21T08:53:13.368Z","13-14 inch laptop","1710","1107","1598","937","2","24","Nov,21. 12:53AM","false"
"numerosity_discrimination","1","37","261","28","18","0.6429","j","1605","<div style=""width:100vw;height:100vh;background-color:black;""></div>","f","html-keyboard-response","201","2.0.0","222468","180166","testolin2020_replication","2025-11-21T08:53:13.368Z","13-14 inch laptop","1710","1107","1598","937","2","24","Nov,21. 12:53AM","false"
"numerosity_discrimination","1","38","32","16","20","0.8","j","1871","<div style=""width:100vw;height:100vh;background-color:black;""></div>","j","html-keyboard-response","206","2.0.0","226508","180166","testolin2020_replication","2025-11-21T08:53:13.368Z","13-14 inch laptop","1710","1107","1598","937","2","24","Nov,21. 12:53AM","true"
"numerosity_discrimination","1","39","103","14","12","0.8571","j","699","<div style=""width:100vw;height:100vh;background-color:black;""></div>","j","html-keyboard-response","211","2.0.0","229759","180166","testolin2020_replication","2025-11-21T08:53:13.368Z","13-14 inch laptop","1710","1107","1598","937","2","24","Nov,21. 12:53AM","true"
"numerosity_discrimination","1","40","197","12","16","0.75","j","779","<div style=""width:100vw;height:100vh;background-color:black;""></div>","j","html-keyboard-response","216","2.0.0","232852","180166","testolin2020_replication","2025-11-21T08:53:13.368Z","13-14 inch laptop","1710","1107","1598","937","2","24","Nov,21. 12:53AM","true"
"numerosity_discrimination","1","41","268","18","11","0.6111","j","158","<div style=""width:100vw;height:100vh;background-color:black;""></div>","f","html-keyboard-response","221","2.0.0","235332","180166","testolin2020_replication","2025-11-21T08:53:13.368Z","13-14 inch laptop","1710","1107","1598","937","2","24","Nov,21. 12:53AM","false"
"numerosity_discrimination","1","42","299","20","10","0.5","j","1037","<div style=""width:100vw;height:100vh;background-color:black;""></div>","f","html-keyboard-response","226","2.0.0","239008","180166","testolin2020_replication","2025-11-21T08:53:13.368Z","13-14 inch laptop","1710","1107","1598","937","2","24","Nov,21. 12:53AM","false"
"numerosity_discrimination","1","43","179","22","16","0.7273","j","460","<div style=""width:100vw;height:100vh;background-color:black;""></div>","f","html-keyboard-response","231","2.0.0","241902","180166","testolin2020_replication","2025-11-21T08:53:13.368Z","13-14 inch laptop","1710","1107","1598","937","2","24","Nov,21. 12:53AM","false"
"numerosity_discrimination","1","44","203","11","8","0.7273","j","482","<div style=""width:100vw;height:100vh;background-color:black;""></div>","j","html-keyboard-response","236","2.0.0","244881","180166","testolin2020_replication","2025-11-21T08:53:13.368Z","13-14 inch laptop","1710","1107","1598","937","2","24","Nov,21. 12:53AM","true"
"numerosity_discrimination","1","45","245","10","16","0.625","j","765","<div style=""width:100vw;height:100vh;background-color:black;""></div>","j","html-keyboard-response","241","2.0.0","248136","180166","testolin2020_replication","2025-11-21T08:53:13.368Z","13-14 inch laptop","1710","1107","1598","937","2","24","Nov,21. 12:53AM","true"
"numerosity_discrimination","1","46","34","16","18","0.8889","j","532","<div style=""width:100vw;height:100vh;background-color:black;""></div>","j","html-keyboard-response","246","2.0.0","251142","180166","testolin2020_replication","2025-11-21T08:53:13.368Z","13-14 inch laptop","1710","1107","1598","937","2","24","Nov,21. 12:53AM","true"
"numerosity_discrimination","1","47","164","20","14","0.7","j","222","<div style=""width:100vw;height:100vh;background-color:black;""></div>","f","html-keyboard-response","251","2.0.0","253606","180166","testolin2020_replication","2025-11-21T08:53:13.368Z","13-14 inch laptop","1710","1107","1598","937","2","24","Nov,21. 12:53AM","false"
"numerosity_discrimination","1","48","186","22","28","0.7857","j","241","<div style=""width:100vw;height:100vh;background-color:black;""></div>","j","html-keyboard-response","256","2.0.0","256474","180166","testolin2020_replication","2025-11-21T08:53:13.368Z","13-14 inch laptop","1710","1107","1598","937","2","24","Nov,21. 12:53AM","true"
"numerosity_discrimination","1","49","19","18","22","0.8182","j","169","<div style=""width:100vw;height:100vh;background-color:black;""></div>","j","html-keyboard-response","261","2.0.0","259189","180166","testolin2020_replication","2025-11-21T08:53:13.368Z","13-14 inch laptop","1710","1107","1598","937","2","24","Nov,21. 12:53AM","true"
"numerosity_discrimination","1","50","22","16","20","0.8","j","366","<div style=""width:100vw;height:100vh;background-color:black;""></div>","f","html-keyboard-response","266","2.0.0","261945","180166","testolin2020_replication","2025-11-21T08:53:13.368Z","13-14 inch laptop","1710","1107","1598","937","2","24","Nov,21. 12:53AM","false"
"numerosity_discrimination","1","51","285","11","22","0.5","j","135","<div style=""width:100vw;height:100vh;background-color:black;""></div>","j","html-keyboard-response","271","2.0.0","264605","180166","testolin2020_replication","2025-11-21T08:53:13.368Z","13-14 inch laptop","1710","1107","1598","937","2","24","Nov,21. 12:53AM","true"
"numerosity_discrimination","1","52","54","22","18","0.8182","j","70","<div style=""width:100vw;height:100vh;background-color:black;""></div>","f","html-keyboard-response","276","2.0.0","267005","180166","testolin2020_replication","2025-11-21T08:53:13.368Z","13-14 inch laptop","1710","1107","1598","937","2","24","Nov,21. 12:53AM","false"
"numerosity_discrimination","1","53","238","20","12","0.6","j","153","<div style=""width:100vw;height:100vh;background-color:black;""></div>","f","html-keyboard-response","281","2.0.0","269681","180166","testolin2020_replication","2025-11-21T08:53:13.368Z","13-14 inch laptop","1710","1107","1598","937","2","24","Nov,21. 12:53AM","false"
"numerosity_discrimination","1","54","124","16","12","0.75","j","207","<div style=""width:100vw;height:100vh;background-color:black;""></div>","f","html-keyboard-response","286","2.0.0","272338","180166","testolin2020_replication","2025-11-21T08:53:13.368Z","13-14 inch laptop","1710","1107","1598","937","2","24","Nov,21. 12:53AM","false"
"numerosity_discrimination","1","55","18","14","12","0.8571","j","427","<div style=""width:100vw;height:100vh;background-color:black;""></div>","f","html-keyboard-response","291","2.0.0","275308","180166","testolin2020_replication","2025-11-21T08:53:13.368Z","13-14 inch laptop","1710","1107","1598","937","2","24","Nov,21. 12:53AM","false"
"numerosity_discrimination","1","56","173","25","18","0.72","j","217","<div style=""width:100vw;height:100vh;background-color:black;""></div>","f","html-keyboard-response","296","2.0.0","277908","180166","testolin2020_replication","2025-11-21T08:53:13.368Z","13-14 inch laptop","1710","1107","1598","937","2","24","Nov,21. 12:53AM","false"
"numerosity_discrimination","1","57","63","9","8","0.8889","j","551","<div style=""width:100vw;height:100vh;background-color:black;""></div>","f","html-keyboard-response","301","2.0.0","280722","180166","testolin2020_replication","2025-11-21T08:53:13.368Z","13-14 inch laptop","1710","1107","1598","937","2","24","Nov,21. 12:53AM","false"
"numerosity_discrimination","1","58","159","20","28","0.7143","j","803","<div style=""width:100vw;height:100vh;background-color:black;""></div>","f","html-keyboard-response","306","2.0.0","283915","180166","testolin2020_replication","2025-11-21T08:53:13.368Z","13-14 inch laptop","1710","1107","1598","937","2","24","Nov,21. 12:53AM","false"
"numerosity_discrimination","1","59","265","18","28","0.6429","j","541","<div style=""width:100vw;height:100vh;background-color:black;""></div>","j","html-keyboard-response","311","2.0.0","286955","180166","testolin2020_replication","2025-11-21T08:53:13.368Z","13-14 inch laptop","1710","1107","1598","937","2","24","Nov,21. 12:53AM","true"
"numerosity_discrimination","1","60","17","12","14","0.8571","j","127","<div style=""width:100vw;height:100vh;background-color:black;""></div>","j","html-keyboard-response","316","2.0.0","289506","180166","testolin2020_replication","2025-11-21T08:53:13.368Z","13-14 inch laptop","1710","1107","1598","937","2","24","Nov,21. 12:53AM","true"
"numerosity_discrimination","1","61","140","11","8","0.7273","j","153","<div style=""width:100vw;height:100vh;background-color:black;""></div>","f","html-keyboard-response","321","2.0.0","292258","180166","testolin2020_replication","2025-11-21T08:53:13.368Z","13-14 inch laptop","1710","1107","1598","937","2","24","Nov,21. 12:53AM","false"
"numerosity_discrimination","1","62","208","9","7","0.7778","j","438","<div style=""width:100vw;height:100vh;background-color:black;""></div>","f","html-keyboard-response","326","2.0.0","295054","180166","testolin2020_replication","2025-11-21T08:53:13.368Z","13-14 inch laptop","1710","1107","1598","937","2","24","Nov,21. 12:53AM","false"
"numerosity_discrimination","1","63","53","18","22","0.8182","j","186","<div style=""width:100vw;height:100vh;background-color:black;""></div>","f","html-keyboard-response","331","2.0.0","297866","180166","testolin2020_replication","2025-11-21T08:53:13.368Z","13-14 inch laptop","1710","1107","1598","937","2","24","Nov,21. 12:53AM","false"
"numerosity_discrimination","1","64","126","9","7","0.7778","j","198","<div style=""width:100vw;height:100vh;background-color:black;""></div>","j","html-keyboard-response","336","2.0.0","300596","180166","testolin2020_replication","2025-11-21T08:53:13.368Z","13-14 inch laptop","1710","1107","1598","937","2","24","Nov,21. 12:53AM","true"
"numerosity_discrimination","1","65","88","12","10","0.8333","j","210","<div style=""width:100vw;height:100vh;background-color:black;""></div>","f","html-keyboard-response","341","2.0.0","303038","180166","testolin2020_replication","2025-11-21T08:53:13.368Z","13-14 inch laptop","1710","1107","1598","937","2","24","Nov,21. 12:53AM","false"
"numerosity_discrimination","1","66","116","28","25","0.8929","j","215","<div style=""width:100vw;height:100vh;background-color:black;""></div>","f","html-keyboard-response","346","2.0.0","305759","180166","testolin2020_replication","2025-11-21T08:53:13.368Z","13-14 inch laptop","1710","1107","1598","937","2","24","Nov,21. 12:53AM","false"
"numerosity_discrimination","1","67","4","12","14","0.8571","j","206","<div style=""width:100vw;height:100vh;background-color:black;""></div>","f","html-keyboard-response","351","2.0.0","308302","180166","testolin2020_replication","2025-11-21T08:53:13.368Z","13-14 inch laptop","1710","1107","1598","937","2","24","Nov,21. 12:53AM","false"
"numerosity_discrimination","1","68","287","25","14","0.56","j","91","<div style=""width:100vw;height:100vh;background-color:black;""></div>","f","html-keyboard-response","356","2.0.0","310732","180166","testolin2020_replication","2025-11-21T08:53:13.368Z","13-14 inch laptop","1710","1107","1598","937","2","24","Nov,21. 12:53AM","false"
"numerosity_discrimination","1","69","119","12","10","0.8333","j","175","<div style=""width:100vw;height:100vh;background-color:black;""></div>","j","html-keyboard-response","361","2.0.0","313466","180166","testolin2020_replication","2025-11-21T08:53:13.368Z","13-14 inch laptop","1710","1107","1598","937","2","24","Nov,21. 12:53AM","true"
"numerosity_discrimination","1","70","122","8","11","0.7273","j","149","<div style=""width:100vw;height:100vh;background-color:black;""></div>","j","html-keyboard-response","366","2.0.0","316175","180166","testolin2020_replication","2025-11-21T08:53:13.368Z","13-14 inch laptop","1710","1107","1598","937","2","24","Nov,21. 12:53AM","true"
"numerosity_discrimination","1","71","194","7","9","0.7778","j","163","<div style=""width:100vw;height:100vh;background-color:black;""></div>","j","html-keyboard-response","371","2.0.0","318588","180166","testolin2020_replication","2025-11-21T08:53:13.368Z","13-14 inch laptop","1710","1107","1598","937","2","24","Nov,21. 12:53AM","true"
"numerosity_discrimination","1","72","75","12","14","0.8571","j","393","<div style=""width:100vw;height:100vh;background-color:black;""></div>","j","html-keyboard-response","376","2.0.0","321204","180166","testolin2020_replication","2025-11-21T08:53:13.368Z","13-14 inch laptop","1710","1107","1598","937","2","24","Nov,21. 12:53AM","true"
"numerosity_discrimination","1","73","150","16","22","0.7273","j","116","<div style=""width:100vw;height:100vh;background-color:black;""></div>","j","html-keyboard-response","381","2.0.0","323686","180166","testolin2020_replication","2025-11-21T08:53:13.368Z","13-14 inch laptop","1710","1107","1598","937","2","24","Nov,21. 12:53AM","true"
"numerosity_discrimination","1","74","70","18","16","0.8889","j","260","<div style=""width:100vw;height:100vh;background-color:black;""></div>","j","html-keyboard-response","386","2.0.0","326545","180166","testolin2020_replication","2025-11-21T08:53:13.368Z","13-14 inch laptop","1710","1107","1598","937","2","24","Nov,21. 12:53AM","true"
"numerosity_discrimination","1","75","187","18","14","0.7778","j","187","<div style=""width:100vw;height:100vh;background-color:black;""></div>","j","html-keyboard-response","391","2.0.0","329256","180166","testolin2020_replication","2025-11-21T08:53:13.368Z","13-14 inch laptop","1710","1107","1598","937","2","24","Nov,21. 12:53AM","true"
"numerosity_discrimination","1","76","275","14","7","0.5","j","128","<div style=""width:100vw;height:100vh;background-color:black;""></div>","f","html-keyboard-response","396","2.0.0","331815","180166","testolin2020_replication","2025-11-21T08:53:13.368Z","13-14 inch laptop","1710","1107","1598","937","2","24","Nov,21. 12:53AM","false"
"numerosity_discrimination","1","77","192","22","28","0.7857","j","44","<div style=""width:100vw;height:100vh;background-color:black;""></div>","j","html-keyboard-response","401","2.0.0","334146","180166","testolin2020_replication","2025-11-21T08:53:13.368Z","13-14 inch laptop","1710","1107","1598","937","2","24","Nov,21. 12:53AM","true"
"numerosity_discrimination","1","78","225","14","22","0.6364","j","901","<div style=""width:100vw;height:100vh;background-color:black;""></div>","j","html-keyboard-response","406","2.0.0","337405","180166","testolin2020_replication","2025-11-21T08:53:13.368Z","13-14 inch laptop","1710","1107","1598","937","2","24","Nov,21. 12:53AM","true"
"numerosity_discrimination","1","79","59","14","12","0.8571","j","413","<div style=""width:100vw;height:100vh;background-color:black;""></div>","f","html-keyboard-response","411","2.0.0","340415","180166","testolin2020_replication","2025-11-21T08:53:13.368Z","13-14 inch laptop","1710","1107","1598","937","2","24","Nov,21. 12:53AM","false"
"numerosity_discrimination","1","80","239","22","14","0.6364","j","673","<div style=""width:100vw;height:100vh;background-color:black;""></div>","f","html-keyboard-response","416","2.0.0","343657","180166","testolin2020_replication","2025-11-21T08:53:13.368Z","13-14 inch laptop","1710","1107","1598","937","2","24","Nov,21. 12:53AM","false"
"numerosity_discrimination","1","81","226","14","9","0.6429","j","87","<div style=""width:100vw;height:100vh;background-color:black;""></div>","f","html-keyboard-response","421","2.0.0","346092","180166","testolin2020_replication","2025-11-21T08:53:13.368Z","13-14 inch laptop","1710","1107","1598","937","2","24","Nov,21. 12:53AM","false"
"numerosity_discrimination","1","82","259","18","11","0.6111","j","117","<div style=""width:100vw;height:100vh;background-color:black;""></div>","f","html-keyboard-response","426","2.0.0","348788","180166","testolin2020_replication","2025-11-21T08:53:13.368Z","13-14 inch laptop","1710","1107","1598","937","2","24","Nov,21. 12:53AM","false"
"numerosity_discrimination","1","83","184","18","14","0.7778","j","249","<div style=""width:100vw;height:100vh;background-color:black;""></div>","f","html-keyboard-response","431","2.0.0","351544","180166","testolin2020_replication","2025-11-21T08:53:13.368Z","13-14 inch laptop","1710","1107","1598","937","2","24","Nov,21. 12:53AM","false"
"numerosity_discrimination","1","84","100","28","25","0.8929","j","161","<div style=""width:100vw;height:100vh;background-color:black;""></div>","f","html-keyboard-response","436","2.0.0","354129","180166","testolin2020_replication","2025-11-21T08:53:13.368Z","13-14 inch laptop","1710","1107","1598","937","2","24","Nov,21. 12:53AM","false"
"numerosity_discrimination","1","85","38","14","16","0.875","j","525","<div style=""width:100vw;height:100vh;background-color:black;""></div>","f","html-keyboard-response","441","2.0.0","357263","180166","testolin2020_replication","2025-11-21T08:53:13.368Z","13-14 inch laptop","1710","1107","1598","937","2","24","Nov,21. 12:53AM","false"
"numerosity_discrimination","1","86","109","12","14","0.8571","j","165","<div style=""width:100vw;height:100vh;background-color:black;""></div>","j","html-keyboard-response","446","2.0.0","359906","180166","testolin2020_replication","2025-11-21T08:53:13.368Z","13-14 inch laptop","1710","1107","1598","937","2","24","Nov,21. 12:53AM","true"
"numerosity_discrimination","1","87","231","25","16","0.64","j","116","<div style=""width:100vw;height:100vh;background-color:black;""></div>","f","html-keyboard-response","451","2.0.0","362645","180166","testolin2020_replication","2025-11-21T08:53:13.368Z","13-14 inch laptop","1710","1107","1598","937","2","24","Nov,21. 12:53AM","false"
"numerosity_discrimination","1","88","282","8","14","0.5714","j","83","<div style=""width:100vw;height:100vh;background-color:black;""></div>","j","html-keyboard-response","456","2.0.0","365081","180166","testolin2020_replication","2025-11-21T08:53:13.368Z","13-14 inch laptop","1710","1107","1598","937","2","24","Nov,21. 12:53AM","true"
"numerosity_discrimination","1","89","37","20","16","0.8","j","57","<div style=""width:100vw;height:100vh;background-color:black;""></div>","f","html-keyboard-response","461","2.0.0","367691","180166","testolin2020_replication","2025-11-21T08:53:13.368Z","13-14 inch laptop","1710","1107","1598","937","2","24","Nov,21. 12:53AM","false"
"numerosity_discrimination","1","90","41","16","20","0.8","j","492","<div style=""width:100vw;height:100vh;background-color:black;""></div>","f","html-keyboard-response","466","2.0.0","370757","180166","testolin2020_replication","2025-11-21T08:53:13.368Z","13-14 inch laptop","1710","1107","1598","937","2","24","Nov,21. 12:53AM","false"
"numerosity_discrimination","1","91","11","8","10","0.8","j","167","<div style=""width:100vw;height:100vh;background-color:black;""></div>","j","html-keyboard-response","471","2.0.0","373133","180166","testolin2020_replication","2025-11-21T08:53:13.368Z","13-14 inch laptop","1710","1107","1598","937","2","24","Nov,21. 12:53AM","true"
"numerosity_discrimination","1","92","163","18","14","0.7778","j","59","<div style=""width:100vw;height:100vh;background-color:black;""></div>","f","html-keyboard-response","476","2.0.0","375664","180166","testolin2020_replication","2025-11-21T08:53:13.368Z","13-14 inch laptop","1710","1107","1598","937","2","24","Nov,21. 12:53AM","false"
"numerosity_discrimination","1","93","243","18","12","0.6667","j","82","<div style=""width:100vw;height:100vh;background-color:black;""></div>","f","html-keyboard-response","481","2.0.0","378214","180166","testolin2020_replication","2025-11-21T08:53:13.368Z","13-14 inch laptop","1710","1107","1598","937","2","24","Nov,21. 12:53AM","false"
"numerosity_discrimination","1","94","290","12","22","0.5455","j","94","<div style=""width:100vw;height:100vh;background-color:black;""></div>","j","html-keyboard-response","486","2.0.0","380526","180166","testolin2020_replication","2025-11-21T08:53:13.368Z","13-14 inch laptop","1710","1107","1598","937","2","24","Nov,21. 12:53AM","true"
"numerosity_discrimination","1","95","281","12","7","0.5833","j","14584","<div style=""width:100vw;height:100vh;background-color:black;""></div>","j","html-keyboard-response","491","2.0.0","397561","180166","testolin2020_replication","2025-11-21T08:53:13.368Z","13-14 inch laptop","1710","1107","1598","937","2","24","Nov,21. 12:53AM","true"
"numerosity_discrimination","1","96","134","16","12","0.75","j","777","<div style=""width:100vw;height:100vh;background-color:black;""></div>","f","html-keyboard-response","496","2.0.0","400946","180166","testolin2020_replication","2025-11-21T08:53:13.368Z","13-14 inch laptop","1710","1107","1598","937","2","24","Nov,21. 12:53AM","false"
"numerosity_discrimination","1","97","123","12","16","0.75","j","128","<div style=""width:100vw;height:100vh;background-color:black;""></div>","j","html-keyboard-response","501","2.0.0","403283","180166","testolin2020_replication","2025-11-21T08:53:13.368Z","13-14 inch laptop","1710","1107","1598","937","2","24","Nov,21. 12:53AM","true"
"numerosity_discrimination","1","98","274","18","9","0.5","j","43","<div style=""width:100vw;height:100vh;background-color:black;""></div>","f","html-keyboard-response","506","2.0.0","405625","180166","testolin2020_replication","2025-11-21T08:53:13.368Z","13-14 inch laptop","1710","1107","1598","937","2","24","Nov,21. 12:53AM","false"
"numerosity_discrimination","1","99","112","28","25","0.8929","j","132","<div style=""width:100vw;height:100vh;background-color:black;""></div>","f","html-keyboard-response","511","2.0.0","408310","180166","testolin2020_replication","2025-11-21T08:53:13.368Z","13-14 inch laptop","1710","1107","1598","937","2","24","Nov,21. 12:53AM","false"
"numerosity_discrimination","1","100","295","20","10","0.5","j","53","<div style=""width:100vw;height:100vh;background-color:black;""></div>","f","html-keyboard-response","516","2.0.0","410891","180166","testolin2020_replication","2025-11-21T08:53:13.368Z","13-14 inch laptop","1710","1107","1598","937","2","24","Nov,21. 12:53AM","false"
"numerosity_discrimination","2","101","46","18","22","0.8182","j","323","<div style=""width:100vw;height:100vh;background-color:black;""></div>","j","html-keyboard-response","523","2.0.0","421262","180166","testolin2020_replication","2025-11-21T08:53:13.368Z","13-14 inch laptop","1710","1107","1598","937","2","24","Nov,21. 12:53AM","true"
"numerosity_discrimination","2","102","77","7","8","0.875","j","178","<div style=""width:100vw;height:100vh;background-color:black;""></div>","j","html-keyboard-response","528","2.0.0","423694","180166","testolin2020_replication","2025-11-21T08:53:13.368Z","13-14 inch laptop","1710","1107","1598","937","2","24","Nov,21. 12:53AM","true"
"numerosity_discrimination","2","103","68","11","9","0.8182","j","23","<div style=""width:100vw;height:100vh;background-color:black;""></div>","f","html-keyboard-response","533","2.0.0","426020","180166","testolin2020_replication","2025-11-21T08:53:13.368Z","13-14 inch laptop","1710","1107","1598","937","2","24","Nov,21. 12:53AM","false"
"numerosity_discrimination","2","104","178","14","11","0.7857","j","150","<div style=""width:100vw;height:100vh;background-color:black;""></div>","f","html-keyboard-response","538","2.0.0","428774","180166","testolin2020_replication","2025-11-21T08:53:13.368Z","13-14 inch laptop","1710","1107","1598","937","2","24","Nov,21. 12:53AM","false"
"numerosity_discrimination","2","105","30","11","9","0.8182","j","191","<div style=""width:100vw;height:100vh;background-color:black;""></div>","f","html-keyboard-response","543","2.0.0","431324","180166","testolin2020_replication","2025-11-21T08:53:13.368Z","13-14 inch laptop","1710","1107","1598","937","2","24","Nov,21. 12:53AM","false"
"numerosity_discrimination","2","106","86","22","25","0.88","j","667","<div style=""width:100vw;height:100vh;background-color:black;""></div>","j","html-keyboard-response","548","2.0.0","434542","180166","testolin2020_replication","2025-11-21T08:53:13.368Z","13-14 inch laptop","1710","1107","1598","937","2","24","Nov,21. 12:53AM","true"
"numerosity_discrimination","2","107","244","8","12","0.6667","j","199","<div style=""width:100vw;height:100vh;background-color:black;""></div>","j","html-keyboard-response","553","2.0.0","437263","180166","testolin2020_replication","2025-11-21T08:53:13.368Z","13-14 inch laptop","1710","1107","1598","937","2","24","Nov,21. 12:53AM","true"
"numerosity_discrimination","2","108","195","16","12","0.75","j","60","<div style=""width:100vw;height:100vh;background-color:black;""></div>","f","html-keyboard-response","558","2.0.0","439529","180166","testolin2020_replication","2025-11-21T08:53:13.368Z","13-14 inch laptop","1710","1107","1598","937","2","24","Nov,21. 12:53AM","false"
"numerosity_discrimination","2","109","78","11","9","0.8182","j","484","<div style=""width:100vw;height:100vh;background-color:black;""></div>","f","html-keyboard-response","563","2.0.0","442546","180166","testolin2020_replication","2025-11-21T08:53:13.368Z","13-14 inch laptop","1710","1107","1598","937","2","24","Nov,21. 12:53AM","false"
"numerosity_discrimination","2","110","6","16","18","0.8889","j","187","<div style=""width:100vw;height:100vh;background-color:black;""></div>","j","html-keyboard-response","568","2.0.0","445317","180166","testolin2020_replication","2025-11-21T08:53:13.368Z","13-14 inch laptop","1710","1107","1598","937","2","24","Nov,21. 12:53AM","true"
"numerosity_discrimination","2","111","185","20","28","0.7143","j","39","<div style=""width:100vw;height:100vh;background-color:black;""></div>","j","html-keyboard-response","573","2.0.0","447798","180166","testolin2020_replication","2025-11-21T08:53:13.368Z","13-14 inch laptop","1710","1107","1598","937","2","24","Nov,21. 12:53AM","true"
"numerosity_discrimination","2","112","148","25","18","0.72","j","42","<div style=""width:100vw;height:100vh;background-color:black;""></div>","f","html-keyboard-response","578","2.0.0","450108","180166","testolin2020_replication","2025-11-21T08:53:13.368Z","13-14 inch laptop","1710","1107","1598","937","2","24","Nov,21. 12:53AM","false"
"numerosity_discrimination","2","113","157","7","10","0.7","j","269","<div style=""width:100vw;height:100vh;background-color:black;""></div>","j","html-keyboard-response","583","2.0.0","452991","180166","testolin2020_replication","2025-11-21T08:53:13.368Z","13-14 inch laptop","1710","1107","1598","937","2","24","Nov,21. 12:53AM","true"
"numerosity_discrimination","2","114","141","20","14","0.7","j","272","<div style=""width:100vw;height:100vh;background-color:black;""></div>","f","html-keyboard-response","588","2.0.0","455625","180166","testolin2020_replication","2025-11-21T08:53:13.368Z","13-14 inch laptop","1710","1107","1598","937","2","24","Nov,21. 12:53AM","false"
"numerosity_discrimination","2","115","253","22","14","0.6364","j","54","<div style=""width:100vw;height:100vh;background-color:black;""></div>","f","html-keyboard-response","593","2.0.0","457944","180166","testolin2020_replication","2025-11-21T08:53:13.368Z","13-14 inch laptop","1710","1107","1598","937","2","24","Nov,21. 12:53AM","false"
"numerosity_discrimination","2","116","214","20","12","0.6","j","253","<div style=""width:100vw;height:100vh;background-color:black;""></div>","j","html-keyboard-response","598","2.0.0","460701","180166","testolin2020_replication","2025-11-21T08:53:13.368Z","13-14 inch laptop","1710","1107","1598","937","2","24","Nov,21. 12:53AM","true"
"numerosity_discrimination","2","117","102","8","7","0.875","j","538","<div style=""width:100vw;height:100vh;background-color:black;""></div>","f","html-keyboard-response","603","2.0.0","463812","180166","testolin2020_replication","2025-11-21T08:53:13.368Z","13-14 inch laptop","1710","1107","1598","937","2","24","Nov,21. 12:53AM","false"
"numerosity_discrimination","2","118","96","12","10","0.8333","j","153","<div style=""width:100vw;height:100vh;background-color:black;""></div>","f","html-keyboard-response","608","2.0.0","466626","180166","testolin2020_replication","2025-11-21T08:53:13.368Z","13-14 inch laptop","1710","1107","1598","937","2","24","Nov,21. 12:53AM","false"
"numerosity_discrimination","2","119","220","28","18","0.6429","j","51","<div style=""width:100vw;height:100vh;background-color:black;""></div>","f","html-keyboard-response","613","2.0.0","468840","180166","testolin2020_replication","2025-11-21T08:53:13.368Z","13-14 inch laptop","1710","1107","1598","937","2","24","Nov,21. 12:53AM","false"
"numerosity_discrimination","2","120","142","11","14","0.7857","j","84","<div style=""width:100vw;height:100vh;background-color:black;""></div>","j","html-keyboard-response","618","2.0.0","471416","180166","testolin2020_replication","2025-11-21T08:53:13.368Z","13-14 inch laptop","1710","1107","1598","937","2","24","Nov,21. 12:53AM","true"
"numerosity_discrimination","2","121","183","14","20","0.7","j","46","<div style=""width:100vw;height:100vh;background-color:black;""></div>","j","html-keyboard-response","623","2.0.0","473635","180166","testolin2020_replication","2025-11-21T08:53:13.368Z","13-14 inch laptop","1710","1107","1598","937","2","24","Nov,21. 12:53AM","true"
"numerosity_discrimination","2","122","291","11","20","0.55","j","58","<div style=""width:100vw;height:100vh;background-color:black;""></div>","j","html-keyboard-response","628","2.0.0","476031","180166","testolin2020_replication","2025-11-21T08:53:13.368Z","13-14 inch laptop","1710","1107","1598","937","2","24","Nov,21. 12:53AM","true"
"numerosity_discrimination","2","123","248","22","14","0.6364","j","110","<div style=""width:100vw;height:100vh;background-color:black;""></div>","f","html-keyboard-response","633","2.0.0","478358","180166","testolin2020_replication","2025-11-21T08:53:13.368Z","13-14 inch laptop","1710","1107","1598","937","2","24","Nov,21. 12:53AM","false"
"numerosity_discrimination","2","124","230","10","16","0.625","j","113","<div style=""width:100vw;height:100vh;background-color:black;""></div>","j","html-keyboard-response","638","2.0.0","480891","180166","testolin2020_replication","2025-11-21T08:53:13.368Z","13-14 inch laptop","1710","1107","1598","937","2","24","Nov,21. 12:53AM","true"
"numerosity_discrimination","2","125","283","20","11","0.55","j","148","<div style=""width:100vw;height:100vh;background-color:black;""></div>","f","html-keyboard-response","643","2.0.0","483657","180166","testolin2020_replication","2025-11-21T08:53:13.368Z","13-14 inch laptop","1710","1107","1598","937","2","24","Nov,21. 12:53AM","false"
"numerosity_discrimination","2","126","14","8","7","0.875","j","110","<div style=""width:100vw;height:100vh;background-color:black;""></div>","j","html-keyboard-response","648","2.0.0","486422","180166","testolin2020_replication","2025-11-21T08:53:13.368Z","13-14 inch laptop","1710","1107","1598","937","2","24","Nov,21. 12:53AM","true"
"numerosity_discrimination","2","127","297","18","10","0.5556","j","8596","<div style=""width:100vw;height:100vh;background-color:black;""></div>","j","html-keyboard-response","653","2.0.0","497330","180166","testolin2020_replication","2025-11-21T08:53:13.368Z","13-14 inch laptop","1710","1107","1598","937","2","24","Nov,21. 12:53AM","true"
"numerosity_discrimination","2","128","250","18","12","0.6667","j","104","<div style=""width:100vw;height:100vh;background-color:black;""></div>","f","html-keyboard-response","658","2.0.0","499767","180166","testolin2020_replication","2025-11-21T08:53:13.368Z","13-14 inch laptop","1710","1107","1598","937","2","24","Nov,21. 12:53AM","false"
"numerosity_discrimination","2","129","79","16","18","0.8889","j","199","<div style=""width:100vw;height:100vh;background-color:black;""></div>","f","html-keyboard-response","663","2.0.0","502594","180166","testolin2020_replication","2025-11-21T08:53:13.368Z","13-14 inch laptop","1710","1107","1598","937","2","24","Nov,21. 12:53AM","false"
"numerosity_discrimination","2","130","171","12","9","0.75","j","42","<div style=""width:100vw;height:100vh;background-color:black;""></div>","f","html-keyboard-response","668","2.0.0","505250","180166","testolin2020_replication","2025-11-21T08:53:13.368Z","13-14 inch laptop","1710","1107","1598","937","2","24","Nov,21. 12:53AM","false"
"numerosity_discrimination","2","131","8","16","14","0.875","j","10763","<div style=""width:100vw;height:100vh;background-color:black;""></div>","j","html-keyboard-response","673","2.0.0","518268","180166","testolin2020_replication","2025-11-21T08:53:13.368Z","13-14 inch laptop","1710","1107","1598","937","2","24","Nov,21. 12:53AM","true"
"numerosity_discrimination","2","132","107","16","18","0.8889","j","263","<div style=""width:100vw;height:100vh;background-color:black;""></div>","j","html-keyboard-response","678","2.0.0","521057","180166","testolin2020_replication","2025-11-21T08:53:13.368Z","13-14 inch laptop","1710","1107","1598","937","2","24","Nov,21. 12:53AM","true"
"numerosity_discrimination","2","133","99","22","18","0.8182","j","164","<div style=""width:100vw;height:100vh;background-color:black;""></div>","j","html-keyboard-response","683","2.0.0","523685","180166","testolin2020_replication","2025-11-21T08:53:13.368Z","13-14 inch laptop","1710","1107","1598","937","2","24","Nov,21. 12:53AM","true"
"numerosity_discrimination","2","134","224","9","14","0.6429","j","668","<div style=""width:100vw;height:100vh;background-color:black;""></div>","f","html-keyboard-response","688","2.0.0","526725","180166","testolin2020_replication","2025-11-21T08:53:13.368Z","13-14 inch laptop","1710","1107","1598","937","2","24","Nov,21. 12:53AM","false"
"numerosity_discrimination","2","135","151","9","7","0.7778","j","140","<div style=""width:100vw;height:100vh;background-color:black;""></div>","j","html-keyboard-response","693","2.0.0","529200","180166","testolin2020_replication","2025-11-21T08:53:13.368Z","13-14 inch laptop","1710","1107","1598","937","2","24","Nov,21. 12:53AM","true"
"numerosity_discrimination","2","136","133","10","14","0.7143","j","179","<div style=""width:100vw;height:100vh;background-color:black;""></div>","j","html-keyboard-response","698","2.0.0","532030","180166","testolin2020_replication","2025-11-21T08:53:13.368Z","13-14 inch laptop","1710","1107","1598","937","2","24","Nov,21. 12:53AM","true"
"numerosity_discrimination","2","137","258","14","22","0.6364","j","19","<div style=""width:100vw;height:100vh;background-color:black;""></div>","j","html-keyboard-response","703","2.0.0","534595","180166","testolin2020_replication","2025-11-21T08:53:13.368Z","13-14 inch laptop","1710","1107","1598","937","2","24","Nov,21. 12:53AM","true"
"numerosity_discrimination","2","138","82","16","14","0.875","j","443","<div style=""width:100vw;height:100vh;background-color:black;""></div>","j","html-keyboard-response","708","2.0.0","537529","180166","testolin2020_replication","2025-11-21T08:53:13.368Z","13-14 inch laptop","1710","1107","1598","937","2","24","Nov,21. 12:53AM","true"
"numerosity_discrimination","2","139","146","10","14","0.7143","j","129","<div style=""width:100vw;height:100vh;background-color:black;""></div>","j","html-keyboard-response","713","2.0.0","540046","180166","testolin2020_replication","2025-11-21T08:53:13.368Z","13-14 inch laptop","1710","1107","1598","937","2","24","Nov,21. 12:53AM","true"
"numerosity_discrimination","2","140","215","16","11","0.6875","j","116","<div style=""width:100vw;height:100vh;background-color:black;""></div>","f","html-keyboard-response","718","2.0.0","542565","180166","testolin2020_replication","2025-11-21T08:53:13.368Z","13-14 inch laptop","1710","1107","1598","937","2","24","Nov,21. 12:53AM","false"
"numerosity_discrimination","2","141","209","9","7","0.7778","j","43","<div style=""width:100vw;height:100vh;background-color:black;""></div>","f","html-keyboard-response","723","2.0.0","545018","180166","testolin2020_replication","2025-11-21T08:53:13.368Z","13-14 inch laptop","1710","1107","1598","937","2","24","Nov,21. 12:53AM","false"
"numerosity_discrimination","2","142","156","12","16","0.75","j","80","<div style=""width:100vw;height:100vh;background-color:black;""></div>","j","html-keyboard-response","728","2.0.0","547450","180166","testolin2020_replication","2025-11-21T08:53:13.368Z","13-14 inch laptop","1710","1107","1598","937","2","24","Nov,21. 12:53AM","true"
"numerosity_discrimination","2","143","181","10","14","0.7143","j","71","<div style=""width:100vw;height:100vh;background-color:black;""></div>","f","html-keyboard-response","733","2.0.0","549862","180166","testolin2020_replication","2025-11-21T08:53:13.368Z","13-14 inch laptop","1710","1107","1598","937","2","24","Nov,21. 12:53AM","false"
"numerosity_discrimination","2","144","270","14","22","0.6364","j","1","<div style=""width:100vw;height:100vh;background-color:black;""></div>","j","html-keyboard-response","738","2.0.0","552498","180166","testolin2020_replication","2025-11-21T08:53:13.368Z","13-14 inch laptop","1710","1107","1598","937","2","24","Nov,21. 12:53AM","true"
"numerosity_discrimination","2","145","293","7","12","0.5833","j","89","<div style=""width:100vw;height:100vh;background-color:black;""></div>","j","html-keyboard-response","743","2.0.0","554941","180166","testolin2020_replication","2025-11-21T08:53:13.368Z","13-14 inch laptop","1710","1107","1598","937","2","24","Nov,21. 12:53AM","true"
"numerosity_discrimination","2","146","154","11","14","0.7857","j","118","<div style=""width:100vw;height:100vh;background-color:black;""></div>","f","html-keyboard-response","748","2.0.0","557279","180166","testolin2020_replication","2025-11-21T08:53:13.368Z","13-14 inch laptop","1710","1107","1598","937","2","24","Nov,21. 12:53AM","false"
"numerosity_discrimination","2","147","137","10","7","0.7","j","274","<div style=""width:100vw;height:100vh;background-color:black;""></div>","j","html-keyboard-response","753","2.0.0","560030","180166","testolin2020_replication","2025-11-21T08:53:13.368Z","13-14 inch laptop","1710","1107","1598","937","2","24","Nov,21. 12:53AM","true"
"numerosity_discrimination","2","148","95","9","8","0.8889","j","60","<div style=""width:100vw;height:100vh;background-color:black;""></div>","f","html-keyboard-response","758","2.0.0","562588","180166","testolin2020_replication","2025-11-21T08:53:13.368Z","13-14 inch laptop","1710","1107","1598","937","2","24","Nov,21. 12:53AM","false"
"numerosity_discrimination","2","149","240","20","12","0.6","j","24","<div style=""width:100vw;height:100vh;background-color:black;""></div>","f","html-keyboard-response","763","2.0.0","564998","180166","testolin2020_replication","2025-11-21T08:53:13.368Z","13-14 inch laptop","1710","1107","1598","937","2","24","Nov,21. 12:53AM","false"
"numerosity_discrimination","2","150","191","28","20","0.7143","j","65","<div style=""width:100vw;height:100vh;background-color:black;""></div>","f","html-keyboard-response","768","2.0.0","567652","180166","testolin2020_replication","2025-11-21T08:53:13.368Z","13-14 inch laptop","1710","1107","1598","937","2","24","Nov,21. 12:53AM","false"
"numerosity_discrimination","2","151","162","16","22","0.7273","j","41","<div style=""width:100vw;height:100vh;background-color:black;""></div>","j","html-keyboard-response","773","2.0.0","569925","180166","testolin2020_replication","2025-11-21T08:53:13.368Z","13-14 inch laptop","1710","1107","1598","937","2","24","Nov,21. 12:53AM","true"
"numerosity_discrimination","2","152","64","9","11","0.8182","j","656","<div style=""width:100vw;height:100vh;background-color:black;""></div>","j","html-keyboard-response","778","2.0.0","572808","180166","testolin2020_replication","2025-11-21T08:53:13.368Z","13-14 inch laptop","1710","1107","1598","937","2","24","Nov,21. 12:53AM","true"
"numerosity_discrimination","2","153","58","18","22","0.8182","j","780","<div style=""width:100vw;height:100vh;background-color:black;""></div>","j","html-keyboard-response","783","2.0.0","576051","180166","testolin2020_replication","2025-11-21T08:53:13.368Z","13-14 inch laptop","1710","1107","1598","937","2","24","Nov,21. 12:53AM","true"
"numerosity_discrimination","2","154","66","9","11","0.8182","j","770","<div style=""width:100vw;height:100vh;background-color:black;""></div>","j","html-keyboard-response","788","2.0.0","579270","180166","testolin2020_replication","2025-11-21T08:53:13.368Z","13-14 inch laptop","1710","1107","1598","937","2","24","Nov,21. 12:53AM","true"
"numerosity_discrimination","2","155","266","7","11","0.6364","j","133","<div style=""width:100vw;height:100vh;background-color:black;""></div>","j","html-keyboard-response","793","2.0.0","581884","180166","testolin2020_replication","2025-11-21T08:53:13.368Z","13-14 inch laptop","1710","1107","1598","937","2","24","Nov,21. 12:53AM","true"
"numerosity_discrimination","2","156","90","7","8","0.875","j","383","<div style=""width:100vw;height:100vh;background-color:black;""></div>","f","html-keyboard-response","798","2.0.0","584655","180166","testolin2020_replication","2025-11-21T08:53:13.368Z","13-14 inch laptop","1710","1107","1598","937","2","24","Nov,21. 12:53AM","false"
"numerosity_discrimination","2","157","74","12","10","0.8333","j","422","<div style=""width:100vw;height:100vh;background-color:black;""></div>","j","html-keyboard-response","803","2.0.0","587468","180166","testolin2020_replication","2025-11-21T08:53:13.368Z","13-14 inch laptop","1710","1107","1598","937","2","24","Nov,21. 12:53AM","true"
"numerosity_discrimination","2","158","288","18","10","0.5556","j","50","<div style=""width:100vw;height:100vh;background-color:black;""></div>","f","html-keyboard-response","808","2.0.0","589966","180166","testolin2020_replication","2025-11-21T08:53:13.368Z","13-14 inch laptop","1710","1107","1598","937","2","24","Nov,21. 12:53AM","false"
"numerosity_discrimination","2","159","85","7","8","0.875","j","149","<div style=""width:100vw;height:100vh;background-color:black;""></div>","j","html-keyboard-response","813","2.0.0","592457","180166","testolin2020_replication","2025-11-21T08:53:13.368Z","13-14 inch laptop","1710","1107","1598","937","2","24","Nov,21. 12:53AM","true"
"numerosity_discrimination","2","160","87","14","16","0.875","j","229","<div style=""width:100vw;height:100vh;background-color:black;""></div>","j","html-keyboard-response","818","2.0.0","595165","180166","testolin2020_replication","2025-11-21T08:53:13.368Z","13-14 inch laptop","1710","1107","1598","937","2","24","Nov,21. 12:53AM","true"
"numerosity_discrimination","2","161","205","14","11","0.7857","j","6339","<div style=""width:100vw;height:100vh;background-color:black;""></div>","f","html-keyboard-response","823","2.0.0","603726","180166","testolin2020_replication","2025-11-21T08:53:13.368Z","13-14 inch laptop","1710","1107","1598","937","2","24","Nov,21. 12:53AM","false"
"numerosity_discrimination","2","162","83","7","8","0.875","j","474","<div style=""width:100vw;height:100vh;background-color:black;""></div>","f","html-keyboard-response","828","2.0.0","606521","180166","testolin2020_replication","2025-11-21T08:53:13.368Z","13-14 inch laptop","1710","1107","1598","937","2","24","Nov,21. 12:53AM","false"
"numerosity_discrimination","2","163","292","8","14","0.5714","j","7013","<div style=""width:100vw;height:100vh;background-color:black;""></div>","f","html-keyboard-response","833","2.0.0","615803","180166","testolin2020_replication","2025-11-21T08:53:13.368Z","13-14 inch laptop","1710","1107","1598","937","2","24","Nov,21. 12:53AM","false"
"numerosity_discrimination","2","164","24","12","10","0.8333","j","94","<div style=""width:100vw;height:100vh;background-color:black;""></div>","f","html-keyboard-response","838","2.0.0","618351","180166","testolin2020_replication","2025-11-21T08:53:13.368Z","13-14 inch laptop","1710","1107","1598","937","2","24","Nov,21. 12:53AM","false"
"numerosity_discrimination","2","165","114","20","16","0.8","j","36","<div style=""width:100vw;height:100vh;background-color:black;""></div>","f","html-keyboard-response","843","2.0.0","620549","180166","testolin2020_replication","2025-11-21T08:53:13.368Z","13-14 inch laptop","1710","1107","1598","937","2","24","Nov,21. 12:53AM","false"
"numerosity_discrimination","2","166","20","7","8","0.875","j","3668","<div style=""width:100vw;height:100vh;background-color:black;""></div>","j","html-keyboard-response","848","2.0.0","626432","180166","testolin2020_replication","2025-11-21T08:53:13.368Z","13-14 inch laptop","1710","1107","1598","937","2","24","Nov,21. 12:53AM","true"
"numerosity_discrimination","2","167","36","9","11","0.8182","j","221","<div style=""width:100vw;height:100vh;background-color:black;""></div>","j","html-keyboard-response","853","2.0.0","629255","180166","testolin2020_replication","2025-11-21T08:53:13.368Z","13-14 inch laptop","1710","1107","1598","937","2","24","Nov,21. 12:53AM","true"
"numerosity_discrimination","2","168","131","11","14","0.7857","j","10099","<div style=""width:100vw;height:100vh;background-color:black;""></div>","j","html-keyboard-response","858","2.0.0","641645","180166","testolin2020_replication","2025-11-21T08:53:13.368Z","13-14 inch laptop","1710","1107","1598","937","2","24","Nov,21. 12:53AM","true"
"numerosity_discrimination","2","169","190","18","14","0.7778","j","124","<div style=""width:100vw;height:100vh;background-color:black;""></div>","f","html-keyboard-response","863","2.0.0","644392","180166","testolin2020_replication","2025-11-21T08:53:13.368Z","13-14 inch laptop","1710","1107","1598","937","2","24","Nov,21. 12:53AM","false"
"numerosity_discrimination","2","170","129","12","9","0.75","j","52","<div style=""width:100vw;height:100vh;background-color:black;""></div>","f","html-keyboard-response","868","2.0.0","646652","180166","testolin2020_replication","2025-11-21T08:53:13.368Z","13-14 inch laptop","1710","1107","1598","937","2","24","Nov,21. 12:53AM","false"
"numerosity_discrimination","2","171","12","20","16","0.8","j","29","<div style=""width:100vw;height:100vh;background-color:black;""></div>","f","html-keyboard-response","873","2.0.0","649022","180166","testolin2020_replication","2025-11-21T08:53:13.368Z","13-14 inch laptop","1710","1107","1598","937","2","24","Nov,21. 12:53AM","false"
"numerosity_discrimination","2","172","42","22","25","0.88","j","150","<div style=""width:100vw;height:100vh;background-color:black;""></div>","f","html-keyboard-response","878","2.0.0","651612","180166","testolin2020_replication","2025-11-21T08:53:13.368Z","13-14 inch laptop","1710","1107","1598","937","2","24","Nov,21. 12:53AM","false"
"numerosity_discrimination","2","173","127","14","10","0.7143","j","882","<div style=""width:100vw;height:100vh;background-color:black;""></div>","j","html-keyboard-response","883","2.0.0","654660","180166","testolin2020_replication","2025-11-21T08:53:13.368Z","13-14 inch laptop","1710","1107","1598","937","2","24","Nov,21. 12:53AM","true"
"numerosity_discrimination","2","174","13","7","8","0.875","j","109","<div style=""width:100vw;height:100vh;background-color:black;""></div>","j","html-keyboard-response","888","2.0.0","657037","180166","testolin2020_replication","2025-11-21T08:53:13.368Z","13-14 inch laptop","1710","1107","1598","937","2","24","Nov,21. 12:53AM","true"
"numerosity_discrimination","2","175","196","12","16","0.75","j","200","<div style=""width:100vw;height:100vh;background-color:black;""></div>","j","html-keyboard-response","893","2.0.0","659473","180166","testolin2020_replication","2025-11-21T08:53:13.368Z","13-14 inch laptop","1710","1107","1598","937","2","24","Nov,21. 12:53AM","true"
"numerosity_discrimination","2","176","210","14","11","0.7857","j","38","<div style=""width:100vw;height:100vh;background-color:black;""></div>","f","html-keyboard-response","898","2.0.0","662059","180166","testolin2020_replication","2025-11-21T08:53:13.368Z","13-14 inch laptop","1710","1107","1598","937","2","24","Nov,21. 12:53AM","false"
"numerosity_discrimination","2","177","65","12","14","0.8571","j","145","<div style=""width:100vw;height:100vh;background-color:black;""></div>","j","html-keyboard-response","903","2.0.0","664475","180166","testolin2020_replication","2025-11-21T08:53:13.368Z","13-14 inch laptop","1710","1107","1598","937","2","24","Nov,21. 12:53AM","true"
"numerosity_discrimination","2","178","121","12","16","0.75","j","152","<div style=""width:100vw;height:100vh;background-color:black;""></div>","j","html-keyboard-response","908","2.0.0","666796","180166","testolin2020_replication","2025-11-21T08:53:13.368Z","13-14 inch laptop","1710","1107","1598","937","2","24","Nov,21. 12:53AM","true"
"numerosity_discrimination","2","179","76","8","7","0.875","j","110","<div style=""width:100vw;height:100vh;background-color:black;""></div>","j","html-keyboard-response","913","2.0.0","669231","180166","testolin2020_replication","2025-11-21T08:53:13.368Z","13-14 inch laptop","1710","1107","1598","937","2","24","Nov,21. 12:53AM","true"
"numerosity_discrimination","2","180","174","22","16","0.7273","j","123","<div style=""width:100vw;height:100vh;background-color:black;""></div>","f","html-keyboard-response","918","2.0.0","671814","180166","testolin2020_replication","2025-11-21T08:53:13.368Z","13-14 inch laptop","1710","1107","1598","937","2","24","Nov,21. 12:53AM","false"
"numerosity_discrimination","2","181","273","18","9","0.5","j","13","<div style=""width:100vw;height:100vh;background-color:black;""></div>","f","html-keyboard-response","923","2.0.0","674180","180166","testolin2020_replication","2025-11-21T08:53:13.368Z","13-14 inch laptop","1710","1107","1598","937","2","24","Nov,21. 12:53AM","false"
"numerosity_discrimination","2","182","176","10","14","0.7143","j","50","<div style=""width:100vw;height:100vh;background-color:black;""></div>","j","html-keyboard-response","928","2.0.0","676732","180166","testolin2020_replication","2025-11-21T08:53:13.368Z","13-14 inch laptop","1710","1107","1598","937","2","24","Nov,21. 12:53AM","true"
"numerosity_discrimination","2","183","50","14","16","0.875","j","155","<div style=""width:100vw;height:100vh;background-color:black;""></div>","f","html-keyboard-response","933","2.0.0","679412","180166","testolin2020_replication","2025-11-21T08:53:13.368Z","13-14 inch laptop","1710","1107","1598","937","2","24","Nov,21. 12:53AM","false"
"numerosity_discrimination","2","184","145","12","9","0.75","j","34","<div style=""width:100vw;height:100vh;background-color:black;""></div>","j","html-keyboard-response","938","2.0.0","681669","180166","testolin2020_replication","2025-11-21T08:53:13.368Z","13-14 inch laptop","1710","1107","1598","937","2","24","Nov,21. 12:53AM","true"
"numerosity_discrimination","2","185","219","9","14","0.6429","j","103","<div style=""width:100vw;height:100vh;background-color:black;""></div>","j","html-keyboard-response","943","2.0.0","683981","180166","testolin2020_replication","2025-11-21T08:53:13.368Z","13-14 inch laptop","1710","1107","1598","937","2","24","Nov,21. 12:53AM","true"
"numerosity_discrimination","2","186","3","16","14","0.875","j","438","<div style=""width:100vw;height:100vh;background-color:black;""></div>","j","html-keyboard-response","948","2.0.0","686887","180166","testolin2020_replication","2025-11-21T08:53:13.368Z","13-14 inch laptop","1710","1107","1598","937","2","24","Nov,21. 12:53AM","true"
"numerosity_discrimination","2","187","201","20","14","0.7","j","4","<div style=""width:100vw;height:100vh;background-color:black;""></div>","f","html-keyboard-response","953","2.0.0","689114","180166","testolin2020_replication","2025-11-21T08:53:13.368Z","13-14 inch laptop","1710","1107","1598","937","2","24","Nov,21. 12:53AM","false"
"numerosity_discrimination","2","188","44","20","16","0.8","j","37","<div style=""width:100vw;height:100vh;background-color:black;""></div>","f","html-keyboard-response","958","2.0.0","691508","180166","testolin2020_replication","2025-11-21T08:53:13.368Z","13-14 inch laptop","1710","1107","1598","937","2","24","Nov,21. 12:53AM","false"
"numerosity_discrimination","2","189","136","10","14","0.7143","j","77","<div style=""width:100vw;height:100vh;background-color:black;""></div>","j","html-keyboard-response","963","2.0.0","693782","180166","testolin2020_replication","2025-11-21T08:53:13.368Z","13-14 inch laptop","1710","1107","1598","937","2","24","Nov,21. 12:53AM","true"
"numerosity_discrimination","2","190","237","20","12","0.6","j","19","<div style=""width:100vw;height:100vh;background-color:black;""></div>","f","html-keyboard-response","968","2.0.0","696098","180166","testolin2020_replication","2025-11-21T08:53:13.368Z","13-14 inch laptop","1710","1107","1598","937","2","24","Nov,21. 12:53AM","false"
"numerosity_discrimination","2","191","294","7","12","0.5833","j","123","<div style=""width:100vw;height:100vh;background-color:black;""></div>","j","html-keyboard-response","973","2.0.0","698768","180166","testolin2020_replication","2025-11-21T08:53:13.368Z","13-14 inch laptop","1710","1107","1598","937","2","24","Nov,21. 12:53AM","true"
"numerosity_discrimination","2","192","21","22","18","0.8182","j","63","<div style=""width:100vw;height:100vh;background-color:black;""></div>","f","html-keyboard-response","978","2.0.0","701125","180166","testolin2020_replication","2025-11-21T08:53:13.368Z","13-14 inch laptop","1710","1107","1598","937","2","24","Nov,21. 12:53AM","false"
"numerosity_discrimination","2","193","125","11","14","0.7857","j","103","<div style=""width:100vw;height:100vh;background-color:black;""></div>","j","html-keyboard-response","983","2.0.0","703655","180166","testolin2020_replication","2025-11-21T08:53:13.368Z","13-14 inch laptop","1710","1107","1598","937","2","24","Nov,21. 12:53AM","true"
"numerosity_discrimination","2","194","228","11","16","0.6875","j","264","<div style=""width:100vw;height:100vh;background-color:black;""></div>","j","html-keyboard-response","988","2.0.0","706242","180166","testolin2020_replication","2025-11-21T08:53:13.368Z","13-14 inch laptop","1710","1107","1598","937","2","24","Nov,21. 12:53AM","true"
"numerosity_discrimination","2","195","111","11","9","0.8182","j","128","<div style=""width:100vw;height:100vh;background-color:black;""></div>","f","html-keyboard-response","993","2.0.0","708737","180166","testolin2020_replication","2025-11-21T08:53:13.368Z","13-14 inch laptop","1710","1107","1598","937","2","24","Nov,21. 12:53AM","false"
"numerosity_discrimination","2","196","62","12","14","0.8571","j","169","<div style=""width:100vw;height:100vh;background-color:black;""></div>","j","html-keyboard-response","998","2.0.0","711434","180166","testolin2020_replication","2025-11-21T08:53:13.368Z","13-14 inch laptop","1710","1107","1598","937","2","24","Nov,21. 12:53AM","true"
"numerosity_discrimination","2","197","153","16","22","0.7273","j","13193","<div style=""width:100vw;height:100vh;background-color:black;""></div>","j","html-keyboard-response","1003","2.0.0","727162","180166","testolin2020_replication","2025-11-21T08:53:13.368Z","13-14 inch laptop","1710","1107","1598","937","2","24","Nov,21. 12:53AM","true"
"numerosity_discrimination","2","198","199","20","28","0.7143","j","165","<div style=""width:100vw;height:100vh;background-color:black;""></div>","j","html-keyboard-response","1008","2.0.0","729553","180166","testolin2020_replication","2025-11-21T08:53:13.368Z","13-14 inch laptop","1710","1107","1598","937","2","24","Nov,21. 12:53AM","true"
"numerosity_discrimination","2","199","132","20","14","0.7","j","20218","<div style=""width:100vw;height:100vh;background-color:black;""></div>","f","html-keyboard-response","1013","2.0.0","752260","180166","testolin2020_replication","2025-11-21T08:53:13.368Z","13-14 inch laptop","1710","1107","1598","937","2","24","Nov,21. 12:53AM","false"
"numerosity_discrimination","2","200","84","7","8","0.875","j","165","<div style=""width:100vw;height:100vh;background-color:black;""></div>","j","html-keyboard-response","1018","2.0.0","755086","180166","testolin2020_replication","2025-11-21T08:53:13.368Z","13-14 inch laptop","1710","1107","1598","937","2","24","Nov,21. 12:53AM","true"
"numerosity_discrimination","3","201","300","9","16","0.5625","j","15","<div style=""width:100vw;height:100vh;background-color:black;""></div>","j","html-keyboard-response","1025","2.0.0","763964","180166","testolin2020_replication","2025-11-21T08:53:13.368Z","13-14 inch laptop","1710","1107","1598","937","2","24","Nov,21. 12:53AM","true"
"numerosity_discrimination","3","202","234","14","9","0.6429","j","11564","<div style=""width:100vw;height:100vh;background-color:black;""></div>","j","html-keyboard-response","1030","2.0.0","777812","180166","testolin2020_replication","2025-11-21T08:53:13.368Z","13-14 inch laptop","1710","1107","1598","937","2","24","Nov,21. 12:53AM","true"
"numerosity_discrimination","3","203","5","22","18","0.8182","j","14","<div style=""width:100vw;height:100vh;background-color:black;""></div>","f","html-keyboard-response","1035","2.0.0","780181","180166","testolin2020_replication","2025-11-21T08:53:13.368Z","13-14 inch laptop","1710","1107","1598","937","2","24","Nov,21. 12:53AM","false"
"numerosity_discrimination","3","204","170","12","16","0.75","j","4234","<div style=""width:100vw;height:100vh;background-color:black;""></div>","j","html-keyboard-response","1040","2.0.0","787010","180166","testolin2020_replication","2025-11-21T08:53:13.368Z","13-14 inch laptop","1710","1107","1598","937","2","24","Nov,21. 12:53AM","true"
"numerosity_discrimination","3","205","28","8","9","0.8889","j","187","<div style=""width:100vw;height:100vh;background-color:black;""></div>","j","html-keyboard-response","1045","2.0.0","789823","180166","testolin2020_replication","2025-11-21T08:53:13.368Z","13-14 inch laptop","1710","1107","1598","937","2","24","Nov,21. 12:53AM","true"
"numerosity_discrimination","3","206","284","14","28","0.5","j","3293","<div style=""width:100vw;height:100vh;background-color:black;""></div>","j","html-keyboard-response","1050","2.0.0","795486","180166","testolin2020_replication","2025-11-21T08:53:13.368Z","13-14 inch laptop","1710","1107","1598","937","2","24","Nov,21. 12:53AM","true"
"numerosity_discrimination","3","207","29","12","14","0.8571","j","262","<div style=""width:100vw;height:100vh;background-color:black;""></div>","j","html-keyboard-response","1055","2.0.0","798206","180166","testolin2020_replication","2025-11-21T08:53:13.368Z","13-14 inch laptop","1710","1107","1598","937","2","24","Nov,21. 12:53AM","true"
"numerosity_discrimination","3","208","93","8","10","0.8","j","465","<div style=""width:100vw;height:100vh;background-color:black;""></div>","f","html-keyboard-response","1060","2.0.0","801040","180166","testolin2020_replication","2025-11-21T08:53:13.368Z","13-14 inch laptop","1710","1107","1598","937","2","24","Nov,21. 12:53AM","false"
"numerosity_discrimination","3","209","257","10","16","0.625","j","97","<div style=""width:100vw;height:100vh;background-color:black;""></div>","j","html-keyboard-response","1065","2.0.0","803409","180166","testolin2020_replication","2025-11-21T08:53:13.368Z","13-14 inch laptop","1710","1107","1598","937","2","24","Nov,21. 12:53AM","true"
"numerosity_discrimination","3","210","16","20","16","0.8","j","71","<div style=""width:100vw;height:100vh;background-color:black;""></div>","f","html-keyboard-response","1070","2.0.0","805744","180166","testolin2020_replication","2025-11-21T08:53:13.368Z","13-14 inch laptop","1710","1107","1598","937","2","24","Nov,21. 12:53AM","false"
"numerosity_discrimination","3","211","189","16","22","0.7273","j","15","<div style=""width:100vw;height:100vh;background-color:black;""></div>","j","html-keyboard-response","1075","2.0.0","808277","180166","testolin2020_replication","2025-11-21T08:53:13.368Z","13-14 inch laptop","1710","1107","1598","937","2","24","Nov,21. 12:53AM","true"
"numerosity_discrimination","3","212","135","9","12","0.75","j","90","<div style=""width:100vw;height:100vh;background-color:black;""></div>","j","html-keyboard-response","1080","2.0.0","810894","180166","testolin2020_replication","2025-11-21T08:53:13.368Z","13-14 inch laptop","1710","1107","1598","937","2","24","Nov,21. 12:53AM","true"
"numerosity_discrimination","3","213","260","25","16","0.64","j","146","<div style=""width:100vw;height:100vh;background-color:black;""></div>","f","html-keyboard-response","1085","2.0.0","813628","180166","testolin2020_replication","2025-11-21T08:53:13.368Z","13-14 inch laptop","1710","1107","1598","937","2","24","Nov,21. 12:53AM","false"
"numerosity_discrimination","3","214","241","7","11","0.6364","j","6640","<div style=""width:100vw;height:100vh;background-color:black;""></div>","j","html-keyboard-response","1090","2.0.0","822585","180166","testolin2020_replication","2025-11-21T08:53:13.368Z","13-14 inch laptop","1710","1107","1598","937","2","24","Nov,21. 12:53AM","true"
"numerosity_discrimination","3","215","182","12","9","0.75","j","66","<div style=""width:100vw;height:100vh;background-color:black;""></div>","f","html-keyboard-response","1095","2.0.0","825024","180166","testolin2020_replication","2025-11-21T08:53:13.368Z","13-14 inch laptop","1710","1107","1598","937","2","24","Nov,21. 12:53AM","false"
"numerosity_discrimination","3","216","15","20","25","0.8","j","302","<div style=""width:100vw;height:100vh;background-color:black;""></div>","j","html-keyboard-response","1100","2.0.0","827684","180166","testolin2020_replication","2025-11-21T08:53:13.368Z","13-14 inch laptop","1710","1107","1598","937","2","24","Nov,21. 12:53AM","true"
"numerosity_discrimination","3","217","247","11","16","0.6875","j","148","<div style=""width:100vw;height:100vh;background-color:black;""></div>","j","html-keyboard-response","1105","2.0.0","830478","180166","testolin2020_replication","2025-11-21T08:53:13.368Z","13-14 inch laptop","1710","1107","1598","937","2","24","Nov,21. 12:53AM","true"
"numerosity_discrimination","3","218","117","22","18","0.8182","j","215","<div style=""width:100vw;height:100vh;background-color:black;""></div>","f","html-keyboard-response","1110","2.0.0","832926","180166","testolin2020_replication","2025-11-21T08:53:13.368Z","13-14 inch laptop","1710","1107","1598","937","2","24","Nov,21. 12:53AM","false"
"numerosity_discrimination","3","219","249","14","22","0.6364","j","216","<div style=""width:100vw;height:100vh;background-color:black;""></div>","j","html-keyboard-response","1115","2.0.0","835571","180166","testolin2020_replication","2025-11-21T08:53:13.368Z","13-14 inch laptop","1710","1107","1598","937","2","24","Nov,21. 12:53AM","true"
"numerosity_discrimination","3","220","217","25","16","0.64","j","32","<div style=""width:100vw;height:100vh;background-color:black;""></div>","f","html-keyboard-response","1120","2.0.0","838260","180166","testolin2020_replication","2025-11-21T08:53:13.368Z","13-14 inch laptop","1710","1107","1598","937","2","24","Nov,21. 12:53AM","false"
"numerosity_discrimination","3","221","242","28","18","0.6429","j","227","<div style=""width:100vw;height:100vh;background-color:black;""></div>","j","html-keyboard-response","1125","2.0.0","841012","180166","testolin2020_replication","2025-11-21T08:53:13.368Z","13-14 inch laptop","1710","1107","1598","937","2","24","Nov,21. 12:53AM","true"
"numerosity_discrimination","3","222","106","25","22","0.88","j","82","<div style=""width:100vw;height:100vh;background-color:black;""></div>","f","html-keyboard-response","1130","2.0.0","843404","180166","testolin2020_replication","2025-11-21T08:53:13.368Z","13-14 inch laptop","1710","1107","1598","937","2","24","Nov,21. 12:53AM","false"
"numerosity_discrimination","3","223","101","20","25","0.8","j","51","<div style=""width:100vw;height:100vh;background-color:black;""></div>","j","html-keyboard-response","1135","2.0.0","845778","180166","testolin2020_replication","2025-11-21T08:53:13.368Z","13-14 inch laptop","1710","1107","1598","937","2","24","Nov,21. 12:53AM","true"
"numerosity_discrimination","3","224","113","20","16","0.8","j","7","<div style=""width:100vw;height:100vh;background-color:black;""></div>","f","html-keyboard-response","1140","2.0.0","848292","180166","testolin2020_replication","2025-11-21T08:53:13.368Z","13-14 inch laptop","1710","1107","1598","937","2","24","Nov,21. 12:53AM","false"
"numerosity_discrimination","3","225","71","22","18","0.8182","j","46","<div style=""width:100vw;height:100vh;background-color:black;""></div>","j","html-keyboard-response","1145","2.0.0","850694","180166","testolin2020_replication","2025-11-21T08:53:13.368Z","13-14 inch laptop","1710","1107","1598","937","2","24","Nov,21. 12:53AM","true"
"numerosity_discrimination","3","226","52","25","28","0.8929","j","255","<div style=""width:100vw;height:100vh;background-color:black;""></div>","j","html-keyboard-response","1150","2.0.0","853530","180166","testolin2020_replication","2025-11-21T08:53:13.368Z","13-14 inch laptop","1710","1107","1598","937","2","24","Nov,21. 12:53AM","true"
"numerosity_discrimination","3","227","7","14","16","0.875","j","129","<div style=""width:100vw;height:100vh;background-color:black;""></div>","j","html-keyboard-response","1155","2.0.0","856082","180166","testolin2020_replication","2025-11-21T08:53:13.368Z","13-14 inch laptop","1710","1107","1598","937","2","24","Nov,21. 12:53AM","true"
"numerosity_discrimination","3","228","56","25","22","0.88","j","143","<div style=""width:100vw;height:100vh;background-color:black;""></div>","j","html-keyboard-response","1160","2.0.0","858805","180166","testolin2020_replication","2025-11-21T08:53:13.368Z","13-14 inch laptop","1710","1107","1598","937","2","24","Nov,21. 12:53AM","true"
"numerosity_discrimination","3","229","138","16","12","0.75","j","211","<div style=""width:100vw;height:100vh;background-color:black;""></div>","f","html-keyboard-response","1165","2.0.0","861498","180166","testolin2020_replication","2025-11-21T08:53:13.368Z","13-14 inch laptop","1710","1107","1598","937","2","24","Nov,21. 12:53AM","false"
"numerosity_discrimination","3","230","198","16","12","0.75","j","254","<div style=""width:100vw;height:100vh;background-color:black;""></div>","f","html-keyboard-response","1170","2.0.0","864287","180166","testolin2020_replication","2025-11-21T08:53:13.368Z","13-14 inch laptop","1710","1107","1598","937","2","24","Nov,21. 12:53AM","false"
"numerosity_discrimination","3","231","233","8","12","0.6667","j","11597","<div style=""width:100vw;height:100vh;background-color:black;""></div>","j","html-keyboard-response","1175","2.0.0","878399","180166","testolin2020_replication","2025-11-21T08:53:13.368Z","13-14 inch laptop","1710","1107","1598","937","2","24","Nov,21. 12:53AM","true"
"numerosity_discrimination","3","232","264","25","16","0.64","j","814","<div style=""width:100vw;height:100vh;background-color:black;""></div>","j","html-keyboard-response","1180","2.0.0","881851","180166","testolin2020_replication","2025-11-21T08:53:13.368Z","13-14 inch laptop","1710","1107","1598","937","2","24","Nov,21. 12:53AM","true"
"numerosity_discrimination","3","233","27","14","12","0.8571","j","3005","<div style=""width:100vw;height:100vh;background-color:black;""></div>","j","html-keyboard-response","1185","2.0.0","887249","180166","testolin2020_replication","2025-11-21T08:53:13.368Z","13-14 inch laptop","1710","1107","1598","937","2","24","Nov,21. 12:53AM","true"
"numerosity_discrimination","3","234","49","8","10","0.8","j","633","<div style=""width:100vw;height:100vh;background-color:black;""></div>","f","html-keyboard-response","1190","2.0.0","890463","180166","testolin2020_replication","2025-11-21T08:53:13.368Z","13-14 inch laptop","1710","1107","1598","937","2","24","Nov,21. 12:53AM","false"
"numerosity_discrimination","3","235","10","9","11","0.8182","j","52","<div style=""width:100vw;height:100vh;background-color:black;""></div>","j","html-keyboard-response","1195","2.0.0","892680","180166","testolin2020_replication","2025-11-21T08:53:13.368Z","13-14 inch laptop","1710","1107","1598","937","2","24","Nov,21. 12:53AM","true"
"numerosity_discrimination","3","236","232","8","12","0.6667","j","321","<div style=""width:100vw;height:100vh;background-color:black;""></div>","f","html-keyboard-response","1200","2.0.0","895502","180166","testolin2020_replication","2025-11-21T08:53:13.368Z","13-14 inch laptop","1710","1107","1598","937","2","24","Nov,21. 12:53AM","false"
"numerosity_discrimination","3","237","69","10","8","0.8","j","1560","<div style=""width:100vw;height:100vh;background-color:black;""></div>","j","html-keyboard-response","1205","2.0.0","899250","180166","testolin2020_replication","2025-11-21T08:53:13.368Z","13-14 inch laptop","1710","1107","1598","937","2","24","Nov,21. 12:53AM","true"
"numerosity_discrimination","3","238","92","18","22","0.8182","j","7136","<div style=""width:100vw;height:100vh;background-color:black;""></div>","j","html-keyboard-response","1210","2.0.0","908981","180166","testolin2020_replication","2025-11-21T08:53:13.368Z","13-14 inch laptop","1710","1107","1598","937","2","24","Nov,21. 12:53AM","true"
"numerosity_discrimination","3","239","60","18","22","0.8182","j","552","<div style=""width:100vw;height:100vh;background-color:black;""></div>","f","html-keyboard-response","1215","2.0.0","911749","180166","testolin2020_replication","2025-11-21T08:53:13.368Z","13-14 inch laptop","1710","1107","1598","937","2","24","Nov,21. 12:53AM","false"
"numerosity_discrimination","3","240","72","11","9","0.8182","j","143","<div style=""width:100vw;height:100vh;background-color:black;""></div>","j","html-keyboard-response","1220","2.0.0","914330","180166","testolin2020_replication","2025-11-21T08:53:13.368Z","13-14 inch laptop","1710","1107","1598","937","2","24","Nov,21. 12:53AM","true"
"numerosity_discrimination","3","241","256","7","11","0.6364","j","2951","<div style=""width:100vw;height:100vh;background-color:black;""></div>","f","html-keyboard-response","1225","2.0.0","919730","180166","testolin2020_replication","2025-11-21T08:53:13.368Z","13-14 inch laptop","1710","1107","1598","937","2","24","Nov,21. 12:53AM","false"
"numerosity_discrimination","3","242","246","20","12","0.6","j","67","<div style=""width:100vw;height:100vh;background-color:black;""></div>","f","html-keyboard-response","1230","2.0.0","922399","180166","testolin2020_replication","2025-11-21T08:53:13.368Z","13-14 inch laptop","1710","1107","1598","937","2","24","Nov,21. 12:53AM","false"
"numerosity_discrimination","3","243","149","18","14","0.7778","j","3497","<div style=""width:100vw;height:100vh;background-color:black;""></div>","f","html-keyboard-response","1235","2.0.0","928150","180166","testolin2020_replication","2025-11-21T08:53:13.368Z","13-14 inch laptop","1710","1107","1598","937","2","24","Nov,21. 12:53AM","false"
"numerosity_discrimination","3","244","229","20","12","0.6","j","2708","<div style=""width:100vw;height:100vh;background-color:black;""></div>","f","html-keyboard-response","1240","2.0.0","933317","180166","testolin2020_replication","2025-11-21T08:53:13.368Z","13-14 inch laptop","1710","1107","1598","937","2","24","Nov,21. 12:53AM","false"
"numerosity_discrimination","3","245","57","22","18","0.8182","j","163","<div style=""width:100vw;height:100vh;background-color:black;""></div>","f","html-keyboard-response","1245","2.0.0","936020","180166","testolin2020_replication","2025-11-21T08:53:13.368Z","13-14 inch laptop","1710","1107","1598","937","2","24","Nov,21. 12:53AM","false"
"numerosity_discrimination","3","246","227","8","12","0.6667","j","2518","<div style=""width:100vw;height:100vh;background-color:black;""></div>","j","html-keyboard-response","1250","2.0.0","941151","180166","testolin2020_replication","2025-11-21T08:53:13.368Z","13-14 inch laptop","1710","1107","1598","937","2","24","Nov,21. 12:53AM","true"
"numerosity_discrimination","3","247","2","28","25","0.8929","j","133","<div style=""width:100vw;height:100vh;background-color:black;""></div>","j","html-keyboard-response","1255","2.0.0","943520","180166","testolin2020_replication","2025-11-21T08:53:13.368Z","13-14 inch laptop","1710","1107","1598","937","2","24","Nov,21. 12:53AM","true"
"numerosity_discrimination","3","248","251","20","12","0.6","j","14","<div style=""width:100vw;height:100vh;background-color:black;""></div>","j","html-keyboard-response","1260","2.0.0","945788","180166","testolin2020_replication","2025-11-21T08:53:13.368Z","13-14 inch laptop","1710","1107","1598","937","2","24","Nov,21. 12:53AM","true"
"numerosity_discrimination","3","249","172","16","22","0.7273","j","19","<div style=""width:100vw;height:100vh;background-color:black;""></div>","f","html-keyboard-response","1265","2.0.0","948254","180166","testolin2020_replication","2025-11-21T08:53:13.368Z","13-14 inch laptop","1710","1107","1598","937","2","24","Nov,21. 12:53AM","false"
"numerosity_discrimination","3","250","161","28","22","0.7857","j","13568","<div style=""width:100vw;height:100vh;background-color:black;""></div>","f","html-keyboard-response","1270","2.0.0","964219","180166","testolin2020_replication","2025-11-21T08:53:13.368Z","13-14 inch laptop","1710","1107","1598","937","2","24","Nov,21. 12:53AM","false"
"numerosity_discrimination","3","251","218","14","22","0.6364","j","15313","<div style=""width:100vw;height:100vh;background-color:black;""></div>","j","html-keyboard-response","1275","2.0.0","981861","180166","testolin2020_replication","2025-11-21T08:53:13.368Z","13-14 inch laptop","1710","1107","1598","937","2","24","Nov,21. 12:53AM","true"
"numerosity_discrimination","3","252","168","20","14","0.7","j","335","<div style=""width:100vw;height:100vh;background-color:black;""></div>","f","html-keyboard-response","1280","2.0.0","984656","180166","testolin2020_replication","2025-11-21T08:53:13.368Z","13-14 inch laptop","1710","1107","1598","937","2","24","Nov,21. 12:53AM","false"
"numerosity_discrimination","3","253","155","7","9","0.7778","j","145","<div style=""width:100vw;height:100vh;background-color:black;""></div>","j","html-keyboard-response","1285","2.0.0","987219","180166","testolin2020_replication","2025-11-21T08:53:13.368Z","13-14 inch laptop","1710","1107","1598","937","2","24","Nov,21. 12:53AM","true"
"numerosity_discrimination","3","254","216","9","14","0.6429","j","6650","<div style=""width:100vw;height:100vh;background-color:black;""></div>","j","html-keyboard-response","1290","2.0.0","996382","180166","testolin2020_replication","2025-11-21T08:53:13.368Z","13-14 inch laptop","1710","1107","1598","937","2","24","Nov,21. 12:53AM","true"
"numerosity_discrimination","3","255","94","22","25","0.88","j","294","<div style=""width:100vw;height:100vh;background-color:black;""></div>","f","html-keyboard-response","1295","2.0.0","999128","180166","testolin2020_replication","2025-11-21T08:53:13.368Z","13-14 inch laptop","1710","1107","1598","937","2","24","Nov,21. 12:53AM","false"
"numerosity_discrimination","3","256","180","9","7","0.7778","j","7245","<div style=""width:100vw;height:100vh;background-color:black;""></div>","f","html-keyboard-response","1300","2.0.0","1008681","180166","testolin2020_replication","2025-11-21T08:53:13.368Z","13-14 inch laptop","1710","1107","1598","937","2","24","Nov,21. 12:53AM","false"
"numerosity_discrimination","3","257","276","16","8","0.5","j","10484","<div style=""width:100vw;height:100vh;background-color:black;""></div>","f","html-keyboard-response","1305","2.0.0","1021500","180166","testolin2020_replication","2025-11-21T08:53:13.368Z","13-14 inch laptop","1710","1107","1598","937","2","24","Nov,21. 12:53AM","false"
"numerosity_discrimination","3","258","139","9","7","0.7778","j","92","<div style=""width:100vw;height:100vh;background-color:black;""></div>","j","html-keyboard-response","1310","2.0.0","1024170","180166","testolin2020_replication","2025-11-21T08:53:13.368Z","13-14 inch laptop","1710","1107","1598","937","2","24","Nov,21. 12:53AM","true"
"numerosity_discrimination","3","259","223","28","18","0.6429","j","15545","<div style=""width:100vw;height:100vh;background-color:black;""></div>","f","html-keyboard-response","1315","2.0.0","1041965","180166","testolin2020_replication","2025-11-21T08:53:13.368Z","13-14 inch laptop","1710","1107","1598","937","2","24","Nov,21. 12:53AM","false"
"numerosity_discrimination","3","260","118","20","25","0.8","j","238","<div style=""width:100vw;height:100vh;background-color:black;""></div>","j","html-keyboard-response","1320","2.0.0","1044728","180166","testolin2020_replication","2025-11-21T08:53:13.368Z","13-14 inch laptop","1710","1107","1598","937","2","24","Nov,21. 12:53AM","true"
"numerosity_discrimination","3","261","211","8","12","0.6667","j","205","<div style=""width:100vw;height:100vh;background-color:black;""></div>","j","html-keyboard-response","1325","2.0.0","1047168","180166","testolin2020_replication","2025-11-21T08:53:13.368Z","13-14 inch laptop","1710","1107","1598","937","2","24","Nov,21. 12:53AM","true"
"numerosity_discrimination","3","262","97","7","8","0.875","j","149","<div style=""width:100vw;height:100vh;background-color:black;""></div>","j","html-keyboard-response","1330","2.0.0","1049739","180166","testolin2020_replication","2025-11-21T08:53:13.368Z","13-14 inch laptop","1710","1107","1598","937","2","24","Nov,21. 12:53AM","true"
"numerosity_discrimination","3","263","165","14","10","0.7143","j","11154","<div style=""width:100vw;height:100vh;background-color:black;""></div>","f","html-keyboard-response","1335","2.0.0","1063241","180166","testolin2020_replication","2025-11-21T08:53:13.368Z","13-14 inch laptop","1710","1107","1598","937","2","24","Nov,21. 12:53AM","false"
"numerosity_discrimination","3","264","298","9","18","0.5","j","105","<div style=""width:100vw;height:100vh;background-color:black;""></div>","j","html-keyboard-response","1340","2.0.0","1065670","180166","testolin2020_replication","2025-11-21T08:53:13.368Z","13-14 inch laptop","1710","1107","1598","937","2","24","Nov,21. 12:53AM","true"
"numerosity_discrimination","3","265","152","16","12","0.75","j","303","<div style=""width:100vw;height:100vh;background-color:black;""></div>","f","html-keyboard-response","1345","2.0.0","1068170","180166","testolin2020_replication","2025-11-21T08:53:13.368Z","13-14 inch laptop","1710","1107","1598","937","2","24","Nov,21. 12:53AM","false"
"numerosity_discrimination","3","266","104","8","7","0.875","j","5885","<div style=""width:100vw;height:100vh;background-color:black;""></div>","j","html-keyboard-response","1350","2.0.0","1076307","180166","testolin2020_replication","2025-11-21T08:53:13.368Z","13-14 inch laptop","1710","1107","1598","937","2","24","Nov,21. 12:53AM","true"
"numerosity_discrimination","3","267","262","9","14","0.6429","j","155","<div style=""width:100vw;height:100vh;background-color:black;""></div>","j","html-keyboard-response","1355","2.0.0","1078727","180166","testolin2020_replication","2025-11-21T08:53:13.368Z","13-14 inch laptop","1710","1107","1598","937","2","24","Nov,21. 12:53AM","true"
"numerosity_discrimination","3","268","269","9","14","0.6429","j","55","<div style=""width:100vw;height:100vh;background-color:black;""></div>","j","html-keyboard-response","1360","2.0.0","1081419","180166","testolin2020_replication","2025-11-21T08:53:13.368Z","13-14 inch laptop","1710","1107","1598","937","2","24","Nov,21. 12:53AM","true"
"numerosity_discrimination","3","269","252","18","28","0.6429","j","86","<div style=""width:100vw;height:100vh;background-color:black;""></div>","j","html-keyboard-response","1365","2.0.0","1083809","180166","testolin2020_replication","2025-11-21T08:53:13.368Z","13-14 inch laptop","1710","1107","1598","937","2","24","Nov,21. 12:53AM","true"
"numerosity_discrimination","3","270","130","22","28","0.7857","j","7248","<div style=""width:100vw;height:100vh;background-color:black;""></div>","f","html-keyboard-response","1370","2.0.0","1093352","180166","testolin2020_replication","2025-11-21T08:53:13.368Z","13-14 inch laptop","1710","1107","1598","937","2","24","Nov,21. 12:53AM","false"
"numerosity_discrimination","3","271","1","9","8","0.8889","j","247","<div style=""width:100vw;height:100vh;background-color:black;""></div>","j","html-keyboard-response","1375","2.0.0","1096208","180166","testolin2020_replication","2025-11-21T08:53:13.368Z","13-14 inch laptop","1710","1107","1598","937","2","24","Nov,21. 12:53AM","true"
"numerosity_discrimination","3","272","255","18","28","0.6429","j","94","<div style=""width:100vw;height:100vh;background-color:black;""></div>","j","html-keyboard-response","1380","2.0.0","1098866","180166","testolin2020_replication","2025-11-21T08:53:13.368Z","13-14 inch laptop","1710","1107","1598","937","2","24","Nov,21. 12:53AM","true"
"numerosity_discrimination","3","273","40","10","12","0.8333","j","41","<div style=""width:100vw;height:100vh;background-color:black;""></div>","j","html-keyboard-response","1385","2.0.0","1101500","180166","testolin2020_replication","2025-11-21T08:53:13.368Z","13-14 inch laptop","1710","1107","1598","937","2","24","Nov,21. 12:53AM","true"
"numerosity_discrimination","3","274","277","20","10","0.5","j","8412","<div style=""width:100vw;height:100vh;background-color:black;""></div>","f","html-keyboard-response","1390","2.0.0","1112228","180166","testolin2020_replication","2025-11-21T08:53:13.368Z","13-14 inch laptop","1710","1107","1598","937","2","24","Nov,21. 12:53AM","false"
"numerosity_discrimination","3","275","73","14","12","0.8571","j","69","<div style=""width:100vw;height:100vh;background-color:black;""></div>","j","html-keyboard-response","1395","2.0.0","1114538","180166","testolin2020_replication","2025-11-21T08:53:13.368Z","13-14 inch laptop","1710","1107","1598","937","2","24","Nov,21. 12:53AM","true"
"numerosity_discrimination","3","276","81","16","18","0.8889","j","13084","<div style=""width:100vw;height:100vh;background-color:black;""></div>","f","html-keyboard-response","1400","2.0.0","1130221","180166","testolin2020_replication","2025-11-21T08:53:13.368Z","13-14 inch laptop","1710","1107","1598","937","2","24","Nov,21. 12:53AM","false"
"numerosity_discrimination","3","277","169","18","25","0.72","j","15","<div style=""width:100vw;height:100vh;background-color:black;""></div>","j","html-keyboard-response","1405","2.0.0","1132703","180166","testolin2020_replication","2025-11-21T08:53:13.368Z","13-14 inch laptop","1710","1107","1598","937","2","24","Nov,21. 12:53AM","true"
"numerosity_discrimination","3","278","296","9","16","0.5625","j","57","<div style=""width:100vw;height:100vh;background-color:black;""></div>","j","html-keyboard-response","1410","2.0.0","1135387","180166","testolin2020_replication","2025-11-21T08:53:13.368Z","13-14 inch laptop","1710","1107","1598","937","2","24","Nov,21. 12:53AM","true"
"numerosity_discrimination","3","279","25","11","9","0.8182","j","7442","<div style=""width:100vw;height:100vh;background-color:black;""></div>","f","html-keyboard-response","1415","2.0.0","1145042","180166","testolin2020_replication","2025-11-21T08:53:13.368Z","13-14 inch laptop","1710","1107","1598","937","2","24","Nov,21. 12:53AM","false"
"numerosity_discrimination","3","280","289","22","12","0.5455","j","10584","<div style=""width:100vw;height:100vh;background-color:black;""></div>","f","html-keyboard-response","1420","2.0.0","1157866","180166","testolin2020_replication","2025-11-21T08:53:13.368Z","13-14 inch laptop","1710","1107","1598","937","2","24","Nov,21. 12:53AM","false"
"numerosity_discrimination","3","281","33","8","9","0.8889","j","66","<div style=""width:100vw;height:100vh;background-color:black;""></div>","j","html-keyboard-response","1425","2.0.0","1160161","180166","testolin2020_replication","2025-11-21T08:53:13.368Z","13-14 inch laptop","1710","1107","1598","937","2","24","Nov,21. 12:53AM","true"
"numerosity_discrimination","3","282","43","11","9","0.8182","j","3822","<div style=""width:100vw;height:100vh;background-color:black;""></div>","j","html-keyboard-response","1430","2.0.0","1166351","180166","testolin2020_replication","2025-11-21T08:53:13.368Z","13-14 inch laptop","1710","1107","1598","937","2","24","Nov,21. 12:53AM","true"
"numerosity_discrimination","3","283","147","8","11","0.7273","j","78","<div style=""width:100vw;height:100vh;background-color:black;""></div>","j","html-keyboard-response","1435","2.0.0","1168850","180166","testolin2020_replication","2025-11-21T08:53:13.368Z","13-14 inch laptop","1710","1107","1598","937","2","24","Nov,21. 12:53AM","true"
"numerosity_discrimination","3","284","98","25","28","0.8929","j","7055","<div style=""width:100vw;height:100vh;background-color:black;""></div>","f","html-keyboard-response","1440","2.0.0","1178209","180166","testolin2020_replication","2025-11-21T08:53:13.368Z","13-14 inch laptop","1710","1107","1598","937","2","24","Nov,21. 12:53AM","false"
"numerosity_discrimination","3","285","39","20","16","0.8","j","1146","<div style=""width:100vw;height:100vh;background-color:black;""></div>","f","html-keyboard-response","1445","2.0.0","1181858","180166","testolin2020_replication","2025-11-21T08:53:13.368Z","13-14 inch laptop","1710","1107","1598","937","2","24","Nov,21. 12:53AM","false"
"numerosity_discrimination","3","286","115","25","28","0.8929","j","168","<div style=""width:100vw;height:100vh;background-color:black;""></div>","j","html-keyboard-response","1450","2.0.0","1184358","180166","testolin2020_replication","2025-11-21T08:53:13.368Z","13-14 inch laptop","1710","1107","1598","937","2","24","Nov,21. 12:53AM","true"
"numerosity_discrimination","3","287","80","16","18","0.8889","j","5209","<div style=""width:100vw;height:100vh;background-color:black;""></div>","f","html-keyboard-response","1455","2.0.0","1192151","180166","testolin2020_replication","2025-11-21T08:53:13.368Z","13-14 inch laptop","1710","1107","1598","937","2","24","Nov,21. 12:53AM","false"
"numerosity_discrimination","3","288","144","28","20","0.7143","j","92","<div style=""width:100vw;height:100vh;background-color:black;""></div>","f","html-keyboard-response","1460","2.0.0","1194621","180166","testolin2020_replication","2025-11-21T08:53:13.368Z","13-14 inch laptop","1710","1107","1598","937","2","24","Nov,21. 12:53AM","false"
"numerosity_discrimination","3","289","45","25","20","0.8","j","39","<div style=""width:100vw;height:100vh;background-color:black;""></div>","f","html-keyboard-response","1465","2.0.0","1197035","180166","testolin2020_replication","2025-11-21T08:53:13.368Z","13-14 inch laptop","1710","1107","1598","937","2","24","Nov,21. 12:53AM","false"
"numerosity_discrimination","3","290","200","12","9","0.75","j","9175","<div style=""width:100vw;height:100vh;background-color:black;""></div>","j","html-keyboard-response","1470","2.0.0","1208557","180166","testolin2020_replication","2025-11-21T08:53:13.368Z","13-14 inch laptop","1710","1107","1598","937","2","24","Nov,21. 12:53AM","true"
"numerosity_discrimination","3","291","212","22","14","0.6364","j","6042","<div style=""width:100vw;height:100vh;background-color:black;""></div>","f","html-keyboard-response","1475","2.0.0","1216786","180166","testolin2020_replication","2025-11-21T08:53:13.368Z","13-14 inch laptop","1710","1107","1598","937","2","24","Nov,21. 12:53AM","false"
"numerosity_discrimination","3","292","207","7","9","0.7778","j","5042","<div style=""width:100vw;height:100vh;background-color:black;""></div>","j","html-keyboard-response","1480","2.0.0","1224221","180166","testolin2020_replication","2025-11-21T08:53:13.368Z","13-14 inch laptop","1710","1107","1598","937","2","24","Nov,21. 12:53AM","true"
"numerosity_discrimination","3","293","204","7","9","0.7778","j","229","<div style=""width:100vw;height:100vh;background-color:black;""></div>","j","html-keyboard-response","1485","2.0.0","1226790","180166","testolin2020_replication","2025-11-21T08:53:13.368Z","13-14 inch laptop","1710","1107","1598","937","2","24","Nov,21. 12:53AM","true"
"numerosity_discrimination","3","294","47","20","25","0.8","j","184","<div style=""width:100vw;height:100vh;background-color:black;""></div>","f","html-keyboard-response","1490","2.0.0","1229307","180166","testolin2020_replication","2025-11-21T08:53:13.368Z","13-14 inch laptop","1710","1107","1598","937","2","24","Nov,21. 12:53AM","false"
"numerosity_discrimination","3","295","206","9","7","0.7778","j","244","<div style=""width:100vw;height:100vh;background-color:black;""></div>","j","html-keyboard-response","1495","2.0.0","1231815","180166","testolin2020_replication","2025-11-21T08:53:13.368Z","13-14 inch laptop","1710","1107","1598","937","2","24","Nov,21. 12:53AM","true"
"numerosity_discrimination","3","296","91","12","14","0.8571","j","5176","<div style=""width:100vw;height:100vh;background-color:black;""></div>","j","html-keyboard-response","1500","2.0.0","1239541","180166","testolin2020_replication","2025-11-21T08:53:13.368Z","13-14 inch laptop","1710","1107","1598","937","2","24","Nov,21. 12:53AM","true"
"numerosity_discrimination","3","297","263","22","14","0.6364","j","214","<div style=""width:100vw;height:100vh;background-color:black;""></div>","j","html-keyboard-response","1505","2.0.0","1242346","180166","testolin2020_replication","2025-11-21T08:53:13.368Z","13-14 inch laptop","1710","1107","1598","937","2","24","Nov,21. 12:53AM","true"
"numerosity_discrimination","3","298","110","7","8","0.875","j","15","<div style=""width:100vw;height:100vh;background-color:black;""></div>","j","html-keyboard-response","1510","2.0.0","1244611","180166","testolin2020_replication","2025-11-21T08:53:13.368Z","13-14 inch laptop","1710","1107","1598","937","2","24","Nov,21. 12:53AM","true"
"numerosity_discrimination","3","299","222","16","10","0.625","j","1205","<div style=""width:100vw;height:100vh;background-color:black;""></div>","j","html-keyboard-response","1515","2.0.0","1248214","180166","testolin2020_replication","2025-11-21T08:53:13.368Z","13-14 inch laptop","1710","1107","1598","937","2","24","Nov,21. 12:53AM","true"
"numerosity_discrimination","3","300","143","20","28","0.7143","j","3018","<div style=""width:100vw;height:100vh;background-color:black;""></div>","j","html-keyboard-response","1520","2.0.0","1253564","180166","testolin2020_replication","2025-11-21T08:53:13.368Z","13-14 inch laptop","1710","1107","1598","937","2","24","Nov,21. 12:53AM","true"
