"task","block","pair_order","pair_num","left_n","right_n","pair_ratio","correct_key","rt","stimulus","response","trial_type","trial_index","plugin_version","time_elapsed","participant_id","experiment","date","screen_size_category","screen_width_pixels","screen_height_pixels","window_width_pixels","window_height_pixels","pixel_ratio","participant_age","time_slot","correct"
"numerosity_discrimination","1","1","286","18","10","0.5556","j","315","<div style=""width:100vw;height:100vh;background-color:black;""></div>","f","html-keyboard-response","21","2.0.0","147710","181309","testolin2020_replication","2025-11-26T03:29:47.908Z","13-14 inch laptop","1280","800","1280","665","3","18","November 28 11:00pm","false"
"numerosity_discrimination","1","2","61","8","10","0.8","j","699","<div style=""width:100vw;height:100vh;background-color:black;""></div>","f","html-keyboard-response","26","2.0.0","150613","181309","testolin2020_replication","2025-11-26T03:29:47.908Z","13-14 inch laptop","1280","800","1280","665","3","18","November 28 11:00pm","false"
"numerosity_discrimination","1","3","271","20","11","0.55","j","924","<div style=""width:100vw;height:100vh;background-color:black;""></div>","f","html-keyboard-response","31","2.0.0","153737","181309","testolin2020_replication","2025-11-26T03:29:47.908Z","13-14 inch laptop","1280","800","1280","665","3","18","November 28 11:00pm","false"
"numerosity_discrimination","1","4","128","22","28","0.7857","j","627","<div style=""width:100vw;height:100vh;background-color:black;""></div>","f","html-keyboard-response","36","2.0.0","156822","181309","testolin2020_replication","2025-11-26T03:29:47.908Z","13-14 inch laptop","1280","800","1280","665","3","18","November 28 11:00pm","false"
"numerosity_discrimination","1","5","278","9","18","0.5","j","581","<div style=""width:100vw;height:100vh;background-color:black;""></div>","j","html-keyboard-response","41","2.0.0","159911","181309","testolin2020_replication","2025-11-26T03:29:47.908Z","13-14 inch laptop","1280","800","1280","665","3","18","November 28 11:00pm","true"
"numerosity_discrimination","1","6","51","10","12","0.8333","j","657","<div style=""width:100vw;height:100vh;background-color:black;""></div>","f","html-keyboard-response","46","2.0.0","163216","181309","testolin2020_replication","2025-11-26T03:29:47.908Z","13-14 inch laptop","1280","800","1280","665","3","18","November 28 11:00pm","false"
"numerosity_discrimination","1","7","188","9","12","0.75","j","577","<div style=""width:100vw;height:100vh;background-color:black;""></div>","j","html-keyboard-response","51","2.0.0","166037","181309","testolin2020_replication","2025-11-26T03:29:47.908Z","13-14 inch laptop","1280","800","1280","665","3","18","November 28 11:00pm","true"
"numerosity_discrimination","1","8","236","22","14","0.6364","j","500","<div style=""width:100vw;height:100vh;background-color:black;""></div>","f","html-keyboard-response","56","2.0.0","168988","181309","testolin2020_replication","2025-11-26T03:29:47.908Z","13-14 inch laptop","1280","800","1280","665","3","18","November 28 11:00pm","false"
"numerosity_discrimination","1","9","35","9","8","0.8889","j","474","<div style=""width:100vw;height:100vh;background-color:black;""></div>","f","html-keyboard-response","61","2.0.0","171920","181309","testolin2020_replication","2025-11-26T03:29:47.908Z","13-14 inch laptop","1280","800","1280","665","3","18","November 28 11:00pm","false"
"numerosity_discrimination","1","10","267","18","28","0.6429","j","695","<div style=""width:100vw;height:100vh;background-color:black;""></div>","j","html-keyboard-response","66","2.0.0","175095","181309","testolin2020_replication","2025-11-26T03:29:47.908Z","13-14 inch laptop","1280","800","1280","665","3","18","November 28 11:00pm","true"
"numerosity_discrimination","1","11","280","28","16","0.5714","j","4727","<div style=""width:100vw;height:100vh;background-color:black;""></div>","f","html-keyboard-response","71","2.0.0","182413","181309","testolin2020_replication","2025-11-26T03:29:47.908Z","13-14 inch laptop","1280","800","1280","665","3","18","November 28 11:00pm","false"
"numerosity_discrimination","1","12","279","20","11","0.55","j","969","<div style=""width:100vw;height:100vh;background-color:black;""></div>","f","html-keyboard-response","76","2.0.0","185601","181309","testolin2020_replication","2025-11-26T03:29:47.908Z","13-14 inch laptop","1280","800","1280","665","3","18","November 28 11:00pm","false"
"numerosity_discrimination","1","13","167","9","12","0.75","j","419","<div style=""width:100vw;height:100vh;background-color:black;""></div>","j","html-keyboard-response","81","2.0.0","188586","181309","testolin2020_replication","2025-11-26T03:29:47.908Z","13-14 inch laptop","1280","800","1280","665","3","18","November 28 11:00pm","true"
"numerosity_discrimination","1","14","9","9","8","0.8889","j","666","<div style=""width:100vw;height:100vh;background-color:black;""></div>","f","html-keyboard-response","86","2.0.0","191925","181309","testolin2020_replication","2025-11-26T03:29:47.908Z","13-14 inch laptop","1280","800","1280","665","3","18","November 28 11:00pm","false"
"numerosity_discrimination","1","15","202","9","7","0.7778","j","414","<div style=""width:100vw;height:100vh;background-color:black;""></div>","j","html-keyboard-response","91","2.0.0","194575","181309","testolin2020_replication","2025-11-26T03:29:47.908Z","13-14 inch laptop","1280","800","1280","665","3","18","November 28 11:00pm","true"
"numerosity_discrimination","1","16","272","10","20","0.5","j","134","<div style=""width:100vw;height:100vh;background-color:black;""></div>","j","html-keyboard-response","96","2.0.0","197257","181309","testolin2020_replication","2025-11-26T03:29:47.908Z","13-14 inch laptop","1280","800","1280","665","3","18","November 28 11:00pm","true"
"numerosity_discrimination","1","17","235","14","9","0.6429","j","375","<div style=""width:100vw;height:100vh;background-color:black;""></div>","f","html-keyboard-response","101","2.0.0","200057","181309","testolin2020_replication","2025-11-26T03:29:47.908Z","13-14 inch laptop","1280","800","1280","665","3","18","November 28 11:00pm","false"
"numerosity_discrimination","1","18","67","11","9","0.8182","j","386","<div style=""width:100vw;height:100vh;background-color:black;""></div>","f","html-keyboard-response","106","2.0.0","202829","181309","testolin2020_replication","2025-11-26T03:29:47.908Z","13-14 inch laptop","1280","800","1280","665","3","18","November 28 11:00pm","false"
"numerosity_discrimination","1","19","160","12","16","0.75","j","157","<div style=""width:100vw;height:100vh;background-color:black;""></div>","j","html-keyboard-response","111","2.0.0","205660","181309","testolin2020_replication","2025-11-26T03:29:47.908Z","13-14 inch laptop","1280","800","1280","665","3","18","November 28 11:00pm","true"
"numerosity_discrimination","1","20","31","28","25","0.8929","j","593","<div style=""width:100vw;height:100vh;background-color:black;""></div>","j","html-keyboard-response","116","2.0.0","208651","181309","testolin2020_replication","2025-11-26T03:29:47.908Z","13-14 inch laptop","1280","800","1280","665","3","18","November 28 11:00pm","true"
"numerosity_discrimination","1","21","213","18","11","0.6111","j","570","<div style=""width:100vw;height:100vh;background-color:black;""></div>","f","html-keyboard-response","121","2.0.0","211896","181309","testolin2020_replication","2025-11-26T03:29:47.908Z","13-14 inch laptop","1280","800","1280","665","3","18","November 28 11:00pm","false"
"numerosity_discrimination","1","22","193","25","18","0.72","j","142","<div style=""width:100vw;height:100vh;background-color:black;""></div>","f","html-keyboard-response","126","2.0.0","214729","181309","testolin2020_replication","2025-11-26T03:29:47.908Z","13-14 inch laptop","1280","800","1280","665","3","18","November 28 11:00pm","false"
"numerosity_discrimination","1","23","105","28","25","0.8929","j","453","<div style=""width:100vw;height:100vh;background-color:black;""></div>","f","html-keyboard-response","131","2.0.0","217710","181309","testolin2020_replication","2025-11-26T03:29:47.908Z","13-14 inch laptop","1280","800","1280","665","3","18","November 28 11:00pm","false"
"numerosity_discrimination","1","24","158","18","14","0.7778","j","251","<div style=""width:100vw;height:100vh;background-color:black;""></div>","f","html-keyboard-response","136","2.0.0","220365","181309","testolin2020_replication","2025-11-26T03:29:47.908Z","13-14 inch laptop","1280","800","1280","665","3","18","November 28 11:00pm","false"
"numerosity_discrimination","1","25","175","11","14","0.7857","j","289","<div style=""width:100vw;height:100vh;background-color:black;""></div>","j","html-keyboard-response","141","2.0.0","223089","181309","testolin2020_replication","2025-11-26T03:29:47.908Z","13-14 inch laptop","1280","800","1280","665","3","18","November 28 11:00pm","true"
"numerosity_discrimination","1","26","254","20","12","0.6","j","187","<div style=""width:100vw;height:100vh;background-color:black;""></div>","f","html-keyboard-response","146","2.0.0","225611","181309","testolin2020_replication","2025-11-26T03:29:47.908Z","13-14 inch laptop","1280","800","1280","665","3","18","November 28 11:00pm","false"
"numerosity_discrimination","1","27","221","16","10","0.625","j","371","<div style=""width:100vw;height:100vh;background-color:black;""></div>","f","html-keyboard-response","151","2.0.0","228398","181309","testolin2020_replication","2025-11-26T03:29:47.908Z","13-14 inch laptop","1280","800","1280","665","3","18","November 28 11:00pm","false"
"numerosity_discrimination","1","28","55","18","16","0.8889","j","734","<div style=""width:100vw;height:100vh;background-color:black;""></div>","j","html-keyboard-response","156","2.0.0","231662","181309","testolin2020_replication","2025-11-26T03:29:47.908Z","13-14 inch laptop","1280","800","1280","665","3","18","November 28 11:00pm","true"
"numerosity_discrimination","1","29","120","14","12","0.8571","j","589","<div style=""width:100vw;height:100vh;background-color:black;""></div>","f","html-keyboard-response","161","2.0.0","234517","181309","testolin2020_replication","2025-11-26T03:29:47.908Z","13-14 inch laptop","1280","800","1280","665","3","18","November 28 11:00pm","false"
"numerosity_discrimination","1","30","89","11","9","0.8182","j","607","<div style=""width:100vw;height:100vh;background-color:black;""></div>","j","html-keyboard-response","166","2.0.0","237355","181309","testolin2020_replication","2025-11-26T03:29:47.908Z","13-14 inch laptop","1280","800","1280","665","3","18","November 28 11:00pm","true"
"numerosity_discrimination","1","31","108","8","9","0.8889","j","401","<div style=""width:100vw;height:100vh;background-color:black;""></div>","j","html-keyboard-response","171","2.0.0","240370","181309","testolin2020_replication","2025-11-26T03:29:47.908Z","13-14 inch laptop","1280","800","1280","665","3","18","November 28 11:00pm","true"
"numerosity_discrimination","1","32","23","11","9","0.8182","j","545","<div style=""width:100vw;height:100vh;background-color:black;""></div>","j","html-keyboard-response","176","2.0.0","243264","181309","testolin2020_replication","2025-11-26T03:29:47.908Z","13-14 inch laptop","1280","800","1280","665","3","18","November 28 11:00pm","true"
"numerosity_discrimination","1","33","48","14","16","0.875","j","326","<div style=""width:100vw;height:100vh;background-color:black;""></div>","j","html-keyboard-response","181","2.0.0","245786","181309","testolin2020_replication","2025-11-26T03:29:47.908Z","13-14 inch laptop","1280","800","1280","665","3","18","November 28 11:00pm","true"
"numerosity_discrimination","1","34","177","8","11","0.7273","j","268","<div style=""width:100vw;height:100vh;background-color:black;""></div>","j","html-keyboard-response","186","2.0.0","248471","181309","testolin2020_replication","2025-11-26T03:29:47.908Z","13-14 inch laptop","1280","800","1280","665","3","18","November 28 11:00pm","true"
"numerosity_discrimination","1","35","26","28","25","0.8929","j","851","<div style=""width:100vw;height:100vh;background-color:black;""></div>","j","html-keyboard-response","191","2.0.0","251659","181309","testolin2020_replication","2025-11-26T03:29:47.908Z","13-14 inch laptop","1280","800","1280","665","3","18","November 28 11:00pm","true"
"numerosity_discrimination","1","36","166","20","14","0.7","j","563","<div style=""width:100vw;height:100vh;background-color:black;""></div>","f","html-keyboard-response","196","2.0.0","254710","181309","testolin2020_replication","2025-11-26T03:29:47.908Z","13-14 inch laptop","1280","800","1280","665","3","18","November 28 11:00pm","false"
"numerosity_discrimination","1","37","261","28","18","0.6429","j","340","<div style=""width:100vw;height:100vh;background-color:black;""></div>","f","html-keyboard-response","201","2.0.0","257729","181309","testolin2020_replication","2025-11-26T03:29:47.908Z","13-14 inch laptop","1280","800","1280","665","3","18","November 28 11:00pm","false"
"numerosity_discrimination","1","38","32","16","20","0.8","j","208","<div style=""width:100vw;height:100vh;background-color:black;""></div>","j","html-keyboard-response","206","2.0.0","260142","181309","testolin2020_replication","2025-11-26T03:29:47.908Z","13-14 inch laptop","1280","800","1280","665","3","18","November 28 11:00pm","true"
"numerosity_discrimination","1","39","103","14","12","0.8571","j","280","<div style=""width:100vw;height:100vh;background-color:black;""></div>","f","html-keyboard-response","211","2.0.0","263003","181309","testolin2020_replication","2025-11-26T03:29:47.908Z","13-14 inch laptop","1280","800","1280","665","3","18","November 28 11:00pm","false"
"numerosity_discrimination","1","40","197","12","16","0.75","j","123","<div style=""width:100vw;height:100vh;background-color:black;""></div>","j","html-keyboard-response","216","2.0.0","265477","181309","testolin2020_replication","2025-11-26T03:29:47.908Z","13-14 inch laptop","1280","800","1280","665","3","18","November 28 11:00pm","true"
"numerosity_discrimination","1","41","268","18","11","0.6111","j","179","<div style=""width:100vw;height:100vh;background-color:black;""></div>","f","html-keyboard-response","221","2.0.0","268013","181309","testolin2020_replication","2025-11-26T03:29:47.908Z","13-14 inch laptop","1280","800","1280","665","3","18","November 28 11:00pm","false"
"numerosity_discrimination","1","42","299","20","10","0.5","j","260","<div style=""width:100vw;height:100vh;background-color:black;""></div>","f","html-keyboard-response","226","2.0.0","270938","181309","testolin2020_replication","2025-11-26T03:29:47.908Z","13-14 inch laptop","1280","800","1280","665","3","18","November 28 11:00pm","false"
"numerosity_discrimination","1","43","179","22","16","0.7273","j","194","<div style=""width:100vw;height:100vh;background-color:black;""></div>","f","html-keyboard-response","231","2.0.0","273602","181309","testolin2020_replication","2025-11-26T03:29:47.908Z","13-14 inch laptop","1280","800","1280","665","3","18","November 28 11:00pm","false"
"numerosity_discrimination","1","44","203","11","8","0.7273","j","353","<div style=""width:100vw;height:100vh;background-color:black;""></div>","f","html-keyboard-response","236","2.0.0","276489","181309","testolin2020_replication","2025-11-26T03:29:47.908Z","13-14 inch laptop","1280","800","1280","665","3","18","November 28 11:00pm","false"
"numerosity_discrimination","1","45","245","10","16","0.625","j","389","<div style=""width:100vw;height:100vh;background-color:black;""></div>","j","html-keyboard-response","241","2.0.0","279409","181309","testolin2020_replication","2025-11-26T03:29:47.908Z","13-14 inch laptop","1280","800","1280","665","3","18","November 28 11:00pm","true"
"numerosity_discrimination","1","46","34","16","18","0.8889","j","423","<div style=""width:100vw;height:100vh;background-color:black;""></div>","f","html-keyboard-response","246","2.0.0","282344","181309","testolin2020_replication","2025-11-26T03:29:47.908Z","13-14 inch laptop","1280","800","1280","665","3","18","November 28 11:00pm","false"
"numerosity_discrimination","1","47","164","20","14","0.7","j","512","<div style=""width:100vw;height:100vh;background-color:black;""></div>","f","html-keyboard-response","251","2.0.0","285135","181309","testolin2020_replication","2025-11-26T03:29:47.908Z","13-14 inch laptop","1280","800","1280","665","3","18","November 28 11:00pm","false"
"numerosity_discrimination","1","48","186","22","28","0.7857","j","430","<div style=""width:100vw;height:100vh;background-color:black;""></div>","j","html-keyboard-response","256","2.0.0","288221","181309","testolin2020_replication","2025-11-26T03:29:47.908Z","13-14 inch laptop","1280","800","1280","665","3","18","November 28 11:00pm","true"
"numerosity_discrimination","1","49","19","18","22","0.8182","j","171","<div style=""width:100vw;height:100vh;background-color:black;""></div>","j","html-keyboard-response","261","2.0.0","290972","181309","testolin2020_replication","2025-11-26T03:29:47.908Z","13-14 inch laptop","1280","800","1280","665","3","18","November 28 11:00pm","true"
"numerosity_discrimination","1","50","22","16","20","0.8","j","278","<div style=""width:100vw;height:100vh;background-color:black;""></div>","f","html-keyboard-response","266","2.0.0","293667","181309","testolin2020_replication","2025-11-26T03:29:47.908Z","13-14 inch laptop","1280","800","1280","665","3","18","November 28 11:00pm","false"
"numerosity_discrimination","1","51","285","11","22","0.5","j","153","<div style=""width:100vw;height:100vh;background-color:black;""></div>","j","html-keyboard-response","271","2.0.0","296367","181309","testolin2020_replication","2025-11-26T03:29:47.908Z","13-14 inch laptop","1280","800","1280","665","3","18","November 28 11:00pm","true"
"numerosity_discrimination","1","52","54","22","18","0.8182","j","29","<div style=""width:100vw;height:100vh;background-color:black;""></div>","f","html-keyboard-response","276","2.0.0","298754","181309","testolin2020_replication","2025-11-26T03:29:47.908Z","13-14 inch laptop","1280","800","1280","665","3","18","November 28 11:00pm","false"
"numerosity_discrimination","1","53","238","20","12","0.6","j","182","<div style=""width:100vw;height:100vh;background-color:black;""></div>","f","html-keyboard-response","281","2.0.0","301485","181309","testolin2020_replication","2025-11-26T03:29:47.908Z","13-14 inch laptop","1280","800","1280","665","3","18","November 28 11:00pm","false"
"numerosity_discrimination","1","54","124","16","12","0.75","j","253","<div style=""width:100vw;height:100vh;background-color:black;""></div>","f","html-keyboard-response","286","2.0.0","304224","181309","testolin2020_replication","2025-11-26T03:29:47.908Z","13-14 inch laptop","1280","800","1280","665","3","18","November 28 11:00pm","false"
"numerosity_discrimination","1","55","18","14","12","0.8571","j","390","<div style=""width:100vw;height:100vh;background-color:black;""></div>","f","html-keyboard-response","291","2.0.0","307194","181309","testolin2020_replication","2025-11-26T03:29:47.908Z","13-14 inch laptop","1280","800","1280","665","3","18","November 28 11:00pm","false"
"numerosity_discrimination","1","56","173","25","18","0.72","j","236","<div style=""width:100vw;height:100vh;background-color:black;""></div>","f","html-keyboard-response","296","2.0.0","309853","181309","testolin2020_replication","2025-11-26T03:29:47.908Z","13-14 inch laptop","1280","800","1280","665","3","18","November 28 11:00pm","false"
"numerosity_discrimination","1","57","63","9","8","0.8889","j","502","<div style=""width:100vw;height:100vh;background-color:black;""></div>","f","html-keyboard-response","301","2.0.0","312631","181309","testolin2020_replication","2025-11-26T03:29:47.908Z","13-14 inch laptop","1280","800","1280","665","3","18","November 28 11:00pm","false"
"numerosity_discrimination","1","58","159","20","28","0.7143","j","386","<div style=""width:100vw;height:100vh;background-color:black;""></div>","j","html-keyboard-response","306","2.0.0","315436","181309","testolin2020_replication","2025-11-26T03:29:47.908Z","13-14 inch laptop","1280","800","1280","665","3","18","November 28 11:00pm","true"
"numerosity_discrimination","1","59","265","18","28","0.6429","j","283","<div style=""width:100vw;height:100vh;background-color:black;""></div>","j","html-keyboard-response","311","2.0.0","318250","181309","testolin2020_replication","2025-11-26T03:29:47.908Z","13-14 inch laptop","1280","800","1280","665","3","18","November 28 11:00pm","true"
"numerosity_discrimination","1","60","17","12","14","0.8571","j","1057","<div style=""width:100vw;height:100vh;background-color:black;""></div>","f","html-keyboard-response","316","2.0.0","321765","181309","testolin2020_replication","2025-11-26T03:29:47.908Z","13-14 inch laptop","1280","800","1280","665","3","18","November 28 11:00pm","false"
"numerosity_discrimination","1","61","140","11","8","0.7273","j","359","<div style=""width:100vw;height:100vh;background-color:black;""></div>","f","html-keyboard-response","321","2.0.0","324764","181309","testolin2020_replication","2025-11-26T03:29:47.908Z","13-14 inch laptop","1280","800","1280","665","3","18","November 28 11:00pm","false"
"numerosity_discrimination","1","62","208","9","7","0.7778","j","267","<div style=""width:100vw;height:100vh;background-color:black;""></div>","j","html-keyboard-response","326","2.0.0","327418","181309","testolin2020_replication","2025-11-26T03:29:47.908Z","13-14 inch laptop","1280","800","1280","665","3","18","November 28 11:00pm","true"
"numerosity_discrimination","1","63","53","18","22","0.8182","j","185","<div style=""width:100vw;height:100vh;background-color:black;""></div>","j","html-keyboard-response","331","2.0.0","330260","181309","testolin2020_replication","2025-11-26T03:29:47.908Z","13-14 inch laptop","1280","800","1280","665","3","18","November 28 11:00pm","true"
"numerosity_discrimination","1","64","126","9","7","0.7778","j","560","<div style=""width:100vw;height:100vh;background-color:black;""></div>","f","html-keyboard-response","336","2.0.0","333395","181309","testolin2020_replication","2025-11-26T03:29:47.908Z","13-14 inch laptop","1280","800","1280","665","3","18","November 28 11:00pm","false"
"numerosity_discrimination","1","65","88","12","10","0.8333","j","10805","<div style=""width:100vw;height:100vh;background-color:black;""></div>","f","html-keyboard-response","341","2.0.0","346464","181309","testolin2020_replication","2025-11-26T03:29:47.908Z","13-14 inch laptop","1280","800","1280","665","3","18","November 28 11:00pm","false"
"numerosity_discrimination","1","66","116","28","25","0.8929","j","667","<div style=""width:100vw;height:100vh;background-color:black;""></div>","f","html-keyboard-response","346","2.0.0","349671","181309","testolin2020_replication","2025-11-26T03:29:47.908Z","13-14 inch laptop","1280","800","1280","665","3","18","November 28 11:00pm","false"
"numerosity_discrimination","1","67","4","12","14","0.8571","j","235","<div style=""width:100vw;height:100vh;background-color:black;""></div>","f","html-keyboard-response","351","2.0.0","352281","181309","testolin2020_replication","2025-11-26T03:29:47.908Z","13-14 inch laptop","1280","800","1280","665","3","18","November 28 11:00pm","false"
"numerosity_discrimination","1","68","287","25","14","0.56","j","607","<div style=""width:100vw;height:100vh;background-color:black;""></div>","f","html-keyboard-response","356","2.0.0","355259","181309","testolin2020_replication","2025-11-26T03:29:47.908Z","13-14 inch laptop","1280","800","1280","665","3","18","November 28 11:00pm","false"
"numerosity_discrimination","1","69","119","12","10","0.8333","j","212","<div style=""width:100vw;height:100vh;background-color:black;""></div>","f","html-keyboard-response","361","2.0.0","358063","181309","testolin2020_replication","2025-11-26T03:29:47.908Z","13-14 inch laptop","1280","800","1280","665","3","18","November 28 11:00pm","false"
"numerosity_discrimination","1","70","122","8","11","0.7273","j","440","<div style=""width:100vw;height:100vh;background-color:black;""></div>","j","html-keyboard-response","366","2.0.0","361098","181309","testolin2020_replication","2025-11-26T03:29:47.908Z","13-14 inch laptop","1280","800","1280","665","3","18","November 28 11:00pm","true"
"numerosity_discrimination","1","71","194","7","9","0.7778","j","347","<div style=""width:100vw;height:100vh;background-color:black;""></div>","j","html-keyboard-response","371","2.0.0","363730","181309","testolin2020_replication","2025-11-26T03:29:47.908Z","13-14 inch laptop","1280","800","1280","665","3","18","November 28 11:00pm","true"
"numerosity_discrimination","1","72","75","12","14","0.8571","j","451","<div style=""width:100vw;height:100vh;background-color:black;""></div>","f","html-keyboard-response","376","2.0.0","366440","181309","testolin2020_replication","2025-11-26T03:29:47.908Z","13-14 inch laptop","1280","800","1280","665","3","18","November 28 11:00pm","false"
"numerosity_discrimination","1","73","150","16","22","0.7273","j","160","<div style=""width:100vw;height:100vh;background-color:black;""></div>","f","html-keyboard-response","381","2.0.0","369001","181309","testolin2020_replication","2025-11-26T03:29:47.908Z","13-14 inch laptop","1280","800","1280","665","3","18","November 28 11:00pm","false"
"numerosity_discrimination","1","74","70","18","16","0.8889","j","284","<div style=""width:100vw;height:100vh;background-color:black;""></div>","f","html-keyboard-response","386","2.0.0","371913","181309","testolin2020_replication","2025-11-26T03:29:47.908Z","13-14 inch laptop","1280","800","1280","665","3","18","November 28 11:00pm","false"
"numerosity_discrimination","1","75","187","18","14","0.7778","j","149","<div style=""width:100vw;height:100vh;background-color:black;""></div>","f","html-keyboard-response","391","2.0.0","374621","181309","testolin2020_replication","2025-11-26T03:29:47.908Z","13-14 inch laptop","1280","800","1280","665","3","18","November 28 11:00pm","false"
"numerosity_discrimination","1","76","275","14","7","0.5","j","201","<div style=""width:100vw;height:100vh;background-color:black;""></div>","f","html-keyboard-response","396","2.0.0","377280","181309","testolin2020_replication","2025-11-26T03:29:47.908Z","13-14 inch laptop","1280","800","1280","665","3","18","November 28 11:00pm","false"
"numerosity_discrimination","1","77","192","22","28","0.7857","j","276","<div style=""width:100vw;height:100vh;background-color:black;""></div>","j","html-keyboard-response","401","2.0.0","379879","181309","testolin2020_replication","2025-11-26T03:29:47.908Z","13-14 inch laptop","1280","800","1280","665","3","18","November 28 11:00pm","true"
"numerosity_discrimination","1","78","225","14","22","0.6364","j","237","<div style=""width:100vw;height:100vh;background-color:black;""></div>","j","html-keyboard-response","406","2.0.0","382494","181309","testolin2020_replication","2025-11-26T03:29:47.908Z","13-14 inch laptop","1280","800","1280","665","3","18","November 28 11:00pm","true"
"numerosity_discrimination","1","79","59","14","12","0.8571","j","189","<div style=""width:100vw;height:100vh;background-color:black;""></div>","f","html-keyboard-response","411","2.0.0","385315","181309","testolin2020_replication","2025-11-26T03:29:47.908Z","13-14 inch laptop","1280","800","1280","665","3","18","November 28 11:00pm","false"
"numerosity_discrimination","1","80","239","22","14","0.6364","j","135","<div style=""width:100vw;height:100vh;background-color:black;""></div>","f","html-keyboard-response","416","2.0.0","388042","181309","testolin2020_replication","2025-11-26T03:29:47.908Z","13-14 inch laptop","1280","800","1280","665","3","18","November 28 11:00pm","false"
"numerosity_discrimination","1","81","226","14","9","0.6429","j","324","<div style=""width:100vw;height:100vh;background-color:black;""></div>","f","html-keyboard-response","421","2.0.0","390740","181309","testolin2020_replication","2025-11-26T03:29:47.908Z","13-14 inch laptop","1280","800","1280","665","3","18","November 28 11:00pm","false"
"numerosity_discrimination","1","82","259","18","11","0.6111","j","164","<div style=""width:100vw;height:100vh;background-color:black;""></div>","f","html-keyboard-response","426","2.0.0","393510","181309","testolin2020_replication","2025-11-26T03:29:47.908Z","13-14 inch laptop","1280","800","1280","665","3","18","November 28 11:00pm","false"
"numerosity_discrimination","1","83","184","18","14","0.7778","j","262","<div style=""width:100vw;height:100vh;background-color:black;""></div>","f","html-keyboard-response","431","2.0.0","396310","181309","testolin2020_replication","2025-11-26T03:29:47.908Z","13-14 inch laptop","1280","800","1280","665","3","18","November 28 11:00pm","false"
"numerosity_discrimination","1","84","100","28","25","0.8929","j","346","<div style=""width:100vw;height:100vh;background-color:black;""></div>","f","html-keyboard-response","436","2.0.0","399110","181309","testolin2020_replication","2025-11-26T03:29:47.908Z","13-14 inch laptop","1280","800","1280","665","3","18","November 28 11:00pm","false"
"numerosity_discrimination","1","85","38","14","16","0.875","j","174","<div style=""width:100vw;height:100vh;background-color:black;""></div>","j","html-keyboard-response","441","2.0.0","401938","181309","testolin2020_replication","2025-11-26T03:29:47.908Z","13-14 inch laptop","1280","800","1280","665","3","18","November 28 11:00pm","true"
"numerosity_discrimination","1","86","109","12","14","0.8571","j","194","<div style=""width:100vw;height:100vh;background-color:black;""></div>","f","html-keyboard-response","446","2.0.0","404643","181309","testolin2020_replication","2025-11-26T03:29:47.908Z","13-14 inch laptop","1280","800","1280","665","3","18","November 28 11:00pm","false"
"numerosity_discrimination","1","87","231","25","16","0.64","j","143","<div style=""width:100vw;height:100vh;background-color:black;""></div>","f","html-keyboard-response","451","2.0.0","407443","181309","testolin2020_replication","2025-11-26T03:29:47.908Z","13-14 inch laptop","1280","800","1280","665","3","18","November 28 11:00pm","false"
"numerosity_discrimination","1","88","282","8","14","0.5714","j","154","<div style=""width:100vw;height:100vh;background-color:black;""></div>","j","html-keyboard-response","456","2.0.0","409984","181309","testolin2020_replication","2025-11-26T03:29:47.908Z","13-14 inch laptop","1280","800","1280","665","3","18","November 28 11:00pm","true"
"numerosity_discrimination","1","89","37","20","16","0.8","j","419","<div style=""width:100vw;height:100vh;background-color:black;""></div>","f","html-keyboard-response","461","2.0.0","412990","181309","testolin2020_replication","2025-11-26T03:29:47.908Z","13-14 inch laptop","1280","800","1280","665","3","18","November 28 11:00pm","false"
"numerosity_discrimination","1","90","41","16","20","0.8","j","2419","<div style=""width:100vw;height:100vh;background-color:black;""></div>","j","html-keyboard-response","466","2.0.0","418018","181309","testolin2020_replication","2025-11-26T03:29:47.908Z","13-14 inch laptop","1280","800","1280","665","3","18","November 28 11:00pm","true"
"numerosity_discrimination","1","91","11","8","10","0.8","j","694","<div style=""width:100vw;height:100vh;background-color:black;""></div>","f","html-keyboard-response","471","2.0.0","420959","181309","testolin2020_replication","2025-11-26T03:29:47.908Z","13-14 inch laptop","1280","800","1280","665","3","18","November 28 11:00pm","false"
"numerosity_discrimination","1","92","163","18","14","0.7778","j","260","<div style=""width:100vw;height:100vh;background-color:black;""></div>","f","html-keyboard-response","476","2.0.0","423720","181309","testolin2020_replication","2025-11-26T03:29:47.908Z","13-14 inch laptop","1280","800","1280","665","3","18","November 28 11:00pm","false"
"numerosity_discrimination","1","93","243","18","12","0.6667","j","87","<div style=""width:100vw;height:100vh;background-color:black;""></div>","f","html-keyboard-response","481","2.0.0","426293","181309","testolin2020_replication","2025-11-26T03:29:47.908Z","13-14 inch laptop","1280","800","1280","665","3","18","November 28 11:00pm","false"
"numerosity_discrimination","1","94","290","12","22","0.5455","j","352","<div style=""width:100vw;height:100vh;background-color:black;""></div>","j","html-keyboard-response","486","2.0.0","428894","181309","testolin2020_replication","2025-11-26T03:29:47.908Z","13-14 inch laptop","1280","800","1280","665","3","18","November 28 11:00pm","true"
"numerosity_discrimination","1","95","281","12","7","0.5833","j","329","<div style=""width:100vw;height:100vh;background-color:black;""></div>","f","html-keyboard-response","491","2.0.0","431707","181309","testolin2020_replication","2025-11-26T03:29:47.908Z","13-14 inch laptop","1280","800","1280","665","3","18","November 28 11:00pm","false"
"numerosity_discrimination","1","96","134","16","12","0.75","j","445","<div style=""width:100vw;height:100vh;background-color:black;""></div>","f","html-keyboard-response","496","2.0.0","434791","181309","testolin2020_replication","2025-11-26T03:29:47.908Z","13-14 inch laptop","1280","800","1280","665","3","18","November 28 11:00pm","false"
"numerosity_discrimination","1","97","123","12","16","0.75","j","407","<div style=""width:100vw;height:100vh;background-color:black;""></div>","j","html-keyboard-response","501","2.0.0","437439","181309","testolin2020_replication","2025-11-26T03:29:47.908Z","13-14 inch laptop","1280","800","1280","665","3","18","November 28 11:00pm","true"
"numerosity_discrimination","1","98","274","18","9","0.5","j","141","<div style=""width:100vw;height:100vh;background-color:black;""></div>","f","html-keyboard-response","506","2.0.0","439909","181309","testolin2020_replication","2025-11-26T03:29:47.908Z","13-14 inch laptop","1280","800","1280","665","3","18","November 28 11:00pm","false"
"numerosity_discrimination","1","99","112","28","25","0.8929","j","326","<div style=""width:100vw;height:100vh;background-color:black;""></div>","j","html-keyboard-response","511","2.0.0","442826","181309","testolin2020_replication","2025-11-26T03:29:47.908Z","13-14 inch laptop","1280","800","1280","665","3","18","November 28 11:00pm","true"
"numerosity_discrimination","1","100","295","20","10","0.5","j","156","<div style=""width:100vw;height:100vh;background-color:black;""></div>","f","html-keyboard-response","516","2.0.0","445543","181309","testolin2020_replication","2025-11-26T03:29:47.908Z","13-14 inch laptop","1280","800","1280","665","3","18","November 28 11:00pm","false"
"numerosity_discrimination","2","101","46","18","22","0.8182","j","166","<div style=""width:100vw;height:100vh;background-color:black;""></div>","j","html-keyboard-response","523","2.0.0","512350","181309","testolin2020_replication","2025-11-26T03:29:47.908Z","13-14 inch laptop","1280","800","1280","665","3","18","November 28 11:00pm","true"
"numerosity_discrimination","2","102","77","7","8","0.875","j","327","<div style=""width:100vw;height:100vh;background-color:black;""></div>","f","html-keyboard-response","528","2.0.0","514960","181309","testolin2020_replication","2025-11-26T03:29:47.908Z","13-14 inch laptop","1280","800","1280","665","3","18","November 28 11:00pm","false"
"numerosity_discrimination","2","103","68","11","9","0.8182","j","302","<div style=""width:100vw;height:100vh;background-color:black;""></div>","j","html-keyboard-response","533","2.0.0","517598","181309","testolin2020_replication","2025-11-26T03:29:47.908Z","13-14 inch laptop","1280","800","1280","665","3","18","November 28 11:00pm","true"
"numerosity_discrimination","2","104","178","14","11","0.7857","j","1338","<div style=""width:100vw;height:100vh;background-color:black;""></div>","f","html-keyboard-response","538","2.0.0","521555","181309","testolin2020_replication","2025-11-26T03:29:47.908Z","13-14 inch laptop","1280","800","1280","665","3","18","November 28 11:00pm","false"
"numerosity_discrimination","2","105","30","11","9","0.8182","j","314","<div style=""width:100vw;height:100vh;background-color:black;""></div>","f","html-keyboard-response","543","2.0.0","524241","181309","testolin2020_replication","2025-11-26T03:29:47.908Z","13-14 inch laptop","1280","800","1280","665","3","18","November 28 11:00pm","false"
"numerosity_discrimination","2","106","86","22","25","0.88","j","106","<div style=""width:100vw;height:100vh;background-color:black;""></div>","j","html-keyboard-response","548","2.0.0","526924","181309","testolin2020_replication","2025-11-26T03:29:47.908Z","13-14 inch laptop","1280","800","1280","665","3","18","November 28 11:00pm","true"
"numerosity_discrimination","2","107","244","8","12","0.6667","j","106","<div style=""width:100vw;height:100vh;background-color:black;""></div>","f","html-keyboard-response","553","2.0.0","529576","181309","testolin2020_replication","2025-11-26T03:29:47.908Z","13-14 inch laptop","1280","800","1280","665","3","18","November 28 11:00pm","false"
"numerosity_discrimination","2","108","195","16","12","0.75","j","72","<div style=""width:100vw;height:100vh;background-color:black;""></div>","f","html-keyboard-response","558","2.0.0","531895","181309","testolin2020_replication","2025-11-26T03:29:47.908Z","13-14 inch laptop","1280","800","1280","665","3","18","November 28 11:00pm","false"
"numerosity_discrimination","2","109","78","11","9","0.8182","j","190","<div style=""width:100vw;height:100vh;background-color:black;""></div>","f","html-keyboard-response","563","2.0.0","534651","181309","testolin2020_replication","2025-11-26T03:29:47.908Z","13-14 inch laptop","1280","800","1280","665","3","18","November 28 11:00pm","false"
"numerosity_discrimination","2","110","6","16","18","0.8889","j","290","<div style=""width:100vw;height:100vh;background-color:black;""></div>","f","html-keyboard-response","568","2.0.0","537544","181309","testolin2020_replication","2025-11-26T03:29:47.908Z","13-14 inch laptop","1280","800","1280","665","3","18","November 28 11:00pm","false"
"numerosity_discrimination","2","111","185","20","28","0.7143","j","162","<div style=""width:100vw;height:100vh;background-color:black;""></div>","j","html-keyboard-response","573","2.0.0","540174","181309","testolin2020_replication","2025-11-26T03:29:47.908Z","13-14 inch laptop","1280","800","1280","665","3","18","November 28 11:00pm","true"
"numerosity_discrimination","2","112","148","25","18","0.72","j","200","<div style=""width:100vw;height:100vh;background-color:black;""></div>","f","html-keyboard-response","578","2.0.0","542681","181309","testolin2020_replication","2025-11-26T03:29:47.908Z","13-14 inch laptop","1280","800","1280","665","3","18","November 28 11:00pm","false"
"numerosity_discrimination","2","113","157","7","10","0.7","j","326","<div style=""width:100vw;height:100vh;background-color:black;""></div>","j","html-keyboard-response","583","2.0.0","545660","181309","testolin2020_replication","2025-11-26T03:29:47.908Z","13-14 inch laptop","1280","800","1280","665","3","18","November 28 11:00pm","true"
"numerosity_discrimination","2","114","141","20","14","0.7","j","142","<div style=""width:100vw;height:100vh;background-color:black;""></div>","f","html-keyboard-response","588","2.0.0","548193","181309","testolin2020_replication","2025-11-26T03:29:47.908Z","13-14 inch laptop","1280","800","1280","665","3","18","November 28 11:00pm","false"
"numerosity_discrimination","2","115","253","22","14","0.6364","j","195","<div style=""width:100vw;height:100vh;background-color:black;""></div>","f","html-keyboard-response","593","2.0.0","550696","181309","testolin2020_replication","2025-11-26T03:29:47.908Z","13-14 inch laptop","1280","800","1280","665","3","18","November 28 11:00pm","false"
"numerosity_discrimination","2","116","214","20","12","0.6","j","95","<div style=""width:100vw;height:100vh;background-color:black;""></div>","f","html-keyboard-response","598","2.0.0","553322","181309","testolin2020_replication","2025-11-26T03:29:47.908Z","13-14 inch laptop","1280","800","1280","665","3","18","November 28 11:00pm","false"
"numerosity_discrimination","2","117","102","8","7","0.875","j","191","<div style=""width:100vw;height:100vh;background-color:black;""></div>","f","html-keyboard-response","603","2.0.0","556118","181309","testolin2020_replication","2025-11-26T03:29:47.908Z","13-14 inch laptop","1280","800","1280","665","3","18","November 28 11:00pm","false"
"numerosity_discrimination","2","118","96","12","10","0.8333","j","51","<div style=""width:100vw;height:100vh;background-color:black;""></div>","f","html-keyboard-response","608","2.0.0","558866","181309","testolin2020_replication","2025-11-26T03:29:47.908Z","13-14 inch laptop","1280","800","1280","665","3","18","November 28 11:00pm","false"
"numerosity_discrimination","2","119","220","28","18","0.6429","j","9","<div style=""width:100vw;height:100vh;background-color:black;""></div>","f","html-keyboard-response","613","2.0.0","561068","181309","testolin2020_replication","2025-11-26T03:29:47.908Z","13-14 inch laptop","1280","800","1280","665","3","18","November 28 11:00pm","false"
"numerosity_discrimination","2","120","142","11","14","0.7857","j","232","<div style=""width:100vw;height:100vh;background-color:black;""></div>","f","html-keyboard-response","618","2.0.0","563817","181309","testolin2020_replication","2025-11-26T03:29:47.908Z","13-14 inch laptop","1280","800","1280","665","3","18","November 28 11:00pm","false"
"numerosity_discrimination","2","121","183","14","20","0.7","j","281","<div style=""width:100vw;height:100vh;background-color:black;""></div>","j","html-keyboard-response","623","2.0.0","566297","181309","testolin2020_replication","2025-11-26T03:29:47.908Z","13-14 inch laptop","1280","800","1280","665","3","18","November 28 11:00pm","true"
"numerosity_discrimination","2","122","291","11","20","0.55","j","174","<div style=""width:100vw;height:100vh;background-color:black;""></div>","j","html-keyboard-response","628","2.0.0","568831","181309","testolin2020_replication","2025-11-26T03:29:47.908Z","13-14 inch laptop","1280","800","1280","665","3","18","November 28 11:00pm","true"
"numerosity_discrimination","2","123","248","22","14","0.6364","j","169","<div style=""width:100vw;height:100vh;background-color:black;""></div>","f","html-keyboard-response","633","2.0.0","571248","181309","testolin2020_replication","2025-11-26T03:29:47.908Z","13-14 inch laptop","1280","800","1280","665","3","18","November 28 11:00pm","false"
"numerosity_discrimination","2","124","230","10","16","0.625","j","89","<div style=""width:100vw;height:100vh;background-color:black;""></div>","j","html-keyboard-response","638","2.0.0","573781","181309","testolin2020_replication","2025-11-26T03:29:47.908Z","13-14 inch laptop","1280","800","1280","665","3","18","November 28 11:00pm","true"
"numerosity_discrimination","2","125","283","20","11","0.55","j","31","<div style=""width:100vw;height:100vh;background-color:black;""></div>","f","html-keyboard-response","643","2.0.0","576466","181309","testolin2020_replication","2025-11-26T03:29:47.908Z","13-14 inch laptop","1280","800","1280","665","3","18","November 28 11:00pm","false"
"numerosity_discrimination","2","126","14","8","7","0.875","j","969","<div style=""width:100vw;height:100vh;background-color:black;""></div>","f","html-keyboard-response","648","2.0.0","580118","181309","testolin2020_replication","2025-11-26T03:29:47.908Z","13-14 inch laptop","1280","800","1280","665","3","18","November 28 11:00pm","false"
"numerosity_discrimination","2","127","297","18","10","0.5556","j","156","<div style=""width:100vw;height:100vh;background-color:black;""></div>","f","html-keyboard-response","653","2.0.0","582613","181309","testolin2020_replication","2025-11-26T03:29:47.908Z","13-14 inch laptop","1280","800","1280","665","3","18","November 28 11:00pm","false"
"numerosity_discrimination","2","128","250","18","12","0.6667","j","252","<div style=""width:100vw;height:100vh;background-color:black;""></div>","f","html-keyboard-response","658","2.0.0","585236","181309","testolin2020_replication","2025-11-26T03:29:47.908Z","13-14 inch laptop","1280","800","1280","665","3","18","November 28 11:00pm","false"
"numerosity_discrimination","2","129","79","16","18","0.8889","j","5537","<div style=""width:100vw;height:100vh;background-color:black;""></div>","j","html-keyboard-response","663","2.0.0","593439","181309","testolin2020_replication","2025-11-26T03:29:47.908Z","13-14 inch laptop","1280","800","1280","665","3","18","November 28 11:00pm","true"
"numerosity_discrimination","2","130","171","12","9","0.75","j","177","<div style=""width:100vw;height:100vh;background-color:black;""></div>","f","html-keyboard-response","668","2.0.0","596266","181309","testolin2020_replication","2025-11-26T03:29:47.908Z","13-14 inch laptop","1280","800","1280","665","3","18","November 28 11:00pm","false"
"numerosity_discrimination","2","131","8","16","14","0.875","j","342","<div style=""width:100vw;height:100vh;background-color:black;""></div>","j","html-keyboard-response","673","2.0.0","598890","181309","testolin2020_replication","2025-11-26T03:29:47.908Z","13-14 inch laptop","1280","800","1280","665","3","18","November 28 11:00pm","true"
"numerosity_discrimination","2","132","107","16","18","0.8889","j","237","<div style=""width:100vw;height:100vh;background-color:black;""></div>","j","html-keyboard-response","678","2.0.0","601688","181309","testolin2020_replication","2025-11-26T03:29:47.908Z","13-14 inch laptop","1280","800","1280","665","3","18","November 28 11:00pm","true"
"numerosity_discrimination","2","133","99","22","18","0.8182","j","359","<div style=""width:100vw;height:100vh;background-color:black;""></div>","j","html-keyboard-response","683","2.0.0","604546","181309","testolin2020_replication","2025-11-26T03:29:47.908Z","13-14 inch laptop","1280","800","1280","665","3","18","November 28 11:00pm","true"
"numerosity_discrimination","2","134","224","9","14","0.6429","j","304","<div style=""width:100vw;height:100vh;background-color:black;""></div>","j","html-keyboard-response","688","2.0.0","607251","181309","testolin2020_replication","2025-11-26T03:29:47.908Z","13-14 inch laptop","1280","800","1280","665","3","18","November 28 11:00pm","true"
"numerosity_discrimination","2","135","151","9","7","0.7778","j","231","<div style=""width:100vw;height:100vh;background-color:black;""></div>","f","html-keyboard-response","693","2.0.0","609849","181309","testolin2020_replication","2025-11-26T03:29:47.908Z","13-14 inch laptop","1280","800","1280","665","3","18","November 28 11:00pm","false"
"numerosity_discrimination","2","136","133","10","14","0.7143","j","903","<div style=""width:100vw;height:100vh;background-color:black;""></div>","f","html-keyboard-response","698","2.0.0","613421","181309","testolin2020_replication","2025-11-26T03:29:47.908Z","13-14 inch laptop","1280","800","1280","665","3","18","November 28 11:00pm","false"
"numerosity_discrimination","2","137","258","14","22","0.6364","j","317","<div style=""width:100vw;height:100vh;background-color:black;""></div>","j","html-keyboard-response","703","2.0.0","616327","181309","testolin2020_replication","2025-11-26T03:29:47.908Z","13-14 inch laptop","1280","800","1280","665","3","18","November 28 11:00pm","true"
"numerosity_discrimination","2","138","82","16","14","0.875","j","345","<div style=""width:100vw;height:100vh;background-color:black;""></div>","f","html-keyboard-response","708","2.0.0","619194","181309","testolin2020_replication","2025-11-26T03:29:47.908Z","13-14 inch laptop","1280","800","1280","665","3","18","November 28 11:00pm","false"
"numerosity_discrimination","2","139","146","10","14","0.7143","j","309","<div style=""width:100vw;height:100vh;background-color:black;""></div>","j","html-keyboard-response","713","2.0.0","621903","181309","testolin2020_replication","2025-11-26T03:29:47.908Z","13-14 inch laptop","1280","800","1280","665","3","18","November 28 11:00pm","true"
"numerosity_discrimination","2","140","215","16","11","0.6875","j","344","<div style=""width:100vw;height:100vh;background-color:black;""></div>","f","html-keyboard-response","718","2.0.0","624669","181309","testolin2020_replication","2025-11-26T03:29:47.908Z","13-14 inch laptop","1280","800","1280","665","3","18","November 28 11:00pm","false"
"numerosity_discrimination","2","141","209","9","7","0.7778","j","545","<div style=""width:100vw;height:100vh;background-color:black;""></div>","j","html-keyboard-response","723","2.0.0","627662","181309","testolin2020_replication","2025-11-26T03:29:47.908Z","13-14 inch laptop","1280","800","1280","665","3","18","November 28 11:00pm","true"
"numerosity_discrimination","2","142","156","12","16","0.75","j","269","<div style=""width:100vw;height:100vh;background-color:black;""></div>","j","html-keyboard-response","728","2.0.0","630314","181309","testolin2020_replication","2025-11-26T03:29:47.908Z","13-14 inch laptop","1280","800","1280","665","3","18","November 28 11:00pm","true"
"numerosity_discrimination","2","143","181","10","14","0.7143","j","338","<div style=""width:100vw;height:100vh;background-color:black;""></div>","j","html-keyboard-response","733","2.0.0","633023","181309","testolin2020_replication","2025-11-26T03:29:47.908Z","13-14 inch laptop","1280","800","1280","665","3","18","November 28 11:00pm","true"
"numerosity_discrimination","2","144","270","14","22","0.6364","j","495","<div style=""width:100vw;height:100vh;background-color:black;""></div>","j","html-keyboard-response","738","2.0.0","636188","181309","testolin2020_replication","2025-11-26T03:29:47.908Z","13-14 inch laptop","1280","800","1280","665","3","18","November 28 11:00pm","true"
"numerosity_discrimination","2","145","293","7","12","0.5833","j","408","<div style=""width:100vw;height:100vh;background-color:black;""></div>","j","html-keyboard-response","743","2.0.0","638986","181309","testolin2020_replication","2025-11-26T03:29:47.908Z","13-14 inch laptop","1280","800","1280","665","3","18","November 28 11:00pm","true"
"numerosity_discrimination","2","146","154","11","14","0.7857","j","324","<div style=""width:100vw;height:100vh;background-color:black;""></div>","f","html-keyboard-response","748","2.0.0","641559","181309","testolin2020_replication","2025-11-26T03:29:47.908Z","13-14 inch laptop","1280","800","1280","665","3","18","November 28 11:00pm","false"
"numerosity_discrimination","2","147","137","10","7","0.7","j","242","<div style=""width:100vw;height:100vh;background-color:black;""></div>","f","html-keyboard-response","753","2.0.0","644314","181309","testolin2020_replication","2025-11-26T03:29:47.908Z","13-14 inch laptop","1280","800","1280","665","3","18","November 28 11:00pm","false"
"numerosity_discrimination","2","148","95","9","8","0.8889","j","97","<div style=""width:100vw;height:100vh;background-color:black;""></div>","f","html-keyboard-response","758","2.0.0","646945","181309","testolin2020_replication","2025-11-26T03:29:47.908Z","13-14 inch laptop","1280","800","1280","665","3","18","November 28 11:00pm","false"
"numerosity_discrimination","2","149","240","20","12","0.6","j","106","<div style=""width:100vw;height:100vh;background-color:black;""></div>","f","html-keyboard-response","763","2.0.0","649467","181309","testolin2020_replication","2025-11-26T03:29:47.908Z","13-14 inch laptop","1280","800","1280","665","3","18","November 28 11:00pm","false"
"numerosity_discrimination","2","150","191","28","20","0.7143","j","307","<div style=""width:100vw;height:100vh;background-color:black;""></div>","f","html-keyboard-response","768","2.0.0","652398","181309","testolin2020_replication","2025-11-26T03:29:47.908Z","13-14 inch laptop","1280","800","1280","665","3","18","November 28 11:00pm","false"
"numerosity_discrimination","2","151","162","16","22","0.7273","j","471","<div style=""width:100vw;height:100vh;background-color:black;""></div>","j","html-keyboard-response","773","2.0.0","655137","181309","testolin2020_replication","2025-11-26T03:29:47.908Z","13-14 inch laptop","1280","800","1280","665","3","18","November 28 11:00pm","true"
"numerosity_discrimination","2","152","64","9","11","0.8182","j","317","<div style=""width:100vw;height:100vh;background-color:black;""></div>","f","html-keyboard-response","778","2.0.0","657710","181309","testolin2020_replication","2025-11-26T03:29:47.908Z","13-14 inch laptop","1280","800","1280","665","3","18","November 28 11:00pm","false"
"numerosity_discrimination","2","153","58","18","22","0.8182","j","196","<div style=""width:100vw;height:100vh;background-color:black;""></div>","f","html-keyboard-response","783","2.0.0","660409","181309","testolin2020_replication","2025-11-26T03:29:47.908Z","13-14 inch laptop","1280","800","1280","665","3","18","November 28 11:00pm","false"
"numerosity_discrimination","2","154","66","9","11","0.8182","j","454","<div style=""width:100vw;height:100vh;background-color:black;""></div>","j","html-keyboard-response","788","2.0.0","663351","181309","testolin2020_replication","2025-11-26T03:29:47.908Z","13-14 inch laptop","1280","800","1280","665","3","18","November 28 11:00pm","true"
"numerosity_discrimination","2","155","266","7","11","0.6364","j","184","<div style=""width:100vw;height:100vh;background-color:black;""></div>","j","html-keyboard-response","793","2.0.0","666049","181309","testolin2020_replication","2025-11-26T03:29:47.908Z","13-14 inch laptop","1280","800","1280","665","3","18","November 28 11:00pm","true"
"numerosity_discrimination","2","156","90","7","8","0.875","j","196","<div style=""width:100vw;height:100vh;background-color:black;""></div>","f","html-keyboard-response","798","2.0.0","668653","181309","testolin2020_replication","2025-11-26T03:29:47.908Z","13-14 inch laptop","1280","800","1280","665","3","18","November 28 11:00pm","false"
"numerosity_discrimination","2","157","74","12","10","0.8333","j","246","<div style=""width:100vw;height:100vh;background-color:black;""></div>","f","html-keyboard-response","803","2.0.0","671325","181309","testolin2020_replication","2025-11-26T03:29:47.908Z","13-14 inch laptop","1280","800","1280","665","3","18","November 28 11:00pm","false"
"numerosity_discrimination","2","158","288","18","10","0.5556","j","279","<div style=""width:100vw;height:100vh;background-color:black;""></div>","f","html-keyboard-response","808","2.0.0","674074","181309","testolin2020_replication","2025-11-26T03:29:47.908Z","13-14 inch laptop","1280","800","1280","665","3","18","November 28 11:00pm","false"
"numerosity_discrimination","2","159","85","7","8","0.875","j","350","<div style=""width:100vw;height:100vh;background-color:black;""></div>","j","html-keyboard-response","813","2.0.0","676795","181309","testolin2020_replication","2025-11-26T03:29:47.908Z","13-14 inch laptop","1280","800","1280","665","3","18","November 28 11:00pm","true"
"numerosity_discrimination","2","160","87","14","16","0.875","j","473","<div style=""width:100vw;height:100vh;background-color:black;""></div>","j","html-keyboard-response","818","2.0.0","679778","181309","testolin2020_replication","2025-11-26T03:29:47.908Z","13-14 inch laptop","1280","800","1280","665","3","18","November 28 11:00pm","true"
"numerosity_discrimination","2","161","205","14","11","0.7857","j","186","<div style=""width:100vw;height:100vh;background-color:black;""></div>","f","html-keyboard-response","823","2.0.0","682222","181309","testolin2020_replication","2025-11-26T03:29:47.908Z","13-14 inch laptop","1280","800","1280","665","3","18","November 28 11:00pm","false"
"numerosity_discrimination","2","162","83","7","8","0.875","j","359","<div style=""width:100vw;height:100vh;background-color:black;""></div>","j","html-keyboard-response","828","2.0.0","684931","181309","testolin2020_replication","2025-11-26T03:29:47.908Z","13-14 inch laptop","1280","800","1280","665","3","18","November 28 11:00pm","true"
"numerosity_discrimination","2","163","292","8","14","0.5714","j","328","<div style=""width:100vw;height:100vh;background-color:black;""></div>","j","html-keyboard-response","833","2.0.0","687551","181309","testolin2020_replication","2025-11-26T03:29:47.908Z","13-14 inch laptop","1280","800","1280","665","3","18","November 28 11:00pm","true"
"numerosity_discrimination","2","164","24","12","10","0.8333","j","233","<div style=""width:100vw;height:100vh;background-color:black;""></div>","f","html-keyboard-response","838","2.0.0","690264","181309","testolin2020_replication","2025-11-26T03:29:47.908Z","13-14 inch laptop","1280","800","1280","665","3","18","November 28 11:00pm","false"
"numerosity_discrimination","2","165","114","20","16","0.8","j","332","<div style=""width:100vw;height:100vh;background-color:black;""></div>","f","html-keyboard-response","843","2.0.0","692801","181309","testolin2020_replication","2025-11-26T03:29:47.908Z","13-14 inch laptop","1280","800","1280","665","3","18","November 28 11:00pm","false"
"numerosity_discrimination","2","166","20","7","8","0.875","j","293","<div style=""width:100vw;height:100vh;background-color:black;""></div>","j","html-keyboard-response","848","2.0.0","695339","181309","testolin2020_replication","2025-11-26T03:29:47.908Z","13-14 inch laptop","1280","800","1280","665","3","18","November 28 11:00pm","true"
"numerosity_discrimination","2","167","36","9","11","0.8182","j","350","<div style=""width:100vw;height:100vh;background-color:black;""></div>","f","html-keyboard-response","853","2.0.0","698317","181309","testolin2020_replication","2025-11-26T03:29:47.908Z","13-14 inch laptop","1280","800","1280","665","3","18","November 28 11:00pm","false"
"numerosity_discrimination","2","168","131","11","14","0.7857","j","202","<div style=""width:100vw;height:100vh;background-color:black;""></div>","j","html-keyboard-response","858","2.0.0","700839","181309","testolin2020_replication","2025-11-26T03:29:47.908Z","13-14 inch laptop","1280","800","1280","665","3","18","November 28 11:00pm","true"
"numerosity_discrimination","2","169","190","18","14","0.7778","j","266","<div style=""width:100vw;height:100vh;background-color:black;""></div>","f","html-keyboard-response","863","2.0.0","703748","181309","testolin2020_replication","2025-11-26T03:29:47.908Z","13-14 inch laptop","1280","800","1280","665","3","18","November 28 11:00pm","false"
"numerosity_discrimination","2","170","129","12","9","0.75","j","13501","<div style=""width:100vw;height:100vh;background-color:black;""></div>","f","html-keyboard-response","868","2.0.0","719490","181309","testolin2020_replication","2025-11-26T03:29:47.908Z","13-14 inch laptop","1280","800","1280","665","3","18","November 28 11:00pm","false"
"numerosity_discrimination","2","171","12","20","16","0.8","j","312","<div style=""width:100vw;height:100vh;background-color:black;""></div>","j","html-keyboard-response","873","2.0.0","722182","181309","testolin2020_replication","2025-11-26T03:29:47.908Z","13-14 inch laptop","1280","800","1280","665","3","18","November 28 11:00pm","true"
"numerosity_discrimination","2","172","42","22","25","0.88","j","313","<div style=""width:100vw;height:100vh;background-color:black;""></div>","j","html-keyboard-response","878","2.0.0","724976","181309","testolin2020_replication","2025-11-26T03:29:47.908Z","13-14 inch laptop","1280","800","1280","665","3","18","November 28 11:00pm","true"
"numerosity_discrimination","2","173","127","14","10","0.7143","j","191","<div style=""width:100vw;height:100vh;background-color:black;""></div>","f","html-keyboard-response","883","2.0.0","727362","181309","testolin2020_replication","2025-11-26T03:29:47.908Z","13-14 inch laptop","1280","800","1280","665","3","18","November 28 11:00pm","false"
"numerosity_discrimination","2","174","13","7","8","0.875","j","111","<div style=""width:100vw;height:100vh;background-color:black;""></div>","j","html-keyboard-response","888","2.0.0","729782","181309","testolin2020_replication","2025-11-26T03:29:47.908Z","13-14 inch laptop","1280","800","1280","665","3","18","November 28 11:00pm","true"
"numerosity_discrimination","2","175","196","12","16","0.75","j","691","<div style=""width:100vw;height:100vh;background-color:black;""></div>","j","html-keyboard-response","893","2.0.0","732744","181309","testolin2020_replication","2025-11-26T03:29:47.908Z","13-14 inch laptop","1280","800","1280","665","3","18","November 28 11:00pm","true"
"numerosity_discrimination","2","176","210","14","11","0.7857","j","415","<div style=""width:100vw;height:100vh;background-color:black;""></div>","f","html-keyboard-response","898","2.0.0","735736","181309","testolin2020_replication","2025-11-26T03:29:47.908Z","13-14 inch laptop","1280","800","1280","665","3","18","November 28 11:00pm","false"
"numerosity_discrimination","2","177","65","12","14","0.8571","j","2846","<div style=""width:100vw;height:100vh;background-color:black;""></div>","f","html-keyboard-response","903","2.0.0","740896","181309","testolin2020_replication","2025-11-26T03:29:47.908Z","13-14 inch laptop","1280","800","1280","665","3","18","November 28 11:00pm","false"
"numerosity_discrimination","2","178","121","12","16","0.75","j","318","<div style=""width:100vw;height:100vh;background-color:black;""></div>","j","html-keyboard-response","908","2.0.0","743422","181309","testolin2020_replication","2025-11-26T03:29:47.908Z","13-14 inch laptop","1280","800","1280","665","3","18","November 28 11:00pm","true"
"numerosity_discrimination","2","179","76","8","7","0.875","j","486","<div style=""width:100vw;height:100vh;background-color:black;""></div>","f","html-keyboard-response","913","2.0.0","746275","181309","testolin2020_replication","2025-11-26T03:29:47.908Z","13-14 inch laptop","1280","800","1280","665","3","18","November 28 11:00pm","false"
"numerosity_discrimination","2","180","174","22","16","0.7273","j","331","<div style=""width:100vw;height:100vh;background-color:black;""></div>","f","html-keyboard-response","918","2.0.0","749102","181309","testolin2020_replication","2025-11-26T03:29:47.908Z","13-14 inch laptop","1280","800","1280","665","3","18","November 28 11:00pm","false"
"numerosity_discrimination","2","181","273","18","9","0.5","j","667","<div style=""width:100vw;height:100vh;background-color:black;""></div>","f","html-keyboard-response","923","2.0.0","752152","181309","testolin2020_replication","2025-11-26T03:29:47.908Z","13-14 inch laptop","1280","800","1280","665","3","18","November 28 11:00pm","false"
"numerosity_discrimination","2","182","176","10","14","0.7143","j","232","<div style=""width:100vw;height:100vh;background-color:black;""></div>","j","html-keyboard-response","928","2.0.0","754915","181309","testolin2020_replication","2025-11-26T03:29:47.908Z","13-14 inch laptop","1280","800","1280","665","3","18","November 28 11:00pm","true"
"numerosity_discrimination","2","183","50","14","16","0.875","j","331","<div style=""width:100vw;height:100vh;background-color:black;""></div>","j","html-keyboard-response","933","2.0.0","757800","181309","testolin2020_replication","2025-11-26T03:29:47.908Z","13-14 inch laptop","1280","800","1280","665","3","18","November 28 11:00pm","true"
"numerosity_discrimination","2","184","145","12","9","0.75","j","239","<div style=""width:100vw;height:100vh;background-color:black;""></div>","f","html-keyboard-response","938","2.0.0","760281","181309","testolin2020_replication","2025-11-26T03:29:47.908Z","13-14 inch laptop","1280","800","1280","665","3","18","November 28 11:00pm","false"
"numerosity_discrimination","2","185","219","9","14","0.6429","j","207","<div style=""width:100vw;height:100vh;background-color:black;""></div>","j","html-keyboard-response","943","2.0.0","762710","181309","testolin2020_replication","2025-11-26T03:29:47.908Z","13-14 inch laptop","1280","800","1280","665","3","18","November 28 11:00pm","true"
"numerosity_discrimination","2","186","3","16","14","0.875","j","246","<div style=""width:100vw;height:100vh;background-color:black;""></div>","f","html-keyboard-response","948","2.0.0","765439","181309","testolin2020_replication","2025-11-26T03:29:47.908Z","13-14 inch laptop","1280","800","1280","665","3","18","November 28 11:00pm","false"
"numerosity_discrimination","2","187","201","20","14","0.7","j","398","<div style=""width:100vw;height:100vh;background-color:black;""></div>","f","html-keyboard-response","953","2.0.0","768080","181309","testolin2020_replication","2025-11-26T03:29:47.908Z","13-14 inch laptop","1280","800","1280","665","3","18","November 28 11:00pm","false"
"numerosity_discrimination","2","188","44","20","16","0.8","j","310","<div style=""width:100vw;height:100vh;background-color:black;""></div>","j","html-keyboard-response","958","2.0.0","770777","181309","testolin2020_replication","2025-11-26T03:29:47.908Z","13-14 inch laptop","1280","800","1280","665","3","18","November 28 11:00pm","true"
"numerosity_discrimination","2","189","136","10","14","0.7143","j","258","<div style=""width:100vw;height:100vh;background-color:black;""></div>","j","html-keyboard-response","963","2.0.0","773267","181309","testolin2020_replication","2025-11-26T03:29:47.908Z","13-14 inch laptop","1280","800","1280","665","3","18","November 28 11:00pm","true"
"numerosity_discrimination","2","190","237","20","12","0.6","j","152","<div style=""width:100vw;height:100vh;background-color:black;""></div>","f","html-keyboard-response","968","2.0.0","775752","181309","testolin2020_replication","2025-11-26T03:29:47.908Z","13-14 inch laptop","1280","800","1280","665","3","18","November 28 11:00pm","false"
"numerosity_discrimination","2","191","294","7","12","0.5833","j","124","<div style=""width:100vw;height:100vh;background-color:black;""></div>","j","html-keyboard-response","973","2.0.0","778467","181309","testolin2020_replication","2025-11-26T03:29:47.908Z","13-14 inch laptop","1280","800","1280","665","3","18","November 28 11:00pm","true"
"numerosity_discrimination","2","192","21","22","18","0.8182","j","161","<div style=""width:100vw;height:100vh;background-color:black;""></div>","f","html-keyboard-response","978","2.0.0","780953","181309","testolin2020_replication","2025-11-26T03:29:47.908Z","13-14 inch laptop","1280","800","1280","665","3","18","November 28 11:00pm","false"
"numerosity_discrimination","2","193","125","11","14","0.7857","j","149","<div style=""width:100vw;height:100vh;background-color:black;""></div>","j","html-keyboard-response","983","2.0.0","783537","181309","testolin2020_replication","2025-11-26T03:29:47.908Z","13-14 inch laptop","1280","800","1280","665","3","18","November 28 11:00pm","true"
"numerosity_discrimination","2","194","228","11","16","0.6875","j","360","<div style=""width:100vw;height:100vh;background-color:black;""></div>","f","html-keyboard-response","988","2.0.0","786260","181309","testolin2020_replication","2025-11-26T03:29:47.908Z","13-14 inch laptop","1280","800","1280","665","3","18","November 28 11:00pm","false"
"numerosity_discrimination","2","195","111","11","9","0.8182","j","453","<div style=""width:100vw;height:100vh;background-color:black;""></div>","j","html-keyboard-response","993","2.0.0","789111","181309","testolin2020_replication","2025-11-26T03:29:47.908Z","13-14 inch laptop","1280","800","1280","665","3","18","November 28 11:00pm","true"
"numerosity_discrimination","2","196","62","12","14","0.8571","j","464","<div style=""width:100vw;height:100vh;background-color:black;""></div>","j","html-keyboard-response","998","2.0.0","792139","181309","testolin2020_replication","2025-11-26T03:29:47.908Z","13-14 inch laptop","1280","800","1280","665","3","18","November 28 11:00pm","true"
"numerosity_discrimination","2","197","153","16","22","0.7273","j","406","<div style=""width:100vw;height:100vh;background-color:black;""></div>","j","html-keyboard-response","1003","2.0.0","795113","181309","testolin2020_replication","2025-11-26T03:29:47.908Z","13-14 inch laptop","1280","800","1280","665","3","18","November 28 11:00pm","true"
"numerosity_discrimination","2","198","199","20","28","0.7143","j","335","<div style=""width:100vw;height:100vh;background-color:black;""></div>","j","html-keyboard-response","1008","2.0.0","797710","181309","testolin2020_replication","2025-11-26T03:29:47.908Z","13-14 inch laptop","1280","800","1280","665","3","18","November 28 11:00pm","true"
"numerosity_discrimination","2","199","132","20","14","0.7","j","300","<div style=""width:100vw;height:100vh;background-color:black;""></div>","f","html-keyboard-response","1013","2.0.0","800528","181309","testolin2020_replication","2025-11-26T03:29:47.908Z","13-14 inch laptop","1280","800","1280","665","3","18","November 28 11:00pm","false"
"numerosity_discrimination","2","200","84","7","8","0.875","j","306","<div style=""width:100vw;height:100vh;background-color:black;""></div>","j","html-keyboard-response","1018","2.0.0","803527","181309","testolin2020_replication","2025-11-26T03:29:47.908Z","13-14 inch laptop","1280","800","1280","665","3","18","November 28 11:00pm","true"
"numerosity_discrimination","3","201","300","9","16","0.5625","j","45965","<div style=""width:100vw;height:100vh;background-color:black;""></div>","f","html-keyboard-response","1025","2.0.0","1075942","181309","testolin2020_replication","2025-11-26T03:29:47.908Z","13-14 inch laptop","1280","800","1280","665","3","18","November 28 11:00pm","false"
"numerosity_discrimination","3","202","234","14","9","0.6429","j","436","<div style=""width:100vw;height:100vh;background-color:black;""></div>","f","html-keyboard-response","1030","2.0.0","1078696","181309","testolin2020_replication","2025-11-26T03:29:47.908Z","13-14 inch laptop","1280","800","1280","665","3","18","November 28 11:00pm","false"
"numerosity_discrimination","3","203","5","22","18","0.8182","j","501","<div style=""width:100vw;height:100vh;background-color:black;""></div>","f","html-keyboard-response","1035","2.0.0","1081579","181309","testolin2020_replication","2025-11-26T03:29:47.908Z","13-14 inch laptop","1280","800","1280","665","3","18","November 28 11:00pm","false"
"numerosity_discrimination","3","204","170","12","16","0.75","j","422","<div style=""width:100vw;height:100vh;background-color:black;""></div>","f","html-keyboard-response","1040","2.0.0","1084628","181309","testolin2020_replication","2025-11-26T03:29:47.908Z","13-14 inch laptop","1280","800","1280","665","3","18","November 28 11:00pm","false"
"numerosity_discrimination","3","205","28","8","9","0.8889","j","323","<div style=""width:100vw;height:100vh;background-color:black;""></div>","f","html-keyboard-response","1045","2.0.0","1087616","181309","testolin2020_replication","2025-11-26T03:29:47.908Z","13-14 inch laptop","1280","800","1280","665","3","18","November 28 11:00pm","false"
"numerosity_discrimination","3","206","284","14","28","0.5","j","150","<div style=""width:100vw;height:100vh;background-color:black;""></div>","j","html-keyboard-response","1050","2.0.0","1090168","181309","testolin2020_replication","2025-11-26T03:29:47.908Z","13-14 inch laptop","1280","800","1280","665","3","18","November 28 11:00pm","true"
"numerosity_discrimination","3","207","29","12","14","0.8571","j","80","<div style=""width:100vw;height:100vh;background-color:black;""></div>","f","html-keyboard-response","1055","2.0.0","1092732","181309","testolin2020_replication","2025-11-26T03:29:47.908Z","13-14 inch laptop","1280","800","1280","665","3","18","November 28 11:00pm","false"
"numerosity_discrimination","3","208","93","8","10","0.8","j","490","<div style=""width:100vw;height:100vh;background-color:black;""></div>","j","html-keyboard-response","1060","2.0.0","1095622","181309","testolin2020_replication","2025-11-26T03:29:47.908Z","13-14 inch laptop","1280","800","1280","665","3","18","November 28 11:00pm","true"
"numerosity_discrimination","3","209","257","10","16","0.625","j","221","<div style=""width:100vw;height:100vh;background-color:black;""></div>","j","html-keyboard-response","1065","2.0.0","1098149","181309","testolin2020_replication","2025-11-26T03:29:47.908Z","13-14 inch laptop","1280","800","1280","665","3","18","November 28 11:00pm","true"
"numerosity_discrimination","3","210","16","20","16","0.8","j","106","<div style=""width:100vw;height:100vh;background-color:black;""></div>","f","html-keyboard-response","1070","2.0.0","1100545","181309","testolin2020_replication","2025-11-26T03:29:47.908Z","13-14 inch laptop","1280","800","1280","665","3","18","November 28 11:00pm","false"
"numerosity_discrimination","3","211","189","16","22","0.7273","j","38","<div style=""width:100vw;height:100vh;background-color:black;""></div>","j","html-keyboard-response","1075","2.0.0","1103131","181309","testolin2020_replication","2025-11-26T03:29:47.908Z","13-14 inch laptop","1280","800","1280","665","3","18","November 28 11:00pm","true"
"numerosity_discrimination","3","212","135","9","12","0.75","j","230","<div style=""width:100vw;height:100vh;background-color:black;""></div>","f","html-keyboard-response","1080","2.0.0","1105926","181309","testolin2020_replication","2025-11-26T03:29:47.908Z","13-14 inch laptop","1280","800","1280","665","3","18","November 28 11:00pm","false"
"numerosity_discrimination","3","213","260","25","16","0.64","j","175","<div style=""width:100vw;height:100vh;background-color:black;""></div>","f","html-keyboard-response","1085","2.0.0","1108728","181309","testolin2020_replication","2025-11-26T03:29:47.908Z","13-14 inch laptop","1280","800","1280","665","3","18","November 28 11:00pm","false"
"numerosity_discrimination","3","214","241","7","11","0.6364","j","8507","<div style=""width:100vw;height:100vh;background-color:black;""></div>","j","html-keyboard-response","1090","2.0.0","1119588","181309","testolin2020_replication","2025-11-26T03:29:47.908Z","13-14 inch laptop","1280","800","1280","665","3","18","November 28 11:00pm","true"
"numerosity_discrimination","3","215","182","12","9","0.75","j","2338","<div style=""width:100vw;height:100vh;background-color:black;""></div>","j","html-keyboard-response","1095","2.0.0","1124326","181309","testolin2020_replication","2025-11-26T03:29:47.908Z","13-14 inch laptop","1280","800","1280","665","3","18","November 28 11:00pm","true"
"numerosity_discrimination","3","216","15","20","25","0.8","j","771","<div style=""width:100vw;height:100vh;background-color:black;""></div>","j","html-keyboard-response","1100","2.0.0","1127490","181309","testolin2020_replication","2025-11-26T03:29:47.908Z","13-14 inch laptop","1280","800","1280","665","3","18","November 28 11:00pm","true"
"numerosity_discrimination","3","217","247","11","16","0.6875","j","18983","<div style=""width:100vw;height:100vh;background-color:black;""></div>","f","html-keyboard-response","1105","2.0.0","1149136","181309","testolin2020_replication","2025-11-26T03:29:47.908Z","13-14 inch laptop","1280","800","1280","665","3","18","November 28 11:00pm","false"
"numerosity_discrimination","3","218","117","22","18","0.8182","j","418","<div style=""width:100vw;height:100vh;background-color:black;""></div>","f","html-keyboard-response","1110","2.0.0","1151832","181309","testolin2020_replication","2025-11-26T03:29:47.908Z","13-14 inch laptop","1280","800","1280","665","3","18","November 28 11:00pm","false"
"numerosity_discrimination","3","219","249","14","22","0.6364","j","338","<div style=""width:100vw;height:100vh;background-color:black;""></div>","j","html-keyboard-response","1115","2.0.0","1154640","181309","testolin2020_replication","2025-11-26T03:29:47.908Z","13-14 inch laptop","1280","800","1280","665","3","18","November 28 11:00pm","true"
"numerosity_discrimination","3","220","217","25","16","0.64","j","261","<div style=""width:100vw;height:100vh;background-color:black;""></div>","f","html-keyboard-response","1120","2.0.0","1157587","181309","testolin2020_replication","2025-11-26T03:29:47.908Z","13-14 inch laptop","1280","800","1280","665","3","18","November 28 11:00pm","false"
"numerosity_discrimination","3","221","242","28","18","0.6429","j","392","<div style=""width:100vw;height:100vh;background-color:black;""></div>","j","html-keyboard-response","1125","2.0.0","1160542","181309","testolin2020_replication","2025-11-26T03:29:47.908Z","13-14 inch laptop","1280","800","1280","665","3","18","November 28 11:00pm","true"
"numerosity_discrimination","3","222","106","25","22","0.88","j","204","<div style=""width:100vw;height:100vh;background-color:black;""></div>","f","html-keyboard-response","1130","2.0.0","1163082","181309","testolin2020_replication","2025-11-26T03:29:47.908Z","13-14 inch laptop","1280","800","1280","665","3","18","November 28 11:00pm","false"
"numerosity_discrimination","3","223","101","20","25","0.8","j","348","<div style=""width:100vw;height:100vh;background-color:black;""></div>","j","html-keyboard-response","1135","2.0.0","1165785","181309","testolin2020_replication","2025-11-26T03:29:47.908Z","13-14 inch laptop","1280","800","1280","665","3","18","November 28 11:00pm","true"
"numerosity_discrimination","3","224","113","20","16","0.8","j","193","<div style=""width:100vw;height:100vh;background-color:black;""></div>","f","html-keyboard-response","1140","2.0.0","1168519","181309","testolin2020_replication","2025-11-26T03:29:47.908Z","13-14 inch laptop","1280","800","1280","665","3","18","November 28 11:00pm","false"
"numerosity_discrimination","3","225","71","22","18","0.8182","j","284","<div style=""width:100vw;height:100vh;background-color:black;""></div>","f","html-keyboard-response","1145","2.0.0","1171196","181309","testolin2020_replication","2025-11-26T03:29:47.908Z","13-14 inch laptop","1280","800","1280","665","3","18","November 28 11:00pm","false"
"numerosity_discrimination","3","226","52","25","28","0.8929","j","195","<div style=""width:100vw;height:100vh;background-color:black;""></div>","j","html-keyboard-response","1150","2.0.0","1174007","181309","testolin2020_replication","2025-11-26T03:29:47.908Z","13-14 inch laptop","1280","800","1280","665","3","18","November 28 11:00pm","true"
"numerosity_discrimination","3","227","7","14","16","0.875","j","294","<div style=""width:100vw;height:100vh;background-color:black;""></div>","f","html-keyboard-response","1155","2.0.0","1176757","181309","testolin2020_replication","2025-11-26T03:29:47.908Z","13-14 inch laptop","1280","800","1280","665","3","18","November 28 11:00pm","false"
"numerosity_discrimination","3","228","56","25","22","0.88","j","189","<div style=""width:100vw;height:100vh;background-color:black;""></div>","f","html-keyboard-response","1160","2.0.0","1179564","181309","testolin2020_replication","2025-11-26T03:29:47.908Z","13-14 inch laptop","1280","800","1280","665","3","18","November 28 11:00pm","false"
"numerosity_discrimination","3","229","138","16","12","0.75","j","135","<div style=""width:100vw;height:100vh;background-color:black;""></div>","f","html-keyboard-response","1165","2.0.0","1182221","181309","testolin2020_replication","2025-11-26T03:29:47.908Z","13-14 inch laptop","1280","800","1280","665","3","18","November 28 11:00pm","false"
"numerosity_discrimination","3","230","198","16","12","0.75","j","456","<div style=""width:100vw;height:100vh;background-color:black;""></div>","f","html-keyboard-response","1170","2.0.0","1185242","181309","testolin2020_replication","2025-11-26T03:29:47.908Z","13-14 inch laptop","1280","800","1280","665","3","18","November 28 11:00pm","false"
"numerosity_discrimination","3","231","233","8","12","0.6667","j","889","<div style=""width:100vw;height:100vh;background-color:black;""></div>","j","html-keyboard-response","1175","2.0.0","1188681","181309","testolin2020_replication","2025-11-26T03:29:47.908Z","13-14 inch laptop","1280","800","1280","665","3","18","November 28 11:00pm","true"
"numerosity_discrimination","3","232","264","25","16","0.64","j","427","<div style=""width:100vw;height:100vh;background-color:black;""></div>","f","html-keyboard-response","1180","2.0.0","1191772","181309","testolin2020_replication","2025-11-26T03:29:47.908Z","13-14 inch laptop","1280","800","1280","665","3","18","November 28 11:00pm","false"
"numerosity_discrimination","3","233","27","14","12","0.8571","j","356","<div style=""width:100vw;height:100vh;background-color:black;""></div>","j","html-keyboard-response","1185","2.0.0","1194555","181309","testolin2020_replication","2025-11-26T03:29:47.908Z","13-14 inch laptop","1280","800","1280","665","3","18","November 28 11:00pm","true"
"numerosity_discrimination","3","234","49","8","10","0.8","j","672","<div style=""width:100vw;height:100vh;background-color:black;""></div>","j","html-keyboard-response","1190","2.0.0","1197833","181309","testolin2020_replication","2025-11-26T03:29:47.908Z","13-14 inch laptop","1280","800","1280","665","3","18","November 28 11:00pm","true"
"numerosity_discrimination","3","235","10","9","11","0.8182","j","345","<div style=""width:100vw;height:100vh;background-color:black;""></div>","j","html-keyboard-response","1195","2.0.0","1200366","181309","testolin2020_replication","2025-11-26T03:29:47.908Z","13-14 inch laptop","1280","800","1280","665","3","18","November 28 11:00pm","true"
"numerosity_discrimination","3","236","232","8","12","0.6667","j","171","<div style=""width:100vw;height:100vh;background-color:black;""></div>","f","html-keyboard-response","1200","2.0.0","1203067","181309","testolin2020_replication","2025-11-26T03:29:47.908Z","13-14 inch laptop","1280","800","1280","665","3","18","November 28 11:00pm","false"
"numerosity_discrimination","3","237","69","10","8","0.8","j","407","<div style=""width:100vw;height:100vh;background-color:black;""></div>","f","html-keyboard-response","1205","2.0.0","1205692","181309","testolin2020_replication","2025-11-26T03:29:47.908Z","13-14 inch laptop","1280","800","1280","665","3","18","November 28 11:00pm","false"
"numerosity_discrimination","3","238","92","18","22","0.8182","j","284","<div style=""width:100vw;height:100vh;background-color:black;""></div>","j","html-keyboard-response","1210","2.0.0","1208603","181309","testolin2020_replication","2025-11-26T03:29:47.908Z","13-14 inch laptop","1280","800","1280","665","3","18","November 28 11:00pm","true"
"numerosity_discrimination","3","239","60","18","22","0.8182","j","2081","<div style=""width:100vw;height:100vh;background-color:black;""></div>","f","html-keyboard-response","1215","2.0.0","1212925","181309","testolin2020_replication","2025-11-26T03:29:47.908Z","13-14 inch laptop","1280","800","1280","665","3","18","November 28 11:00pm","false"
"numerosity_discrimination","3","240","72","11","9","0.8182","j","475","<div style=""width:100vw;height:100vh;background-color:black;""></div>","f","html-keyboard-response","1220","2.0.0","1215857","181309","testolin2020_replication","2025-11-26T03:29:47.908Z","13-14 inch laptop","1280","800","1280","665","3","18","November 28 11:00pm","false"
"numerosity_discrimination","3","241","256","7","11","0.6364","j","280","<div style=""width:100vw;height:100vh;background-color:black;""></div>","j","html-keyboard-response","1225","2.0.0","1218619","181309","testolin2020_replication","2025-11-26T03:29:47.908Z","13-14 inch laptop","1280","800","1280","665","3","18","November 28 11:00pm","true"
"numerosity_discrimination","3","242","246","20","12","0.6","j","201","<div style=""width:100vw;height:100vh;background-color:black;""></div>","f","html-keyboard-response","1230","2.0.0","1221456","181309","testolin2020_replication","2025-11-26T03:29:47.908Z","13-14 inch laptop","1280","800","1280","665","3","18","November 28 11:00pm","false"
"numerosity_discrimination","3","243","149","18","14","0.7778","j","378","<div style=""width:100vw;height:100vh;background-color:black;""></div>","f","html-keyboard-response","1235","2.0.0","1224104","181309","testolin2020_replication","2025-11-26T03:29:47.908Z","13-14 inch laptop","1280","800","1280","665","3","18","November 28 11:00pm","false"
"numerosity_discrimination","3","244","229","20","12","0.6","j","231","<div style=""width:100vw;height:100vh;background-color:black;""></div>","f","html-keyboard-response","1240","2.0.0","1226829","181309","testolin2020_replication","2025-11-26T03:29:47.908Z","13-14 inch laptop","1280","800","1280","665","3","18","November 28 11:00pm","false"
"numerosity_discrimination","3","245","57","22","18","0.8182","j","182","<div style=""width:100vw;height:100vh;background-color:black;""></div>","j","html-keyboard-response","1245","2.0.0","1229583","181309","testolin2020_replication","2025-11-26T03:29:47.908Z","13-14 inch laptop","1280","800","1280","665","3","18","November 28 11:00pm","true"
"numerosity_discrimination","3","246","227","8","12","0.6667","j","301","<div style=""width:100vw;height:100vh;background-color:black;""></div>","j","html-keyboard-response","1250","2.0.0","1232529","181309","testolin2020_replication","2025-11-26T03:29:47.908Z","13-14 inch laptop","1280","800","1280","665","3","18","November 28 11:00pm","true"
"numerosity_discrimination","3","247","2","28","25","0.8929","j","357","<div style=""width:100vw;height:100vh;background-color:black;""></div>","j","html-keyboard-response","1255","2.0.0","1235158","181309","testolin2020_replication","2025-11-26T03:29:47.908Z","13-14 inch laptop","1280","800","1280","665","3","18","November 28 11:00pm","true"
"numerosity_discrimination","3","248","251","20","12","0.6","j","202","<div style=""width:100vw;height:100vh;background-color:black;""></div>","f","html-keyboard-response","1260","2.0.0","1237642","181309","testolin2020_replication","2025-11-26T03:29:47.908Z","13-14 inch laptop","1280","800","1280","665","3","18","November 28 11:00pm","false"
"numerosity_discrimination","3","249","172","16","22","0.7273","j","230","<div style=""width:100vw;height:100vh;background-color:black;""></div>","j","html-keyboard-response","1265","2.0.0","1240351","181309","testolin2020_replication","2025-11-26T03:29:47.908Z","13-14 inch laptop","1280","800","1280","665","3","18","November 28 11:00pm","true"
"numerosity_discrimination","3","250","161","28","22","0.7857","j","123","<div style=""width:100vw;height:100vh;background-color:black;""></div>","f","html-keyboard-response","1270","2.0.0","1242902","181309","testolin2020_replication","2025-11-26T03:29:47.908Z","13-14 inch laptop","1280","800","1280","665","3","18","November 28 11:00pm","false"
"numerosity_discrimination","3","251","218","14","22","0.6364","j","869","<div style=""width:100vw;height:100vh;background-color:black;""></div>","f","html-keyboard-response","1275","2.0.0","1246131","181309","testolin2020_replication","2025-11-26T03:29:47.908Z","13-14 inch laptop","1280","800","1280","665","3","18","November 28 11:00pm","false"
"numerosity_discrimination","3","252","168","20","14","0.7","j","282","<div style=""width:100vw;height:100vh;background-color:black;""></div>","f","html-keyboard-response","1280","2.0.0","1248900","181309","testolin2020_replication","2025-11-26T03:29:47.908Z","13-14 inch laptop","1280","800","1280","665","3","18","November 28 11:00pm","false"
"numerosity_discrimination","3","253","155","7","9","0.7778","j","230","<div style=""width:100vw;height:100vh;background-color:black;""></div>","j","html-keyboard-response","1285","2.0.0","1251580","181309","testolin2020_replication","2025-11-26T03:29:47.908Z","13-14 inch laptop","1280","800","1280","665","3","18","November 28 11:00pm","true"
"numerosity_discrimination","3","254","216","9","14","0.6429","j","159","<div style=""width:100vw;height:100vh;background-color:black;""></div>","j","html-keyboard-response","1290","2.0.0","1254273","181309","testolin2020_replication","2025-11-26T03:29:47.908Z","13-14 inch laptop","1280","800","1280","665","3","18","November 28 11:00pm","true"
"numerosity_discrimination","3","255","94","22","25","0.88","j","141","<div style=""width:100vw;height:100vh;background-color:black;""></div>","f","html-keyboard-response","1295","2.0.0","1256893","181309","testolin2020_replication","2025-11-26T03:29:47.908Z","13-14 inch laptop","1280","800","1280","665","3","18","November 28 11:00pm","false"
"numerosity_discrimination","3","256","180","9","7","0.7778","j","288","<div style=""width:100vw;height:100vh;background-color:black;""></div>","f","html-keyboard-response","1300","2.0.0","1259516","181309","testolin2020_replication","2025-11-26T03:29:47.908Z","13-14 inch laptop","1280","800","1280","665","3","18","November 28 11:00pm","false"
"numerosity_discrimination","3","257","276","16","8","0.5","j","256","<div style=""width:100vw;height:100vh;background-color:black;""></div>","f","html-keyboard-response","1305","2.0.0","1262136","181309","testolin2020_replication","2025-11-26T03:29:47.908Z","13-14 inch laptop","1280","800","1280","665","3","18","November 28 11:00pm","false"
"numerosity_discrimination","3","258","139","9","7","0.7778","j","251","<div style=""width:100vw;height:100vh;background-color:black;""></div>","f","html-keyboard-response","1310","2.0.0","1264987","181309","testolin2020_replication","2025-11-26T03:29:47.908Z","13-14 inch laptop","1280","800","1280","665","3","18","November 28 11:00pm","false"
"numerosity_discrimination","3","259","223","28","18","0.6429","j","468","<div style=""width:100vw;height:100vh;background-color:black;""></div>","f","html-keyboard-response","1315","2.0.0","1267732","181309","testolin2020_replication","2025-11-26T03:29:47.908Z","13-14 inch laptop","1280","800","1280","665","3","18","November 28 11:00pm","false"
"numerosity_discrimination","3","260","118","20","25","0.8","j","181","<div style=""width:100vw;height:100vh;background-color:black;""></div>","j","html-keyboard-response","1320","2.0.0","1270473","181309","testolin2020_replication","2025-11-26T03:29:47.908Z","13-14 inch laptop","1280","800","1280","665","3","18","November 28 11:00pm","true"
"numerosity_discrimination","3","261","211","8","12","0.6667","j","224","<div style=""width:100vw;height:100vh;background-color:black;""></div>","j","html-keyboard-response","1325","2.0.0","1272968","181309","testolin2020_replication","2025-11-26T03:29:47.908Z","13-14 inch laptop","1280","800","1280","665","3","18","November 28 11:00pm","true"
"numerosity_discrimination","3","262","97","7","8","0.875","j","441","<div style=""width:100vw;height:100vh;background-color:black;""></div>","f","html-keyboard-response","1330","2.0.0","1275868","181309","testolin2020_replication","2025-11-26T03:29:47.908Z","13-14 inch laptop","1280","800","1280","665","3","18","November 28 11:00pm","false"
"numerosity_discrimination","3","263","165","14","10","0.7143","j","229","<div style=""width:100vw;height:100vh;background-color:black;""></div>","f","html-keyboard-response","1335","2.0.0","1278481","181309","testolin2020_replication","2025-11-26T03:29:47.908Z","13-14 inch laptop","1280","800","1280","665","3","18","November 28 11:00pm","false"
"numerosity_discrimination","3","264","298","9","18","0.5","j","138","<div style=""width:100vw;height:100vh;background-color:black;""></div>","j","html-keyboard-response","1340","2.0.0","1280976","181309","testolin2020_replication","2025-11-26T03:29:47.908Z","13-14 inch laptop","1280","800","1280","665","3","18","November 28 11:00pm","true"
"numerosity_discrimination","3","265","152","16","12","0.75","j","242","<div style=""width:100vw;height:100vh;background-color:black;""></div>","f","html-keyboard-response","1345","2.0.0","1283453","181309","testolin2020_replication","2025-11-26T03:29:47.908Z","13-14 inch laptop","1280","800","1280","665","3","18","November 28 11:00pm","false"
"numerosity_discrimination","3","266","104","8","7","0.875","j","421","<div style=""width:100vw;height:100vh;background-color:black;""></div>","f","html-keyboard-response","1350","2.0.0","1286159","181309","testolin2020_replication","2025-11-26T03:29:47.908Z","13-14 inch laptop","1280","800","1280","665","3","18","November 28 11:00pm","false"
"numerosity_discrimination","3","267","262","9","14","0.6429","j","379","<div style=""width:100vw;height:100vh;background-color:black;""></div>","j","html-keyboard-response","1355","2.0.0","1288832","181309","testolin2020_replication","2025-11-26T03:29:47.908Z","13-14 inch laptop","1280","800","1280","665","3","18","November 28 11:00pm","true"
"numerosity_discrimination","3","268","269","9","14","0.6429","j","264","<div style=""width:100vw;height:100vh;background-color:black;""></div>","j","html-keyboard-response","1360","2.0.0","1291773","181309","testolin2020_replication","2025-11-26T03:29:47.908Z","13-14 inch laptop","1280","800","1280","665","3","18","November 28 11:00pm","true"
"numerosity_discrimination","3","269","252","18","28","0.6429","j","159","<div style=""width:100vw;height:100vh;background-color:black;""></div>","j","html-keyboard-response","1365","2.0.0","1294273","181309","testolin2020_replication","2025-11-26T03:29:47.908Z","13-14 inch laptop","1280","800","1280","665","3","18","November 28 11:00pm","true"
"numerosity_discrimination","3","270","130","22","28","0.7857","j","185","<div style=""width:100vw;height:100vh;background-color:black;""></div>","j","html-keyboard-response","1370","2.0.0","1296798","181309","testolin2020_replication","2025-11-26T03:29:47.908Z","13-14 inch laptop","1280","800","1280","665","3","18","November 28 11:00pm","true"
"numerosity_discrimination","3","271","1","9","8","0.8889","j","180","<div style=""width:100vw;height:100vh;background-color:black;""></div>","f","html-keyboard-response","1375","2.0.0","1299618","181309","testolin2020_replication","2025-11-26T03:29:47.908Z","13-14 inch laptop","1280","800","1280","665","3","18","November 28 11:00pm","false"
"numerosity_discrimination","3","272","255","18","28","0.6429","j","113","<div style=""width:100vw;height:100vh;background-color:black;""></div>","j","html-keyboard-response","1380","2.0.0","1302329","181309","testolin2020_replication","2025-11-26T03:29:47.908Z","13-14 inch laptop","1280","800","1280","665","3","18","November 28 11:00pm","true"
"numerosity_discrimination","3","273","40","10","12","0.8333","j","511","<div style=""width:100vw;height:100vh;background-color:black;""></div>","j","html-keyboard-response","1385","2.0.0","1305475","181309","testolin2020_replication","2025-11-26T03:29:47.908Z","13-14 inch laptop","1280","800","1280","665","3","18","November 28 11:00pm","true"
"numerosity_discrimination","3","274","277","20","10","0.5","j","158","<div style=""width:100vw;height:100vh;background-color:black;""></div>","f","html-keyboard-response","1390","2.0.0","1307963","181309","testolin2020_replication","2025-11-26T03:29:47.908Z","13-14 inch laptop","1280","800","1280","665","3","18","November 28 11:00pm","false"
"numerosity_discrimination","3","275","73","14","12","0.8571","j","301","<div style=""width:100vw;height:100vh;background-color:black;""></div>","j","html-keyboard-response","1395","2.0.0","1310540","181309","testolin2020_replication","2025-11-26T03:29:47.908Z","13-14 inch laptop","1280","800","1280","665","3","18","November 28 11:00pm","true"
"numerosity_discrimination","3","276","81","16","18","0.8889","j","321","<div style=""width:100vw;height:100vh;background-color:black;""></div>","j","html-keyboard-response","1400","2.0.0","1313479","181309","testolin2020_replication","2025-11-26T03:29:47.908Z","13-14 inch laptop","1280","800","1280","665","3","18","November 28 11:00pm","true"
"numerosity_discrimination","3","277","169","18","25","0.72","j","461","<div style=""width:100vw;height:100vh;background-color:black;""></div>","f","html-keyboard-response","1405","2.0.0","1316438","181309","testolin2020_replication","2025-11-26T03:29:47.908Z","13-14 inch laptop","1280","800","1280","665","3","18","November 28 11:00pm","false"
"numerosity_discrimination","3","278","296","9","16","0.5625","j","284","<div style=""width:100vw;height:100vh;background-color:black;""></div>","j","html-keyboard-response","1410","2.0.0","1319379","181309","testolin2020_replication","2025-11-26T03:29:47.908Z","13-14 inch laptop","1280","800","1280","665","3","18","November 28 11:00pm","true"
"numerosity_discrimination","3","279","25","11","9","0.8182","j","437","<div style=""width:100vw;height:100vh;background-color:black;""></div>","f","html-keyboard-response","1415","2.0.0","1322045","181309","testolin2020_replication","2025-11-26T03:29:47.908Z","13-14 inch laptop","1280","800","1280","665","3","18","November 28 11:00pm","false"
"numerosity_discrimination","3","280","289","22","12","0.5455","j","213","<div style=""width:100vw;height:100vh;background-color:black;""></div>","f","html-keyboard-response","1420","2.0.0","1324531","181309","testolin2020_replication","2025-11-26T03:29:47.908Z","13-14 inch laptop","1280","800","1280","665","3","18","November 28 11:00pm","false"
"numerosity_discrimination","3","281","33","8","9","0.8889","j","372","<div style=""width:100vw;height:100vh;background-color:black;""></div>","f","html-keyboard-response","1425","2.0.0","1327164","181309","testolin2020_replication","2025-11-26T03:29:47.908Z","13-14 inch laptop","1280","800","1280","665","3","18","November 28 11:00pm","false"
"numerosity_discrimination","3","282","43","11","9","0.8182","j","442","<div style=""width:100vw;height:100vh;background-color:black;""></div>","f","html-keyboard-response","1430","2.0.0","1330012","181309","testolin2020_replication","2025-11-26T03:29:47.908Z","13-14 inch laptop","1280","800","1280","665","3","18","November 28 11:00pm","false"
"numerosity_discrimination","3","283","147","8","11","0.7273","j","297","<div style=""width:100vw;height:100vh;background-color:black;""></div>","f","html-keyboard-response","1435","2.0.0","1332772","181309","testolin2020_replication","2025-11-26T03:29:47.908Z","13-14 inch laptop","1280","800","1280","665","3","18","November 28 11:00pm","false"
"numerosity_discrimination","3","284","98","25","28","0.8929","j","564","<div style=""width:100vw;height:100vh;background-color:black;""></div>","j","html-keyboard-response","1440","2.0.0","1335676","181309","testolin2020_replication","2025-11-26T03:29:47.908Z","13-14 inch laptop","1280","800","1280","665","3","18","November 28 11:00pm","true"
"numerosity_discrimination","3","285","39","20","16","0.8","j","339","<div style=""width:100vw;height:100vh;background-color:black;""></div>","f","html-keyboard-response","1445","2.0.0","1338543","181309","testolin2020_replication","2025-11-26T03:29:47.908Z","13-14 inch laptop","1280","800","1280","665","3","18","November 28 11:00pm","false"
"numerosity_discrimination","3","286","115","25","28","0.8929","j","314","<div style=""width:100vw;height:100vh;background-color:black;""></div>","j","html-keyboard-response","1450","2.0.0","1341203","181309","testolin2020_replication","2025-11-26T03:29:47.908Z","13-14 inch laptop","1280","800","1280","665","3","18","November 28 11:00pm","true"
"numerosity_discrimination","3","287","80","16","18","0.8889","j","445","<div style=""width:100vw;height:100vh;background-color:black;""></div>","j","html-keyboard-response","1455","2.0.0","1344267","181309","testolin2020_replication","2025-11-26T03:29:47.908Z","13-14 inch laptop","1280","800","1280","665","3","18","November 28 11:00pm","true"
"numerosity_discrimination","3","288","144","28","20","0.7143","j","218","<div style=""width:100vw;height:100vh;background-color:black;""></div>","f","html-keyboard-response","1460","2.0.0","1346903","181309","testolin2020_replication","2025-11-26T03:29:47.908Z","13-14 inch laptop","1280","800","1280","665","3","18","November 28 11:00pm","false"
"numerosity_discrimination","3","289","45","25","20","0.8","j","325","<div style=""width:100vw;height:100vh;background-color:black;""></div>","f","html-keyboard-response","1465","2.0.0","1349643","181309","testolin2020_replication","2025-11-26T03:29:47.908Z","13-14 inch laptop","1280","800","1280","665","3","18","November 28 11:00pm","false"
"numerosity_discrimination","3","290","200","12","9","0.75","j","275","<div style=""width:100vw;height:100vh;background-color:black;""></div>","f","html-keyboard-response","1470","2.0.0","1352292","181309","testolin2020_replication","2025-11-26T03:29:47.908Z","13-14 inch laptop","1280","800","1280","665","3","18","November 28 11:00pm","false"
"numerosity_discrimination","3","291","212","22","14","0.6364","j","131","<div style=""width:100vw;height:100vh;background-color:black;""></div>","f","html-keyboard-response","1475","2.0.0","1354648","181309","testolin2020_replication","2025-11-26T03:29:47.908Z","13-14 inch laptop","1280","800","1280","665","3","18","November 28 11:00pm","false"
"numerosity_discrimination","3","292","207","7","9","0.7778","j","222","<div style=""width:100vw;height:100vh;background-color:black;""></div>","j","html-keyboard-response","1480","2.0.0","1357284","181309","testolin2020_replication","2025-11-26T03:29:47.908Z","13-14 inch laptop","1280","800","1280","665","3","18","November 28 11:00pm","true"
"numerosity_discrimination","3","293","204","7","9","0.7778","j","354","<div style=""width:100vw;height:100vh;background-color:black;""></div>","f","html-keyboard-response","1485","2.0.0","1360004","181309","testolin2020_replication","2025-11-26T03:29:47.908Z","13-14 inch laptop","1280","800","1280","665","3","18","November 28 11:00pm","false"
"numerosity_discrimination","3","294","47","20","25","0.8","j","207","<div style=""width:100vw;height:100vh;background-color:black;""></div>","j","html-keyboard-response","1490","2.0.0","1362575","181309","testolin2020_replication","2025-11-26T03:29:47.908Z","13-14 inch laptop","1280","800","1280","665","3","18","November 28 11:00pm","true"
"numerosity_discrimination","3","295","206","9","7","0.7778","j","220","<div style=""width:100vw;height:100vh;background-color:black;""></div>","f","html-keyboard-response","1495","2.0.0","1365087","181309","testolin2020_replication","2025-11-26T03:29:47.908Z","13-14 inch laptop","1280","800","1280","665","3","18","November 28 11:00pm","false"
"numerosity_discrimination","3","296","91","12","14","0.8571","j","582","<div style=""width:100vw;height:100vh;background-color:black;""></div>","j","html-keyboard-response","1500","2.0.0","1368262","181309","testolin2020_replication","2025-11-26T03:29:47.908Z","13-14 inch laptop","1280","800","1280","665","3","18","November 28 11:00pm","true"
"numerosity_discrimination","3","297","263","22","14","0.6364","j","677","<div style=""width:100vw;height:100vh;background-color:black;""></div>","f","html-keyboard-response","1505","2.0.0","1371554","181309","testolin2020_replication","2025-11-26T03:29:47.908Z","13-14 inch laptop","1280","800","1280","665","3","18","November 28 11:00pm","false"
"numerosity_discrimination","3","298","110","7","8","0.875","j","281","<div style=""width:100vw;height:100vh;background-color:black;""></div>","j","html-keyboard-response","1510","2.0.0","1374126","181309","testolin2020_replication","2025-11-26T03:29:47.908Z","13-14 inch laptop","1280","800","1280","665","3","18","November 28 11:00pm","true"
"numerosity_discrimination","3","299","222","16","10","0.625","j","234","<div style=""width:100vw;height:100vh;background-color:black;""></div>","f","html-keyboard-response","1515","2.0.0","1376791","181309","testolin2020_replication","2025-11-26T03:29:47.908Z","13-14 inch laptop","1280","800","1280","665","3","18","November 28 11:00pm","false"
"numerosity_discrimination","3","300","143","20","28","0.7143","j","237","<div style=""width:100vw;height:100vh;background-color:black;""></div>","j","html-keyboard-response","1520","2.0.0","1379384","181309","testolin2020_replication","2025-11-26T03:29:47.908Z","13-14 inch laptop","1280","800","1280","665","3","18","November 28 11:00pm","true"
