"task","block","pair_order","pair_num","left_n","right_n","pair_ratio","correct_key","rt","stimulus","response","trial_type","trial_index","plugin_version","time_elapsed","participant_id","experiment","date","screen_size_category","screen_width_pixels","screen_height_pixels","window_width_pixels","window_height_pixels","pixel_ratio","participant_age","time_slot","correct"
"numerosity_discrimination","1","1","286","18","10","0.5556","j","382","<div style=""width:100vw;height:100vh;background-color:black;""></div>","f","html-keyboard-response","21","2.0.0","61673","181663","testolin2020_replication","2025-11-22T09:48:28.071Z","15-16 inch laptop","1707","1067","1707","945","1.5","18","Nov 28, 11 PM","false"
"numerosity_discrimination","1","2","61","8","10","0.8","j","299","<div style=""width:100vw;height:100vh;background-color:black;""></div>","j","html-keyboard-response","26","2.0.0","64168","181663","testolin2020_replication","2025-11-22T09:48:28.071Z","15-16 inch laptop","1707","1067","1707","945","1.5","18","Nov 28, 11 PM","true"
"numerosity_discrimination","1","3","271","20","11","0.55","j","180","<div style=""width:100vw;height:100vh;background-color:black;""></div>","f","html-keyboard-response","31","2.0.0","66548","181663","testolin2020_replication","2025-11-22T09:48:28.071Z","15-16 inch laptop","1707","1067","1707","945","1.5","18","Nov 28, 11 PM","false"
"numerosity_discrimination","1","4","128","22","28","0.7857","j","432","<div style=""width:100vw;height:100vh;background-color:black;""></div>","j","html-keyboard-response","36","2.0.0","69444","181663","testolin2020_replication","2025-11-22T09:48:28.071Z","15-16 inch laptop","1707","1067","1707","945","1.5","18","Nov 28, 11 PM","true"
"numerosity_discrimination","1","5","278","9","18","0.5","j","185","<div style=""width:100vw;height:100vh;background-color:black;""></div>","j","html-keyboard-response","41","2.0.0","72136","181663","testolin2020_replication","2025-11-22T09:48:28.071Z","15-16 inch laptop","1707","1067","1707","945","1.5","18","Nov 28, 11 PM","true"
"numerosity_discrimination","1","6","51","10","12","0.8333","j","270","<div style=""width:100vw;height:100vh;background-color:black;""></div>","j","html-keyboard-response","46","2.0.0","75052","181663","testolin2020_replication","2025-11-22T09:48:28.071Z","15-16 inch laptop","1707","1067","1707","945","1.5","18","Nov 28, 11 PM","true"
"numerosity_discrimination","1","7","188","9","12","0.75","j","396","<div style=""width:100vw;height:100vh;background-color:black;""></div>","j","html-keyboard-response","51","2.0.0","77691","181663","testolin2020_replication","2025-11-22T09:48:28.071Z","15-16 inch laptop","1707","1067","1707","945","1.5","18","Nov 28, 11 PM","true"
"numerosity_discrimination","1","8","236","22","14","0.6364","j","407","<div style=""width:100vw;height:100vh;background-color:black;""></div>","f","html-keyboard-response","56","2.0.0","80543","181663","testolin2020_replication","2025-11-22T09:48:28.071Z","15-16 inch laptop","1707","1067","1707","945","1.5","18","Nov 28, 11 PM","false"
"numerosity_discrimination","1","9","35","9","8","0.8889","j","431","<div style=""width:100vw;height:100vh;background-color:black;""></div>","f","html-keyboard-response","61","2.0.0","83437","181663","testolin2020_replication","2025-11-22T09:48:28.071Z","15-16 inch laptop","1707","1067","1707","945","1.5","18","Nov 28, 11 PM","false"
"numerosity_discrimination","1","10","267","18","28","0.6429","j","381","<div style=""width:100vw;height:100vh;background-color:black;""></div>","j","html-keyboard-response","66","2.0.0","86294","181663","testolin2020_replication","2025-11-22T09:48:28.071Z","15-16 inch laptop","1707","1067","1707","945","1.5","18","Nov 28, 11 PM","true"
"numerosity_discrimination","1","11","280","28","16","0.5714","j","120","<div style=""width:100vw;height:100vh;background-color:black;""></div>","f","html-keyboard-response","71","2.0.0","89001","181663","testolin2020_replication","2025-11-22T09:48:28.071Z","15-16 inch laptop","1707","1067","1707","945","1.5","18","Nov 28, 11 PM","false"
"numerosity_discrimination","1","12","279","20","11","0.55","j","454","<div style=""width:100vw;height:100vh;background-color:black;""></div>","f","html-keyboard-response","76","2.0.0","91655","181663","testolin2020_replication","2025-11-22T09:48:28.071Z","15-16 inch laptop","1707","1067","1707","945","1.5","18","Nov 28, 11 PM","false"
"numerosity_discrimination","1","13","167","9","12","0.75","j","408","<div style=""width:100vw;height:100vh;background-color:black;""></div>","j","html-keyboard-response","81","2.0.0","94622","181663","testolin2020_replication","2025-11-22T09:48:28.071Z","15-16 inch laptop","1707","1067","1707","945","1.5","18","Nov 28, 11 PM","true"
"numerosity_discrimination","1","14","9","9","8","0.8889","j","364","<div style=""width:100vw;height:100vh;background-color:black;""></div>","f","html-keyboard-response","86","2.0.0","97653","181663","testolin2020_replication","2025-11-22T09:48:28.071Z","15-16 inch laptop","1707","1067","1707","945","1.5","18","Nov 28, 11 PM","false"
"numerosity_discrimination","1","15","202","9","7","0.7778","j","342","<div style=""width:100vw;height:100vh;background-color:black;""></div>","f","html-keyboard-response","91","2.0.0","100226","181663","testolin2020_replication","2025-11-22T09:48:28.071Z","15-16 inch laptop","1707","1067","1707","945","1.5","18","Nov 28, 11 PM","false"
"numerosity_discrimination","1","16","272","10","20","0.5","j","704","<div style=""width:100vw;height:100vh;background-color:black;""></div>","f","html-keyboard-response","96","2.0.0","103472","181663","testolin2020_replication","2025-11-22T09:48:28.071Z","15-16 inch laptop","1707","1067","1707","945","1.5","18","Nov 28, 11 PM","false"
"numerosity_discrimination","1","17","235","14","9","0.6429","j","422","<div style=""width:100vw;height:100vh;background-color:black;""></div>","f","html-keyboard-response","101","2.0.0","106316","181663","testolin2020_replication","2025-11-22T09:48:28.071Z","15-16 inch laptop","1707","1067","1707","945","1.5","18","Nov 28, 11 PM","false"
"numerosity_discrimination","1","18","67","11","9","0.8182","j","471","<div style=""width:100vw;height:100vh;background-color:black;""></div>","f","html-keyboard-response","106","2.0.0","109189","181663","testolin2020_replication","2025-11-22T09:48:28.071Z","15-16 inch laptop","1707","1067","1707","945","1.5","18","Nov 28, 11 PM","false"
"numerosity_discrimination","1","19","160","12","16","0.75","j","146","<div style=""width:100vw;height:100vh;background-color:black;""></div>","j","html-keyboard-response","111","2.0.0","112008","181663","testolin2020_replication","2025-11-22T09:48:28.071Z","15-16 inch laptop","1707","1067","1707","945","1.5","18","Nov 28, 11 PM","true"
"numerosity_discrimination","1","20","31","28","25","0.8929","j","352","<div style=""width:100vw;height:100vh;background-color:black;""></div>","f","html-keyboard-response","116","2.0.0","114765","181663","testolin2020_replication","2025-11-22T09:48:28.071Z","15-16 inch laptop","1707","1067","1707","945","1.5","18","Nov 28, 11 PM","false"
"numerosity_discrimination","1","21","213","18","11","0.6111","j","474","<div style=""width:100vw;height:100vh;background-color:black;""></div>","f","html-keyboard-response","121","2.0.0","117916","181663","testolin2020_replication","2025-11-22T09:48:28.071Z","15-16 inch laptop","1707","1067","1707","945","1.5","18","Nov 28, 11 PM","false"
"numerosity_discrimination","1","22","193","25","18","0.72","j","4803","<div style=""width:100vw;height:100vh;background-color:black;""></div>","f","html-keyboard-response","126","2.0.0","125416","181663","testolin2020_replication","2025-11-22T09:48:28.071Z","15-16 inch laptop","1707","1067","1707","945","1.5","18","Nov 28, 11 PM","false"
"numerosity_discrimination","1","23","105","28","25","0.8929","j","5242","<div style=""width:100vw;height:100vh;background-color:black;""></div>","f","html-keyboard-response","131","2.0.0","133184","181663","testolin2020_replication","2025-11-22T09:48:28.071Z","15-16 inch laptop","1707","1067","1707","945","1.5","18","Nov 28, 11 PM","false"
"numerosity_discrimination","1","24","158","18","14","0.7778","j","191","<div style=""width:100vw;height:100vh;background-color:black;""></div>","f","html-keyboard-response","136","2.0.0","135777","181663","testolin2020_replication","2025-11-22T09:48:28.071Z","15-16 inch laptop","1707","1067","1707","945","1.5","18","Nov 28, 11 PM","false"
"numerosity_discrimination","1","25","175","11","14","0.7857","j","1033","<div style=""width:100vw;height:100vh;background-color:black;""></div>","f","html-keyboard-response","141","2.0.0","139250","181663","testolin2020_replication","2025-11-22T09:48:28.071Z","15-16 inch laptop","1707","1067","1707","945","1.5","18","Nov 28, 11 PM","false"
"numerosity_discrimination","1","26","254","20","12","0.6","j","142","<div style=""width:100vw;height:100vh;background-color:black;""></div>","f","html-keyboard-response","146","2.0.0","141731","181663","testolin2020_replication","2025-11-22T09:48:28.071Z","15-16 inch laptop","1707","1067","1707","945","1.5","18","Nov 28, 11 PM","false"
"numerosity_discrimination","1","27","221","16","10","0.625","j","1785","<div style=""width:100vw;height:100vh;background-color:black;""></div>","f","html-keyboard-response","151","2.0.0","145917","181663","testolin2020_replication","2025-11-22T09:48:28.071Z","15-16 inch laptop","1707","1067","1707","945","1.5","18","Nov 28, 11 PM","false"
"numerosity_discrimination","1","28","55","18","16","0.8889","j","340","<div style=""width:100vw;height:100vh;background-color:black;""></div>","f","html-keyboard-response","156","2.0.0","148785","181663","testolin2020_replication","2025-11-22T09:48:28.071Z","15-16 inch laptop","1707","1067","1707","945","1.5","18","Nov 28, 11 PM","false"
"numerosity_discrimination","1","29","120","14","12","0.8571","j","395","<div style=""width:100vw;height:100vh;background-color:black;""></div>","f","html-keyboard-response","161","2.0.0","151448","181663","testolin2020_replication","2025-11-22T09:48:28.071Z","15-16 inch laptop","1707","1067","1707","945","1.5","18","Nov 28, 11 PM","false"
"numerosity_discrimination","1","30","89","11","9","0.8182","j","297","<div style=""width:100vw;height:100vh;background-color:black;""></div>","f","html-keyboard-response","166","2.0.0","153977","181663","testolin2020_replication","2025-11-22T09:48:28.071Z","15-16 inch laptop","1707","1067","1707","945","1.5","18","Nov 28, 11 PM","false"
"numerosity_discrimination","1","31","108","8","9","0.8889","j","6736","<div style=""width:100vw;height:100vh;background-color:black;""></div>","f","html-keyboard-response","171","2.0.0","163333","181663","testolin2020_replication","2025-11-22T09:48:28.071Z","15-16 inch laptop","1707","1067","1707","945","1.5","18","Nov 28, 11 PM","false"
"numerosity_discrimination","1","32","23","11","9","0.8182","j","328","<div style=""width:100vw;height:100vh;background-color:black;""></div>","f","html-keyboard-response","176","2.0.0","166007","181663","testolin2020_replication","2025-11-22T09:48:28.071Z","15-16 inch laptop","1707","1067","1707","945","1.5","18","Nov 28, 11 PM","false"
"numerosity_discrimination","1","33","48","14","16","0.875","j","538","<div style=""width:100vw;height:100vh;background-color:black;""></div>","f","html-keyboard-response","181","2.0.0","168733","181663","testolin2020_replication","2025-11-22T09:48:28.071Z","15-16 inch laptop","1707","1067","1707","945","1.5","18","Nov 28, 11 PM","false"
"numerosity_discrimination","1","34","177","8","11","0.7273","j","307","<div style=""width:100vw;height:100vh;background-color:black;""></div>","j","html-keyboard-response","186","2.0.0","171456","181663","testolin2020_replication","2025-11-22T09:48:28.071Z","15-16 inch laptop","1707","1067","1707","945","1.5","18","Nov 28, 11 PM","true"
"numerosity_discrimination","1","35","26","28","25","0.8929","j","337","<div style=""width:100vw;height:100vh;background-color:black;""></div>","f","html-keyboard-response","191","2.0.0","174129","181663","testolin2020_replication","2025-11-22T09:48:28.071Z","15-16 inch laptop","1707","1067","1707","945","1.5","18","Nov 28, 11 PM","false"
"numerosity_discrimination","1","36","166","20","14","0.7","j","160","<div style=""width:100vw;height:100vh;background-color:black;""></div>","f","html-keyboard-response","196","2.0.0","176770","181663","testolin2020_replication","2025-11-22T09:48:28.071Z","15-16 inch laptop","1707","1067","1707","945","1.5","18","Nov 28, 11 PM","false"
"numerosity_discrimination","1","37","261","28","18","0.6429","j","885","<div style=""width:100vw;height:100vh;background-color:black;""></div>","f","html-keyboard-response","201","2.0.0","180309","181663","testolin2020_replication","2025-11-22T09:48:28.071Z","15-16 inch laptop","1707","1067","1707","945","1.5","18","Nov 28, 11 PM","false"
"numerosity_discrimination","1","38","32","16","20","0.8","j","372","<div style=""width:100vw;height:100vh;background-color:black;""></div>","f","html-keyboard-response","206","2.0.0","182884","181663","testolin2020_replication","2025-11-22T09:48:28.071Z","15-16 inch laptop","1707","1067","1707","945","1.5","18","Nov 28, 11 PM","false"
"numerosity_discrimination","1","39","103","14","12","0.8571","j","392","<div style=""width:100vw;height:100vh;background-color:black;""></div>","f","html-keyboard-response","211","2.0.0","185854","181663","testolin2020_replication","2025-11-22T09:48:28.071Z","15-16 inch laptop","1707","1067","1707","945","1.5","18","Nov 28, 11 PM","false"
"numerosity_discrimination","1","40","197","12","16","0.75","j","85","<div style=""width:100vw;height:100vh;background-color:black;""></div>","j","html-keyboard-response","216","2.0.0","188276","181663","testolin2020_replication","2025-11-22T09:48:28.071Z","15-16 inch laptop","1707","1067","1707","945","1.5","18","Nov 28, 11 PM","true"
"numerosity_discrimination","1","41","268","18","11","0.6111","j","9134","<div style=""width:100vw;height:100vh;background-color:black;""></div>","f","html-keyboard-response","221","2.0.0","199767","181663","testolin2020_replication","2025-11-22T09:48:28.071Z","15-16 inch laptop","1707","1067","1707","945","1.5","18","Nov 28, 11 PM","false"
"numerosity_discrimination","1","42","299","20","10","0.5","j","238","<div style=""width:100vw;height:100vh;background-color:black;""></div>","f","html-keyboard-response","226","2.0.0","202661","181663","testolin2020_replication","2025-11-22T09:48:28.071Z","15-16 inch laptop","1707","1067","1707","945","1.5","18","Nov 28, 11 PM","false"
"numerosity_discrimination","1","43","179","22","16","0.7273","j","5238","<div style=""width:100vw;height:100vh;background-color:black;""></div>","f","html-keyboard-response","231","2.0.0","210348","181663","testolin2020_replication","2025-11-22T09:48:28.071Z","15-16 inch laptop","1707","1067","1707","945","1.5","18","Nov 28, 11 PM","false"
"numerosity_discrimination","1","44","203","11","8","0.7273","j","276","<div style=""width:100vw;height:100vh;background-color:black;""></div>","j","html-keyboard-response","236","2.0.0","213160","181663","testolin2020_replication","2025-11-22T09:48:28.071Z","15-16 inch laptop","1707","1067","1707","945","1.5","18","Nov 28, 11 PM","true"
"numerosity_discrimination","1","45","245","10","16","0.625","j","569","<div style=""width:100vw;height:100vh;background-color:black;""></div>","j","html-keyboard-response","241","2.0.0","216244","181663","testolin2020_replication","2025-11-22T09:48:28.071Z","15-16 inch laptop","1707","1067","1707","945","1.5","18","Nov 28, 11 PM","true"
"numerosity_discrimination","1","46","34","16","18","0.8889","j","417","<div style=""width:100vw;height:100vh;background-color:black;""></div>","f","html-keyboard-response","246","2.0.0","219174","181663","testolin2020_replication","2025-11-22T09:48:28.071Z","15-16 inch laptop","1707","1067","1707","945","1.5","18","Nov 28, 11 PM","false"
"numerosity_discrimination","1","47","164","20","14","0.7","j","528","<div style=""width:100vw;height:100vh;background-color:black;""></div>","f","html-keyboard-response","251","2.0.0","221977","181663","testolin2020_replication","2025-11-22T09:48:28.071Z","15-16 inch laptop","1707","1067","1707","945","1.5","18","Nov 28, 11 PM","false"
"numerosity_discrimination","1","48","186","22","28","0.7857","j","318","<div style=""width:100vw;height:100vh;background-color:black;""></div>","j","html-keyboard-response","256","2.0.0","224964","181663","testolin2020_replication","2025-11-22T09:48:28.071Z","15-16 inch laptop","1707","1067","1707","945","1.5","18","Nov 28, 11 PM","true"
"numerosity_discrimination","1","49","19","18","22","0.8182","j","634","<div style=""width:100vw;height:100vh;background-color:black;""></div>","j","html-keyboard-response","261","2.0.0","228169","181663","testolin2020_replication","2025-11-22T09:48:28.071Z","15-16 inch laptop","1707","1067","1707","945","1.5","18","Nov 28, 11 PM","true"
"numerosity_discrimination","1","50","22","16","20","0.8","j","33151","<div style=""width:100vw;height:100vh;background-color:black;""></div>","j","html-keyboard-response","266","2.0.0","263736","181663","testolin2020_replication","2025-11-22T09:48:28.071Z","15-16 inch laptop","1707","1067","1707","945","1.5","18","Nov 28, 11 PM","true"
"numerosity_discrimination","1","51","285","11","22","0.5","j","252","<div style=""width:100vw;height:100vh;background-color:black;""></div>","j","html-keyboard-response","271","2.0.0","266543","181663","testolin2020_replication","2025-11-22T09:48:28.071Z","15-16 inch laptop","1707","1067","1707","945","1.5","18","Nov 28, 11 PM","true"
"numerosity_discrimination","1","52","54","22","18","0.8182","j","236","<div style=""width:100vw;height:100vh;background-color:black;""></div>","f","html-keyboard-response","276","2.0.0","269136","181663","testolin2020_replication","2025-11-22T09:48:28.071Z","15-16 inch laptop","1707","1067","1707","945","1.5","18","Nov 28, 11 PM","false"
"numerosity_discrimination","1","53","238","20","12","0.6","j","120","<div style=""width:100vw;height:100vh;background-color:black;""></div>","f","html-keyboard-response","281","2.0.0","271801","181663","testolin2020_replication","2025-11-22T09:48:28.071Z","15-16 inch laptop","1707","1067","1707","945","1.5","18","Nov 28, 11 PM","false"
"numerosity_discrimination","1","54","124","16","12","0.75","j","425","<div style=""width:100vw;height:100vh;background-color:black;""></div>","f","html-keyboard-response","286","2.0.0","274712","181663","testolin2020_replication","2025-11-22T09:48:28.071Z","15-16 inch laptop","1707","1067","1707","945","1.5","18","Nov 28, 11 PM","false"
"numerosity_discrimination","1","55","18","14","12","0.8571","j","733","<div style=""width:100vw;height:100vh;background-color:black;""></div>","f","html-keyboard-response","291","2.0.0","278013","181663","testolin2020_replication","2025-11-22T09:48:28.071Z","15-16 inch laptop","1707","1067","1707","945","1.5","18","Nov 28, 11 PM","false"
"numerosity_discrimination","1","56","173","25","18","0.72","j","1752","<div style=""width:100vw;height:100vh;background-color:black;""></div>","j","html-keyboard-response","296","2.0.0","282174","181663","testolin2020_replication","2025-11-22T09:48:28.071Z","15-16 inch laptop","1707","1067","1707","945","1.5","18","Nov 28, 11 PM","true"
"numerosity_discrimination","1","57","63","9","8","0.8889","j","260","<div style=""width:100vw;height:100vh;background-color:black;""></div>","f","html-keyboard-response","301","2.0.0","284720","181663","testolin2020_replication","2025-11-22T09:48:28.071Z","15-16 inch laptop","1707","1067","1707","945","1.5","18","Nov 28, 11 PM","false"
"numerosity_discrimination","1","58","159","20","28","0.7143","j","454","<div style=""width:100vw;height:100vh;background-color:black;""></div>","j","html-keyboard-response","306","2.0.0","287594","181663","testolin2020_replication","2025-11-22T09:48:28.071Z","15-16 inch laptop","1707","1067","1707","945","1.5","18","Nov 28, 11 PM","true"
"numerosity_discrimination","1","59","265","18","28","0.6429","j","272","<div style=""width:100vw;height:100vh;background-color:black;""></div>","j","html-keyboard-response","311","2.0.0","290387","181663","testolin2020_replication","2025-11-22T09:48:28.071Z","15-16 inch laptop","1707","1067","1707","945","1.5","18","Nov 28, 11 PM","true"
"numerosity_discrimination","1","60","17","12","14","0.8571","j","241","<div style=""width:100vw;height:100vh;background-color:black;""></div>","j","html-keyboard-response","316","2.0.0","293088","181663","testolin2020_replication","2025-11-22T09:48:28.071Z","15-16 inch laptop","1707","1067","1707","945","1.5","18","Nov 28, 11 PM","true"
"numerosity_discrimination","1","61","140","11","8","0.7273","j","301","<div style=""width:100vw;height:100vh;background-color:black;""></div>","f","html-keyboard-response","321","2.0.0","296020","181663","testolin2020_replication","2025-11-22T09:48:28.071Z","15-16 inch laptop","1707","1067","1707","945","1.5","18","Nov 28, 11 PM","false"
"numerosity_discrimination","1","62","208","9","7","0.7778","j","310","<div style=""width:100vw;height:100vh;background-color:black;""></div>","f","html-keyboard-response","326","2.0.0","298709","181663","testolin2020_replication","2025-11-22T09:48:28.071Z","15-16 inch laptop","1707","1067","1707","945","1.5","18","Nov 28, 11 PM","false"
"numerosity_discrimination","1","63","53","18","22","0.8182","j","255","<div style=""width:100vw;height:100vh;background-color:black;""></div>","j","html-keyboard-response","331","2.0.0","301616","181663","testolin2020_replication","2025-11-22T09:48:28.071Z","15-16 inch laptop","1707","1067","1707","945","1.5","18","Nov 28, 11 PM","true"
"numerosity_discrimination","1","64","126","9","7","0.7778","j","2146","<div style=""width:100vw;height:100vh;background-color:black;""></div>","j","html-keyboard-response","336","2.0.0","306331","181663","testolin2020_replication","2025-11-22T09:48:28.071Z","15-16 inch laptop","1707","1067","1707","945","1.5","18","Nov 28, 11 PM","true"
"numerosity_discrimination","1","65","88","12","10","0.8333","j","681","<div style=""width:100vw;height:100vh;background-color:black;""></div>","f","html-keyboard-response","341","2.0.0","309277","181663","testolin2020_replication","2025-11-22T09:48:28.071Z","15-16 inch laptop","1707","1067","1707","945","1.5","18","Nov 28, 11 PM","false"
"numerosity_discrimination","1","66","116","28","25","0.8929","j","275","<div style=""width:100vw;height:100vh;background-color:black;""></div>","f","html-keyboard-response","346","2.0.0","312091","181663","testolin2020_replication","2025-11-22T09:48:28.071Z","15-16 inch laptop","1707","1067","1707","945","1.5","18","Nov 28, 11 PM","false"
"numerosity_discrimination","1","67","4","12","14","0.8571","j","1041","<div style=""width:100vw;height:100vh;background-color:black;""></div>","j","html-keyboard-response","351","2.0.0","315498","181663","testolin2020_replication","2025-11-22T09:48:28.071Z","15-16 inch laptop","1707","1067","1707","945","1.5","18","Nov 28, 11 PM","true"
"numerosity_discrimination","1","68","287","25","14","0.56","j","1146","<div style=""width:100vw;height:100vh;background-color:black;""></div>","f","html-keyboard-response","356","2.0.0","319024","181663","testolin2020_replication","2025-11-22T09:48:28.071Z","15-16 inch laptop","1707","1067","1707","945","1.5","18","Nov 28, 11 PM","false"
"numerosity_discrimination","1","69","119","12","10","0.8333","j","683","<div style=""width:100vw;height:100vh;background-color:black;""></div>","j","html-keyboard-response","361","2.0.0","322300","181663","testolin2020_replication","2025-11-22T09:48:28.071Z","15-16 inch laptop","1707","1067","1707","945","1.5","18","Nov 28, 11 PM","true"
"numerosity_discrimination","1","70","122","8","11","0.7273","j","516","<div style=""width:100vw;height:100vh;background-color:black;""></div>","j","html-keyboard-response","366","2.0.0","325398","181663","testolin2020_replication","2025-11-22T09:48:28.071Z","15-16 inch laptop","1707","1067","1707","945","1.5","18","Nov 28, 11 PM","true"
"numerosity_discrimination","1","71","194","7","9","0.7778","j","599","<div style=""width:100vw;height:100vh;background-color:black;""></div>","j","html-keyboard-response","371","2.0.0","328276","181663","testolin2020_replication","2025-11-22T09:48:28.071Z","15-16 inch laptop","1707","1067","1707","945","1.5","18","Nov 28, 11 PM","true"
"numerosity_discrimination","1","72","75","12","14","0.8571","j","408","<div style=""width:100vw;height:100vh;background-color:black;""></div>","j","html-keyboard-response","376","2.0.0","330936","181663","testolin2020_replication","2025-11-22T09:48:28.071Z","15-16 inch laptop","1707","1067","1707","945","1.5","18","Nov 28, 11 PM","true"
"numerosity_discrimination","1","73","150","16","22","0.7273","j","222","<div style=""width:100vw;height:100vh;background-color:black;""></div>","j","html-keyboard-response","381","2.0.0","333548","181663","testolin2020_replication","2025-11-22T09:48:28.071Z","15-16 inch laptop","1707","1067","1707","945","1.5","18","Nov 28, 11 PM","true"
"numerosity_discrimination","1","74","70","18","16","0.8889","j","321","<div style=""width:100vw;height:100vh;background-color:black;""></div>","f","html-keyboard-response","386","2.0.0","336492","181663","testolin2020_replication","2025-11-22T09:48:28.071Z","15-16 inch laptop","1707","1067","1707","945","1.5","18","Nov 28, 11 PM","false"
"numerosity_discrimination","1","75","187","18","14","0.7778","j","287","<div style=""width:100vw;height:100vh;background-color:black;""></div>","f","html-keyboard-response","391","2.0.0","339339","181663","testolin2020_replication","2025-11-22T09:48:28.071Z","15-16 inch laptop","1707","1067","1707","945","1.5","18","Nov 28, 11 PM","false"
"numerosity_discrimination","1","76","275","14","7","0.5","j","364","<div style=""width:100vw;height:100vh;background-color:black;""></div>","f","html-keyboard-response","396","2.0.0","342160","181663","testolin2020_replication","2025-11-22T09:48:28.071Z","15-16 inch laptop","1707","1067","1707","945","1.5","18","Nov 28, 11 PM","false"
"numerosity_discrimination","1","77","192","22","28","0.7857","j","1687","<div style=""width:100vw;height:100vh;background-color:black;""></div>","j","html-keyboard-response","401","2.0.0","346168","181663","testolin2020_replication","2025-11-22T09:48:28.071Z","15-16 inch laptop","1707","1067","1707","945","1.5","18","Nov 28, 11 PM","true"
"numerosity_discrimination","1","78","225","14","22","0.6364","j","510","<div style=""width:100vw;height:100vh;background-color:black;""></div>","j","html-keyboard-response","406","2.0.0","349061","181663","testolin2020_replication","2025-11-22T09:48:28.071Z","15-16 inch laptop","1707","1067","1707","945","1.5","18","Nov 28, 11 PM","true"
"numerosity_discrimination","1","79","59","14","12","0.8571","j","487","<div style=""width:100vw;height:100vh;background-color:black;""></div>","f","html-keyboard-response","411","2.0.0","352180","181663","testolin2020_replication","2025-11-22T09:48:28.071Z","15-16 inch laptop","1707","1067","1707","945","1.5","18","Nov 28, 11 PM","false"
"numerosity_discrimination","1","80","239","22","14","0.6364","j","283","<div style=""width:100vw;height:100vh;background-color:black;""></div>","f","html-keyboard-response","416","2.0.0","355072","181663","testolin2020_replication","2025-11-22T09:48:28.071Z","15-16 inch laptop","1707","1067","1707","945","1.5","18","Nov 28, 11 PM","false"
"numerosity_discrimination","1","81","226","14","9","0.6429","j","403","<div style=""width:100vw;height:100vh;background-color:black;""></div>","f","html-keyboard-response","421","2.0.0","357851","181663","testolin2020_replication","2025-11-22T09:48:28.071Z","15-16 inch laptop","1707","1067","1707","945","1.5","18","Nov 28, 11 PM","false"
"numerosity_discrimination","1","82","259","18","11","0.6111","j","175","<div style=""width:100vw;height:100vh;background-color:black;""></div>","f","html-keyboard-response","426","2.0.0","360634","181663","testolin2020_replication","2025-11-22T09:48:28.071Z","15-16 inch laptop","1707","1067","1707","945","1.5","18","Nov 28, 11 PM","false"
"numerosity_discrimination","1","83","184","18","14","0.7778","j","300","<div style=""width:100vw;height:100vh;background-color:black;""></div>","f","html-keyboard-response","431","2.0.0","363476","181663","testolin2020_replication","2025-11-22T09:48:28.071Z","15-16 inch laptop","1707","1067","1707","945","1.5","18","Nov 28, 11 PM","false"
"numerosity_discrimination","1","84","100","28","25","0.8929","j","189","<div style=""width:100vw;height:100vh;background-color:black;""></div>","f","html-keyboard-response","436","2.0.0","366122","181663","testolin2020_replication","2025-11-22T09:48:28.071Z","15-16 inch laptop","1707","1067","1707","945","1.5","18","Nov 28, 11 PM","false"
"numerosity_discrimination","1","85","38","14","16","0.875","j","189","<div style=""width:100vw;height:100vh;background-color:black;""></div>","j","html-keyboard-response","441","2.0.0","368948","181663","testolin2020_replication","2025-11-22T09:48:28.071Z","15-16 inch laptop","1707","1067","1707","945","1.5","18","Nov 28, 11 PM","true"
"numerosity_discrimination","1","86","109","12","14","0.8571","j","915","<div style=""width:100vw;height:100vh;background-color:black;""></div>","j","html-keyboard-response","446","2.0.0","372369","181663","testolin2020_replication","2025-11-22T09:48:28.071Z","15-16 inch laptop","1707","1067","1707","945","1.5","18","Nov 28, 11 PM","true"
"numerosity_discrimination","1","87","231","25","16","0.64","j","191","<div style=""width:100vw;height:100vh;background-color:black;""></div>","f","html-keyboard-response","451","2.0.0","375217","181663","testolin2020_replication","2025-11-22T09:48:28.071Z","15-16 inch laptop","1707","1067","1707","945","1.5","18","Nov 28, 11 PM","false"
"numerosity_discrimination","1","88","282","8","14","0.5714","j","242","<div style=""width:100vw;height:100vh;background-color:black;""></div>","j","html-keyboard-response","456","2.0.0","377847","181663","testolin2020_replication","2025-11-22T09:48:28.071Z","15-16 inch laptop","1707","1067","1707","945","1.5","18","Nov 28, 11 PM","true"
"numerosity_discrimination","1","89","37","20","16","0.8","j","214","<div style=""width:100vw;height:100vh;background-color:black;""></div>","f","html-keyboard-response","461","2.0.0","380649","181663","testolin2020_replication","2025-11-22T09:48:28.071Z","15-16 inch laptop","1707","1067","1707","945","1.5","18","Nov 28, 11 PM","false"
"numerosity_discrimination","1","90","41","16","20","0.8","j","474","<div style=""width:100vw;height:100vh;background-color:black;""></div>","j","html-keyboard-response","466","2.0.0","383716","181663","testolin2020_replication","2025-11-22T09:48:28.071Z","15-16 inch laptop","1707","1067","1707","945","1.5","18","Nov 28, 11 PM","true"
"numerosity_discrimination","1","91","11","8","10","0.8","j","331","<div style=""width:100vw;height:100vh;background-color:black;""></div>","j","html-keyboard-response","471","2.0.0","386288","181663","testolin2020_replication","2025-11-22T09:48:28.071Z","15-16 inch laptop","1707","1067","1707","945","1.5","18","Nov 28, 11 PM","true"
"numerosity_discrimination","1","92","163","18","14","0.7778","j","156","<div style=""width:100vw;height:100vh;background-color:black;""></div>","f","html-keyboard-response","476","2.0.0","388936","181663","testolin2020_replication","2025-11-22T09:48:28.071Z","15-16 inch laptop","1707","1067","1707","945","1.5","18","Nov 28, 11 PM","false"
"numerosity_discrimination","1","93","243","18","12","0.6667","j","527","<div style=""width:100vw;height:100vh;background-color:black;""></div>","j","html-keyboard-response","481","2.0.0","391965","181663","testolin2020_replication","2025-11-22T09:48:28.071Z","15-16 inch laptop","1707","1067","1707","945","1.5","18","Nov 28, 11 PM","true"
"numerosity_discrimination","1","94","290","12","22","0.5455","j","137","<div style=""width:100vw;height:100vh;background-color:black;""></div>","j","html-keyboard-response","486","2.0.0","394352","181663","testolin2020_replication","2025-11-22T09:48:28.071Z","15-16 inch laptop","1707","1067","1707","945","1.5","18","Nov 28, 11 PM","true"
"numerosity_discrimination","1","95","281","12","7","0.5833","j","121","<div style=""width:100vw;height:100vh;background-color:black;""></div>","f","html-keyboard-response","491","2.0.0","396960","181663","testolin2020_replication","2025-11-22T09:48:28.071Z","15-16 inch laptop","1707","1067","1707","945","1.5","18","Nov 28, 11 PM","false"
"numerosity_discrimination","1","96","134","16","12","0.75","j","477","<div style=""width:100vw;height:100vh;background-color:black;""></div>","f","html-keyboard-response","496","2.0.0","400072","181663","testolin2020_replication","2025-11-22T09:48:28.071Z","15-16 inch laptop","1707","1067","1707","945","1.5","18","Nov 28, 11 PM","false"
"numerosity_discrimination","1","97","123","12","16","0.75","j","167","<div style=""width:100vw;height:100vh;background-color:black;""></div>","j","html-keyboard-response","501","2.0.0","402473","181663","testolin2020_replication","2025-11-22T09:48:28.071Z","15-16 inch laptop","1707","1067","1707","945","1.5","18","Nov 28, 11 PM","true"
"numerosity_discrimination","1","98","274","18","9","0.5","j","103","<div style=""width:100vw;height:100vh;background-color:black;""></div>","f","html-keyboard-response","506","2.0.0","404899","181663","testolin2020_replication","2025-11-22T09:48:28.071Z","15-16 inch laptop","1707","1067","1707","945","1.5","18","Nov 28, 11 PM","false"
"numerosity_discrimination","1","99","112","28","25","0.8929","j","255","<div style=""width:100vw;height:100vh;background-color:black;""></div>","j","html-keyboard-response","511","2.0.0","407742","181663","testolin2020_replication","2025-11-22T09:48:28.071Z","15-16 inch laptop","1707","1067","1707","945","1.5","18","Nov 28, 11 PM","true"
"numerosity_discrimination","1","100","295","20","10","0.5","j","46","<div style=""width:100vw;height:100vh;background-color:black;""></div>","f","html-keyboard-response","516","2.0.0","410344","181663","testolin2020_replication","2025-11-22T09:48:28.071Z","15-16 inch laptop","1707","1067","1707","945","1.5","18","Nov 28, 11 PM","false"
"numerosity_discrimination","2","101","46","18","22","0.8182","j","2392","<div style=""width:100vw;height:100vh;background-color:black;""></div>","f","html-keyboard-response","523","2.0.0","594476","181663","testolin2020_replication","2025-11-22T09:48:28.071Z","15-16 inch laptop","1707","1067","1707","945","1.5","18","Nov 28, 11 PM","false"
"numerosity_discrimination","2","102","77","7","8","0.875","j","5298","<div style=""width:100vw;height:100vh;background-color:black;""></div>","j","html-keyboard-response","528","2.0.0","602059","181663","testolin2020_replication","2025-11-22T09:48:28.071Z","15-16 inch laptop","1707","1067","1707","945","1.5","18","Nov 28, 11 PM","true"
"numerosity_discrimination","2","103","68","11","9","0.8182","j","5990","<div style=""width:100vw;height:100vh;background-color:black;""></div>","f","html-keyboard-response","533","2.0.0","610382","181663","testolin2020_replication","2025-11-22T09:48:28.071Z","15-16 inch laptop","1707","1067","1707","945","1.5","18","Nov 28, 11 PM","false"
"numerosity_discrimination","2","104","178","14","11","0.7857","j","239","<div style=""width:100vw;height:100vh;background-color:black;""></div>","f","html-keyboard-response","538","2.0.0","613248","181663","testolin2020_replication","2025-11-22T09:48:28.071Z","15-16 inch laptop","1707","1067","1707","945","1.5","18","Nov 28, 11 PM","false"
"numerosity_discrimination","2","105","30","11","9","0.8182","j","264","<div style=""width:100vw;height:100vh;background-color:black;""></div>","f","html-keyboard-response","543","2.0.0","615888","181663","testolin2020_replication","2025-11-22T09:48:28.071Z","15-16 inch laptop","1707","1067","1707","945","1.5","18","Nov 28, 11 PM","false"
"numerosity_discrimination","2","106","86","22","25","0.88","j","273","<div style=""width:100vw;height:100vh;background-color:black;""></div>","j","html-keyboard-response","548","2.0.0","618736","181663","testolin2020_replication","2025-11-22T09:48:28.071Z","15-16 inch laptop","1707","1067","1707","945","1.5","18","Nov 28, 11 PM","true"
"numerosity_discrimination","2","107","244","8","12","0.6667","j","227","<div style=""width:100vw;height:100vh;background-color:black;""></div>","j","html-keyboard-response","553","2.0.0","621507","181663","testolin2020_replication","2025-11-22T09:48:28.071Z","15-16 inch laptop","1707","1067","1707","945","1.5","18","Nov 28, 11 PM","true"
"numerosity_discrimination","2","108","195","16","12","0.75","j","125","<div style=""width:100vw;height:100vh;background-color:black;""></div>","f","html-keyboard-response","558","2.0.0","623876","181663","testolin2020_replication","2025-11-22T09:48:28.071Z","15-16 inch laptop","1707","1067","1707","945","1.5","18","Nov 28, 11 PM","false"
"numerosity_discrimination","2","109","78","11","9","0.8182","j","255","<div style=""width:100vw;height:100vh;background-color:black;""></div>","j","html-keyboard-response","563","2.0.0","626692","181663","testolin2020_replication","2025-11-22T09:48:28.071Z","15-16 inch laptop","1707","1067","1707","945","1.5","18","Nov 28, 11 PM","true"
"numerosity_discrimination","2","110","6","16","18","0.8889","j","128","<div style=""width:100vw;height:100vh;background-color:black;""></div>","j","html-keyboard-response","568","2.0.0","629435","181663","testolin2020_replication","2025-11-22T09:48:28.071Z","15-16 inch laptop","1707","1067","1707","945","1.5","18","Nov 28, 11 PM","true"
"numerosity_discrimination","2","111","185","20","28","0.7143","j","100","<div style=""width:100vw;height:100vh;background-color:black;""></div>","j","html-keyboard-response","573","2.0.0","632000","181663","testolin2020_replication","2025-11-22T09:48:28.071Z","15-16 inch laptop","1707","1067","1707","945","1.5","18","Nov 28, 11 PM","true"
"numerosity_discrimination","2","112","148","25","18","0.72","j","117","<div style=""width:100vw;height:100vh;background-color:black;""></div>","f","html-keyboard-response","578","2.0.0","634408","181663","testolin2020_replication","2025-11-22T09:48:28.071Z","15-16 inch laptop","1707","1067","1707","945","1.5","18","Nov 28, 11 PM","false"
"numerosity_discrimination","2","113","157","7","10","0.7","j","191","<div style=""width:100vw;height:100vh;background-color:black;""></div>","j","html-keyboard-response","583","2.0.0","637240","181663","testolin2020_replication","2025-11-22T09:48:28.071Z","15-16 inch laptop","1707","1067","1707","945","1.5","18","Nov 28, 11 PM","true"
"numerosity_discrimination","2","114","141","20","14","0.7","j","2133","<div style=""width:100vw;height:100vh;background-color:black;""></div>","f","html-keyboard-response","588","2.0.0","641755","181663","testolin2020_replication","2025-11-22T09:48:28.071Z","15-16 inch laptop","1707","1067","1707","945","1.5","18","Nov 28, 11 PM","false"
"numerosity_discrimination","2","115","253","22","14","0.6364","j","201","<div style=""width:100vw;height:100vh;background-color:black;""></div>","f","html-keyboard-response","593","2.0.0","644257","181663","testolin2020_replication","2025-11-22T09:48:28.071Z","15-16 inch laptop","1707","1067","1707","945","1.5","18","Nov 28, 11 PM","false"
"numerosity_discrimination","2","116","214","20","12","0.6","j","85","<div style=""width:100vw;height:100vh;background-color:black;""></div>","f","html-keyboard-response","598","2.0.0","646870","181663","testolin2020_replication","2025-11-22T09:48:28.071Z","15-16 inch laptop","1707","1067","1707","945","1.5","18","Nov 28, 11 PM","false"
"numerosity_discrimination","2","117","102","8","7","0.875","j","71","<div style=""width:100vw;height:100vh;background-color:black;""></div>","f","html-keyboard-response","603","2.0.0","649533","181663","testolin2020_replication","2025-11-22T09:48:28.071Z","15-16 inch laptop","1707","1067","1707","945","1.5","18","Nov 28, 11 PM","false"
"numerosity_discrimination","2","118","96","12","10","0.8333","j","144","<div style=""width:100vw;height:100vh;background-color:black;""></div>","f","html-keyboard-response","608","2.0.0","652368","181663","testolin2020_replication","2025-11-22T09:48:28.071Z","15-16 inch laptop","1707","1067","1707","945","1.5","18","Nov 28, 11 PM","false"
"numerosity_discrimination","2","119","220","28","18","0.6429","j","167","<div style=""width:100vw;height:100vh;background-color:black;""></div>","f","html-keyboard-response","613","2.0.0","654724","181663","testolin2020_replication","2025-11-22T09:48:28.071Z","15-16 inch laptop","1707","1067","1707","945","1.5","18","Nov 28, 11 PM","false"
"numerosity_discrimination","2","120","142","11","14","0.7857","j","419","<div style=""width:100vw;height:100vh;background-color:black;""></div>","j","html-keyboard-response","618","2.0.0","657660","181663","testolin2020_replication","2025-11-22T09:48:28.071Z","15-16 inch laptop","1707","1067","1707","945","1.5","18","Nov 28, 11 PM","true"
"numerosity_discrimination","2","121","183","14","20","0.7","j","160","<div style=""width:100vw;height:100vh;background-color:black;""></div>","j","html-keyboard-response","623","2.0.0","660024","181663","testolin2020_replication","2025-11-22T09:48:28.071Z","15-16 inch laptop","1707","1067","1707","945","1.5","18","Nov 28, 11 PM","true"
"numerosity_discrimination","2","122","291","11","20","0.55","j","224","<div style=""width:100vw;height:100vh;background-color:black;""></div>","j","html-keyboard-response","628","2.0.0","662613","181663","testolin2020_replication","2025-11-22T09:48:28.071Z","15-16 inch laptop","1707","1067","1707","945","1.5","18","Nov 28, 11 PM","true"
"numerosity_discrimination","2","123","248","22","14","0.6364","j","90","<div style=""width:100vw;height:100vh;background-color:black;""></div>","f","html-keyboard-response","633","2.0.0","664941","181663","testolin2020_replication","2025-11-22T09:48:28.071Z","15-16 inch laptop","1707","1067","1707","945","1.5","18","Nov 28, 11 PM","false"
"numerosity_discrimination","2","124","230","10","16","0.625","j","26","<div style=""width:100vw;height:100vh;background-color:black;""></div>","j","html-keyboard-response","638","2.0.0","667411","181663","testolin2020_replication","2025-11-22T09:48:28.071Z","15-16 inch laptop","1707","1067","1707","945","1.5","18","Nov 28, 11 PM","true"
"numerosity_discrimination","2","125","283","20","11","0.55","j","107","<div style=""width:100vw;height:100vh;background-color:black;""></div>","f","html-keyboard-response","643","2.0.0","670171","181663","testolin2020_replication","2025-11-22T09:48:28.071Z","15-16 inch laptop","1707","1067","1707","945","1.5","18","Nov 28, 11 PM","false"
"numerosity_discrimination","2","126","14","8","7","0.875","j","282","<div style=""width:100vw;height:100vh;background-color:black;""></div>","f","html-keyboard-response","648","2.0.0","673141","181663","testolin2020_replication","2025-11-22T09:48:28.071Z","15-16 inch laptop","1707","1067","1707","945","1.5","18","Nov 28, 11 PM","false"
"numerosity_discrimination","2","127","297","18","10","0.5556","j","210","<div style=""width:100vw;height:100vh;background-color:black;""></div>","f","html-keyboard-response","653","2.0.0","675695","181663","testolin2020_replication","2025-11-22T09:48:28.071Z","15-16 inch laptop","1707","1067","1707","945","1.5","18","Nov 28, 11 PM","false"
"numerosity_discrimination","2","128","250","18","12","0.6667","j","195","<div style=""width:100vw;height:100vh;background-color:black;""></div>","f","html-keyboard-response","658","2.0.0","678260","181663","testolin2020_replication","2025-11-22T09:48:28.071Z","15-16 inch laptop","1707","1067","1707","945","1.5","18","Nov 28, 11 PM","false"
"numerosity_discrimination","2","129","79","16","18","0.8889","j","276","<div style=""width:100vw;height:100vh;background-color:black;""></div>","j","html-keyboard-response","663","2.0.0","681185","181663","testolin2020_replication","2025-11-22T09:48:28.071Z","15-16 inch laptop","1707","1067","1707","945","1.5","18","Nov 28, 11 PM","true"
"numerosity_discrimination","2","130","171","12","9","0.75","j","242","<div style=""width:100vw;height:100vh;background-color:black;""></div>","j","html-keyboard-response","668","2.0.0","684061","181663","testolin2020_replication","2025-11-22T09:48:28.071Z","15-16 inch laptop","1707","1067","1707","945","1.5","18","Nov 28, 11 PM","true"
"numerosity_discrimination","2","131","8","16","14","0.875","j","458","<div style=""width:100vw;height:100vh;background-color:black;""></div>","j","html-keyboard-response","673","2.0.0","686803","181663","testolin2020_replication","2025-11-22T09:48:28.071Z","15-16 inch laptop","1707","1067","1707","945","1.5","18","Nov 28, 11 PM","true"
"numerosity_discrimination","2","132","107","16","18","0.8889","j","319","<div style=""width:100vw;height:100vh;background-color:black;""></div>","j","html-keyboard-response","678","2.0.0","689668","181663","testolin2020_replication","2025-11-22T09:48:28.071Z","15-16 inch laptop","1707","1067","1707","945","1.5","18","Nov 28, 11 PM","true"
"numerosity_discrimination","2","133","99","22","18","0.8182","j","868","<div style=""width:100vw;height:100vh;background-color:black;""></div>","j","html-keyboard-response","683","2.0.0","693021","181663","testolin2020_replication","2025-11-22T09:48:28.071Z","15-16 inch laptop","1707","1067","1707","945","1.5","18","Nov 28, 11 PM","true"
"numerosity_discrimination","2","134","224","9","14","0.6429","j","177","<div style=""width:100vw;height:100vh;background-color:black;""></div>","j","html-keyboard-response","688","2.0.0","695603","181663","testolin2020_replication","2025-11-22T09:48:28.071Z","15-16 inch laptop","1707","1067","1707","945","1.5","18","Nov 28, 11 PM","true"
"numerosity_discrimination","2","135","151","9","7","0.7778","j","162","<div style=""width:100vw;height:100vh;background-color:black;""></div>","f","html-keyboard-response","693","2.0.0","698123","181663","testolin2020_replication","2025-11-22T09:48:28.071Z","15-16 inch laptop","1707","1067","1707","945","1.5","18","Nov 28, 11 PM","false"
"numerosity_discrimination","2","136","133","10","14","0.7143","j","549","<div style=""width:100vw;height:100vh;background-color:black;""></div>","j","html-keyboard-response","698","2.0.0","701357","181663","testolin2020_replication","2025-11-22T09:48:28.071Z","15-16 inch laptop","1707","1067","1707","945","1.5","18","Nov 28, 11 PM","true"
"numerosity_discrimination","2","137","258","14","22","0.6364","j","56","<div style=""width:100vw;height:100vh;background-color:black;""></div>","j","html-keyboard-response","703","2.0.0","703988","181663","testolin2020_replication","2025-11-22T09:48:28.071Z","15-16 inch laptop","1707","1067","1707","945","1.5","18","Nov 28, 11 PM","true"
"numerosity_discrimination","2","138","82","16","14","0.875","j","125","<div style=""width:100vw;height:100vh;background-color:black;""></div>","f","html-keyboard-response","708","2.0.0","706632","181663","testolin2020_replication","2025-11-22T09:48:28.071Z","15-16 inch laptop","1707","1067","1707","945","1.5","18","Nov 28, 11 PM","false"
"numerosity_discrimination","2","139","146","10","14","0.7143","j","103","<div style=""width:100vw;height:100vh;background-color:black;""></div>","j","html-keyboard-response","713","2.0.0","709155","181663","testolin2020_replication","2025-11-22T09:48:28.071Z","15-16 inch laptop","1707","1067","1707","945","1.5","18","Nov 28, 11 PM","true"
"numerosity_discrimination","2","140","215","16","11","0.6875","j","197","<div style=""width:100vw;height:100vh;background-color:black;""></div>","j","html-keyboard-response","718","2.0.0","711784","181663","testolin2020_replication","2025-11-22T09:48:28.071Z","15-16 inch laptop","1707","1067","1707","945","1.5","18","Nov 28, 11 PM","true"
"numerosity_discrimination","2","141","209","9","7","0.7778","j","1129","<div style=""width:100vw;height:100vh;background-color:black;""></div>","f","html-keyboard-response","723","2.0.0","715340","181663","testolin2020_replication","2025-11-22T09:48:28.071Z","15-16 inch laptop","1707","1067","1707","945","1.5","18","Nov 28, 11 PM","false"
"numerosity_discrimination","2","142","156","12","16","0.75","j","56","<div style=""width:100vw;height:100vh;background-color:black;""></div>","j","html-keyboard-response","728","2.0.0","717780","181663","testolin2020_replication","2025-11-22T09:48:28.071Z","15-16 inch laptop","1707","1067","1707","945","1.5","18","Nov 28, 11 PM","true"
"numerosity_discrimination","2","143","181","10","14","0.7143","j","443","<div style=""width:100vw;height:100vh;background-color:black;""></div>","j","html-keyboard-response","733","2.0.0","720596","181663","testolin2020_replication","2025-11-22T09:48:28.071Z","15-16 inch laptop","1707","1067","1707","945","1.5","18","Nov 28, 11 PM","true"
"numerosity_discrimination","2","144","270","14","22","0.6364","j","3845","<div style=""width:100vw;height:100vh;background-color:black;""></div>","j","html-keyboard-response","738","2.0.0","727108","181663","testolin2020_replication","2025-11-22T09:48:28.071Z","15-16 inch laptop","1707","1067","1707","945","1.5","18","Nov 28, 11 PM","true"
"numerosity_discrimination","2","145","293","7","12","0.5833","j","195","<div style=""width:100vw;height:100vh;background-color:black;""></div>","j","html-keyboard-response","743","2.0.0","729691","181663","testolin2020_replication","2025-11-22T09:48:28.071Z","15-16 inch laptop","1707","1067","1707","945","1.5","18","Nov 28, 11 PM","true"
"numerosity_discrimination","2","146","154","11","14","0.7857","j","166","<div style=""width:100vw;height:100vh;background-color:black;""></div>","f","html-keyboard-response","748","2.0.0","732095","181663","testolin2020_replication","2025-11-22T09:48:28.071Z","15-16 inch laptop","1707","1067","1707","945","1.5","18","Nov 28, 11 PM","false"
"numerosity_discrimination","2","147","137","10","7","0.7","j","349","<div style=""width:100vw;height:100vh;background-color:black;""></div>","j","html-keyboard-response","753","2.0.0","734952","181663","testolin2020_replication","2025-11-22T09:48:28.071Z","15-16 inch laptop","1707","1067","1707","945","1.5","18","Nov 28, 11 PM","true"
"numerosity_discrimination","2","148","95","9","8","0.8889","j","228","<div style=""width:100vw;height:100vh;background-color:black;""></div>","f","html-keyboard-response","758","2.0.0","737700","181663","testolin2020_replication","2025-11-22T09:48:28.071Z","15-16 inch laptop","1707","1067","1707","945","1.5","18","Nov 28, 11 PM","false"
"numerosity_discrimination","2","149","240","20","12","0.6","j","205","<div style=""width:100vw;height:100vh;background-color:black;""></div>","f","html-keyboard-response","763","2.0.0","740328","181663","testolin2020_replication","2025-11-22T09:48:28.071Z","15-16 inch laptop","1707","1067","1707","945","1.5","18","Nov 28, 11 PM","false"
"numerosity_discrimination","2","150","191","28","20","0.7143","j","350","<div style=""width:100vw;height:100vh;background-color:black;""></div>","j","html-keyboard-response","768","2.0.0","743300","181663","testolin2020_replication","2025-11-22T09:48:28.071Z","15-16 inch laptop","1707","1067","1707","945","1.5","18","Nov 28, 11 PM","true"
"numerosity_discrimination","2","151","162","16","22","0.7273","j","108","<div style=""width:100vw;height:100vh;background-color:black;""></div>","j","html-keyboard-response","773","2.0.0","745667","181663","testolin2020_replication","2025-11-22T09:48:28.071Z","15-16 inch laptop","1707","1067","1707","945","1.5","18","Nov 28, 11 PM","true"
"numerosity_discrimination","2","152","64","9","11","0.8182","j","137","<div style=""width:100vw;height:100vh;background-color:black;""></div>","j","html-keyboard-response","778","2.0.0","748059","181663","testolin2020_replication","2025-11-22T09:48:28.071Z","15-16 inch laptop","1707","1067","1707","945","1.5","18","Nov 28, 11 PM","true"
"numerosity_discrimination","2","153","58","18","22","0.8182","j","1628","<div style=""width:100vw;height:100vh;background-color:black;""></div>","j","html-keyboard-response","783","2.0.0","752181","181663","testolin2020_replication","2025-11-22T09:48:28.071Z","15-16 inch laptop","1707","1067","1707","945","1.5","18","Nov 28, 11 PM","true"
"numerosity_discrimination","2","154","66","9","11","0.8182","j","967","<div style=""width:100vw;height:100vh;background-color:black;""></div>","j","html-keyboard-response","788","2.0.0","755623","181663","testolin2020_replication","2025-11-22T09:48:28.071Z","15-16 inch laptop","1707","1067","1707","945","1.5","18","Nov 28, 11 PM","true"
"numerosity_discrimination","2","155","266","7","11","0.6364","j","114","<div style=""width:100vw;height:100vh;background-color:black;""></div>","j","html-keyboard-response","793","2.0.0","758248","181663","testolin2020_replication","2025-11-22T09:48:28.071Z","15-16 inch laptop","1707","1067","1707","945","1.5","18","Nov 28, 11 PM","true"
"numerosity_discrimination","2","156","90","7","8","0.875","j","229","<div style=""width:100vw;height:100vh;background-color:black;""></div>","f","html-keyboard-response","798","2.0.0","760905","181663","testolin2020_replication","2025-11-22T09:48:28.071Z","15-16 inch laptop","1707","1067","1707","945","1.5","18","Nov 28, 11 PM","false"
"numerosity_discrimination","2","157","74","12","10","0.8333","j","494","<div style=""width:100vw;height:100vh;background-color:black;""></div>","f","html-keyboard-response","803","2.0.0","763819","181663","testolin2020_replication","2025-11-22T09:48:28.071Z","15-16 inch laptop","1707","1067","1707","945","1.5","18","Nov 28, 11 PM","false"
"numerosity_discrimination","2","158","288","18","10","0.5556","j","73","<div style=""width:100vw;height:100vh;background-color:black;""></div>","f","html-keyboard-response","808","2.0.0","766384","181663","testolin2020_replication","2025-11-22T09:48:28.071Z","15-16 inch laptop","1707","1067","1707","945","1.5","18","Nov 28, 11 PM","false"
"numerosity_discrimination","2","159","85","7","8","0.875","j","324","<div style=""width:100vw;height:100vh;background-color:black;""></div>","f","html-keyboard-response","813","2.0.0","769076","181663","testolin2020_replication","2025-11-22T09:48:28.071Z","15-16 inch laptop","1707","1067","1707","945","1.5","18","Nov 28, 11 PM","false"
"numerosity_discrimination","2","160","87","14","16","0.875","j","99","<div style=""width:100vw;height:100vh;background-color:black;""></div>","j","html-keyboard-response","818","2.0.0","771687","181663","testolin2020_replication","2025-11-22T09:48:28.071Z","15-16 inch laptop","1707","1067","1707","945","1.5","18","Nov 28, 11 PM","true"
"numerosity_discrimination","2","161","205","14","11","0.7857","j","31","<div style=""width:100vw;height:100vh;background-color:black;""></div>","f","html-keyboard-response","823","2.0.0","773971","181663","testolin2020_replication","2025-11-22T09:48:28.071Z","15-16 inch laptop","1707","1067","1707","945","1.5","18","Nov 28, 11 PM","false"
"numerosity_discrimination","2","162","83","7","8","0.875","j","69","<div style=""width:100vw;height:100vh;background-color:black;""></div>","j","html-keyboard-response","828","2.0.0","776388","181663","testolin2020_replication","2025-11-22T09:48:28.071Z","15-16 inch laptop","1707","1067","1707","945","1.5","18","Nov 28, 11 PM","true"
"numerosity_discrimination","2","163","292","8","14","0.5714","j","89","<div style=""width:100vw;height:100vh;background-color:black;""></div>","j","html-keyboard-response","833","2.0.0","778744","181663","testolin2020_replication","2025-11-22T09:48:28.071Z","15-16 inch laptop","1707","1067","1707","945","1.5","18","Nov 28, 11 PM","true"
"numerosity_discrimination","2","164","24","12","10","0.8333","j","109","<div style=""width:100vw;height:100vh;background-color:black;""></div>","f","html-keyboard-response","838","2.0.0","781330","181663","testolin2020_replication","2025-11-22T09:48:28.071Z","15-16 inch laptop","1707","1067","1707","945","1.5","18","Nov 28, 11 PM","false"
"numerosity_discrimination","2","165","114","20","16","0.8","j","83","<div style=""width:100vw;height:100vh;background-color:black;""></div>","f","html-keyboard-response","843","2.0.0","783601","181663","testolin2020_replication","2025-11-22T09:48:28.071Z","15-16 inch laptop","1707","1067","1707","945","1.5","18","Nov 28, 11 PM","false"
"numerosity_discrimination","2","166","20","7","8","0.875","j","222","<div style=""width:100vw;height:100vh;background-color:black;""></div>","j","html-keyboard-response","848","2.0.0","786068","181663","testolin2020_replication","2025-11-22T09:48:28.071Z","15-16 inch laptop","1707","1067","1707","945","1.5","18","Nov 28, 11 PM","true"
"numerosity_discrimination","2","167","36","9","11","0.8182","j","515","<div style=""width:100vw;height:100vh;background-color:black;""></div>","j","html-keyboard-response","853","2.0.0","789218","181663","testolin2020_replication","2025-11-22T09:48:28.071Z","15-16 inch laptop","1707","1067","1707","945","1.5","18","Nov 28, 11 PM","true"
"numerosity_discrimination","2","168","131","11","14","0.7857","j","432","<div style=""width:100vw;height:100vh;background-color:black;""></div>","j","html-keyboard-response","858","2.0.0","791960","181663","testolin2020_replication","2025-11-22T09:48:28.071Z","15-16 inch laptop","1707","1067","1707","945","1.5","18","Nov 28, 11 PM","true"
"numerosity_discrimination","2","169","190","18","14","0.7778","j","315","<div style=""width:100vw;height:100vh;background-color:black;""></div>","f","html-keyboard-response","863","2.0.0","794924","181663","testolin2020_replication","2025-11-22T09:48:28.071Z","15-16 inch laptop","1707","1067","1707","945","1.5","18","Nov 28, 11 PM","false"
"numerosity_discrimination","2","170","129","12","9","0.75","j","256","<div style=""width:100vw;height:100vh;background-color:black;""></div>","f","html-keyboard-response","868","2.0.0","797412","181663","testolin2020_replication","2025-11-22T09:48:28.071Z","15-16 inch laptop","1707","1067","1707","945","1.5","18","Nov 28, 11 PM","false"
"numerosity_discrimination","2","171","12","20","16","0.8","j","553","<div style=""width:100vw;height:100vh;background-color:black;""></div>","f","html-keyboard-response","873","2.0.0","800332","181663","testolin2020_replication","2025-11-22T09:48:28.071Z","15-16 inch laptop","1707","1067","1707","945","1.5","18","Nov 28, 11 PM","false"
"numerosity_discrimination","2","172","42","22","25","0.88","j","236","<div style=""width:100vw;height:100vh;background-color:black;""></div>","f","html-keyboard-response","878","2.0.0","803039","181663","testolin2020_replication","2025-11-22T09:48:28.071Z","15-16 inch laptop","1707","1067","1707","945","1.5","18","Nov 28, 11 PM","false"
"numerosity_discrimination","2","173","127","14","10","0.7143","j","335","<div style=""width:100vw;height:100vh;background-color:black;""></div>","j","html-keyboard-response","883","2.0.0","805576","181663","testolin2020_replication","2025-11-22T09:48:28.071Z","15-16 inch laptop","1707","1067","1707","945","1.5","18","Nov 28, 11 PM","true"
"numerosity_discrimination","2","174","13","7","8","0.875","j","251","<div style=""width:100vw;height:100vh;background-color:black;""></div>","j","html-keyboard-response","888","2.0.0","808132","181663","testolin2020_replication","2025-11-22T09:48:28.071Z","15-16 inch laptop","1707","1067","1707","945","1.5","18","Nov 28, 11 PM","true"
"numerosity_discrimination","2","175","196","12","16","0.75","j","434","<div style=""width:100vw;height:100vh;background-color:black;""></div>","j","html-keyboard-response","893","2.0.0","810836","181663","testolin2020_replication","2025-11-22T09:48:28.071Z","15-16 inch laptop","1707","1067","1707","945","1.5","18","Nov 28, 11 PM","true"
"numerosity_discrimination","2","176","210","14","11","0.7857","j","412","<div style=""width:100vw;height:100vh;background-color:black;""></div>","j","html-keyboard-response","898","2.0.0","813822","181663","testolin2020_replication","2025-11-22T09:48:28.071Z","15-16 inch laptop","1707","1067","1707","945","1.5","18","Nov 28, 11 PM","true"
"numerosity_discrimination","2","177","65","12","14","0.8571","j","106","<div style=""width:100vw;height:100vh;background-color:black;""></div>","j","html-keyboard-response","903","2.0.0","816214","181663","testolin2020_replication","2025-11-22T09:48:28.071Z","15-16 inch laptop","1707","1067","1707","945","1.5","18","Nov 28, 11 PM","true"
"numerosity_discrimination","2","178","121","12","16","0.75","j","162","<div style=""width:100vw;height:100vh;background-color:black;""></div>","j","html-keyboard-response","908","2.0.0","818575","181663","testolin2020_replication","2025-11-22T09:48:28.071Z","15-16 inch laptop","1707","1067","1707","945","1.5","18","Nov 28, 11 PM","true"
"numerosity_discrimination","2","179","76","8","7","0.875","j","93","<div style=""width:100vw;height:100vh;background-color:black;""></div>","f","html-keyboard-response","913","2.0.0","821023","181663","testolin2020_replication","2025-11-22T09:48:28.071Z","15-16 inch laptop","1707","1067","1707","945","1.5","18","Nov 28, 11 PM","false"
"numerosity_discrimination","2","180","174","22","16","0.7273","j","291","<div style=""width:100vw;height:100vh;background-color:black;""></div>","f","html-keyboard-response","918","2.0.0","823795","181663","testolin2020_replication","2025-11-22T09:48:28.071Z","15-16 inch laptop","1707","1067","1707","945","1.5","18","Nov 28, 11 PM","false"
"numerosity_discrimination","2","181","273","18","9","0.5","j","588","<div style=""width:100vw;height:100vh;background-color:black;""></div>","j","html-keyboard-response","923","2.0.0","826760","181663","testolin2020_replication","2025-11-22T09:48:28.071Z","15-16 inch laptop","1707","1067","1707","945","1.5","18","Nov 28, 11 PM","true"
"numerosity_discrimination","2","182","176","10","14","0.7143","j","113","<div style=""width:100vw;height:100vh;background-color:black;""></div>","j","html-keyboard-response","928","2.0.0","829408","181663","testolin2020_replication","2025-11-22T09:48:28.071Z","15-16 inch laptop","1707","1067","1707","945","1.5","18","Nov 28, 11 PM","true"
"numerosity_discrimination","2","183","50","14","16","0.875","j","335","<div style=""width:100vw;height:100vh;background-color:black;""></div>","j","html-keyboard-response","933","2.0.0","832297","181663","testolin2020_replication","2025-11-22T09:48:28.071Z","15-16 inch laptop","1707","1067","1707","945","1.5","18","Nov 28, 11 PM","true"
"numerosity_discrimination","2","184","145","12","9","0.75","j","271","<div style=""width:100vw;height:100vh;background-color:black;""></div>","f","html-keyboard-response","938","2.0.0","834828","181663","testolin2020_replication","2025-11-22T09:48:28.071Z","15-16 inch laptop","1707","1067","1707","945","1.5","18","Nov 28, 11 PM","false"
"numerosity_discrimination","2","185","219","9","14","0.6429","j","222","<div style=""width:100vw;height:100vh;background-color:black;""></div>","j","html-keyboard-response","943","2.0.0","837284","181663","testolin2020_replication","2025-11-22T09:48:28.071Z","15-16 inch laptop","1707","1067","1707","945","1.5","18","Nov 28, 11 PM","true"
"numerosity_discrimination","2","186","3","16","14","0.875","j","577","<div style=""width:100vw;height:100vh;background-color:black;""></div>","f","html-keyboard-response","948","2.0.0","840360","181663","testolin2020_replication","2025-11-22T09:48:28.071Z","15-16 inch laptop","1707","1067","1707","945","1.5","18","Nov 28, 11 PM","false"
"numerosity_discrimination","2","187","201","20","14","0.7","j","82","<div style=""width:100vw;height:100vh;background-color:black;""></div>","f","html-keyboard-response","953","2.0.0","842691","181663","testolin2020_replication","2025-11-22T09:48:28.071Z","15-16 inch laptop","1707","1067","1707","945","1.5","18","Nov 28, 11 PM","false"
"numerosity_discrimination","2","188","44","20","16","0.8","j","188","<div style=""width:100vw;height:100vh;background-color:black;""></div>","f","html-keyboard-response","958","2.0.0","845264","181663","testolin2020_replication","2025-11-22T09:48:28.071Z","15-16 inch laptop","1707","1067","1707","945","1.5","18","Nov 28, 11 PM","false"
"numerosity_discrimination","2","189","136","10","14","0.7143","j","152","<div style=""width:100vw;height:100vh;background-color:black;""></div>","j","html-keyboard-response","963","2.0.0","847651","181663","testolin2020_replication","2025-11-22T09:48:28.071Z","15-16 inch laptop","1707","1067","1707","945","1.5","18","Nov 28, 11 PM","true"
"numerosity_discrimination","2","190","237","20","12","0.6","j","158","<div style=""width:100vw;height:100vh;background-color:black;""></div>","f","html-keyboard-response","968","2.0.0","850135","181663","testolin2020_replication","2025-11-22T09:48:28.071Z","15-16 inch laptop","1707","1067","1707","945","1.5","18","Nov 28, 11 PM","false"
"numerosity_discrimination","2","191","294","7","12","0.5833","j","4919","<div style=""width:100vw;height:100vh;background-color:black;""></div>","j","html-keyboard-response","973","2.0.0","857628","181663","testolin2020_replication","2025-11-22T09:48:28.071Z","15-16 inch laptop","1707","1067","1707","945","1.5","18","Nov 28, 11 PM","true"
"numerosity_discrimination","2","192","21","22","18","0.8182","j","319","<div style=""width:100vw;height:100vh;background-color:black;""></div>","f","html-keyboard-response","978","2.0.0","860280","181663","testolin2020_replication","2025-11-22T09:48:28.071Z","15-16 inch laptop","1707","1067","1707","945","1.5","18","Nov 28, 11 PM","false"
"numerosity_discrimination","2","193","125","11","14","0.7857","j","741","<div style=""width:100vw;height:100vh;background-color:black;""></div>","j","html-keyboard-response","983","2.0.0","864690","181663","testolin2020_replication","2025-11-22T09:48:28.071Z","15-16 inch laptop","1707","1067","1707","945","1.5","18","Nov 28, 11 PM","true"
"numerosity_discrimination","2","194","228","11","16","0.6875","j","429","<div style=""width:100vw;height:100vh;background-color:black;""></div>","j","html-keyboard-response","988","2.0.0","867469","181663","testolin2020_replication","2025-11-22T09:48:28.071Z","15-16 inch laptop","1707","1067","1707","945","1.5","18","Nov 28, 11 PM","true"
"numerosity_discrimination","2","195","111","11","9","0.8182","j","804","<div style=""width:100vw;height:100vh;background-color:black;""></div>","f","html-keyboard-response","993","2.0.0","870653","181663","testolin2020_replication","2025-11-22T09:48:28.071Z","15-16 inch laptop","1707","1067","1707","945","1.5","18","Nov 28, 11 PM","false"
"numerosity_discrimination","2","196","62","12","14","0.8571","j","372","<div style=""width:100vw;height:100vh;background-color:black;""></div>","f","html-keyboard-response","998","2.0.0","873576","181663","testolin2020_replication","2025-11-22T09:48:28.071Z","15-16 inch laptop","1707","1067","1707","945","1.5","18","Nov 28, 11 PM","false"
"numerosity_discrimination","2","197","153","16","22","0.7273","j","325","<div style=""width:100vw;height:100vh;background-color:black;""></div>","j","html-keyboard-response","1003","2.0.0","876469","181663","testolin2020_replication","2025-11-22T09:48:28.071Z","15-16 inch laptop","1707","1067","1707","945","1.5","18","Nov 28, 11 PM","true"
"numerosity_discrimination","2","198","199","20","28","0.7143","j","182","<div style=""width:100vw;height:100vh;background-color:black;""></div>","j","html-keyboard-response","1008","2.0.0","878899","181663","testolin2020_replication","2025-11-22T09:48:28.071Z","15-16 inch laptop","1707","1067","1707","945","1.5","18","Nov 28, 11 PM","true"
"numerosity_discrimination","2","199","132","20","14","0.7","j","151","<div style=""width:100vw;height:100vh;background-color:black;""></div>","f","html-keyboard-response","1013","2.0.0","881560","181663","testolin2020_replication","2025-11-22T09:48:28.071Z","15-16 inch laptop","1707","1067","1707","945","1.5","18","Nov 28, 11 PM","false"
"numerosity_discrimination","2","200","84","7","8","0.875","j","145","<div style=""width:100vw;height:100vh;background-color:black;""></div>","j","html-keyboard-response","1018","2.0.0","884399","181663","testolin2020_replication","2025-11-22T09:48:28.071Z","15-16 inch laptop","1707","1067","1707","945","1.5","18","Nov 28, 11 PM","true"
"numerosity_discrimination","3","201","300","9","16","0.5625","j","106","<div style=""width:100vw;height:100vh;background-color:black;""></div>","j","html-keyboard-response","1025","2.0.0","890307","181663","testolin2020_replication","2025-11-22T09:48:28.071Z","15-16 inch laptop","1707","1067","1707","945","1.5","18","Nov 28, 11 PM","true"
"numerosity_discrimination","3","202","234","14","9","0.6429","j","193","<div style=""width:100vw;height:100vh;background-color:black;""></div>","f","html-keyboard-response","1030","2.0.0","892812","181663","testolin2020_replication","2025-11-22T09:48:28.071Z","15-16 inch laptop","1707","1067","1707","945","1.5","18","Nov 28, 11 PM","false"
"numerosity_discrimination","3","203","5","22","18","0.8182","j","525","<div style=""width:100vw;height:100vh;background-color:black;""></div>","f","html-keyboard-response","1035","2.0.0","895718","181663","testolin2020_replication","2025-11-22T09:48:28.071Z","15-16 inch laptop","1707","1067","1707","945","1.5","18","Nov 28, 11 PM","false"
"numerosity_discrimination","3","204","170","12","16","0.75","j","2446","<div style=""width:100vw;height:100vh;background-color:black;""></div>","j","html-keyboard-response","1040","2.0.0","900783","181663","testolin2020_replication","2025-11-22T09:48:28.071Z","15-16 inch laptop","1707","1067","1707","945","1.5","18","Nov 28, 11 PM","true"
"numerosity_discrimination","3","205","28","8","9","0.8889","j","119","<div style=""width:100vw;height:100vh;background-color:black;""></div>","j","html-keyboard-response","1045","2.0.0","903552","181663","testolin2020_replication","2025-11-22T09:48:28.071Z","15-16 inch laptop","1707","1067","1707","945","1.5","18","Nov 28, 11 PM","true"
"numerosity_discrimination","3","206","284","14","28","0.5","j","222","<div style=""width:100vw;height:100vh;background-color:black;""></div>","j","html-keyboard-response","1050","2.0.0","906166","181663","testolin2020_replication","2025-11-22T09:48:28.071Z","15-16 inch laptop","1707","1067","1707","945","1.5","18","Nov 28, 11 PM","true"
"numerosity_discrimination","3","207","29","12","14","0.8571","j","418","<div style=""width:100vw;height:100vh;background-color:black;""></div>","j","html-keyboard-response","1055","2.0.0","909060","181663","testolin2020_replication","2025-11-22T09:48:28.071Z","15-16 inch laptop","1707","1067","1707","945","1.5","18","Nov 28, 11 PM","true"
"numerosity_discrimination","3","208","93","8","10","0.8","j","96","<div style=""width:100vw;height:100vh;background-color:black;""></div>","j","html-keyboard-response","1060","2.0.0","911542","181663","testolin2020_replication","2025-11-22T09:48:28.071Z","15-16 inch laptop","1707","1067","1707","945","1.5","18","Nov 28, 11 PM","true"
"numerosity_discrimination","3","209","257","10","16","0.625","j","90","<div style=""width:100vw;height:100vh;background-color:black;""></div>","j","html-keyboard-response","1065","2.0.0","913939","181663","testolin2020_replication","2025-11-22T09:48:28.071Z","15-16 inch laptop","1707","1067","1707","945","1.5","18","Nov 28, 11 PM","true"
"numerosity_discrimination","3","210","16","20","16","0.8","j","496","<div style=""width:100vw;height:100vh;background-color:black;""></div>","j","html-keyboard-response","1070","2.0.0","916740","181663","testolin2020_replication","2025-11-22T09:48:28.071Z","15-16 inch laptop","1707","1067","1707","945","1.5","18","Nov 28, 11 PM","true"
"numerosity_discrimination","3","211","189","16","22","0.7273","j","315","<div style=""width:100vw;height:100vh;background-color:black;""></div>","j","html-keyboard-response","1075","2.0.0","919608","181663","testolin2020_replication","2025-11-22T09:48:28.071Z","15-16 inch laptop","1707","1067","1707","945","1.5","18","Nov 28, 11 PM","true"
"numerosity_discrimination","3","212","135","9","12","0.75","j","91","<div style=""width:100vw;height:100vh;background-color:black;""></div>","j","html-keyboard-response","1080","2.0.0","922259","181663","testolin2020_replication","2025-11-22T09:48:28.071Z","15-16 inch laptop","1707","1067","1707","945","1.5","18","Nov 28, 11 PM","true"
"numerosity_discrimination","3","213","260","25","16","0.64","j","902","<div style=""width:100vw;height:100vh;background-color:black;""></div>","f","html-keyboard-response","1085","2.0.0","925776","181663","testolin2020_replication","2025-11-22T09:48:28.071Z","15-16 inch laptop","1707","1067","1707","945","1.5","18","Nov 28, 11 PM","false"
"numerosity_discrimination","3","214","241","7","11","0.6364","j","535","<div style=""width:100vw;height:100vh;background-color:black;""></div>","j","html-keyboard-response","1090","2.0.0","928651","181663","testolin2020_replication","2025-11-22T09:48:28.071Z","15-16 inch laptop","1707","1067","1707","945","1.5","18","Nov 28, 11 PM","true"
"numerosity_discrimination","3","215","182","12","9","0.75","j","439","<div style=""width:100vw;height:100vh;background-color:black;""></div>","j","html-keyboard-response","1095","2.0.0","931492","181663","testolin2020_replication","2025-11-22T09:48:28.071Z","15-16 inch laptop","1707","1067","1707","945","1.5","18","Nov 28, 11 PM","true"
"numerosity_discrimination","3","216","15","20","25","0.8","j","40","<div style=""width:100vw;height:100vh;background-color:black;""></div>","j","html-keyboard-response","1100","2.0.0","933924","181663","testolin2020_replication","2025-11-22T09:48:28.071Z","15-16 inch laptop","1707","1067","1707","945","1.5","18","Nov 28, 11 PM","true"
"numerosity_discrimination","3","217","247","11","16","0.6875","j","149","<div style=""width:100vw;height:100vh;background-color:black;""></div>","j","html-keyboard-response","1105","2.0.0","936731","181663","testolin2020_replication","2025-11-22T09:48:28.071Z","15-16 inch laptop","1707","1067","1707","945","1.5","18","Nov 28, 11 PM","true"
"numerosity_discrimination","3","218","117","22","18","0.8182","j","266","<div style=""width:100vw;height:100vh;background-color:black;""></div>","f","html-keyboard-response","1110","2.0.0","939243","181663","testolin2020_replication","2025-11-22T09:48:28.071Z","15-16 inch laptop","1707","1067","1707","945","1.5","18","Nov 28, 11 PM","false"
"numerosity_discrimination","3","219","249","14","22","0.6364","j","11","<div style=""width:100vw;height:100vh;background-color:black;""></div>","j","html-keyboard-response","1115","2.0.0","941708","181663","testolin2020_replication","2025-11-22T09:48:28.071Z","15-16 inch laptop","1707","1067","1707","945","1.5","18","Nov 28, 11 PM","true"
"numerosity_discrimination","3","220","217","25","16","0.64","j","159","<div style=""width:100vw;height:100vh;background-color:black;""></div>","f","html-keyboard-response","1120","2.0.0","944548","181663","testolin2020_replication","2025-11-22T09:48:28.071Z","15-16 inch laptop","1707","1067","1707","945","1.5","18","Nov 28, 11 PM","false"
"numerosity_discrimination","3","221","242","28","18","0.6429","j","392","<div style=""width:100vw;height:100vh;background-color:black;""></div>","f","html-keyboard-response","1125","2.0.0","947500","181663","testolin2020_replication","2025-11-22T09:48:28.071Z","15-16 inch laptop","1707","1067","1707","945","1.5","18","Nov 28, 11 PM","false"
"numerosity_discrimination","3","222","106","25","22","0.88","j","413","<div style=""width:100vw;height:100vh;background-color:black;""></div>","j","html-keyboard-response","1130","2.0.0","950249","181663","testolin2020_replication","2025-11-22T09:48:28.071Z","15-16 inch laptop","1707","1067","1707","945","1.5","18","Nov 28, 11 PM","true"
"numerosity_discrimination","3","223","101","20","25","0.8","j","206","<div style=""width:100vw;height:100vh;background-color:black;""></div>","j","html-keyboard-response","1135","2.0.0","952808","181663","testolin2020_replication","2025-11-22T09:48:28.071Z","15-16 inch laptop","1707","1067","1707","945","1.5","18","Nov 28, 11 PM","true"
"numerosity_discrimination","3","224","113","20","16","0.8","j","271","<div style=""width:100vw;height:100vh;background-color:black;""></div>","f","html-keyboard-response","1140","2.0.0","955611","181663","testolin2020_replication","2025-11-22T09:48:28.071Z","15-16 inch laptop","1707","1067","1707","945","1.5","18","Nov 28, 11 PM","false"
"numerosity_discrimination","3","225","71","22","18","0.8182","j","285","<div style=""width:100vw;height:100vh;background-color:black;""></div>","j","html-keyboard-response","1145","2.0.0","958275","181663","testolin2020_replication","2025-11-22T09:48:28.071Z","15-16 inch laptop","1707","1067","1707","945","1.5","18","Nov 28, 11 PM","true"
"numerosity_discrimination","3","226","52","25","28","0.8929","j","370","<div style=""width:100vw;height:100vh;background-color:black;""></div>","j","html-keyboard-response","1150","2.0.0","961256","181663","testolin2020_replication","2025-11-22T09:48:28.071Z","15-16 inch laptop","1707","1067","1707","945","1.5","18","Nov 28, 11 PM","true"
"numerosity_discrimination","3","227","7","14","16","0.875","j","425","<div style=""width:100vw;height:100vh;background-color:black;""></div>","j","html-keyboard-response","1155","2.0.0","964123","181663","testolin2020_replication","2025-11-22T09:48:28.071Z","15-16 inch laptop","1707","1067","1707","945","1.5","18","Nov 28, 11 PM","true"
"numerosity_discrimination","3","228","56","25","22","0.88","j","464","<div style=""width:100vw;height:100vh;background-color:black;""></div>","j","html-keyboard-response","1160","2.0.0","967200","181663","testolin2020_replication","2025-11-22T09:48:28.071Z","15-16 inch laptop","1707","1067","1707","945","1.5","18","Nov 28, 11 PM","true"
"numerosity_discrimination","3","229","138","16","12","0.75","j","594","<div style=""width:100vw;height:100vh;background-color:black;""></div>","f","html-keyboard-response","1165","2.0.0","970303","181663","testolin2020_replication","2025-11-22T09:48:28.071Z","15-16 inch laptop","1707","1067","1707","945","1.5","18","Nov 28, 11 PM","false"
"numerosity_discrimination","3","230","198","16","12","0.75","j","542","<div style=""width:100vw;height:100vh;background-color:black;""></div>","f","html-keyboard-response","1170","2.0.0","973400","181663","testolin2020_replication","2025-11-22T09:48:28.071Z","15-16 inch laptop","1707","1067","1707","945","1.5","18","Nov 28, 11 PM","false"
"numerosity_discrimination","3","231","233","8","12","0.6667","j","382","<div style=""width:100vw;height:100vh;background-color:black;""></div>","j","html-keyboard-response","1175","2.0.0","976323","181663","testolin2020_replication","2025-11-22T09:48:28.071Z","15-16 inch laptop","1707","1067","1707","945","1.5","18","Nov 28, 11 PM","true"
"numerosity_discrimination","3","232","264","25","16","0.64","j","437","<div style=""width:100vw;height:100vh;background-color:black;""></div>","f","html-keyboard-response","1180","2.0.0","979421","181663","testolin2020_replication","2025-11-22T09:48:28.071Z","15-16 inch laptop","1707","1067","1707","945","1.5","18","Nov 28, 11 PM","false"
"numerosity_discrimination","3","233","27","14","12","0.8571","j","517","<div style=""width:100vw;height:100vh;background-color:black;""></div>","j","html-keyboard-response","1185","2.0.0","982359","181663","testolin2020_replication","2025-11-22T09:48:28.071Z","15-16 inch laptop","1707","1067","1707","945","1.5","18","Nov 28, 11 PM","true"
"numerosity_discrimination","3","234","49","8","10","0.8","j","305","<div style=""width:100vw;height:100vh;background-color:black;""></div>","j","html-keyboard-response","1190","2.0.0","985281","181663","testolin2020_replication","2025-11-22T09:48:28.071Z","15-16 inch laptop","1707","1067","1707","945","1.5","18","Nov 28, 11 PM","true"
"numerosity_discrimination","3","235","10","9","11","0.8182","j","274","<div style=""width:100vw;height:100vh;background-color:black;""></div>","j","html-keyboard-response","1195","2.0.0","987751","181663","testolin2020_replication","2025-11-22T09:48:28.071Z","15-16 inch laptop","1707","1067","1707","945","1.5","18","Nov 28, 11 PM","true"
"numerosity_discrimination","3","236","232","8","12","0.6667","j","229","<div style=""width:100vw;height:100vh;background-color:black;""></div>","j","html-keyboard-response","1200","2.0.0","990515","181663","testolin2020_replication","2025-11-22T09:48:28.071Z","15-16 inch laptop","1707","1067","1707","945","1.5","18","Nov 28, 11 PM","true"
"numerosity_discrimination","3","237","69","10","8","0.8","j","218","<div style=""width:100vw;height:100vh;background-color:black;""></div>","f","html-keyboard-response","1205","2.0.0","992947","181663","testolin2020_replication","2025-11-22T09:48:28.071Z","15-16 inch laptop","1707","1067","1707","945","1.5","18","Nov 28, 11 PM","false"
"numerosity_discrimination","3","238","92","18","22","0.8182","j","274","<div style=""width:100vw;height:100vh;background-color:black;""></div>","j","html-keyboard-response","1210","2.0.0","995835","181663","testolin2020_replication","2025-11-22T09:48:28.071Z","15-16 inch laptop","1707","1067","1707","945","1.5","18","Nov 28, 11 PM","true"
"numerosity_discrimination","3","239","60","18","22","0.8182","j","448","<div style=""width:100vw;height:100vh;background-color:black;""></div>","j","html-keyboard-response","1215","2.0.0","998527","181663","testolin2020_replication","2025-11-22T09:48:28.071Z","15-16 inch laptop","1707","1067","1707","945","1.5","18","Nov 28, 11 PM","true"
"numerosity_discrimination","3","240","72","11","9","0.8182","j","263","<div style=""width:100vw;height:100vh;background-color:black;""></div>","f","html-keyboard-response","1220","2.0.0","1001260","181663","testolin2020_replication","2025-11-22T09:48:28.071Z","15-16 inch laptop","1707","1067","1707","945","1.5","18","Nov 28, 11 PM","false"
"numerosity_discrimination","3","241","256","7","11","0.6364","j","2230","<div style=""width:100vw;height:100vh;background-color:black;""></div>","j","html-keyboard-response","1225","2.0.0","1005959","181663","testolin2020_replication","2025-11-22T09:48:28.071Z","15-16 inch laptop","1707","1067","1707","945","1.5","18","Nov 28, 11 PM","true"
"numerosity_discrimination","3","242","246","20","12","0.6","j","300","<div style=""width:100vw;height:100vh;background-color:black;""></div>","f","html-keyboard-response","1230","2.0.0","1008890","181663","testolin2020_replication","2025-11-22T09:48:28.071Z","15-16 inch laptop","1707","1067","1707","945","1.5","18","Nov 28, 11 PM","false"
"numerosity_discrimination","3","243","149","18","14","0.7778","j","570","<div style=""width:100vw;height:100vh;background-color:black;""></div>","f","html-keyboard-response","1235","2.0.0","1011736","181663","testolin2020_replication","2025-11-22T09:48:28.071Z","15-16 inch laptop","1707","1067","1707","945","1.5","18","Nov 28, 11 PM","false"
"numerosity_discrimination","3","244","229","20","12","0.6","j","1209","<div style=""width:100vw;height:100vh;background-color:black;""></div>","f","html-keyboard-response","1240","2.0.0","1015424","181663","testolin2020_replication","2025-11-22T09:48:28.071Z","15-16 inch laptop","1707","1067","1707","945","1.5","18","Nov 28, 11 PM","false"
"numerosity_discrimination","3","245","57","22","18","0.8182","j","454","<div style=""width:100vw;height:100vh;background-color:black;""></div>","f","html-keyboard-response","1245","2.0.0","1018447","181663","testolin2020_replication","2025-11-22T09:48:28.071Z","15-16 inch laptop","1707","1067","1707","945","1.5","18","Nov 28, 11 PM","false"
"numerosity_discrimination","3","246","227","8","12","0.6667","j","281","<div style=""width:100vw;height:100vh;background-color:black;""></div>","j","html-keyboard-response","1250","2.0.0","1021372","181663","testolin2020_replication","2025-11-22T09:48:28.071Z","15-16 inch laptop","1707","1067","1707","945","1.5","18","Nov 28, 11 PM","true"
"numerosity_discrimination","3","247","2","28","25","0.8929","j","426","<div style=""width:100vw;height:100vh;background-color:black;""></div>","j","html-keyboard-response","1255","2.0.0","1024057","181663","testolin2020_replication","2025-11-22T09:48:28.071Z","15-16 inch laptop","1707","1067","1707","945","1.5","18","Nov 28, 11 PM","true"
"numerosity_discrimination","3","248","251","20","12","0.6","j","308","<div style=""width:100vw;height:100vh;background-color:black;""></div>","f","html-keyboard-response","1260","2.0.0","1026639","181663","testolin2020_replication","2025-11-22T09:48:28.071Z","15-16 inch laptop","1707","1067","1707","945","1.5","18","Nov 28, 11 PM","false"
"numerosity_discrimination","3","249","172","16","22","0.7273","j","275","<div style=""width:100vw;height:100vh;background-color:black;""></div>","j","html-keyboard-response","1265","2.0.0","1029393","181663","testolin2020_replication","2025-11-22T09:48:28.071Z","15-16 inch laptop","1707","1067","1707","945","1.5","18","Nov 28, 11 PM","true"
"numerosity_discrimination","3","250","161","28","22","0.7857","j","441","<div style=""width:100vw;height:100vh;background-color:black;""></div>","f","html-keyboard-response","1270","2.0.0","1032263","181663","testolin2020_replication","2025-11-22T09:48:28.071Z","15-16 inch laptop","1707","1067","1707","945","1.5","18","Nov 28, 11 PM","false"
"numerosity_discrimination","3","251","218","14","22","0.6364","j","395","<div style=""width:100vw;height:100vh;background-color:black;""></div>","j","html-keyboard-response","1275","2.0.0","1035014","181663","testolin2020_replication","2025-11-22T09:48:28.071Z","15-16 inch laptop","1707","1067","1707","945","1.5","18","Nov 28, 11 PM","true"
"numerosity_discrimination","3","252","168","20","14","0.7","j","446","<div style=""width:100vw;height:100vh;background-color:black;""></div>","f","html-keyboard-response","1280","2.0.0","1037956","181663","testolin2020_replication","2025-11-22T09:48:28.071Z","15-16 inch laptop","1707","1067","1707","945","1.5","18","Nov 28, 11 PM","false"
"numerosity_discrimination","3","253","155","7","9","0.7778","j","256","<div style=""width:100vw;height:100vh;background-color:black;""></div>","j","html-keyboard-response","1285","2.0.0","1040663","181663","testolin2020_replication","2025-11-22T09:48:28.071Z","15-16 inch laptop","1707","1067","1707","945","1.5","18","Nov 28, 11 PM","true"
"numerosity_discrimination","3","254","216","9","14","0.6429","j","531","<div style=""width:100vw;height:100vh;background-color:black;""></div>","j","html-keyboard-response","1290","2.0.0","1043723","181663","testolin2020_replication","2025-11-22T09:48:28.071Z","15-16 inch laptop","1707","1067","1707","945","1.5","18","Nov 28, 11 PM","true"
"numerosity_discrimination","3","255","94","22","25","0.88","j","672","<div style=""width:100vw;height:100vh;background-color:black;""></div>","j","html-keyboard-response","1295","2.0.0","1046876","181663","testolin2020_replication","2025-11-22T09:48:28.071Z","15-16 inch laptop","1707","1067","1707","945","1.5","18","Nov 28, 11 PM","true"
"numerosity_discrimination","3","256","180","9","7","0.7778","j","777","<div style=""width:100vw;height:100vh;background-color:black;""></div>","j","html-keyboard-response","1300","2.0.0","1049993","181663","testolin2020_replication","2025-11-22T09:48:28.071Z","15-16 inch laptop","1707","1067","1707","945","1.5","18","Nov 28, 11 PM","true"
"numerosity_discrimination","3","257","276","16","8","0.5","j","191","<div style=""width:100vw;height:100vh;background-color:black;""></div>","f","html-keyboard-response","1305","2.0.0","1052554","181663","testolin2020_replication","2025-11-22T09:48:28.071Z","15-16 inch laptop","1707","1067","1707","945","1.5","18","Nov 28, 11 PM","false"
"numerosity_discrimination","3","258","139","9","7","0.7778","j","969","<div style=""width:100vw;height:100vh;background-color:black;""></div>","f","html-keyboard-response","1310","2.0.0","1056130","181663","testolin2020_replication","2025-11-22T09:48:28.071Z","15-16 inch laptop","1707","1067","1707","945","1.5","18","Nov 28, 11 PM","false"
"numerosity_discrimination","3","259","223","28","18","0.6429","j","211","<div style=""width:100vw;height:100vh;background-color:black;""></div>","f","html-keyboard-response","1315","2.0.0","1058620","181663","testolin2020_replication","2025-11-22T09:48:28.071Z","15-16 inch laptop","1707","1067","1707","945","1.5","18","Nov 28, 11 PM","false"
"numerosity_discrimination","3","260","118","20","25","0.8","j","158","<div style=""width:100vw;height:100vh;background-color:black;""></div>","j","html-keyboard-response","1320","2.0.0","1061558","181663","testolin2020_replication","2025-11-22T09:48:28.071Z","15-16 inch laptop","1707","1067","1707","945","1.5","18","Nov 28, 11 PM","true"
"numerosity_discrimination","3","261","211","8","12","0.6667","j","908","<div style=""width:100vw;height:100vh;background-color:black;""></div>","j","html-keyboard-response","1325","2.0.0","1064716","181663","testolin2020_replication","2025-11-22T09:48:28.071Z","15-16 inch laptop","1707","1067","1707","945","1.5","18","Nov 28, 11 PM","true"
"numerosity_discrimination","3","262","97","7","8","0.875","j","341","<div style=""width:100vw;height:100vh;background-color:black;""></div>","f","html-keyboard-response","1330","2.0.0","1067495","181663","testolin2020_replication","2025-11-22T09:48:28.071Z","15-16 inch laptop","1707","1067","1707","945","1.5","18","Nov 28, 11 PM","false"
"numerosity_discrimination","3","263","165","14","10","0.7143","j","429","<div style=""width:100vw;height:100vh;background-color:black;""></div>","f","html-keyboard-response","1335","2.0.0","1070307","181663","testolin2020_replication","2025-11-22T09:48:28.071Z","15-16 inch laptop","1707","1067","1707","945","1.5","18","Nov 28, 11 PM","false"
"numerosity_discrimination","3","264","298","9","18","0.5","j","278","<div style=""width:100vw;height:100vh;background-color:black;""></div>","j","html-keyboard-response","1340","2.0.0","1072935","181663","testolin2020_replication","2025-11-22T09:48:28.071Z","15-16 inch laptop","1707","1067","1707","945","1.5","18","Nov 28, 11 PM","true"
"numerosity_discrimination","3","265","152","16","12","0.75","j","474","<div style=""width:100vw;height:100vh;background-color:black;""></div>","f","html-keyboard-response","1345","2.0.0","1075643","181663","testolin2020_replication","2025-11-22T09:48:28.071Z","15-16 inch laptop","1707","1067","1707","945","1.5","18","Nov 28, 11 PM","false"
"numerosity_discrimination","3","266","104","8","7","0.875","j","351","<div style=""width:100vw;height:100vh;background-color:black;""></div>","j","html-keyboard-response","1350","2.0.0","1078280","181663","testolin2020_replication","2025-11-22T09:48:28.071Z","15-16 inch laptop","1707","1067","1707","945","1.5","18","Nov 28, 11 PM","true"
"numerosity_discrimination","3","267","262","9","14","0.6429","j","261","<div style=""width:100vw;height:100vh;background-color:black;""></div>","j","html-keyboard-response","1355","2.0.0","1080844","181663","testolin2020_replication","2025-11-22T09:48:28.071Z","15-16 inch laptop","1707","1067","1707","945","1.5","18","Nov 28, 11 PM","true"
"numerosity_discrimination","3","268","269","9","14","0.6429","j","304","<div style=""width:100vw;height:100vh;background-color:black;""></div>","j","html-keyboard-response","1360","2.0.0","1083803","181663","testolin2020_replication","2025-11-22T09:48:28.071Z","15-16 inch laptop","1707","1067","1707","945","1.5","18","Nov 28, 11 PM","true"
"numerosity_discrimination","3","269","252","18","28","0.6429","j","349","<div style=""width:100vw;height:100vh;background-color:black;""></div>","j","html-keyboard-response","1365","2.0.0","1086480","181663","testolin2020_replication","2025-11-22T09:48:28.071Z","15-16 inch laptop","1707","1067","1707","945","1.5","18","Nov 28, 11 PM","true"
"numerosity_discrimination","3","270","130","22","28","0.7857","j","138","<div style=""width:100vw;height:100vh;background-color:black;""></div>","j","html-keyboard-response","1370","2.0.0","1088955","181663","testolin2020_replication","2025-11-22T09:48:28.071Z","15-16 inch laptop","1707","1067","1707","945","1.5","18","Nov 28, 11 PM","true"
"numerosity_discrimination","3","271","1","9","8","0.8889","j","254","<div style=""width:100vw;height:100vh;background-color:black;""></div>","f","html-keyboard-response","1375","2.0.0","1091840","181663","testolin2020_replication","2025-11-22T09:48:28.071Z","15-16 inch laptop","1707","1067","1707","945","1.5","18","Nov 28, 11 PM","false"
"numerosity_discrimination","3","272","255","18","28","0.6429","j","329","<div style=""width:100vw;height:100vh;background-color:black;""></div>","j","html-keyboard-response","1380","2.0.0","1094768","181663","testolin2020_replication","2025-11-22T09:48:28.071Z","15-16 inch laptop","1707","1067","1707","945","1.5","18","Nov 28, 11 PM","true"
"numerosity_discrimination","3","273","40","10","12","0.8333","j","367","<div style=""width:100vw;height:100vh;background-color:black;""></div>","j","html-keyboard-response","1385","2.0.0","1097755","181663","testolin2020_replication","2025-11-22T09:48:28.071Z","15-16 inch laptop","1707","1067","1707","945","1.5","18","Nov 28, 11 PM","true"
"numerosity_discrimination","3","274","277","20","10","0.5","j","178","<div style=""width:100vw;height:100vh;background-color:black;""></div>","f","html-keyboard-response","1390","2.0.0","1100284","181663","testolin2020_replication","2025-11-22T09:48:28.071Z","15-16 inch laptop","1707","1067","1707","945","1.5","18","Nov 28, 11 PM","false"
"numerosity_discrimination","3","275","73","14","12","0.8571","j","435","<div style=""width:100vw;height:100vh;background-color:black;""></div>","f","html-keyboard-response","1395","2.0.0","1102992","181663","testolin2020_replication","2025-11-22T09:48:28.071Z","15-16 inch laptop","1707","1067","1707","945","1.5","18","Nov 28, 11 PM","false"
"numerosity_discrimination","3","276","81","16","18","0.8889","j","421","<div style=""width:100vw;height:100vh;background-color:black;""></div>","j","html-keyboard-response","1400","2.0.0","1106035","181663","testolin2020_replication","2025-11-22T09:48:28.071Z","15-16 inch laptop","1707","1067","1707","945","1.5","18","Nov 28, 11 PM","true"
"numerosity_discrimination","3","277","169","18","25","0.72","j","500","<div style=""width:100vw;height:100vh;background-color:black;""></div>","j","html-keyboard-response","1405","2.0.0","1109037","181663","testolin2020_replication","2025-11-22T09:48:28.071Z","15-16 inch laptop","1707","1067","1707","945","1.5","18","Nov 28, 11 PM","true"
"numerosity_discrimination","3","278","296","9","16","0.5625","j","301","<div style=""width:100vw;height:100vh;background-color:black;""></div>","j","html-keyboard-response","1410","2.0.0","1111995","181663","testolin2020_replication","2025-11-22T09:48:28.071Z","15-16 inch laptop","1707","1067","1707","945","1.5","18","Nov 28, 11 PM","true"
"numerosity_discrimination","3","279","25","11","9","0.8182","j","874","<div style=""width:100vw;height:100vh;background-color:black;""></div>","f","html-keyboard-response","1415","2.0.0","1115116","181663","testolin2020_replication","2025-11-22T09:48:28.071Z","15-16 inch laptop","1707","1067","1707","945","1.5","18","Nov 28, 11 PM","false"
"numerosity_discrimination","3","280","289","22","12","0.5455","j","334","<div style=""width:100vw;height:100vh;background-color:black;""></div>","f","html-keyboard-response","1420","2.0.0","1117720","181663","testolin2020_replication","2025-11-22T09:48:28.071Z","15-16 inch laptop","1707","1067","1707","945","1.5","18","Nov 28, 11 PM","false"
"numerosity_discrimination","3","281","33","8","9","0.8889","j","541","<div style=""width:100vw;height:100vh;background-color:black;""></div>","f","html-keyboard-response","1425","2.0.0","1120519","181663","testolin2020_replication","2025-11-22T09:48:28.071Z","15-16 inch laptop","1707","1067","1707","945","1.5","18","Nov 28, 11 PM","false"
"numerosity_discrimination","3","282","43","11","9","0.8182","j","267","<div style=""width:100vw;height:100vh;background-color:black;""></div>","j","html-keyboard-response","1430","2.0.0","1123166","181663","testolin2020_replication","2025-11-22T09:48:28.071Z","15-16 inch laptop","1707","1067","1707","945","1.5","18","Nov 28, 11 PM","true"
"numerosity_discrimination","3","283","147","8","11","0.7273","j","2170","<div style=""width:100vw;height:100vh;background-color:black;""></div>","j","html-keyboard-response","1435","2.0.0","1127783","181663","testolin2020_replication","2025-11-22T09:48:28.071Z","15-16 inch laptop","1707","1067","1707","945","1.5","18","Nov 28, 11 PM","true"
"numerosity_discrimination","3","284","98","25","28","0.8929","j","610","<div style=""width:100vw;height:100vh;background-color:black;""></div>","j","html-keyboard-response","1440","2.0.0","1130731","181663","testolin2020_replication","2025-11-22T09:48:28.071Z","15-16 inch laptop","1707","1067","1707","945","1.5","18","Nov 28, 11 PM","true"
"numerosity_discrimination","3","285","39","20","16","0.8","j","411","<div style=""width:100vw;height:100vh;background-color:black;""></div>","f","html-keyboard-response","1445","2.0.0","1133783","181663","testolin2020_replication","2025-11-22T09:48:28.071Z","15-16 inch laptop","1707","1067","1707","945","1.5","18","Nov 28, 11 PM","false"
"numerosity_discrimination","3","286","115","25","28","0.8929","j","216","<div style=""width:100vw;height:100vh;background-color:black;""></div>","j","html-keyboard-response","1450","2.0.0","1136347","181663","testolin2020_replication","2025-11-22T09:48:28.071Z","15-16 inch laptop","1707","1067","1707","945","1.5","18","Nov 28, 11 PM","true"
"numerosity_discrimination","3","287","80","16","18","0.8889","j","266","<div style=""width:100vw;height:100vh;background-color:black;""></div>","j","html-keyboard-response","1455","2.0.0","1139616","181663","testolin2020_replication","2025-11-22T09:48:28.071Z","15-16 inch laptop","1707","1067","1707","945","1.5","18","Nov 28, 11 PM","true"
"numerosity_discrimination","3","288","144","28","20","0.7143","j","345","<div style=""width:100vw;height:100vh;background-color:black;""></div>","f","html-keyboard-response","1460","2.0.0","1142350","181663","testolin2020_replication","2025-11-22T09:48:28.071Z","15-16 inch laptop","1707","1067","1707","945","1.5","18","Nov 28, 11 PM","false"
"numerosity_discrimination","3","289","45","25","20","0.8","j","290","<div style=""width:100vw;height:100vh;background-color:black;""></div>","f","html-keyboard-response","1465","2.0.0","1145039","181663","testolin2020_replication","2025-11-22T09:48:28.071Z","15-16 inch laptop","1707","1067","1707","945","1.5","18","Nov 28, 11 PM","false"
"numerosity_discrimination","3","290","200","12","9","0.75","j","307","<div style=""width:100vw;height:100vh;background-color:black;""></div>","f","html-keyboard-response","1470","2.0.0","1147727","181663","testolin2020_replication","2025-11-22T09:48:28.071Z","15-16 inch laptop","1707","1067","1707","945","1.5","18","Nov 28, 11 PM","false"
"numerosity_discrimination","3","291","212","22","14","0.6364","j","270","<div style=""width:100vw;height:100vh;background-color:black;""></div>","f","html-keyboard-response","1475","2.0.0","1150194","181663","testolin2020_replication","2025-11-22T09:48:28.071Z","15-16 inch laptop","1707","1067","1707","945","1.5","18","Nov 28, 11 PM","false"
"numerosity_discrimination","3","292","207","7","9","0.7778","j","233","<div style=""width:100vw;height:100vh;background-color:black;""></div>","j","html-keyboard-response","1480","2.0.0","1152847","181663","testolin2020_replication","2025-11-22T09:48:28.071Z","15-16 inch laptop","1707","1067","1707","945","1.5","18","Nov 28, 11 PM","true"
"numerosity_discrimination","3","293","204","7","9","0.7778","j","203","<div style=""width:100vw;height:100vh;background-color:black;""></div>","j","html-keyboard-response","1485","2.0.0","1155418","181663","testolin2020_replication","2025-11-22T09:48:28.071Z","15-16 inch laptop","1707","1067","1707","945","1.5","18","Nov 28, 11 PM","true"
"numerosity_discrimination","3","294","47","20","25","0.8","j","326","<div style=""width:100vw;height:100vh;background-color:black;""></div>","j","html-keyboard-response","1490","2.0.0","1158101","181663","testolin2020_replication","2025-11-22T09:48:28.071Z","15-16 inch laptop","1707","1067","1707","945","1.5","18","Nov 28, 11 PM","true"
"numerosity_discrimination","3","295","206","9","7","0.7778","j","523","<div style=""width:100vw;height:100vh;background-color:black;""></div>","f","html-keyboard-response","1495","2.0.0","1160912","181663","testolin2020_replication","2025-11-22T09:48:28.071Z","15-16 inch laptop","1707","1067","1707","945","1.5","18","Nov 28, 11 PM","false"
"numerosity_discrimination","3","296","91","12","14","0.8571","j","1625","<div style=""width:100vw;height:100vh;background-color:black;""></div>","j","html-keyboard-response","1500","2.0.0","1165119","181663","testolin2020_replication","2025-11-22T09:48:28.071Z","15-16 inch laptop","1707","1067","1707","945","1.5","18","Nov 28, 11 PM","true"
"numerosity_discrimination","3","297","263","22","14","0.6364","j","341","<div style=""width:100vw;height:100vh;background-color:black;""></div>","j","html-keyboard-response","1505","2.0.0","1168083","181663","testolin2020_replication","2025-11-22T09:48:28.071Z","15-16 inch laptop","1707","1067","1707","945","1.5","18","Nov 28, 11 PM","true"
"numerosity_discrimination","3","298","110","7","8","0.875","j","273","<div style=""width:100vw;height:100vh;background-color:black;""></div>","j","html-keyboard-response","1510","2.0.0","1170637","181663","testolin2020_replication","2025-11-22T09:48:28.071Z","15-16 inch laptop","1707","1067","1707","945","1.5","18","Nov 28, 11 PM","true"
"numerosity_discrimination","3","299","222","16","10","0.625","j","501","<div style=""width:100vw;height:100vh;background-color:black;""></div>","j","html-keyboard-response","1515","2.0.0","1173567","181663","testolin2020_replication","2025-11-22T09:48:28.071Z","15-16 inch laptop","1707","1067","1707","945","1.5","18","Nov 28, 11 PM","true"
"numerosity_discrimination","3","300","143","20","28","0.7143","j","287","<div style=""width:100vw;height:100vh;background-color:black;""></div>","j","html-keyboard-response","1520","2.0.0","1176200","181663","testolin2020_replication","2025-11-22T09:48:28.071Z","15-16 inch laptop","1707","1067","1707","945","1.5","18","Nov 28, 11 PM","true"
