"task","block","pair_order","pair_num","left_n","right_n","pair_ratio","correct_key","rt","stimulus","response","trial_type","trial_index","plugin_version","time_elapsed","participant_id","experiment","date","screen_size_category","screen_width_pixels","screen_height_pixels","window_width_pixels","window_height_pixels","pixel_ratio","participant_age","time_slot","correct"
"numerosity_discrimination","1","1","286","18","10","0.5556","j","484","<div style=""width:100vw;height:100vh;background-color:black;""></div>","f","html-keyboard-response","21","2.0.0","242996","181813","testolin2020_replication","2025-11-21T20:13:03.475Z","13-14 inch laptop","1536","864","1528","738","1.25","18","Nov 28, 11:00 PM","false"
"numerosity_discrimination","1","2","61","8","10","0.8","j","3843","<div style=""width:100vw;height:100vh;background-color:black;""></div>","j","html-keyboard-response","26","2.0.0","249036","181813","testolin2020_replication","2025-11-21T20:13:03.475Z","13-14 inch laptop","1536","864","1528","738","1.25","18","Nov 28, 11:00 PM","true"
"numerosity_discrimination","1","3","271","20","11","0.55","j","552","<div style=""width:100vw;height:100vh;background-color:black;""></div>","f","html-keyboard-response","31","2.0.0","251790","181813","testolin2020_replication","2025-11-21T20:13:03.475Z","13-14 inch laptop","1536","864","1528","738","1.25","18","Nov 28, 11:00 PM","false"
"numerosity_discrimination","1","4","128","22","28","0.7857","j","6269","<div style=""width:100vw;height:100vh;background-color:black;""></div>","f","html-keyboard-response","36","2.0.0","260524","181813","testolin2020_replication","2025-11-21T20:13:03.475Z","13-14 inch laptop","1536","864","1528","738","1.25","18","Nov 28, 11:00 PM","false"
"numerosity_discrimination","1","5","278","9","18","0.5","j","1584","<div style=""width:100vw;height:100vh;background-color:black;""></div>","j","html-keyboard-response","41","2.0.0","264621","181813","testolin2020_replication","2025-11-21T20:13:03.475Z","13-14 inch laptop","1536","864","1528","738","1.25","18","Nov 28, 11:00 PM","true"
"numerosity_discrimination","1","6","51","10","12","0.8333","j","1432","<div style=""width:100vw;height:100vh;background-color:black;""></div>","j","html-keyboard-response","46","2.0.0","268690","181813","testolin2020_replication","2025-11-21T20:13:03.475Z","13-14 inch laptop","1536","864","1528","738","1.25","18","Nov 28, 11:00 PM","true"
"numerosity_discrimination","1","7","188","9","12","0.75","j","1857","<div style=""width:100vw;height:100vh;background-color:black;""></div>","j","html-keyboard-response","51","2.0.0","272791","181813","testolin2020_replication","2025-11-21T20:13:03.475Z","13-14 inch laptop","1536","864","1528","738","1.25","18","Nov 28, 11:00 PM","true"
"numerosity_discrimination","1","8","236","22","14","0.6364","j","1208","<div style=""width:100vw;height:100vh;background-color:black;""></div>","f","html-keyboard-response","56","2.0.0","276440","181813","testolin2020_replication","2025-11-21T20:13:03.475Z","13-14 inch laptop","1536","864","1528","738","1.25","18","Nov 28, 11:00 PM","false"
"numerosity_discrimination","1","9","35","9","8","0.8889","j","567","<div style=""width:100vw;height:100vh;background-color:black;""></div>","j","html-keyboard-response","61","2.0.0","279463","181813","testolin2020_replication","2025-11-21T20:13:03.475Z","13-14 inch laptop","1536","864","1528","738","1.25","18","Nov 28, 11:00 PM","true"
"numerosity_discrimination","1","10","267","18","28","0.6429","j","509","<div style=""width:100vw;height:100vh;background-color:black;""></div>","j","html-keyboard-response","66","2.0.0","282446","181813","testolin2020_replication","2025-11-21T20:13:03.475Z","13-14 inch laptop","1536","864","1528","738","1.25","18","Nov 28, 11:00 PM","true"
"numerosity_discrimination","1","11","280","28","16","0.5714","j","439","<div style=""width:100vw;height:100vh;background-color:black;""></div>","f","html-keyboard-response","71","2.0.0","285460","181813","testolin2020_replication","2025-11-21T20:13:03.475Z","13-14 inch laptop","1536","864","1528","738","1.25","18","Nov 28, 11:00 PM","false"
"numerosity_discrimination","1","12","279","20","11","0.55","j","651","<div style=""width:100vw;height:100vh;background-color:black;""></div>","f","html-keyboard-response","76","2.0.0","288315","181813","testolin2020_replication","2025-11-21T20:13:03.475Z","13-14 inch laptop","1536","864","1528","738","1.25","18","Nov 28, 11:00 PM","false"
"numerosity_discrimination","1","13","167","9","12","0.75","j","424","<div style=""width:100vw;height:100vh;background-color:black;""></div>","j","html-keyboard-response","81","2.0.0","291295","181813","testolin2020_replication","2025-11-21T20:13:03.475Z","13-14 inch laptop","1536","864","1528","738","1.25","18","Nov 28, 11:00 PM","true"
"numerosity_discrimination","1","14","9","9","8","0.8889","j","374","<div style=""width:100vw;height:100vh;background-color:black;""></div>","f","html-keyboard-response","86","2.0.0","294348","181813","testolin2020_replication","2025-11-21T20:13:03.475Z","13-14 inch laptop","1536","864","1528","738","1.25","18","Nov 28, 11:00 PM","false"
"numerosity_discrimination","1","15","202","9","7","0.7778","j","1525","<div style=""width:100vw;height:100vh;background-color:black;""></div>","f","html-keyboard-response","91","2.0.0","298087","181813","testolin2020_replication","2025-11-21T20:13:03.475Z","13-14 inch laptop","1536","864","1528","738","1.25","18","Nov 28, 11:00 PM","false"
"numerosity_discrimination","1","16","272","10","20","0.5","j","357","<div style=""width:100vw;height:100vh;background-color:black;""></div>","j","html-keyboard-response","96","2.0.0","300967","181813","testolin2020_replication","2025-11-21T20:13:03.475Z","13-14 inch laptop","1536","864","1528","738","1.25","18","Nov 28, 11:00 PM","true"
"numerosity_discrimination","1","17","235","14","9","0.6429","j","222","<div style=""width:100vw;height:100vh;background-color:black;""></div>","f","html-keyboard-response","101","2.0.0","303595","181813","testolin2020_replication","2025-11-21T20:13:03.475Z","13-14 inch laptop","1536","864","1528","738","1.25","18","Nov 28, 11:00 PM","false"
"numerosity_discrimination","1","18","67","11","9","0.8182","j","966","<div style=""width:100vw;height:100vh;background-color:black;""></div>","f","html-keyboard-response","106","2.0.0","306930","181813","testolin2020_replication","2025-11-21T20:13:03.475Z","13-14 inch laptop","1536","864","1528","738","1.25","18","Nov 28, 11:00 PM","false"
"numerosity_discrimination","1","19","160","12","16","0.75","j","318","<div style=""width:100vw;height:100vh;background-color:black;""></div>","j","html-keyboard-response","111","2.0.0","309916","181813","testolin2020_replication","2025-11-21T20:13:03.475Z","13-14 inch laptop","1536","864","1528","738","1.25","18","Nov 28, 11:00 PM","true"
"numerosity_discrimination","1","20","31","28","25","0.8929","j","348","<div style=""width:100vw;height:100vh;background-color:black;""></div>","f","html-keyboard-response","116","2.0.0","312683","181813","testolin2020_replication","2025-11-21T20:13:03.475Z","13-14 inch laptop","1536","864","1528","738","1.25","18","Nov 28, 11:00 PM","false"
"numerosity_discrimination","1","21","213","18","11","0.6111","j","298","<div style=""width:100vw;height:100vh;background-color:black;""></div>","f","html-keyboard-response","121","2.0.0","315658","181813","testolin2020_replication","2025-11-21T20:13:03.475Z","13-14 inch laptop","1536","864","1528","738","1.25","18","Nov 28, 11:00 PM","false"
"numerosity_discrimination","1","22","193","25","18","0.72","j","414","<div style=""width:100vw;height:100vh;background-color:black;""></div>","f","html-keyboard-response","126","2.0.0","318757","181813","testolin2020_replication","2025-11-21T20:13:03.475Z","13-14 inch laptop","1536","864","1528","738","1.25","18","Nov 28, 11:00 PM","false"
"numerosity_discrimination","1","23","105","28","25","0.8929","j","1441","<div style=""width:100vw;height:100vh;background-color:black;""></div>","j","html-keyboard-response","131","2.0.0","322732","181813","testolin2020_replication","2025-11-21T20:13:03.475Z","13-14 inch laptop","1536","864","1528","738","1.25","18","Nov 28, 11:00 PM","true"
"numerosity_discrimination","1","24","158","18","14","0.7778","j","653","<div style=""width:100vw;height:100vh;background-color:black;""></div>","f","html-keyboard-response","136","2.0.0","325786","181813","testolin2020_replication","2025-11-21T20:13:03.475Z","13-14 inch laptop","1536","864","1528","738","1.25","18","Nov 28, 11:00 PM","false"
"numerosity_discrimination","1","25","175","11","14","0.7857","j","280","<div style=""width:100vw;height:100vh;background-color:black;""></div>","j","html-keyboard-response","141","2.0.0","328510","181813","testolin2020_replication","2025-11-21T20:13:03.475Z","13-14 inch laptop","1536","864","1528","738","1.25","18","Nov 28, 11:00 PM","true"
"numerosity_discrimination","1","26","254","20","12","0.6","j","140","<div style=""width:100vw;height:100vh;background-color:black;""></div>","f","html-keyboard-response","146","2.0.0","330988","181813","testolin2020_replication","2025-11-21T20:13:03.475Z","13-14 inch laptop","1536","864","1528","738","1.25","18","Nov 28, 11:00 PM","false"
"numerosity_discrimination","1","27","221","16","10","0.625","j","323","<div style=""width:100vw;height:100vh;background-color:black;""></div>","f","html-keyboard-response","151","2.0.0","333720","181813","testolin2020_replication","2025-11-21T20:13:03.475Z","13-14 inch laptop","1536","864","1528","738","1.25","18","Nov 28, 11:00 PM","false"
"numerosity_discrimination","1","28","55","18","16","0.8889","j","3476","<div style=""width:100vw;height:100vh;background-color:black;""></div>","f","html-keyboard-response","156","2.0.0","339728","181813","testolin2020_replication","2025-11-21T20:13:03.475Z","13-14 inch laptop","1536","864","1528","738","1.25","18","Nov 28, 11:00 PM","false"
"numerosity_discrimination","1","29","120","14","12","0.8571","j","343","<div style=""width:100vw;height:100vh;background-color:black;""></div>","f","html-keyboard-response","161","2.0.0","342322","181813","testolin2020_replication","2025-11-21T20:13:03.475Z","13-14 inch laptop","1536","864","1528","738","1.25","18","Nov 28, 11:00 PM","false"
"numerosity_discrimination","1","30","89","11","9","0.8182","j","427","<div style=""width:100vw;height:100vh;background-color:black;""></div>","f","html-keyboard-response","166","2.0.0","344986","181813","testolin2020_replication","2025-11-21T20:13:03.475Z","13-14 inch laptop","1536","864","1528","738","1.25","18","Nov 28, 11:00 PM","false"
"numerosity_discrimination","1","31","108","8","9","0.8889","j","477","<div style=""width:100vw;height:100vh;background-color:black;""></div>","j","html-keyboard-response","171","2.0.0","348109","181813","testolin2020_replication","2025-11-21T20:13:03.475Z","13-14 inch laptop","1536","864","1528","738","1.25","18","Nov 28, 11:00 PM","true"
"numerosity_discrimination","1","32","23","11","9","0.8182","j","394","<div style=""width:100vw;height:100vh;background-color:black;""></div>","f","html-keyboard-response","176","2.0.0","350851","181813","testolin2020_replication","2025-11-21T20:13:03.475Z","13-14 inch laptop","1536","864","1528","738","1.25","18","Nov 28, 11:00 PM","false"
"numerosity_discrimination","1","33","48","14","16","0.875","j","646","<div style=""width:100vw;height:100vh;background-color:black;""></div>","f","html-keyboard-response","181","2.0.0","353685","181813","testolin2020_replication","2025-11-21T20:13:03.475Z","13-14 inch laptop","1536","864","1528","738","1.25","18","Nov 28, 11:00 PM","false"
"numerosity_discrimination","1","34","177","8","11","0.7273","j","353","<div style=""width:100vw;height:100vh;background-color:black;""></div>","j","html-keyboard-response","186","2.0.0","356442","181813","testolin2020_replication","2025-11-21T20:13:03.475Z","13-14 inch laptop","1536","864","1528","738","1.25","18","Nov 28, 11:00 PM","true"
"numerosity_discrimination","1","35","26","28","25","0.8929","j","774","<div style=""width:100vw;height:100vh;background-color:black;""></div>","f","html-keyboard-response","191","2.0.0","359559","181813","testolin2020_replication","2025-11-21T20:13:03.475Z","13-14 inch laptop","1536","864","1528","738","1.25","18","Nov 28, 11:00 PM","false"
"numerosity_discrimination","1","36","166","20","14","0.7","j","659","<div style=""width:100vw;height:100vh;background-color:black;""></div>","j","html-keyboard-response","196","2.0.0","362708","181813","testolin2020_replication","2025-11-21T20:13:03.475Z","13-14 inch laptop","1536","864","1528","738","1.25","18","Nov 28, 11:00 PM","true"
"numerosity_discrimination","1","37","261","28","18","0.6429","j","411","<div style=""width:100vw;height:100vh;background-color:black;""></div>","f","html-keyboard-response","201","2.0.0","365789","181813","testolin2020_replication","2025-11-21T20:13:03.475Z","13-14 inch laptop","1536","864","1528","738","1.25","18","Nov 28, 11:00 PM","false"
"numerosity_discrimination","1","38","32","16","20","0.8","j","694","<div style=""width:100vw;height:100vh;background-color:black;""></div>","j","html-keyboard-response","206","2.0.0","368689","181813","testolin2020_replication","2025-11-21T20:13:03.475Z","13-14 inch laptop","1536","864","1528","738","1.25","18","Nov 28, 11:00 PM","true"
"numerosity_discrimination","1","39","103","14","12","0.8571","j","294","<div style=""width:100vw;height:100vh;background-color:black;""></div>","f","html-keyboard-response","211","2.0.0","371566","181813","testolin2020_replication","2025-11-21T20:13:03.475Z","13-14 inch laptop","1536","864","1528","738","1.25","18","Nov 28, 11:00 PM","false"
"numerosity_discrimination","1","40","197","12","16","0.75","j","397","<div style=""width:100vw;height:100vh;background-color:black;""></div>","j","html-keyboard-response","216","2.0.0","374310","181813","testolin2020_replication","2025-11-21T20:13:03.475Z","13-14 inch laptop","1536","864","1528","738","1.25","18","Nov 28, 11:00 PM","true"
"numerosity_discrimination","1","41","268","18","11","0.6111","j","404","<div style=""width:100vw;height:100vh;background-color:black;""></div>","f","html-keyboard-response","221","2.0.0","377070","181813","testolin2020_replication","2025-11-21T20:13:03.475Z","13-14 inch laptop","1536","864","1528","738","1.25","18","Nov 28, 11:00 PM","false"
"numerosity_discrimination","1","42","299","20","10","0.5","j","362","<div style=""width:100vw;height:100vh;background-color:black;""></div>","f","html-keyboard-response","226","2.0.0","380104","181813","testolin2020_replication","2025-11-21T20:13:03.475Z","13-14 inch laptop","1536","864","1528","738","1.25","18","Nov 28, 11:00 PM","false"
"numerosity_discrimination","1","43","179","22","16","0.7273","j","650","<div style=""width:100vw;height:100vh;background-color:black;""></div>","j","html-keyboard-response","231","2.0.0","383217","181813","testolin2020_replication","2025-11-21T20:13:03.475Z","13-14 inch laptop","1536","864","1528","738","1.25","18","Nov 28, 11:00 PM","true"
"numerosity_discrimination","1","44","203","11","8","0.7273","j","359","<div style=""width:100vw;height:100vh;background-color:black;""></div>","f","html-keyboard-response","236","2.0.0","386098","181813","testolin2020_replication","2025-11-21T20:13:03.475Z","13-14 inch laptop","1536","864","1528","738","1.25","18","Nov 28, 11:00 PM","false"
"numerosity_discrimination","1","45","245","10","16","0.625","j","34069","<div style=""width:100vw;height:100vh;background-color:black;""></div>","j","html-keyboard-response","241","2.0.0","422698","181813","testolin2020_replication","2025-11-21T20:13:03.475Z","13-14 inch laptop","1536","864","1528","738","1.25","18","Nov 28, 11:00 PM","true"
"numerosity_discrimination","1","46","34","16","18","0.8889","j","2118","<div style=""width:100vw;height:100vh;background-color:black;""></div>","j","html-keyboard-response","246","2.0.0","427303","181813","testolin2020_replication","2025-11-21T20:13:03.475Z","13-14 inch laptop","1536","864","1528","738","1.25","18","Nov 28, 11:00 PM","true"
"numerosity_discrimination","1","47","164","20","14","0.7","j","172692","<div style=""width:100vw;height:100vh;background-color:black;""></div>","f","html-keyboard-response","251","2.0.0","602284","181813","testolin2020_replication","2025-11-21T20:13:03.475Z","13-14 inch laptop","1536","864","1528","738","1.25","18","Nov 28, 11:00 PM","false"
"numerosity_discrimination","1","48","186","22","28","0.7857","j","790","<div style=""width:100vw;height:100vh;background-color:black;""></div>","j","html-keyboard-response","256","2.0.0","605718","181813","testolin2020_replication","2025-11-21T20:13:03.475Z","13-14 inch laptop","1536","864","1528","738","1.25","18","Nov 28, 11:00 PM","true"
"numerosity_discrimination","1","49","19","18","22","0.8182","j","1927","<div style=""width:100vw;height:100vh;background-color:black;""></div>","j","html-keyboard-response","261","2.0.0","610221","181813","testolin2020_replication","2025-11-21T20:13:03.475Z","13-14 inch laptop","1536","864","1528","738","1.25","18","Nov 28, 11:00 PM","true"
"numerosity_discrimination","1","50","22","16","20","0.8","j","1831","<div style=""width:100vw;height:100vh;background-color:black;""></div>","j","html-keyboard-response","266","2.0.0","614467","181813","testolin2020_replication","2025-11-21T20:13:03.475Z","13-14 inch laptop","1536","864","1528","738","1.25","18","Nov 28, 11:00 PM","true"
"numerosity_discrimination","1","51","285","11","22","0.5","j","781","<div style=""width:100vw;height:100vh;background-color:black;""></div>","j","html-keyboard-response","271","2.0.0","617811","181813","testolin2020_replication","2025-11-21T20:13:03.475Z","13-14 inch laptop","1536","864","1528","738","1.25","18","Nov 28, 11:00 PM","true"
"numerosity_discrimination","1","52","54","22","18","0.8182","j","2064","<div style=""width:100vw;height:100vh;background-color:black;""></div>","f","html-keyboard-response","276","2.0.0","622227","181813","testolin2020_replication","2025-11-21T20:13:03.475Z","13-14 inch laptop","1536","864","1528","738","1.25","18","Nov 28, 11:00 PM","false"
"numerosity_discrimination","1","53","238","20","12","0.6","j","699","<div style=""width:100vw;height:100vh;background-color:black;""></div>","f","html-keyboard-response","281","2.0.0","625459","181813","testolin2020_replication","2025-11-21T20:13:03.475Z","13-14 inch laptop","1536","864","1528","738","1.25","18","Nov 28, 11:00 PM","false"
"numerosity_discrimination","1","54","124","16","12","0.75","j","938","<div style=""width:100vw;height:100vh;background-color:black;""></div>","f","html-keyboard-response","286","2.0.0","628862","181813","testolin2020_replication","2025-11-21T20:13:03.475Z","13-14 inch laptop","1536","864","1528","738","1.25","18","Nov 28, 11:00 PM","false"
"numerosity_discrimination","1","55","18","14","12","0.8571","j","1243","<div style=""width:100vw;height:100vh;background-color:black;""></div>","f","html-keyboard-response","291","2.0.0","632693","181813","testolin2020_replication","2025-11-21T20:13:03.475Z","13-14 inch laptop","1536","864","1528","738","1.25","18","Nov 28, 11:00 PM","false"
"numerosity_discrimination","1","56","173","25","18","0.72","j","750","<div style=""width:100vw;height:100vh;background-color:black;""></div>","f","html-keyboard-response","296","2.0.0","635849","181813","testolin2020_replication","2025-11-21T20:13:03.475Z","13-14 inch laptop","1536","864","1528","738","1.25","18","Nov 28, 11:00 PM","false"
"numerosity_discrimination","1","57","63","9","8","0.8889","j","3003","<div style=""width:100vw;height:100vh;background-color:black;""></div>","f","html-keyboard-response","301","2.0.0","641145","181813","testolin2020_replication","2025-11-21T20:13:03.475Z","13-14 inch laptop","1536","864","1528","738","1.25","18","Nov 28, 11:00 PM","false"
"numerosity_discrimination","1","58","159","20","28","0.7143","j","1047","<div style=""width:100vw;height:100vh;background-color:black;""></div>","j","html-keyboard-response","306","2.0.0","644615","181813","testolin2020_replication","2025-11-21T20:13:03.475Z","13-14 inch laptop","1536","864","1528","738","1.25","18","Nov 28, 11:00 PM","true"
"numerosity_discrimination","1","59","265","18","28","0.6429","j","995","<div style=""width:100vw;height:100vh;background-color:black;""></div>","j","html-keyboard-response","311","2.0.0","648134","181813","testolin2020_replication","2025-11-21T20:13:03.475Z","13-14 inch laptop","1536","864","1528","738","1.25","18","Nov 28, 11:00 PM","true"
"numerosity_discrimination","1","60","17","12","14","0.8571","j","3309","<div style=""width:100vw;height:100vh;background-color:black;""></div>","j","html-keyboard-response","316","2.0.0","653896","181813","testolin2020_replication","2025-11-21T20:13:03.475Z","13-14 inch laptop","1536","864","1528","738","1.25","18","Nov 28, 11:00 PM","true"
"numerosity_discrimination","1","61","140","11","8","0.7273","j","886","<div style=""width:100vw;height:100vh;background-color:black;""></div>","f","html-keyboard-response","321","2.0.0","657392","181813","testolin2020_replication","2025-11-21T20:13:03.475Z","13-14 inch laptop","1536","864","1528","738","1.25","18","Nov 28, 11:00 PM","false"
"numerosity_discrimination","1","62","208","9","7","0.7778","j","974","<div style=""width:100vw;height:100vh;background-color:black;""></div>","f","html-keyboard-response","326","2.0.0","660745","181813","testolin2020_replication","2025-11-21T20:13:03.475Z","13-14 inch laptop","1536","864","1528","738","1.25","18","Nov 28, 11:00 PM","false"
"numerosity_discrimination","1","63","53","18","22","0.8182","j","1132","<div style=""width:100vw;height:100vh;background-color:black;""></div>","j","html-keyboard-response","331","2.0.0","664521","181813","testolin2020_replication","2025-11-21T20:13:03.475Z","13-14 inch laptop","1536","864","1528","738","1.25","18","Nov 28, 11:00 PM","true"
"numerosity_discrimination","1","64","126","9","7","0.7778","j","3458","<div style=""width:100vw;height:100vh;background-color:black;""></div>","f","html-keyboard-response","336","2.0.0","670522","181813","testolin2020_replication","2025-11-21T20:13:03.475Z","13-14 inch laptop","1536","864","1528","738","1.25","18","Nov 28, 11:00 PM","false"
"numerosity_discrimination","1","65","88","12","10","0.8333","j","1003","<div style=""width:100vw;height:100vh;background-color:black;""></div>","f","html-keyboard-response","341","2.0.0","673778","181813","testolin2020_replication","2025-11-21T20:13:03.475Z","13-14 inch laptop","1536","864","1528","738","1.25","18","Nov 28, 11:00 PM","false"
"numerosity_discrimination","1","66","116","28","25","0.8929","j","1525","<div style=""width:100vw;height:100vh;background-color:black;""></div>","f","html-keyboard-response","346","2.0.0","677837","181813","testolin2020_replication","2025-11-21T20:13:03.475Z","13-14 inch laptop","1536","864","1528","738","1.25","18","Nov 28, 11:00 PM","false"
"numerosity_discrimination","1","67","4","12","14","0.8571","j","15745","<div style=""width:100vw;height:100vh;background-color:black;""></div>","f","html-keyboard-response","351","2.0.0","695953","181813","testolin2020_replication","2025-11-21T20:13:03.475Z","13-14 inch laptop","1536","864","1528","738","1.25","18","Nov 28, 11:00 PM","false"
"numerosity_discrimination","1","68","287","25","14","0.56","j","822","<div style=""width:100vw;height:100vh;background-color:black;""></div>","f","html-keyboard-response","356","2.0.0","699163","181813","testolin2020_replication","2025-11-21T20:13:03.475Z","13-14 inch laptop","1536","864","1528","738","1.25","18","Nov 28, 11:00 PM","false"
"numerosity_discrimination","1","69","119","12","10","0.8333","j","970","<div style=""width:100vw;height:100vh;background-color:black;""></div>","f","html-keyboard-response","361","2.0.0","702741","181813","testolin2020_replication","2025-11-21T20:13:03.475Z","13-14 inch laptop","1536","864","1528","738","1.25","18","Nov 28, 11:00 PM","false"
"numerosity_discrimination","1","70","122","8","11","0.7273","j","283","<div style=""width:100vw;height:100vh;background-color:black;""></div>","j","html-keyboard-response","366","2.0.0","705613","181813","testolin2020_replication","2025-11-21T20:13:03.475Z","13-14 inch laptop","1536","864","1528","738","1.25","18","Nov 28, 11:00 PM","true"
"numerosity_discrimination","1","71","194","7","9","0.7778","j","254","<div style=""width:100vw;height:100vh;background-color:black;""></div>","j","html-keyboard-response","371","2.0.0","708138","181813","testolin2020_replication","2025-11-21T20:13:03.475Z","13-14 inch laptop","1536","864","1528","738","1.25","18","Nov 28, 11:00 PM","true"
"numerosity_discrimination","1","72","75","12","14","0.8571","j","348","<div style=""width:100vw;height:100vh;background-color:black;""></div>","j","html-keyboard-response","376","2.0.0","710729","181813","testolin2020_replication","2025-11-21T20:13:03.475Z","13-14 inch laptop","1536","864","1528","738","1.25","18","Nov 28, 11:00 PM","true"
"numerosity_discrimination","1","73","150","16","22","0.7273","j","949","<div style=""width:100vw;height:100vh;background-color:black;""></div>","j","html-keyboard-response","381","2.0.0","714070","181813","testolin2020_replication","2025-11-21T20:13:03.475Z","13-14 inch laptop","1536","864","1528","738","1.25","18","Nov 28, 11:00 PM","true"
"numerosity_discrimination","1","74","70","18","16","0.8889","j","388","<div style=""width:100vw;height:100vh;background-color:black;""></div>","f","html-keyboard-response","386","2.0.0","717101","181813","testolin2020_replication","2025-11-21T20:13:03.475Z","13-14 inch laptop","1536","864","1528","738","1.25","18","Nov 28, 11:00 PM","false"
"numerosity_discrimination","1","75","187","18","14","0.7778","j","347","<div style=""width:100vw;height:100vh;background-color:black;""></div>","f","html-keyboard-response","391","2.0.0","719980","181813","testolin2020_replication","2025-11-21T20:13:03.475Z","13-14 inch laptop","1536","864","1528","738","1.25","18","Nov 28, 11:00 PM","false"
"numerosity_discrimination","1","76","275","14","7","0.5","j","366","<div style=""width:100vw;height:100vh;background-color:black;""></div>","f","html-keyboard-response","396","2.0.0","722819","181813","testolin2020_replication","2025-11-21T20:13:03.475Z","13-14 inch laptop","1536","864","1528","738","1.25","18","Nov 28, 11:00 PM","false"
"numerosity_discrimination","1","77","192","22","28","0.7857","j","516","<div style=""width:100vw;height:100vh;background-color:black;""></div>","j","html-keyboard-response","401","2.0.0","725633","181813","testolin2020_replication","2025-11-21T20:13:03.475Z","13-14 inch laptop","1536","864","1528","738","1.25","18","Nov 28, 11:00 PM","true"
"numerosity_discrimination","1","78","225","14","22","0.6364","j","304","<div style=""width:100vw;height:100vh;background-color:black;""></div>","j","html-keyboard-response","406","2.0.0","728328","181813","testolin2020_replication","2025-11-21T20:13:03.475Z","13-14 inch laptop","1536","864","1528","738","1.25","18","Nov 28, 11:00 PM","true"
"numerosity_discrimination","1","79","59","14","12","0.8571","j","435","<div style=""width:100vw;height:100vh;background-color:black;""></div>","f","html-keyboard-response","411","2.0.0","731384","181813","testolin2020_replication","2025-11-21T20:13:03.475Z","13-14 inch laptop","1536","864","1528","738","1.25","18","Nov 28, 11:00 PM","false"
"numerosity_discrimination","1","80","239","22","14","0.6364","j","429","<div style=""width:100vw;height:100vh;background-color:black;""></div>","f","html-keyboard-response","416","2.0.0","734408","181813","testolin2020_replication","2025-11-21T20:13:03.475Z","13-14 inch laptop","1536","864","1528","738","1.25","18","Nov 28, 11:00 PM","false"
"numerosity_discrimination","1","81","226","14","9","0.6429","j","399","<div style=""width:100vw;height:100vh;background-color:black;""></div>","f","html-keyboard-response","421","2.0.0","737189","181813","testolin2020_replication","2025-11-21T20:13:03.475Z","13-14 inch laptop","1536","864","1528","738","1.25","18","Nov 28, 11:00 PM","false"
"numerosity_discrimination","1","82","259","18","11","0.6111","j","465","<div style=""width:100vw;height:100vh;background-color:black;""></div>","f","html-keyboard-response","426","2.0.0","740248","181813","testolin2020_replication","2025-11-21T20:13:03.475Z","13-14 inch laptop","1536","864","1528","738","1.25","18","Nov 28, 11:00 PM","false"
"numerosity_discrimination","1","83","184","18","14","0.7778","j","407","<div style=""width:100vw;height:100vh;background-color:black;""></div>","f","html-keyboard-response","431","2.0.0","743192","181813","testolin2020_replication","2025-11-21T20:13:03.475Z","13-14 inch laptop","1536","864","1528","738","1.25","18","Nov 28, 11:00 PM","false"
"numerosity_discrimination","1","84","100","28","25","0.8929","j","935","<div style=""width:100vw;height:100vh;background-color:black;""></div>","f","html-keyboard-response","436","2.0.0","746580","181813","testolin2020_replication","2025-11-21T20:13:03.475Z","13-14 inch laptop","1536","864","1528","738","1.25","18","Nov 28, 11:00 PM","false"
"numerosity_discrimination","1","85","38","14","16","0.875","j","363","<div style=""width:100vw;height:100vh;background-color:black;""></div>","j","html-keyboard-response","441","2.0.0","749569","181813","testolin2020_replication","2025-11-21T20:13:03.475Z","13-14 inch laptop","1536","864","1528","738","1.25","18","Nov 28, 11:00 PM","true"
"numerosity_discrimination","1","86","109","12","14","0.8571","j","413","<div style=""width:100vw;height:100vh;background-color:black;""></div>","j","html-keyboard-response","446","2.0.0","752488","181813","testolin2020_replication","2025-11-21T20:13:03.475Z","13-14 inch laptop","1536","864","1528","738","1.25","18","Nov 28, 11:00 PM","true"
"numerosity_discrimination","1","87","231","25","16","0.64","j","429","<div style=""width:100vw;height:100vh;background-color:black;""></div>","f","html-keyboard-response","451","2.0.0","755563","181813","testolin2020_replication","2025-11-21T20:13:03.475Z","13-14 inch laptop","1536","864","1528","738","1.25","18","Nov 28, 11:00 PM","false"
"numerosity_discrimination","1","88","282","8","14","0.5714","j","225","<div style=""width:100vw;height:100vh;background-color:black;""></div>","j","html-keyboard-response","456","2.0.0","758193","181813","testolin2020_replication","2025-11-21T20:13:03.475Z","13-14 inch laptop","1536","864","1528","738","1.25","18","Nov 28, 11:00 PM","true"
"numerosity_discrimination","1","89","37","20","16","0.8","j","548","<div style=""width:100vw;height:100vh;background-color:black;""></div>","f","html-keyboard-response","461","2.0.0","761334","181813","testolin2020_replication","2025-11-21T20:13:03.475Z","13-14 inch laptop","1536","864","1528","738","1.25","18","Nov 28, 11:00 PM","false"
"numerosity_discrimination","1","90","41","16","20","0.8","j","248","<div style=""width:100vw;height:100vh;background-color:black;""></div>","j","html-keyboard-response","466","2.0.0","764184","181813","testolin2020_replication","2025-11-21T20:13:03.475Z","13-14 inch laptop","1536","864","1528","738","1.25","18","Nov 28, 11:00 PM","true"
"numerosity_discrimination","1","91","11","8","10","0.8","j","294","<div style=""width:100vw;height:100vh;background-color:black;""></div>","j","html-keyboard-response","471","2.0.0","766724","181813","testolin2020_replication","2025-11-21T20:13:03.475Z","13-14 inch laptop","1536","864","1528","738","1.25","18","Nov 28, 11:00 PM","true"
"numerosity_discrimination","1","92","163","18","14","0.7778","j","304","<div style=""width:100vw;height:100vh;background-color:black;""></div>","f","html-keyboard-response","476","2.0.0","769530","181813","testolin2020_replication","2025-11-21T20:13:03.475Z","13-14 inch laptop","1536","864","1528","738","1.25","18","Nov 28, 11:00 PM","false"
"numerosity_discrimination","1","93","243","18","12","0.6667","j","425","<div style=""width:100vw;height:100vh;background-color:black;""></div>","f","html-keyboard-response","481","2.0.0","772446","181813","testolin2020_replication","2025-11-21T20:13:03.475Z","13-14 inch laptop","1536","864","1528","738","1.25","18","Nov 28, 11:00 PM","false"
"numerosity_discrimination","1","94","290","12","22","0.5455","j","115882","<div style=""width:100vw;height:100vh;background-color:black;""></div>","j","html-keyboard-response","486","2.0.0","890571","181813","testolin2020_replication","2025-11-21T20:13:03.475Z","13-14 inch laptop","1536","864","1528","738","1.25","18","Nov 28, 11:00 PM","true"
"numerosity_discrimination","1","95","281","12","7","0.5833","j","643","<div style=""width:100vw;height:100vh;background-color:black;""></div>","f","html-keyboard-response","491","2.0.0","893683","181813","testolin2020_replication","2025-11-21T20:13:03.475Z","13-14 inch laptop","1536","864","1528","738","1.25","18","Nov 28, 11:00 PM","false"
"numerosity_discrimination","1","96","134","16","12","0.75","j","3949","<div style=""width:100vw;height:100vh;background-color:black;""></div>","f","html-keyboard-response","496","2.0.0","900259","181813","testolin2020_replication","2025-11-21T20:13:03.475Z","13-14 inch laptop","1536","864","1528","738","1.25","18","Nov 28, 11:00 PM","false"
"numerosity_discrimination","1","97","123","12","16","0.75","j","788","<div style=""width:100vw;height:100vh;background-color:black;""></div>","j","html-keyboard-response","501","2.0.0","903271","181813","testolin2020_replication","2025-11-21T20:13:03.475Z","13-14 inch laptop","1536","864","1528","738","1.25","18","Nov 28, 11:00 PM","true"
"numerosity_discrimination","1","98","274","18","9","0.5","j","587","<div style=""width:100vw;height:100vh;background-color:black;""></div>","f","html-keyboard-response","506","2.0.0","906176","181813","testolin2020_replication","2025-11-21T20:13:03.475Z","13-14 inch laptop","1536","864","1528","738","1.25","18","Nov 28, 11:00 PM","false"
"numerosity_discrimination","1","99","112","28","25","0.8929","j","5699","<div style=""width:100vw;height:100vh;background-color:black;""></div>","j","html-keyboard-response","511","2.0.0","914464","181813","testolin2020_replication","2025-11-21T20:13:03.475Z","13-14 inch laptop","1536","864","1528","738","1.25","18","Nov 28, 11:00 PM","true"
"numerosity_discrimination","1","100","295","20","10","0.5","j","679","<div style=""width:100vw;height:100vh;background-color:black;""></div>","f","html-keyboard-response","516","2.0.0","917696","181813","testolin2020_replication","2025-11-21T20:13:03.475Z","13-14 inch laptop","1536","864","1528","738","1.25","18","Nov 28, 11:00 PM","false"
"numerosity_discrimination","2","101","46","18","22","0.8182","j","1970","<div style=""width:100vw;height:100vh;background-color:black;""></div>","j","html-keyboard-response","523","2.0.0","929047","181813","testolin2020_replication","2025-11-21T20:13:03.475Z","13-14 inch laptop","1536","864","1528","738","1.25","18","Nov 28, 11:00 PM","true"
"numerosity_discrimination","2","102","77","7","8","0.875","j","492","<div style=""width:100vw;height:100vh;background-color:black;""></div>","f","html-keyboard-response","528","2.0.0","931821","181813","testolin2020_replication","2025-11-21T20:13:03.475Z","13-14 inch laptop","1536","864","1528","738","1.25","18","Nov 28, 11:00 PM","false"
"numerosity_discrimination","2","103","68","11","9","0.8182","j","517","<div style=""width:100vw;height:100vh;background-color:black;""></div>","f","html-keyboard-response","533","2.0.0","934657","181813","testolin2020_replication","2025-11-21T20:13:03.475Z","13-14 inch laptop","1536","864","1528","738","1.25","18","Nov 28, 11:00 PM","false"
"numerosity_discrimination","2","104","178","14","11","0.7857","j","596","<div style=""width:100vw;height:100vh;background-color:black;""></div>","f","html-keyboard-response","538","2.0.0","937880","181813","testolin2020_replication","2025-11-21T20:13:03.475Z","13-14 inch laptop","1536","864","1528","738","1.25","18","Nov 28, 11:00 PM","false"
"numerosity_discrimination","2","105","30","11","9","0.8182","j","2408","<div style=""width:100vw;height:100vh;background-color:black;""></div>","f","html-keyboard-response","543","2.0.0","942677","181813","testolin2020_replication","2025-11-21T20:13:03.475Z","13-14 inch laptop","1536","864","1528","738","1.25","18","Nov 28, 11:00 PM","false"
"numerosity_discrimination","2","106","86","22","25","0.88","j","3233","<div style=""width:100vw;height:100vh;background-color:black;""></div>","j","html-keyboard-response","548","2.0.0","948484","181813","testolin2020_replication","2025-11-21T20:13:03.475Z","13-14 inch laptop","1536","864","1528","738","1.25","18","Nov 28, 11:00 PM","true"
"numerosity_discrimination","2","107","244","8","12","0.6667","j","270503","<div style=""width:100vw;height:100vh;background-color:black;""></div>","j","html-keyboard-response","553","2.0.0","1221531","181813","testolin2020_replication","2025-11-21T20:13:03.475Z","13-14 inch laptop","1536","864","1528","738","1.25","18","Nov 28, 11:00 PM","true"
"numerosity_discrimination","2","108","195","16","12","0.75","j","510","<div style=""width:100vw;height:100vh;background-color:black;""></div>","f","html-keyboard-response","558","2.0.0","1224280","181813","testolin2020_replication","2025-11-21T20:13:03.475Z","13-14 inch laptop","1536","864","1528","738","1.25","18","Nov 28, 11:00 PM","false"
"numerosity_discrimination","2","109","78","11","9","0.8182","j","2056","<div style=""width:100vw;height:100vh;background-color:black;""></div>","f","html-keyboard-response","563","2.0.0","1228901","181813","testolin2020_replication","2025-11-21T20:13:03.475Z","13-14 inch laptop","1536","864","1528","738","1.25","18","Nov 28, 11:00 PM","false"
"numerosity_discrimination","2","110","6","16","18","0.8889","j","608","<div style=""width:100vw;height:100vh;background-color:black;""></div>","j","html-keyboard-response","568","2.0.0","1232106","181813","testolin2020_replication","2025-11-21T20:13:03.475Z","13-14 inch laptop","1536","864","1528","738","1.25","18","Nov 28, 11:00 PM","true"
"numerosity_discrimination","2","111","185","20","28","0.7143","j","596","<div style=""width:100vw;height:100vh;background-color:black;""></div>","j","html-keyboard-response","573","2.0.0","1235197","181813","testolin2020_replication","2025-11-21T20:13:03.475Z","13-14 inch laptop","1536","864","1528","738","1.25","18","Nov 28, 11:00 PM","true"
"numerosity_discrimination","2","112","148","25","18","0.72","j","419","<div style=""width:100vw;height:100vh;background-color:black;""></div>","f","html-keyboard-response","578","2.0.0","1237916","181813","testolin2020_replication","2025-11-21T20:13:03.475Z","13-14 inch laptop","1536","864","1528","738","1.25","18","Nov 28, 11:00 PM","false"
"numerosity_discrimination","2","113","157","7","10","0.7","j","526","<div style=""width:100vw;height:100vh;background-color:black;""></div>","j","html-keyboard-response","583","2.0.0","1241085","181813","testolin2020_replication","2025-11-21T20:13:03.475Z","13-14 inch laptop","1536","864","1528","738","1.25","18","Nov 28, 11:00 PM","true"
"numerosity_discrimination","2","114","141","20","14","0.7","j","398","<div style=""width:100vw;height:100vh;background-color:black;""></div>","f","html-keyboard-response","588","2.0.0","1243873","181813","testolin2020_replication","2025-11-21T20:13:03.475Z","13-14 inch laptop","1536","864","1528","738","1.25","18","Nov 28, 11:00 PM","false"
"numerosity_discrimination","2","115","253","22","14","0.6364","j","381","<div style=""width:100vw;height:100vh;background-color:black;""></div>","f","html-keyboard-response","593","2.0.0","1246532","181813","testolin2020_replication","2025-11-21T20:13:03.475Z","13-14 inch laptop","1536","864","1528","738","1.25","18","Nov 28, 11:00 PM","false"
"numerosity_discrimination","2","116","214","20","12","0.6","j","311","<div style=""width:100vw;height:100vh;background-color:black;""></div>","f","html-keyboard-response","598","2.0.0","1249368","181813","testolin2020_replication","2025-11-21T20:13:03.475Z","13-14 inch laptop","1536","864","1528","738","1.25","18","Nov 28, 11:00 PM","false"
"numerosity_discrimination","2","117","102","8","7","0.875","j","490","<div style=""width:100vw;height:100vh;background-color:black;""></div>","f","html-keyboard-response","603","2.0.0","1252447","181813","testolin2020_replication","2025-11-21T20:13:03.475Z","13-14 inch laptop","1536","864","1528","738","1.25","18","Nov 28, 11:00 PM","false"
"numerosity_discrimination","2","118","96","12","10","0.8333","j","723","<div style=""width:100vw;height:100vh;background-color:black;""></div>","j","html-keyboard-response","608","2.0.0","1255850","181813","testolin2020_replication","2025-11-21T20:13:03.475Z","13-14 inch laptop","1536","864","1528","738","1.25","18","Nov 28, 11:00 PM","true"
"numerosity_discrimination","2","119","220","28","18","0.6429","j","605","<div style=""width:100vw;height:100vh;background-color:black;""></div>","f","html-keyboard-response","613","2.0.0","1258646","181813","testolin2020_replication","2025-11-21T20:13:03.475Z","13-14 inch laptop","1536","864","1528","738","1.25","18","Nov 28, 11:00 PM","false"
"numerosity_discrimination","2","120","142","11","14","0.7857","j","405","<div style=""width:100vw;height:100vh;background-color:black;""></div>","j","html-keyboard-response","618","2.0.0","1261584","181813","testolin2020_replication","2025-11-21T20:13:03.475Z","13-14 inch laptop","1536","864","1528","738","1.25","18","Nov 28, 11:00 PM","true"
"numerosity_discrimination","2","121","183","14","20","0.7","j","329","<div style=""width:100vw;height:100vh;background-color:black;""></div>","j","html-keyboard-response","623","2.0.0","1264120","181813","testolin2020_replication","2025-11-21T20:13:03.475Z","13-14 inch laptop","1536","864","1528","738","1.25","18","Nov 28, 11:00 PM","true"
"numerosity_discrimination","2","122","291","11","20","0.55","j","239","<div style=""width:100vw;height:100vh;background-color:black;""></div>","j","html-keyboard-response","628","2.0.0","1266729","181813","testolin2020_replication","2025-11-21T20:13:03.475Z","13-14 inch laptop","1536","864","1528","738","1.25","18","Nov 28, 11:00 PM","true"
"numerosity_discrimination","2","123","248","22","14","0.6364","j","909","<div style=""width:100vw;height:100vh;background-color:black;""></div>","f","html-keyboard-response","633","2.0.0","1269888","181813","testolin2020_replication","2025-11-21T20:13:03.475Z","13-14 inch laptop","1536","864","1528","738","1.25","18","Nov 28, 11:00 PM","false"
"numerosity_discrimination","2","124","230","10","16","0.625","j","233","<div style=""width:100vw;height:100vh;background-color:black;""></div>","j","html-keyboard-response","638","2.0.0","1272570","181813","testolin2020_replication","2025-11-21T20:13:03.475Z","13-14 inch laptop","1536","864","1528","738","1.25","18","Nov 28, 11:00 PM","true"
"numerosity_discrimination","2","125","283","20","11","0.55","j","249","<div style=""width:100vw;height:100vh;background-color:black;""></div>","f","html-keyboard-response","643","2.0.0","1275463","181813","testolin2020_replication","2025-11-21T20:13:03.475Z","13-14 inch laptop","1536","864","1528","738","1.25","18","Nov 28, 11:00 PM","false"
"numerosity_discrimination","2","126","14","8","7","0.875","j","604","<div style=""width:100vw;height:100vh;background-color:black;""></div>","f","html-keyboard-response","648","2.0.0","1278745","181813","testolin2020_replication","2025-11-21T20:13:03.475Z","13-14 inch laptop","1536","864","1528","738","1.25","18","Nov 28, 11:00 PM","false"
"numerosity_discrimination","2","127","297","18","10","0.5556","j","232","<div style=""width:100vw;height:100vh;background-color:black;""></div>","f","html-keyboard-response","653","2.0.0","1281332","181813","testolin2020_replication","2025-11-21T20:13:03.475Z","13-14 inch laptop","1536","864","1528","738","1.25","18","Nov 28, 11:00 PM","false"
"numerosity_discrimination","2","128","250","18","12","0.6667","j","738","<div style=""width:100vw;height:100vh;background-color:black;""></div>","j","html-keyboard-response","658","2.0.0","1284441","181813","testolin2020_replication","2025-11-21T20:13:03.475Z","13-14 inch laptop","1536","864","1528","738","1.25","18","Nov 28, 11:00 PM","true"
"numerosity_discrimination","2","129","79","16","18","0.8889","j","661","<div style=""width:100vw;height:100vh;background-color:black;""></div>","j","html-keyboard-response","663","2.0.0","1287759","181813","testolin2020_replication","2025-11-21T20:13:03.475Z","13-14 inch laptop","1536","864","1528","738","1.25","18","Nov 28, 11:00 PM","true"
"numerosity_discrimination","2","130","171","12","9","0.75","j","567","<div style=""width:100vw;height:100vh;background-color:black;""></div>","f","html-keyboard-response","668","2.0.0","1290963","181813","testolin2020_replication","2025-11-21T20:13:03.475Z","13-14 inch laptop","1536","864","1528","738","1.25","18","Nov 28, 11:00 PM","false"
"numerosity_discrimination","2","131","8","16","14","0.875","j","443","<div style=""width:100vw;height:100vh;background-color:black;""></div>","f","html-keyboard-response","673","2.0.0","1293704","181813","testolin2020_replication","2025-11-21T20:13:03.475Z","13-14 inch laptop","1536","864","1528","738","1.25","18","Nov 28, 11:00 PM","false"
"numerosity_discrimination","2","132","107","16","18","0.8889","j","404","<div style=""width:100vw;height:100vh;background-color:black;""></div>","j","html-keyboard-response","678","2.0.0","1296672","181813","testolin2020_replication","2025-11-21T20:13:03.475Z","13-14 inch laptop","1536","864","1528","738","1.25","18","Nov 28, 11:00 PM","true"
"numerosity_discrimination","2","133","99","22","18","0.8182","j","512","<div style=""width:100vw;height:100vh;background-color:black;""></div>","j","html-keyboard-response","683","2.0.0","1299695","181813","testolin2020_replication","2025-11-21T20:13:03.475Z","13-14 inch laptop","1536","864","1528","738","1.25","18","Nov 28, 11:00 PM","true"
"numerosity_discrimination","2","134","224","9","14","0.6429","j","22175","<div style=""width:100vw;height:100vh;background-color:black;""></div>","j","html-keyboard-response","688","2.0.0","1324282","181813","testolin2020_replication","2025-11-21T20:13:03.475Z","13-14 inch laptop","1536","864","1528","738","1.25","18","Nov 28, 11:00 PM","true"
"numerosity_discrimination","2","135","151","9","7","0.7778","j","4007","<div style=""width:100vw;height:100vh;background-color:black;""></div>","f","html-keyboard-response","693","2.0.0","1330651","181813","testolin2020_replication","2025-11-21T20:13:03.475Z","13-14 inch laptop","1536","864","1528","738","1.25","18","Nov 28, 11:00 PM","false"
"numerosity_discrimination","2","136","133","10","14","0.7143","j","426","<div style=""width:100vw;height:100vh;background-color:black;""></div>","j","html-keyboard-response","698","2.0.0","1333763","181813","testolin2020_replication","2025-11-21T20:13:03.475Z","13-14 inch laptop","1536","864","1528","738","1.25","18","Nov 28, 11:00 PM","true"
"numerosity_discrimination","2","137","258","14","22","0.6364","j","250","<div style=""width:100vw;height:100vh;background-color:black;""></div>","j","html-keyboard-response","703","2.0.0","1336591","181813","testolin2020_replication","2025-11-21T20:13:03.475Z","13-14 inch laptop","1536","864","1528","738","1.25","18","Nov 28, 11:00 PM","true"
"numerosity_discrimination","2","138","82","16","14","0.875","j","567","<div style=""width:100vw;height:100vh;background-color:black;""></div>","j","html-keyboard-response","708","2.0.0","1339670","181813","testolin2020_replication","2025-11-21T20:13:03.475Z","13-14 inch laptop","1536","864","1528","738","1.25","18","Nov 28, 11:00 PM","true"
"numerosity_discrimination","2","139","146","10","14","0.7143","j","352","<div style=""width:100vw;height:100vh;background-color:black;""></div>","j","html-keyboard-response","713","2.0.0","1342430","181813","testolin2020_replication","2025-11-21T20:13:03.475Z","13-14 inch laptop","1536","864","1528","738","1.25","18","Nov 28, 11:00 PM","true"
"numerosity_discrimination","2","140","215","16","11","0.6875","j","8870","<div style=""width:100vw;height:100vh;background-color:black;""></div>","f","html-keyboard-response","718","2.0.0","1353729","181813","testolin2020_replication","2025-11-21T20:13:03.475Z","13-14 inch laptop","1536","864","1528","738","1.25","18","Nov 28, 11:00 PM","false"
"numerosity_discrimination","2","141","209","9","7","0.7778","j","706","<div style=""width:100vw;height:100vh;background-color:black;""></div>","f","html-keyboard-response","723","2.0.0","1356876","181813","testolin2020_replication","2025-11-21T20:13:03.475Z","13-14 inch laptop","1536","864","1528","738","1.25","18","Nov 28, 11:00 PM","false"
"numerosity_discrimination","2","142","156","12","16","0.75","j","794","<div style=""width:100vw;height:100vh;background-color:black;""></div>","j","html-keyboard-response","728","2.0.0","1360036","181813","testolin2020_replication","2025-11-21T20:13:03.475Z","13-14 inch laptop","1536","864","1528","738","1.25","18","Nov 28, 11:00 PM","true"
"numerosity_discrimination","2","143","181","10","14","0.7143","j","555","<div style=""width:100vw;height:100vh;background-color:black;""></div>","j","html-keyboard-response","733","2.0.0","1362955","181813","testolin2020_replication","2025-11-21T20:13:03.475Z","13-14 inch laptop","1536","864","1528","738","1.25","18","Nov 28, 11:00 PM","true"
"numerosity_discrimination","2","144","270","14","22","0.6364","j","326","<div style=""width:100vw;height:100vh;background-color:black;""></div>","j","html-keyboard-response","738","2.0.0","1365937","181813","testolin2020_replication","2025-11-21T20:13:03.475Z","13-14 inch laptop","1536","864","1528","738","1.25","18","Nov 28, 11:00 PM","true"
"numerosity_discrimination","2","145","293","7","12","0.5833","j","257","<div style=""width:100vw;height:100vh;background-color:black;""></div>","j","html-keyboard-response","743","2.0.0","1368585","181813","testolin2020_replication","2025-11-21T20:13:03.475Z","13-14 inch laptop","1536","864","1528","738","1.25","18","Nov 28, 11:00 PM","true"
"numerosity_discrimination","2","146","154","11","14","0.7857","j","253","<div style=""width:100vw;height:100vh;background-color:black;""></div>","f","html-keyboard-response","748","2.0.0","1371089","181813","testolin2020_replication","2025-11-21T20:13:03.475Z","13-14 inch laptop","1536","864","1528","738","1.25","18","Nov 28, 11:00 PM","false"
"numerosity_discrimination","2","147","137","10","7","0.7","j","254","<div style=""width:100vw;height:100vh;background-color:black;""></div>","f","html-keyboard-response","753","2.0.0","1373859","181813","testolin2020_replication","2025-11-21T20:13:03.475Z","13-14 inch laptop","1536","864","1528","738","1.25","18","Nov 28, 11:00 PM","false"
"numerosity_discrimination","2","148","95","9","8","0.8889","j","270","<div style=""width:100vw;height:100vh;background-color:black;""></div>","f","html-keyboard-response","758","2.0.0","1376648","181813","testolin2020_replication","2025-11-21T20:13:03.475Z","13-14 inch laptop","1536","864","1528","738","1.25","18","Nov 28, 11:00 PM","false"
"numerosity_discrimination","2","149","240","20","12","0.6","j","201","<div style=""width:100vw;height:100vh;background-color:black;""></div>","f","html-keyboard-response","763","2.0.0","1379282","181813","testolin2020_replication","2025-11-21T20:13:03.475Z","13-14 inch laptop","1536","864","1528","738","1.25","18","Nov 28, 11:00 PM","false"
"numerosity_discrimination","2","150","191","28","20","0.7143","j","204","<div style=""width:100vw;height:100vh;background-color:black;""></div>","f","html-keyboard-response","768","2.0.0","1382102","181813","testolin2020_replication","2025-11-21T20:13:03.475Z","13-14 inch laptop","1536","864","1528","738","1.25","18","Nov 28, 11:00 PM","false"
"numerosity_discrimination","2","151","162","16","22","0.7273","j","347","<div style=""width:100vw;height:100vh;background-color:black;""></div>","j","html-keyboard-response","773","2.0.0","1384724","181813","testolin2020_replication","2025-11-21T20:13:03.475Z","13-14 inch laptop","1536","864","1528","738","1.25","18","Nov 28, 11:00 PM","true"
"numerosity_discrimination","2","152","64","9","11","0.8182","j","2086","<div style=""width:100vw;height:100vh;background-color:black;""></div>","j","html-keyboard-response","778","2.0.0","1389054","181813","testolin2020_replication","2025-11-21T20:13:03.475Z","13-14 inch laptop","1536","864","1528","738","1.25","18","Nov 28, 11:00 PM","true"
"numerosity_discrimination","2","153","58","18","22","0.8182","j","1048","<div style=""width:100vw;height:100vh;background-color:black;""></div>","j","html-keyboard-response","783","2.0.0","1392603","181813","testolin2020_replication","2025-11-21T20:13:03.475Z","13-14 inch laptop","1536","864","1528","738","1.25","18","Nov 28, 11:00 PM","true"
"numerosity_discrimination","2","154","66","9","11","0.8182","j","318","<div style=""width:100vw;height:100vh;background-color:black;""></div>","j","html-keyboard-response","788","2.0.0","1395391","181813","testolin2020_replication","2025-11-21T20:13:03.475Z","13-14 inch laptop","1536","864","1528","738","1.25","18","Nov 28, 11:00 PM","true"
"numerosity_discrimination","2","155","266","7","11","0.6364","j","325","<div style=""width:100vw;height:100vh;background-color:black;""></div>","j","html-keyboard-response","793","2.0.0","1398249","181813","testolin2020_replication","2025-11-21T20:13:03.475Z","13-14 inch laptop","1536","864","1528","738","1.25","18","Nov 28, 11:00 PM","true"
"numerosity_discrimination","2","156","90","7","8","0.875","j","327","<div style=""width:100vw;height:100vh;background-color:black;""></div>","j","html-keyboard-response","798","2.0.0","1400992","181813","testolin2020_replication","2025-11-21T20:13:03.475Z","13-14 inch laptop","1536","864","1528","738","1.25","18","Nov 28, 11:00 PM","true"
"numerosity_discrimination","2","157","74","12","10","0.8333","j","417","<div style=""width:100vw;height:100vh;background-color:black;""></div>","f","html-keyboard-response","803","2.0.0","1403828","181813","testolin2020_replication","2025-11-21T20:13:03.475Z","13-14 inch laptop","1536","864","1528","738","1.25","18","Nov 28, 11:00 PM","false"
"numerosity_discrimination","2","158","288","18","10","0.5556","j","367","<div style=""width:100vw;height:100vh;background-color:black;""></div>","f","html-keyboard-response","808","2.0.0","1406667","181813","testolin2020_replication","2025-11-21T20:13:03.475Z","13-14 inch laptop","1536","864","1528","738","1.25","18","Nov 28, 11:00 PM","false"
"numerosity_discrimination","2","159","85","7","8","0.875","j","237","<div style=""width:100vw;height:100vh;background-color:black;""></div>","j","html-keyboard-response","813","2.0.0","1409284","181813","testolin2020_replication","2025-11-21T20:13:03.475Z","13-14 inch laptop","1536","864","1528","738","1.25","18","Nov 28, 11:00 PM","true"
"numerosity_discrimination","2","160","87","14","16","0.875","j","1303","<div style=""width:100vw;height:100vh;background-color:black;""></div>","f","html-keyboard-response","818","2.0.0","1413086","181813","testolin2020_replication","2025-11-21T20:13:03.475Z","13-14 inch laptop","1536","864","1528","738","1.25","18","Nov 28, 11:00 PM","false"
"numerosity_discrimination","2","161","205","14","11","0.7857","j","369","<div style=""width:100vw;height:100vh;background-color:black;""></div>","f","html-keyboard-response","823","2.0.0","1415696","181813","testolin2020_replication","2025-11-21T20:13:03.475Z","13-14 inch laptop","1536","864","1528","738","1.25","18","Nov 28, 11:00 PM","false"
"numerosity_discrimination","2","162","83","7","8","0.875","j","260","<div style=""width:100vw;height:100vh;background-color:black;""></div>","j","html-keyboard-response","828","2.0.0","1418313","181813","testolin2020_replication","2025-11-21T20:13:03.475Z","13-14 inch laptop","1536","864","1528","738","1.25","18","Nov 28, 11:00 PM","true"
"numerosity_discrimination","2","163","292","8","14","0.5714","j","298","<div style=""width:100vw;height:100vh;background-color:black;""></div>","j","html-keyboard-response","833","2.0.0","1420879","181813","testolin2020_replication","2025-11-21T20:13:03.475Z","13-14 inch laptop","1536","864","1528","738","1.25","18","Nov 28, 11:00 PM","true"
"numerosity_discrimination","2","164","24","12","10","0.8333","j","453","<div style=""width:100vw;height:100vh;background-color:black;""></div>","f","html-keyboard-response","838","2.0.0","1423806","181813","testolin2020_replication","2025-11-21T20:13:03.475Z","13-14 inch laptop","1536","864","1528","738","1.25","18","Nov 28, 11:00 PM","false"
"numerosity_discrimination","2","165","114","20","16","0.8","j","449","<div style=""width:100vw;height:100vh;background-color:black;""></div>","f","html-keyboard-response","843","2.0.0","1426452","181813","testolin2020_replication","2025-11-21T20:13:03.475Z","13-14 inch laptop","1536","864","1528","738","1.25","18","Nov 28, 11:00 PM","false"
"numerosity_discrimination","2","166","20","7","8","0.875","j","353","<div style=""width:100vw;height:100vh;background-color:black;""></div>","j","html-keyboard-response","848","2.0.0","1429040","181813","testolin2020_replication","2025-11-21T20:13:03.475Z","13-14 inch laptop","1536","864","1528","738","1.25","18","Nov 28, 11:00 PM","true"
"numerosity_discrimination","2","167","36","9","11","0.8182","j","677","<div style=""width:100vw;height:100vh;background-color:black;""></div>","j","html-keyboard-response","853","2.0.0","1432344","181813","testolin2020_replication","2025-11-21T20:13:03.475Z","13-14 inch laptop","1536","864","1528","738","1.25","18","Nov 28, 11:00 PM","true"
"numerosity_discrimination","2","168","131","11","14","0.7857","j","323","<div style=""width:100vw;height:100vh;background-color:black;""></div>","j","html-keyboard-response","858","2.0.0","1434986","181813","testolin2020_replication","2025-11-21T20:13:03.475Z","13-14 inch laptop","1536","864","1528","738","1.25","18","Nov 28, 11:00 PM","true"
"numerosity_discrimination","2","169","190","18","14","0.7778","j","361","<div style=""width:100vw;height:100vh;background-color:black;""></div>","f","html-keyboard-response","863","2.0.0","1437989","181813","testolin2020_replication","2025-11-21T20:13:03.475Z","13-14 inch laptop","1536","864","1528","738","1.25","18","Nov 28, 11:00 PM","false"
"numerosity_discrimination","2","170","129","12","9","0.75","j","431","<div style=""width:100vw;height:100vh;background-color:black;""></div>","f","html-keyboard-response","868","2.0.0","1440659","181813","testolin2020_replication","2025-11-21T20:13:03.475Z","13-14 inch laptop","1536","864","1528","738","1.25","18","Nov 28, 11:00 PM","false"
"numerosity_discrimination","2","171","12","20","16","0.8","j","275","<div style=""width:100vw;height:100vh;background-color:black;""></div>","f","html-keyboard-response","873","2.0.0","1443290","181813","testolin2020_replication","2025-11-21T20:13:03.475Z","13-14 inch laptop","1536","864","1528","738","1.25","18","Nov 28, 11:00 PM","false"
"numerosity_discrimination","2","172","42","22","25","0.88","j","1602","<div style=""width:100vw;height:100vh;background-color:black;""></div>","j","html-keyboard-response","878","2.0.0","1447360","181813","testolin2020_replication","2025-11-21T20:13:03.475Z","13-14 inch laptop","1536","864","1528","738","1.25","18","Nov 28, 11:00 PM","true"
"numerosity_discrimination","2","173","127","14","10","0.7143","j","918","<div style=""width:100vw;height:100vh;background-color:black;""></div>","f","html-keyboard-response","883","2.0.0","1450470","181813","testolin2020_replication","2025-11-21T20:13:03.475Z","13-14 inch laptop","1536","864","1528","738","1.25","18","Nov 28, 11:00 PM","false"
"numerosity_discrimination","2","174","13","7","8","0.875","j","250","<div style=""width:100vw;height:100vh;background-color:black;""></div>","j","html-keyboard-response","888","2.0.0","1453011","181813","testolin2020_replication","2025-11-21T20:13:03.475Z","13-14 inch laptop","1536","864","1528","738","1.25","18","Nov 28, 11:00 PM","true"
"numerosity_discrimination","2","175","196","12","16","0.75","j","857","<div style=""width:100vw;height:100vh;background-color:black;""></div>","j","html-keyboard-response","893","2.0.0","1456139","181813","testolin2020_replication","2025-11-21T20:13:03.475Z","13-14 inch laptop","1536","864","1528","738","1.25","18","Nov 28, 11:00 PM","true"
"numerosity_discrimination","2","176","210","14","11","0.7857","j","498","<div style=""width:100vw;height:100vh;background-color:black;""></div>","f","html-keyboard-response","898","2.0.0","1459217","181813","testolin2020_replication","2025-11-21T20:13:03.475Z","13-14 inch laptop","1536","864","1528","738","1.25","18","Nov 28, 11:00 PM","false"
"numerosity_discrimination","2","177","65","12","14","0.8571","j","300","<div style=""width:100vw;height:100vh;background-color:black;""></div>","j","html-keyboard-response","903","2.0.0","1461804","181813","testolin2020_replication","2025-11-21T20:13:03.475Z","13-14 inch laptop","1536","864","1528","738","1.25","18","Nov 28, 11:00 PM","true"
"numerosity_discrimination","2","178","121","12","16","0.75","j","368","<div style=""width:100vw;height:100vh;background-color:black;""></div>","j","html-keyboard-response","908","2.0.0","1464382","181813","testolin2020_replication","2025-11-21T20:13:03.475Z","13-14 inch laptop","1536","864","1528","738","1.25","18","Nov 28, 11:00 PM","true"
"numerosity_discrimination","2","179","76","8","7","0.875","j","881","<div style=""width:100vw;height:100vh;background-color:black;""></div>","f","html-keyboard-response","913","2.0.0","1467611","181813","testolin2020_replication","2025-11-21T20:13:03.475Z","13-14 inch laptop","1536","864","1528","738","1.25","18","Nov 28, 11:00 PM","false"
"numerosity_discrimination","2","180","174","22","16","0.7273","j","344","<div style=""width:100vw;height:100vh;background-color:black;""></div>","f","html-keyboard-response","918","2.0.0","1470458","181813","testolin2020_replication","2025-11-21T20:13:03.475Z","13-14 inch laptop","1536","864","1528","738","1.25","18","Nov 28, 11:00 PM","false"
"numerosity_discrimination","2","181","273","18","9","0.5","j","280","<div style=""width:100vw;height:100vh;background-color:black;""></div>","f","html-keyboard-response","923","2.0.0","1473102","181813","testolin2020_replication","2025-11-21T20:13:03.475Z","13-14 inch laptop","1536","864","1528","738","1.25","18","Nov 28, 11:00 PM","false"
"numerosity_discrimination","2","182","176","10","14","0.7143","j","243","<div style=""width:100vw;height:100vh;background-color:black;""></div>","j","html-keyboard-response","928","2.0.0","1475881","181813","testolin2020_replication","2025-11-21T20:13:03.475Z","13-14 inch laptop","1536","864","1528","738","1.25","18","Nov 28, 11:00 PM","true"
"numerosity_discrimination","2","183","50","14","16","0.875","j","3202","<div style=""width:100vw;height:100vh;background-color:black;""></div>","f","html-keyboard-response","933","2.0.0","1481643","181813","testolin2020_replication","2025-11-21T20:13:03.475Z","13-14 inch laptop","1536","864","1528","738","1.25","18","Nov 28, 11:00 PM","false"
"numerosity_discrimination","2","184","145","12","9","0.75","j","1294","<div style=""width:100vw;height:100vh;background-color:black;""></div>","j","html-keyboard-response","938","2.0.0","1485190","181813","testolin2020_replication","2025-11-21T20:13:03.475Z","13-14 inch laptop","1536","864","1528","738","1.25","18","Nov 28, 11:00 PM","true"
"numerosity_discrimination","2","185","219","9","14","0.6429","j","428","<div style=""width:100vw;height:100vh;background-color:black;""></div>","j","html-keyboard-response","943","2.0.0","1487859","181813","testolin2020_replication","2025-11-21T20:13:03.475Z","13-14 inch laptop","1536","864","1528","738","1.25","18","Nov 28, 11:00 PM","true"
"numerosity_discrimination","2","186","3","16","14","0.875","j","338","<div style=""width:100vw;height:100vh;background-color:black;""></div>","f","html-keyboard-response","948","2.0.0","1490681","181813","testolin2020_replication","2025-11-21T20:13:03.475Z","13-14 inch laptop","1536","864","1528","738","1.25","18","Nov 28, 11:00 PM","false"
"numerosity_discrimination","2","187","201","20","14","0.7","j","280","<div style=""width:100vw;height:100vh;background-color:black;""></div>","f","html-keyboard-response","953","2.0.0","1493225","181813","testolin2020_replication","2025-11-21T20:13:03.475Z","13-14 inch laptop","1536","864","1528","738","1.25","18","Nov 28, 11:00 PM","false"
"numerosity_discrimination","2","188","44","20","16","0.8","j","415","<div style=""width:100vw;height:100vh;background-color:black;""></div>","f","html-keyboard-response","958","2.0.0","1496056","181813","testolin2020_replication","2025-11-21T20:13:03.475Z","13-14 inch laptop","1536","864","1528","738","1.25","18","Nov 28, 11:00 PM","false"
"numerosity_discrimination","2","189","136","10","14","0.7143","j","297","<div style=""width:100vw;height:100vh;background-color:black;""></div>","j","html-keyboard-response","963","2.0.0","1498603","181813","testolin2020_replication","2025-11-21T20:13:03.475Z","13-14 inch laptop","1536","864","1528","738","1.25","18","Nov 28, 11:00 PM","true"
"numerosity_discrimination","2","190","237","20","12","0.6","j","297","<div style=""width:100vw;height:100vh;background-color:black;""></div>","f","html-keyboard-response","968","2.0.0","1501244","181813","testolin2020_replication","2025-11-21T20:13:03.475Z","13-14 inch laptop","1536","864","1528","738","1.25","18","Nov 28, 11:00 PM","false"
"numerosity_discrimination","2","191","294","7","12","0.5833","j","278","<div style=""width:100vw;height:100vh;background-color:black;""></div>","j","html-keyboard-response","973","2.0.0","1504122","181813","testolin2020_replication","2025-11-21T20:13:03.475Z","13-14 inch laptop","1536","864","1528","738","1.25","18","Nov 28, 11:00 PM","true"
"numerosity_discrimination","2","192","21","22","18","0.8182","j","1854","<div style=""width:100vw;height:100vh;background-color:black;""></div>","f","html-keyboard-response","978","2.0.0","1508313","181813","testolin2020_replication","2025-11-21T20:13:03.475Z","13-14 inch laptop","1536","864","1528","738","1.25","18","Nov 28, 11:00 PM","false"
"numerosity_discrimination","2","193","125","11","14","0.7857","j","256","<div style=""width:100vw;height:100vh;background-color:black;""></div>","j","html-keyboard-response","983","2.0.0","1511016","181813","testolin2020_replication","2025-11-21T20:13:03.475Z","13-14 inch laptop","1536","864","1528","738","1.25","18","Nov 28, 11:00 PM","true"
"numerosity_discrimination","2","194","228","11","16","0.6875","j","236","<div style=""width:100vw;height:100vh;background-color:black;""></div>","j","html-keyboard-response","988","2.0.0","1513612","181813","testolin2020_replication","2025-11-21T20:13:03.475Z","13-14 inch laptop","1536","864","1528","738","1.25","18","Nov 28, 11:00 PM","true"
"numerosity_discrimination","2","195","111","11","9","0.8182","j","257","<div style=""width:100vw;height:100vh;background-color:black;""></div>","f","html-keyboard-response","993","2.0.0","1516264","181813","testolin2020_replication","2025-11-21T20:13:03.475Z","13-14 inch laptop","1536","864","1528","738","1.25","18","Nov 28, 11:00 PM","false"
"numerosity_discrimination","2","196","62","12","14","0.8571","j","255","<div style=""width:100vw;height:100vh;background-color:black;""></div>","j","html-keyboard-response","998","2.0.0","1519076","181813","testolin2020_replication","2025-11-21T20:13:03.475Z","13-14 inch laptop","1536","864","1528","738","1.25","18","Nov 28, 11:00 PM","true"
"numerosity_discrimination","2","197","153","16","22","0.7273","j","282","<div style=""width:100vw;height:100vh;background-color:black;""></div>","j","html-keyboard-response","1003","2.0.0","1521909","181813","testolin2020_replication","2025-11-21T20:13:03.475Z","13-14 inch laptop","1536","864","1528","738","1.25","18","Nov 28, 11:00 PM","true"
"numerosity_discrimination","2","198","199","20","28","0.7143","j","381","<div style=""width:100vw;height:100vh;background-color:black;""></div>","j","html-keyboard-response","1008","2.0.0","1524543","181813","testolin2020_replication","2025-11-21T20:13:03.475Z","13-14 inch laptop","1536","864","1528","738","1.25","18","Nov 28, 11:00 PM","true"
"numerosity_discrimination","2","199","132","20","14","0.7","j","1067","<div style=""width:100vw;height:100vh;background-color:black;""></div>","f","html-keyboard-response","1013","2.0.0","1528127","181813","testolin2020_replication","2025-11-21T20:13:03.475Z","13-14 inch laptop","1536","864","1528","738","1.25","18","Nov 28, 11:00 PM","false"
"numerosity_discrimination","2","200","84","7","8","0.875","j","255","<div style=""width:100vw;height:100vh;background-color:black;""></div>","j","html-keyboard-response","1018","2.0.0","1531062","181813","testolin2020_replication","2025-11-21T20:13:03.475Z","13-14 inch laptop","1536","864","1528","738","1.25","18","Nov 28, 11:00 PM","true"
"numerosity_discrimination","3","201","300","9","16","0.5625","j","591","<div style=""width:100vw;height:100vh;background-color:black;""></div>","j","html-keyboard-response","1025","2.0.0","1609162","181813","testolin2020_replication","2025-11-21T20:13:03.475Z","13-14 inch laptop","1536","864","1528","738","1.25","18","Nov 28, 11:00 PM","true"
"numerosity_discrimination","3","202","234","14","9","0.6429","j","405","<div style=""width:100vw;height:100vh;background-color:black;""></div>","f","html-keyboard-response","1030","2.0.0","1611885","181813","testolin2020_replication","2025-11-21T20:13:03.475Z","13-14 inch laptop","1536","864","1528","738","1.25","18","Nov 28, 11:00 PM","false"
"numerosity_discrimination","3","203","5","22","18","0.8182","j","912","<div style=""width:100vw;height:100vh;background-color:black;""></div>","f","html-keyboard-response","1035","2.0.0","1615158","181813","testolin2020_replication","2025-11-21T20:13:03.475Z","13-14 inch laptop","1536","864","1528","738","1.25","18","Nov 28, 11:00 PM","false"
"numerosity_discrimination","3","204","170","12","16","0.75","j","251","<div style=""width:100vw;height:100vh;background-color:black;""></div>","j","html-keyboard-response","1040","2.0.0","1618041","181813","testolin2020_replication","2025-11-21T20:13:03.475Z","13-14 inch laptop","1536","864","1528","738","1.25","18","Nov 28, 11:00 PM","true"
"numerosity_discrimination","3","205","28","8","9","0.8889","j","459","<div style=""width:100vw;height:100vh;background-color:black;""></div>","j","html-keyboard-response","1045","2.0.0","1621153","181813","testolin2020_replication","2025-11-21T20:13:03.475Z","13-14 inch laptop","1536","864","1528","738","1.25","18","Nov 28, 11:00 PM","true"
"numerosity_discrimination","3","206","284","14","28","0.5","j","206","<div style=""width:100vw;height:100vh;background-color:black;""></div>","j","html-keyboard-response","1050","2.0.0","1623746","181813","testolin2020_replication","2025-11-21T20:13:03.475Z","13-14 inch laptop","1536","864","1528","738","1.25","18","Nov 28, 11:00 PM","true"
"numerosity_discrimination","3","207","29","12","14","0.8571","j","1474","<div style=""width:100vw;height:100vh;background-color:black;""></div>","j","html-keyboard-response","1055","2.0.0","1627708","181813","testolin2020_replication","2025-11-21T20:13:03.475Z","13-14 inch laptop","1536","864","1528","738","1.25","18","Nov 28, 11:00 PM","true"
"numerosity_discrimination","3","208","93","8","10","0.8","j","604","<div style=""width:100vw;height:100vh;background-color:black;""></div>","f","html-keyboard-response","1060","2.0.0","1630720","181813","testolin2020_replication","2025-11-21T20:13:03.475Z","13-14 inch laptop","1536","864","1528","738","1.25","18","Nov 28, 11:00 PM","false"
"numerosity_discrimination","3","209","257","10","16","0.625","j","2587","<div style=""width:100vw;height:100vh;background-color:black;""></div>","j","html-keyboard-response","1065","2.0.0","1635613","181813","testolin2020_replication","2025-11-21T20:13:03.475Z","13-14 inch laptop","1536","864","1528","738","1.25","18","Nov 28, 11:00 PM","true"
"numerosity_discrimination","3","210","16","20","16","0.8","j","278","<div style=""width:100vw;height:100vh;background-color:black;""></div>","f","html-keyboard-response","1070","2.0.0","1638189","181813","testolin2020_replication","2025-11-21T20:13:03.475Z","13-14 inch laptop","1536","864","1528","738","1.25","18","Nov 28, 11:00 PM","false"
"numerosity_discrimination","3","211","189","16","22","0.7273","j","124","<div style=""width:100vw;height:100vh;background-color:black;""></div>","j","html-keyboard-response","1075","2.0.0","1640861","181813","testolin2020_replication","2025-11-21T20:13:03.475Z","13-14 inch laptop","1536","864","1528","738","1.25","18","Nov 28, 11:00 PM","true"
"numerosity_discrimination","3","212","135","9","12","0.75","j","791","<div style=""width:100vw;height:100vh;background-color:black;""></div>","j","html-keyboard-response","1080","2.0.0","1644207","181813","testolin2020_replication","2025-11-21T20:13:03.475Z","13-14 inch laptop","1536","864","1528","738","1.25","18","Nov 28, 11:00 PM","true"
"numerosity_discrimination","3","213","260","25","16","0.64","j","298","<div style=""width:100vw;height:100vh;background-color:black;""></div>","f","html-keyboard-response","1085","2.0.0","1647134","181813","testolin2020_replication","2025-11-21T20:13:03.475Z","13-14 inch laptop","1536","864","1528","738","1.25","18","Nov 28, 11:00 PM","false"
"numerosity_discrimination","3","214","241","7","11","0.6364","j","126","<div style=""width:100vw;height:100vh;background-color:black;""></div>","j","html-keyboard-response","1090","2.0.0","1649592","181813","testolin2020_replication","2025-11-21T20:13:03.475Z","13-14 inch laptop","1536","864","1528","738","1.25","18","Nov 28, 11:00 PM","true"
"numerosity_discrimination","3","215","182","12","9","0.75","j","332","<div style=""width:100vw;height:100vh;background-color:black;""></div>","f","html-keyboard-response","1095","2.0.0","1652327","181813","testolin2020_replication","2025-11-21T20:13:03.475Z","13-14 inch laptop","1536","864","1528","738","1.25","18","Nov 28, 11:00 PM","false"
"numerosity_discrimination","3","216","15","20","25","0.8","j","713","<div style=""width:100vw;height:100vh;background-color:black;""></div>","j","html-keyboard-response","1100","2.0.0","1655443","181813","testolin2020_replication","2025-11-21T20:13:03.475Z","13-14 inch laptop","1536","864","1528","738","1.25","18","Nov 28, 11:00 PM","true"
"numerosity_discrimination","3","217","247","11","16","0.6875","j","649","<div style=""width:100vw;height:100vh;background-color:black;""></div>","j","html-keyboard-response","1105","2.0.0","1658764","181813","testolin2020_replication","2025-11-21T20:13:03.475Z","13-14 inch laptop","1536","864","1528","738","1.25","18","Nov 28, 11:00 PM","true"
"numerosity_discrimination","3","218","117","22","18","0.8182","j","301","<div style=""width:100vw;height:100vh;background-color:black;""></div>","f","html-keyboard-response","1110","2.0.0","1661321","181813","testolin2020_replication","2025-11-21T20:13:03.475Z","13-14 inch laptop","1536","864","1528","738","1.25","18","Nov 28, 11:00 PM","false"
"numerosity_discrimination","3","219","249","14","22","0.6364","j","263","<div style=""width:100vw;height:100vh;background-color:black;""></div>","j","html-keyboard-response","1115","2.0.0","1664056","181813","testolin2020_replication","2025-11-21T20:13:03.475Z","13-14 inch laptop","1536","864","1528","738","1.25","18","Nov 28, 11:00 PM","true"
"numerosity_discrimination","3","220","217","25","16","0.64","j","219","<div style=""width:100vw;height:100vh;background-color:black;""></div>","f","html-keyboard-response","1120","2.0.0","1666963","181813","testolin2020_replication","2025-11-21T20:13:03.475Z","13-14 inch laptop","1536","864","1528","738","1.25","18","Nov 28, 11:00 PM","false"
"numerosity_discrimination","3","221","242","28","18","0.6429","j","352","<div style=""width:100vw;height:100vh;background-color:black;""></div>","f","html-keyboard-response","1125","2.0.0","1669876","181813","testolin2020_replication","2025-11-21T20:13:03.475Z","13-14 inch laptop","1536","864","1528","738","1.25","18","Nov 28, 11:00 PM","false"
"numerosity_discrimination","3","222","106","25","22","0.88","j","846","<div style=""width:100vw;height:100vh;background-color:black;""></div>","f","html-keyboard-response","1130","2.0.0","1673056","181813","testolin2020_replication","2025-11-21T20:13:03.475Z","13-14 inch laptop","1536","864","1528","738","1.25","18","Nov 28, 11:00 PM","false"
"numerosity_discrimination","3","223","101","20","25","0.8","j","329","<div style=""width:100vw;height:100vh;background-color:black;""></div>","j","html-keyboard-response","1135","2.0.0","1675737","181813","testolin2020_replication","2025-11-21T20:13:03.475Z","13-14 inch laptop","1536","864","1528","738","1.25","18","Nov 28, 11:00 PM","true"
"numerosity_discrimination","3","224","113","20","16","0.8","j","307","<div style=""width:100vw;height:100vh;background-color:black;""></div>","f","html-keyboard-response","1140","2.0.0","1678559","181813","testolin2020_replication","2025-11-21T20:13:03.475Z","13-14 inch laptop","1536","864","1528","738","1.25","18","Nov 28, 11:00 PM","false"
"numerosity_discrimination","3","225","71","22","18","0.8182","j","332","<div style=""width:100vw;height:100vh;background-color:black;""></div>","f","html-keyboard-response","1145","2.0.0","1681279","181813","testolin2020_replication","2025-11-21T20:13:03.475Z","13-14 inch laptop","1536","864","1528","738","1.25","18","Nov 28, 11:00 PM","false"
"numerosity_discrimination","3","226","52","25","28","0.8929","j","452","<div style=""width:100vw;height:100vh;background-color:black;""></div>","j","html-keyboard-response","1150","2.0.0","1684334","181813","testolin2020_replication","2025-11-21T20:13:03.475Z","13-14 inch laptop","1536","864","1528","738","1.25","18","Nov 28, 11:00 PM","true"
"numerosity_discrimination","3","227","7","14","16","0.875","j","279","<div style=""width:100vw;height:100vh;background-color:black;""></div>","j","html-keyboard-response","1155","2.0.0","1687089","181813","testolin2020_replication","2025-11-21T20:13:03.475Z","13-14 inch laptop","1536","864","1528","738","1.25","18","Nov 28, 11:00 PM","true"
"numerosity_discrimination","3","228","56","25","22","0.88","j","378","<div style=""width:100vw;height:100vh;background-color:black;""></div>","f","html-keyboard-response","1160","2.0.0","1690072","181813","testolin2020_replication","2025-11-21T20:13:03.475Z","13-14 inch laptop","1536","864","1528","738","1.25","18","Nov 28, 11:00 PM","false"
"numerosity_discrimination","3","229","138","16","12","0.75","j","455","<div style=""width:100vw;height:100vh;background-color:black;""></div>","j","html-keyboard-response","1165","2.0.0","1693045","181813","testolin2020_replication","2025-11-21T20:13:03.475Z","13-14 inch laptop","1536","864","1528","738","1.25","18","Nov 28, 11:00 PM","true"
"numerosity_discrimination","3","230","198","16","12","0.75","j","235","<div style=""width:100vw;height:100vh;background-color:black;""></div>","f","html-keyboard-response","1170","2.0.0","1695822","181813","testolin2020_replication","2025-11-21T20:13:03.475Z","13-14 inch laptop","1536","864","1528","738","1.25","18","Nov 28, 11:00 PM","false"
"numerosity_discrimination","3","231","233","8","12","0.6667","j","212","<div style=""width:100vw;height:100vh;background-color:black;""></div>","j","html-keyboard-response","1175","2.0.0","1698571","181813","testolin2020_replication","2025-11-21T20:13:03.475Z","13-14 inch laptop","1536","864","1528","738","1.25","18","Nov 28, 11:00 PM","true"
"numerosity_discrimination","3","232","264","25","16","0.64","j","204","<div style=""width:100vw;height:100vh;background-color:black;""></div>","f","html-keyboard-response","1180","2.0.0","1701450","181813","testolin2020_replication","2025-11-21T20:13:03.475Z","13-14 inch laptop","1536","864","1528","738","1.25","18","Nov 28, 11:00 PM","false"
"numerosity_discrimination","3","233","27","14","12","0.8571","j","1928","<div style=""width:100vw;height:100vh;background-color:black;""></div>","f","html-keyboard-response","1185","2.0.0","1705813","181813","testolin2020_replication","2025-11-21T20:13:03.475Z","13-14 inch laptop","1536","864","1528","738","1.25","18","Nov 28, 11:00 PM","false"
"numerosity_discrimination","3","234","49","8","10","0.8","j","228","<div style=""width:100vw;height:100vh;background-color:black;""></div>","j","html-keyboard-response","1190","2.0.0","1708648","181813","testolin2020_replication","2025-11-21T20:13:03.475Z","13-14 inch laptop","1536","864","1528","738","1.25","18","Nov 28, 11:00 PM","true"
"numerosity_discrimination","3","235","10","9","11","0.8182","j","217","<div style=""width:100vw;height:100vh;background-color:black;""></div>","j","html-keyboard-response","1195","2.0.0","1711062","181813","testolin2020_replication","2025-11-21T20:13:03.475Z","13-14 inch laptop","1536","864","1528","738","1.25","18","Nov 28, 11:00 PM","true"
"numerosity_discrimination","3","236","232","8","12","0.6667","j","240","<div style=""width:100vw;height:100vh;background-color:black;""></div>","j","html-keyboard-response","1200","2.0.0","1713829","181813","testolin2020_replication","2025-11-21T20:13:03.475Z","13-14 inch laptop","1536","864","1528","738","1.25","18","Nov 28, 11:00 PM","true"
"numerosity_discrimination","3","237","69","10","8","0.8","j","194","<div style=""width:100vw;height:100vh;background-color:black;""></div>","f","html-keyboard-response","1205","2.0.0","1716248","181813","testolin2020_replication","2025-11-21T20:13:03.475Z","13-14 inch laptop","1536","864","1528","738","1.25","18","Nov 28, 11:00 PM","false"
"numerosity_discrimination","3","238","92","18","22","0.8182","j","297","<div style=""width:100vw;height:100vh;background-color:black;""></div>","j","html-keyboard-response","1210","2.0.0","1719157","181813","testolin2020_replication","2025-11-21T20:13:03.475Z","13-14 inch laptop","1536","864","1528","738","1.25","18","Nov 28, 11:00 PM","true"
"numerosity_discrimination","3","239","60","18","22","0.8182","j","671","<div style=""width:100vw;height:100vh;background-color:black;""></div>","j","html-keyboard-response","1215","2.0.0","1722078","181813","testolin2020_replication","2025-11-21T20:13:03.475Z","13-14 inch laptop","1536","864","1528","738","1.25","18","Nov 28, 11:00 PM","true"
"numerosity_discrimination","3","240","72","11","9","0.8182","j","673","<div style=""width:100vw;height:100vh;background-color:black;""></div>","j","html-keyboard-response","1220","2.0.0","1725230","181813","testolin2020_replication","2025-11-21T20:13:03.475Z","13-14 inch laptop","1536","864","1528","738","1.25","18","Nov 28, 11:00 PM","true"
"numerosity_discrimination","3","241","256","7","11","0.6364","j","266","<div style=""width:100vw;height:100vh;background-color:black;""></div>","j","html-keyboard-response","1225","2.0.0","1727971","181813","testolin2020_replication","2025-11-21T20:13:03.475Z","13-14 inch laptop","1536","864","1528","738","1.25","18","Nov 28, 11:00 PM","true"
"numerosity_discrimination","3","242","246","20","12","0.6","j","390","<div style=""width:100vw;height:100vh;background-color:black;""></div>","f","html-keyboard-response","1230","2.0.0","1730997","181813","testolin2020_replication","2025-11-21T20:13:03.475Z","13-14 inch laptop","1536","864","1528","738","1.25","18","Nov 28, 11:00 PM","false"
"numerosity_discrimination","3","243","149","18","14","0.7778","j","466","<div style=""width:100vw;height:100vh;background-color:black;""></div>","j","html-keyboard-response","1235","2.0.0","1733745","181813","testolin2020_replication","2025-11-21T20:13:03.475Z","13-14 inch laptop","1536","864","1528","738","1.25","18","Nov 28, 11:00 PM","true"
"numerosity_discrimination","3","244","229","20","12","0.6","j","370","<div style=""width:100vw;height:100vh;background-color:black;""></div>","f","html-keyboard-response","1240","2.0.0","1736587","181813","testolin2020_replication","2025-11-21T20:13:03.475Z","13-14 inch laptop","1536","864","1528","738","1.25","18","Nov 28, 11:00 PM","false"
"numerosity_discrimination","3","245","57","22","18","0.8182","j","518","<div style=""width:100vw;height:100vh;background-color:black;""></div>","f","html-keyboard-response","1245","2.0.0","1739674","181813","testolin2020_replication","2025-11-21T20:13:03.475Z","13-14 inch laptop","1536","864","1528","738","1.25","18","Nov 28, 11:00 PM","false"
"numerosity_discrimination","3","246","227","8","12","0.6667","j","283","<div style=""width:100vw;height:100vh;background-color:black;""></div>","j","html-keyboard-response","1250","2.0.0","1742577","181813","testolin2020_replication","2025-11-21T20:13:03.475Z","13-14 inch laptop","1536","864","1528","738","1.25","18","Nov 28, 11:00 PM","true"
"numerosity_discrimination","3","247","2","28","25","0.8929","j","525","<div style=""width:100vw;height:100vh;background-color:black;""></div>","f","html-keyboard-response","1255","2.0.0","1745363","181813","testolin2020_replication","2025-11-21T20:13:03.475Z","13-14 inch laptop","1536","864","1528","738","1.25","18","Nov 28, 11:00 PM","false"
"numerosity_discrimination","3","248","251","20","12","0.6","j","283","<div style=""width:100vw;height:100vh;background-color:black;""></div>","f","html-keyboard-response","1260","2.0.0","1747922","181813","testolin2020_replication","2025-11-21T20:13:03.475Z","13-14 inch laptop","1536","864","1528","738","1.25","18","Nov 28, 11:00 PM","false"
"numerosity_discrimination","3","249","172","16","22","0.7273","j","220","<div style=""width:100vw;height:100vh;background-color:black;""></div>","j","html-keyboard-response","1265","2.0.0","1750620","181813","testolin2020_replication","2025-11-21T20:13:03.475Z","13-14 inch laptop","1536","864","1528","738","1.25","18","Nov 28, 11:00 PM","true"
"numerosity_discrimination","3","250","161","28","22","0.7857","j","249","<div style=""width:100vw;height:100vh;background-color:black;""></div>","f","html-keyboard-response","1270","2.0.0","1753300","181813","testolin2020_replication","2025-11-21T20:13:03.475Z","13-14 inch laptop","1536","864","1528","738","1.25","18","Nov 28, 11:00 PM","false"
"numerosity_discrimination","3","251","218","14","22","0.6364","j","167","<div style=""width:100vw;height:100vh;background-color:black;""></div>","j","html-keyboard-response","1275","2.0.0","1755832","181813","testolin2020_replication","2025-11-21T20:13:03.475Z","13-14 inch laptop","1536","864","1528","738","1.25","18","Nov 28, 11:00 PM","true"
"numerosity_discrimination","3","252","168","20","14","0.7","j","214","<div style=""width:100vw;height:100vh;background-color:black;""></div>","f","html-keyboard-response","1280","2.0.0","1758552","181813","testolin2020_replication","2025-11-21T20:13:03.475Z","13-14 inch laptop","1536","864","1528","738","1.25","18","Nov 28, 11:00 PM","false"
"numerosity_discrimination","3","253","155","7","9","0.7778","j","229","<div style=""width:100vw;height:100vh;background-color:black;""></div>","j","html-keyboard-response","1285","2.0.0","1761205","181813","testolin2020_replication","2025-11-21T20:13:03.475Z","13-14 inch laptop","1536","864","1528","738","1.25","18","Nov 28, 11:00 PM","true"
"numerosity_discrimination","3","254","216","9","14","0.6429","j","247","<div style=""width:100vw;height:100vh;background-color:black;""></div>","j","html-keyboard-response","1290","2.0.0","1763978","181813","testolin2020_replication","2025-11-21T20:13:03.475Z","13-14 inch laptop","1536","864","1528","738","1.25","18","Nov 28, 11:00 PM","true"
"numerosity_discrimination","3","255","94","22","25","0.88","j","562","<div style=""width:100vw;height:100vh;background-color:black;""></div>","j","html-keyboard-response","1295","2.0.0","1767034","181813","testolin2020_replication","2025-11-21T20:13:03.475Z","13-14 inch laptop","1536","864","1528","738","1.25","18","Nov 28, 11:00 PM","true"
"numerosity_discrimination","3","256","180","9","7","0.7778","j","470","<div style=""width:100vw;height:100vh;background-color:black;""></div>","f","html-keyboard-response","1300","2.0.0","1769839","181813","testolin2020_replication","2025-11-21T20:13:03.475Z","13-14 inch laptop","1536","864","1528","738","1.25","18","Nov 28, 11:00 PM","false"
"numerosity_discrimination","3","257","276","16","8","0.5","j","705","<div style=""width:100vw;height:100vh;background-color:black;""></div>","f","html-keyboard-response","1305","2.0.0","1772902","181813","testolin2020_replication","2025-11-21T20:13:03.475Z","13-14 inch laptop","1536","864","1528","738","1.25","18","Nov 28, 11:00 PM","false"
"numerosity_discrimination","3","258","139","9","7","0.7778","j","366","<div style=""width:100vw;height:100vh;background-color:black;""></div>","f","html-keyboard-response","1310","2.0.0","1775879","181813","testolin2020_replication","2025-11-21T20:13:03.475Z","13-14 inch laptop","1536","864","1528","738","1.25","18","Nov 28, 11:00 PM","false"
"numerosity_discrimination","3","259","223","28","18","0.6429","j","257","<div style=""width:100vw;height:100vh;background-color:black;""></div>","f","html-keyboard-response","1315","2.0.0","1778418","181813","testolin2020_replication","2025-11-21T20:13:03.475Z","13-14 inch laptop","1536","864","1528","738","1.25","18","Nov 28, 11:00 PM","false"
"numerosity_discrimination","3","260","118","20","25","0.8","j","474","<div style=""width:100vw;height:100vh;background-color:black;""></div>","j","html-keyboard-response","1320","2.0.0","1781441","181813","testolin2020_replication","2025-11-21T20:13:03.475Z","13-14 inch laptop","1536","864","1528","738","1.25","18","Nov 28, 11:00 PM","true"
"numerosity_discrimination","3","261","211","8","12","0.6667","j","230","<div style=""width:100vw;height:100vh;background-color:black;""></div>","j","html-keyboard-response","1325","2.0.0","1783949","181813","testolin2020_replication","2025-11-21T20:13:03.475Z","13-14 inch laptop","1536","864","1528","738","1.25","18","Nov 28, 11:00 PM","true"
"numerosity_discrimination","3","262","97","7","8","0.875","j","1567","<div style=""width:100vw;height:100vh;background-color:black;""></div>","j","html-keyboard-response","1330","2.0.0","1787951","181813","testolin2020_replication","2025-11-21T20:13:03.475Z","13-14 inch laptop","1536","864","1528","738","1.25","18","Nov 28, 11:00 PM","true"
"numerosity_discrimination","3","263","165","14","10","0.7143","j","257","<div style=""width:100vw;height:100vh;background-color:black;""></div>","f","html-keyboard-response","1335","2.0.0","1790580","181813","testolin2020_replication","2025-11-21T20:13:03.475Z","13-14 inch laptop","1536","864","1528","738","1.25","18","Nov 28, 11:00 PM","false"
"numerosity_discrimination","3","264","298","9","18","0.5","j","186","<div style=""width:100vw;height:100vh;background-color:black;""></div>","j","html-keyboard-response","1340","2.0.0","1793115","181813","testolin2020_replication","2025-11-21T20:13:03.475Z","13-14 inch laptop","1536","864","1528","738","1.25","18","Nov 28, 11:00 PM","true"
"numerosity_discrimination","3","265","152","16","12","0.75","j","315","<div style=""width:100vw;height:100vh;background-color:black;""></div>","f","html-keyboard-response","1345","2.0.0","1795645","181813","testolin2020_replication","2025-11-21T20:13:03.475Z","13-14 inch laptop","1536","864","1528","738","1.25","18","Nov 28, 11:00 PM","false"
"numerosity_discrimination","3","266","104","8","7","0.875","j","3540","<div style=""width:100vw;height:100vh;background-color:black;""></div>","j","html-keyboard-response","1350","2.0.0","1801465","181813","testolin2020_replication","2025-11-21T20:13:03.475Z","13-14 inch laptop","1536","864","1528","738","1.25","18","Nov 28, 11:00 PM","true"
"numerosity_discrimination","3","267","262","9","14","0.6429","j","336","<div style=""width:100vw;height:100vh;background-color:black;""></div>","j","html-keyboard-response","1355","2.0.0","1804091","181813","testolin2020_replication","2025-11-21T20:13:03.475Z","13-14 inch laptop","1536","864","1528","738","1.25","18","Nov 28, 11:00 PM","true"
"numerosity_discrimination","3","268","269","9","14","0.6429","j","312","<div style=""width:100vw;height:100vh;background-color:black;""></div>","j","html-keyboard-response","1360","2.0.0","1807070","181813","testolin2020_replication","2025-11-21T20:13:03.475Z","13-14 inch laptop","1536","864","1528","738","1.25","18","Nov 28, 11:00 PM","true"
"numerosity_discrimination","3","269","252","18","28","0.6429","j","1119","<div style=""width:100vw;height:100vh;background-color:black;""></div>","j","html-keyboard-response","1365","2.0.0","1810500","181813","testolin2020_replication","2025-11-21T20:13:03.475Z","13-14 inch laptop","1536","864","1528","738","1.25","18","Nov 28, 11:00 PM","true"
"numerosity_discrimination","3","270","130","22","28","0.7857","j","365","<div style=""width:100vw;height:100vh;background-color:black;""></div>","j","html-keyboard-response","1370","2.0.0","1813208","181813","testolin2020_replication","2025-11-21T20:13:03.475Z","13-14 inch laptop","1536","864","1528","738","1.25","18","Nov 28, 11:00 PM","true"
"numerosity_discrimination","3","271","1","9","8","0.8889","j","1071","<div style=""width:100vw;height:100vh;background-color:black;""></div>","j","html-keyboard-response","1375","2.0.0","1816913","181813","testolin2020_replication","2025-11-21T20:13:03.475Z","13-14 inch laptop","1536","864","1528","738","1.25","18","Nov 28, 11:00 PM","true"
"numerosity_discrimination","3","272","255","18","28","0.6429","j","1280","<div style=""width:100vw;height:100vh;background-color:black;""></div>","j","html-keyboard-response","1380","2.0.0","1820792","181813","testolin2020_replication","2025-11-21T20:13:03.475Z","13-14 inch laptop","1536","864","1528","738","1.25","18","Nov 28, 11:00 PM","true"
"numerosity_discrimination","3","273","40","10","12","0.8333","j","352","<div style=""width:100vw;height:100vh;background-color:black;""></div>","j","html-keyboard-response","1385","2.0.0","1823752","181813","testolin2020_replication","2025-11-21T20:13:03.475Z","13-14 inch laptop","1536","864","1528","738","1.25","18","Nov 28, 11:00 PM","true"
"numerosity_discrimination","3","274","277","20","10","0.5","j","183","<div style=""width:100vw;height:100vh;background-color:black;""></div>","f","html-keyboard-response","1390","2.0.0","1826283","181813","testolin2020_replication","2025-11-21T20:13:03.475Z","13-14 inch laptop","1536","864","1528","738","1.25","18","Nov 28, 11:00 PM","false"
"numerosity_discrimination","3","275","73","14","12","0.8571","j","3550","<div style=""width:100vw;height:100vh;background-color:black;""></div>","j","html-keyboard-response","1395","2.0.0","1832108","181813","testolin2020_replication","2025-11-21T20:13:03.475Z","13-14 inch laptop","1536","864","1528","738","1.25","18","Nov 28, 11:00 PM","true"
"numerosity_discrimination","3","276","81","16","18","0.8889","j","270","<div style=""width:100vw;height:100vh;background-color:black;""></div>","j","html-keyboard-response","1400","2.0.0","1835003","181813","testolin2020_replication","2025-11-21T20:13:03.475Z","13-14 inch laptop","1536","864","1528","738","1.25","18","Nov 28, 11:00 PM","true"
"numerosity_discrimination","3","277","169","18","25","0.72","j","781","<div style=""width:100vw;height:100vh;background-color:black;""></div>","j","html-keyboard-response","1405","2.0.0","1838269","181813","testolin2020_replication","2025-11-21T20:13:03.475Z","13-14 inch laptop","1536","864","1528","738","1.25","18","Nov 28, 11:00 PM","true"
"numerosity_discrimination","3","278","296","9","16","0.5625","j","251","<div style=""width:100vw;height:100vh;background-color:black;""></div>","j","html-keyboard-response","1410","2.0.0","1841166","181813","testolin2020_replication","2025-11-21T20:13:03.475Z","13-14 inch laptop","1536","864","1528","738","1.25","18","Nov 28, 11:00 PM","true"
"numerosity_discrimination","3","279","25","11","9","0.8182","j","1439","<div style=""width:100vw;height:100vh;background-color:black;""></div>","j","html-keyboard-response","1415","2.0.0","1844843","181813","testolin2020_replication","2025-11-21T20:13:03.475Z","13-14 inch laptop","1536","864","1528","738","1.25","18","Nov 28, 11:00 PM","true"
"numerosity_discrimination","3","280","289","22","12","0.5455","j","239","<div style=""width:100vw;height:100vh;background-color:black;""></div>","f","html-keyboard-response","1420","2.0.0","1847365","181813","testolin2020_replication","2025-11-21T20:13:03.475Z","13-14 inch laptop","1536","864","1528","738","1.25","18","Nov 28, 11:00 PM","false"
"numerosity_discrimination","3","281","33","8","9","0.8889","j","681","<div style=""width:100vw;height:100vh;background-color:black;""></div>","j","html-keyboard-response","1425","2.0.0","1850297","181813","testolin2020_replication","2025-11-21T20:13:03.475Z","13-14 inch laptop","1536","864","1528","738","1.25","18","Nov 28, 11:00 PM","true"
"numerosity_discrimination","3","282","43","11","9","0.8182","j","350","<div style=""width:100vw;height:100vh;background-color:black;""></div>","j","html-keyboard-response","1430","2.0.0","1853044","181813","testolin2020_replication","2025-11-21T20:13:03.475Z","13-14 inch laptop","1536","864","1528","738","1.25","18","Nov 28, 11:00 PM","true"
"numerosity_discrimination","3","283","147","8","11","0.7273","j","1323","<div style=""width:100vw;height:100vh;background-color:black;""></div>","j","html-keyboard-response","1435","2.0.0","1856830","181813","testolin2020_replication","2025-11-21T20:13:03.475Z","13-14 inch laptop","1536","864","1528","738","1.25","18","Nov 28, 11:00 PM","true"
"numerosity_discrimination","3","284","98","25","28","0.8929","j","591","<div style=""width:100vw;height:100vh;background-color:black;""></div>","j","html-keyboard-response","1440","2.0.0","1859760","181813","testolin2020_replication","2025-11-21T20:13:03.475Z","13-14 inch laptop","1536","864","1528","738","1.25","18","Nov 28, 11:00 PM","true"
"numerosity_discrimination","3","285","39","20","16","0.8","j","372","<div style=""width:100vw;height:100vh;background-color:black;""></div>","f","html-keyboard-response","1445","2.0.0","1862655","181813","testolin2020_replication","2025-11-21T20:13:03.475Z","13-14 inch laptop","1536","864","1528","738","1.25","18","Nov 28, 11:00 PM","false"
"numerosity_discrimination","3","286","115","25","28","0.8929","j","288","<div style=""width:100vw;height:100vh;background-color:black;""></div>","j","html-keyboard-response","1450","2.0.0","1865298","181813","testolin2020_replication","2025-11-21T20:13:03.475Z","13-14 inch laptop","1536","864","1528","738","1.25","18","Nov 28, 11:00 PM","true"
"numerosity_discrimination","3","287","80","16","18","0.8889","j","952","<div style=""width:100vw;height:100vh;background-color:black;""></div>","f","html-keyboard-response","1455","2.0.0","1868848","181813","testolin2020_replication","2025-11-21T20:13:03.475Z","13-14 inch laptop","1536","864","1528","738","1.25","18","Nov 28, 11:00 PM","false"
"numerosity_discrimination","3","288","144","28","20","0.7143","j","361","<div style=""width:100vw;height:100vh;background-color:black;""></div>","f","html-keyboard-response","1460","2.0.0","1871615","181813","testolin2020_replication","2025-11-21T20:13:03.475Z","13-14 inch laptop","1536","864","1528","738","1.25","18","Nov 28, 11:00 PM","false"
"numerosity_discrimination","3","289","45","25","20","0.8","j","520","<div style=""width:100vw;height:100vh;background-color:black;""></div>","f","html-keyboard-response","1465","2.0.0","1874552","181813","testolin2020_replication","2025-11-21T20:13:03.475Z","13-14 inch laptop","1536","864","1528","738","1.25","18","Nov 28, 11:00 PM","false"
"numerosity_discrimination","3","290","200","12","9","0.75","j","670","<div style=""width:100vw;height:100vh;background-color:black;""></div>","f","html-keyboard-response","1470","2.0.0","1877607","181813","testolin2020_replication","2025-11-21T20:13:03.475Z","13-14 inch laptop","1536","864","1528","738","1.25","18","Nov 28, 11:00 PM","false"
"numerosity_discrimination","3","291","212","22","14","0.6364","j","380","<div style=""width:100vw;height:100vh;background-color:black;""></div>","f","html-keyboard-response","1475","2.0.0","1880206","181813","testolin2020_replication","2025-11-21T20:13:03.475Z","13-14 inch laptop","1536","864","1528","738","1.25","18","Nov 28, 11:00 PM","false"
"numerosity_discrimination","3","292","207","7","9","0.7778","j","298","<div style=""width:100vw;height:100vh;background-color:black;""></div>","j","html-keyboard-response","1480","2.0.0","1882944","181813","testolin2020_replication","2025-11-21T20:13:03.475Z","13-14 inch laptop","1536","864","1528","738","1.25","18","Nov 28, 11:00 PM","true"
"numerosity_discrimination","3","293","204","7","9","0.7778","j","264","<div style=""width:100vw;height:100vh;background-color:black;""></div>","j","html-keyboard-response","1485","2.0.0","1885576","181813","testolin2020_replication","2025-11-21T20:13:03.475Z","13-14 inch laptop","1536","864","1528","738","1.25","18","Nov 28, 11:00 PM","true"
"numerosity_discrimination","3","294","47","20","25","0.8","j","640","<div style=""width:100vw;height:100vh;background-color:black;""></div>","j","html-keyboard-response","1490","2.0.0","1888573","181813","testolin2020_replication","2025-11-21T20:13:03.475Z","13-14 inch laptop","1536","864","1528","738","1.25","18","Nov 28, 11:00 PM","true"
"numerosity_discrimination","3","295","206","9","7","0.7778","j","350","<div style=""width:100vw;height:100vh;background-color:black;""></div>","f","html-keyboard-response","1495","2.0.0","1891232","181813","testolin2020_replication","2025-11-21T20:13:03.475Z","13-14 inch laptop","1536","864","1528","738","1.25","18","Nov 28, 11:00 PM","false"
"numerosity_discrimination","3","296","91","12","14","0.8571","j","481","<div style=""width:100vw;height:100vh;background-color:black;""></div>","j","html-keyboard-response","1500","2.0.0","1894348","181813","testolin2020_replication","2025-11-21T20:13:03.475Z","13-14 inch laptop","1536","864","1528","738","1.25","18","Nov 28, 11:00 PM","true"
"numerosity_discrimination","3","297","263","22","14","0.6364","j","240","<div style=""width:100vw;height:100vh;background-color:black;""></div>","f","html-keyboard-response","1505","2.0.0","1897213","181813","testolin2020_replication","2025-11-21T20:13:03.475Z","13-14 inch laptop","1536","864","1528","738","1.25","18","Nov 28, 11:00 PM","false"
"numerosity_discrimination","3","298","110","7","8","0.875","j","1004","<div style=""width:100vw;height:100vh;background-color:black;""></div>","j","html-keyboard-response","1510","2.0.0","1900501","181813","testolin2020_replication","2025-11-21T20:13:03.475Z","13-14 inch laptop","1536","864","1528","738","1.25","18","Nov 28, 11:00 PM","true"
"numerosity_discrimination","3","299","222","16","10","0.625","j","369","<div style=""width:100vw;height:100vh;background-color:black;""></div>","f","html-keyboard-response","1515","2.0.0","1903309","181813","testolin2020_replication","2025-11-21T20:13:03.475Z","13-14 inch laptop","1536","864","1528","738","1.25","18","Nov 28, 11:00 PM","false"
"numerosity_discrimination","3","300","143","20","28","0.7143","j","258","<div style=""width:100vw;height:100vh;background-color:black;""></div>","j","html-keyboard-response","1520","2.0.0","1905936","181813","testolin2020_replication","2025-11-21T20:13:03.475Z","13-14 inch laptop","1536","864","1528","738","1.25","18","Nov 28, 11:00 PM","true"
