"task","block","pair_order","pair_num","left_n","right_n","pair_ratio","correct_key","rt","stimulus","response","trial_type","trial_index","plugin_version","time_elapsed","participant_id","experiment","date","screen_size_category","screen_width_pixels","screen_height_pixels","window_width_pixels","window_height_pixels","pixel_ratio","participant_age","time_slot","correct"
"numerosity_discrimination","1","1","286","18","10","0.5556","j","289","<div style=""width:100vw;height:100vh;background-color:black;""></div>","f","html-keyboard-response","21","2.0.0","383291","181954","testolin2020_replication","2025-11-22T06:31:39.659Z","15-16 inch laptop","1536","864","1536","730","1.25","18","November 28 11pm","false"
"numerosity_discrimination","1","2","61","8","10","0.8","j","297","<div style=""width:100vw;height:100vh;background-color:black;""></div>","j","html-keyboard-response","26","2.0.0","385796","181954","testolin2020_replication","2025-11-22T06:31:39.659Z","15-16 inch laptop","1536","864","1536","730","1.25","18","November 28 11pm","true"
"numerosity_discrimination","1","3","271","20","11","0.55","j","38","<div style=""width:100vw;height:100vh;background-color:black;""></div>","f","html-keyboard-response","31","2.0.0","388031","181954","testolin2020_replication","2025-11-22T06:31:39.659Z","15-16 inch laptop","1536","864","1536","730","1.25","18","November 28 11pm","false"
"numerosity_discrimination","1","4","128","22","28","0.7857","j","446","<div style=""width:100vw;height:100vh;background-color:black;""></div>","j","html-keyboard-response","36","2.0.0","390934","181954","testolin2020_replication","2025-11-22T06:31:39.659Z","15-16 inch laptop","1536","864","1536","730","1.25","18","November 28 11pm","true"
"numerosity_discrimination","1","5","278","9","18","0.5","j","1095","<div style=""width:100vw;height:100vh;background-color:black;""></div>","j","html-keyboard-response","41","2.0.0","394537","181954","testolin2020_replication","2025-11-22T06:31:39.659Z","15-16 inch laptop","1536","864","1536","730","1.25","18","November 28 11pm","true"
"numerosity_discrimination","1","6","51","10","12","0.8333","j","651","<div style=""width:100vw;height:100vh;background-color:black;""></div>","j","html-keyboard-response","46","2.0.0","397835","181954","testolin2020_replication","2025-11-22T06:31:39.659Z","15-16 inch laptop","1536","864","1536","730","1.25","18","November 28 11pm","true"
"numerosity_discrimination","1","7","188","9","12","0.75","j","717","<div style=""width:100vw;height:100vh;background-color:black;""></div>","j","html-keyboard-response","51","2.0.0","400800","181954","testolin2020_replication","2025-11-22T06:31:39.659Z","15-16 inch laptop","1536","864","1536","730","1.25","18","November 28 11pm","true"
"numerosity_discrimination","1","8","236","22","14","0.6364","j","30","<div style=""width:100vw;height:100vh;background-color:black;""></div>","f","html-keyboard-response","56","2.0.0","403261","181954","testolin2020_replication","2025-11-22T06:31:39.659Z","15-16 inch laptop","1536","864","1536","730","1.25","18","November 28 11pm","false"
"numerosity_discrimination","1","9","35","9","8","0.8889","j","359","<div style=""width:100vw;height:100vh;background-color:black;""></div>","j","html-keyboard-response","61","2.0.0","406082","181954","testolin2020_replication","2025-11-22T06:31:39.659Z","15-16 inch laptop","1536","864","1536","730","1.25","18","November 28 11pm","true"
"numerosity_discrimination","1","10","267","18","28","0.6429","j","362","<div style=""width:100vw;height:100vh;background-color:black;""></div>","j","html-keyboard-response","66","2.0.0","408924","181954","testolin2020_replication","2025-11-22T06:31:39.659Z","15-16 inch laptop","1536","864","1536","730","1.25","18","November 28 11pm","true"
"numerosity_discrimination","1","11","280","28","16","0.5714","j","421","<div style=""width:100vw;height:100vh;background-color:black;""></div>","f","html-keyboard-response","71","2.0.0","411917","181954","testolin2020_replication","2025-11-22T06:31:39.659Z","15-16 inch laptop","1536","864","1536","730","1.25","18","November 28 11pm","false"
"numerosity_discrimination","1","12","279","20","11","0.55","j","435","<div style=""width:100vw;height:100vh;background-color:black;""></div>","f","html-keyboard-response","76","2.0.0","414559","181954","testolin2020_replication","2025-11-22T06:31:39.659Z","15-16 inch laptop","1536","864","1536","730","1.25","18","November 28 11pm","false"
"numerosity_discrimination","1","13","167","9","12","0.75","j","246","<div style=""width:100vw;height:100vh;background-color:black;""></div>","j","html-keyboard-response","81","2.0.0","417368","181954","testolin2020_replication","2025-11-22T06:31:39.659Z","15-16 inch laptop","1536","864","1536","730","1.25","18","November 28 11pm","true"
"numerosity_discrimination","1","14","9","9","8","0.8889","j","179","<div style=""width:100vw;height:100vh;background-color:black;""></div>","f","html-keyboard-response","86","2.0.0","420214","181954","testolin2020_replication","2025-11-22T06:31:39.659Z","15-16 inch laptop","1536","864","1536","730","1.25","18","November 28 11pm","false"
"numerosity_discrimination","1","15","202","9","7","0.7778","j","174","<div style=""width:100vw;height:100vh;background-color:black;""></div>","f","html-keyboard-response","91","2.0.0","422611","181954","testolin2020_replication","2025-11-22T06:31:39.659Z","15-16 inch laptop","1536","864","1536","730","1.25","18","November 28 11pm","false"
"numerosity_discrimination","1","16","272","10","20","0.5","j","16","<div style=""width:100vw;height:100vh;background-color:black;""></div>","j","html-keyboard-response","96","2.0.0","425170","181954","testolin2020_replication","2025-11-22T06:31:39.659Z","15-16 inch laptop","1536","864","1536","730","1.25","18","November 28 11pm","true"
"numerosity_discrimination","1","17","235","14","9","0.6429","j","465","<div style=""width:100vw;height:100vh;background-color:black;""></div>","f","html-keyboard-response","101","2.0.0","428054","181954","testolin2020_replication","2025-11-22T06:31:39.659Z","15-16 inch laptop","1536","864","1536","730","1.25","18","November 28 11pm","false"
"numerosity_discrimination","1","18","67","11","9","0.8182","j","217","<div style=""width:100vw;height:100vh;background-color:black;""></div>","j","html-keyboard-response","106","2.0.0","430657","181954","testolin2020_replication","2025-11-22T06:31:39.659Z","15-16 inch laptop","1536","864","1536","730","1.25","18","November 28 11pm","true"
"numerosity_discrimination","1","19","160","12","16","0.75","j","47","<div style=""width:100vw;height:100vh;background-color:black;""></div>","j","html-keyboard-response","111","2.0.0","433376","181954","testolin2020_replication","2025-11-22T06:31:39.659Z","15-16 inch laptop","1536","864","1536","730","1.25","18","November 28 11pm","true"
"numerosity_discrimination","1","20","31","28","25","0.8929","j","91","<div style=""width:100vw;height:100vh;background-color:black;""></div>","f","html-keyboard-response","116","2.0.0","435858","181954","testolin2020_replication","2025-11-22T06:31:39.659Z","15-16 inch laptop","1536","864","1536","730","1.25","18","November 28 11pm","false"
"numerosity_discrimination","1","21","213","18","11","0.6111","j","206","<div style=""width:100vw;height:100vh;background-color:black;""></div>","f","html-keyboard-response","121","2.0.0","438731","181954","testolin2020_replication","2025-11-22T06:31:39.659Z","15-16 inch laptop","1536","864","1536","730","1.25","18","November 28 11pm","false"
"numerosity_discrimination","1","22","193","25","18","0.72","j","30","<div style=""width:100vw;height:100vh;background-color:black;""></div>","f","html-keyboard-response","126","2.0.0","441440","181954","testolin2020_replication","2025-11-22T06:31:39.659Z","15-16 inch laptop","1536","864","1536","730","1.25","18","November 28 11pm","false"
"numerosity_discrimination","1","23","105","28","25","0.8929","j","96","<div style=""width:100vw;height:100vh;background-color:black;""></div>","f","html-keyboard-response","131","2.0.0","444059","181954","testolin2020_replication","2025-11-22T06:31:39.659Z","15-16 inch laptop","1536","864","1536","730","1.25","18","November 28 11pm","false"
"numerosity_discrimination","1","24","158","18","14","0.7778","j","8","<div style=""width:100vw;height:100vh;background-color:black;""></div>","j","html-keyboard-response","136","2.0.0","446469","181954","testolin2020_replication","2025-11-22T06:31:39.659Z","15-16 inch laptop","1536","864","1536","730","1.25","18","November 28 11pm","true"
"numerosity_discrimination","1","25","175","11","14","0.7857","j","179","<div style=""width:100vw;height:100vh;background-color:black;""></div>","j","html-keyboard-response","141","2.0.0","449082","181954","testolin2020_replication","2025-11-22T06:31:39.659Z","15-16 inch laptop","1536","864","1536","730","1.25","18","November 28 11pm","true"
"numerosity_discrimination","1","26","254","20","12","0.6","j","9194","<div style=""width:100vw;height:100vh;background-color:black;""></div>","f","html-keyboard-response","146","2.0.0","460611","181954","testolin2020_replication","2025-11-22T06:31:39.659Z","15-16 inch laptop","1536","864","1536","730","1.25","18","November 28 11pm","false"
"numerosity_discrimination","1","27","221","16","10","0.625","j","699","<div style=""width:100vw;height:100vh;background-color:black;""></div>","f","html-keyboard-response","151","2.0.0","463718","181954","testolin2020_replication","2025-11-22T06:31:39.659Z","15-16 inch laptop","1536","864","1536","730","1.25","18","November 28 11pm","false"
"numerosity_discrimination","1","28","55","18","16","0.8889","j","80","<div style=""width:100vw;height:100vh;background-color:black;""></div>","f","html-keyboard-response","156","2.0.0","466326","181954","testolin2020_replication","2025-11-22T06:31:39.659Z","15-16 inch laptop","1536","864","1536","730","1.25","18","November 28 11pm","false"
"numerosity_discrimination","1","29","120","14","12","0.8571","j","472","<div style=""width:100vw;height:100vh;background-color:black;""></div>","f","html-keyboard-response","161","2.0.0","469061","181954","testolin2020_replication","2025-11-22T06:31:39.659Z","15-16 inch laptop","1536","864","1536","730","1.25","18","November 28 11pm","false"
"numerosity_discrimination","1","30","89","11","9","0.8182","j","262","<div style=""width:100vw;height:100vh;background-color:black;""></div>","f","html-keyboard-response","166","2.0.0","471554","181954","testolin2020_replication","2025-11-22T06:31:39.659Z","15-16 inch laptop","1536","864","1536","730","1.25","18","November 28 11pm","false"
"numerosity_discrimination","1","31","108","8","9","0.8889","j","143","<div style=""width:100vw;height:100vh;background-color:black;""></div>","j","html-keyboard-response","171","2.0.0","474322","181954","testolin2020_replication","2025-11-22T06:31:39.659Z","15-16 inch laptop","1536","864","1536","730","1.25","18","November 28 11pm","true"
"numerosity_discrimination","1","32","23","11","9","0.8182","j","351","<div style=""width:100vw;height:100vh;background-color:black;""></div>","j","html-keyboard-response","176","2.0.0","477022","181954","testolin2020_replication","2025-11-22T06:31:39.659Z","15-16 inch laptop","1536","864","1536","730","1.25","18","November 28 11pm","true"
"numerosity_discrimination","1","33","48","14","16","0.875","j","23","<div style=""width:100vw;height:100vh;background-color:black;""></div>","f","html-keyboard-response","181","2.0.0","479240","181954","testolin2020_replication","2025-11-22T06:31:39.659Z","15-16 inch laptop","1536","864","1536","730","1.25","18","November 28 11pm","false"
"numerosity_discrimination","1","34","177","8","11","0.7273","j","7","<div style=""width:100vw;height:100vh;background-color:black;""></div>","j","html-keyboard-response","186","2.0.0","481667","181954","testolin2020_replication","2025-11-22T06:31:39.659Z","15-16 inch laptop","1536","864","1536","730","1.25","18","November 28 11pm","true"
"numerosity_discrimination","1","35","26","28","25","0.8929","j","74","<div style=""width:100vw;height:100vh;background-color:black;""></div>","f","html-keyboard-response","191","2.0.0","484080","181954","testolin2020_replication","2025-11-22T06:31:39.659Z","15-16 inch laptop","1536","864","1536","730","1.25","18","November 28 11pm","false"
"numerosity_discrimination","1","36","166","20","14","0.7","j","210","<div style=""width:100vw;height:100vh;background-color:black;""></div>","f","html-keyboard-response","196","2.0.0","486757","181954","testolin2020_replication","2025-11-22T06:31:39.659Z","15-16 inch laptop","1536","864","1536","730","1.25","18","November 28 11pm","false"
"numerosity_discrimination","1","37","261","28","18","0.6429","j","7221","<div style=""width:100vw;height:100vh;background-color:black;""></div>","j","html-keyboard-response","201","2.0.0","496640","181954","testolin2020_replication","2025-11-22T06:31:39.659Z","15-16 inch laptop","1536","864","1536","730","1.25","18","November 28 11pm","true"
"numerosity_discrimination","1","38","32","16","20","0.8","j","104","<div style=""width:100vw;height:100vh;background-color:black;""></div>","j","html-keyboard-response","206","2.0.0","498939","181954","testolin2020_replication","2025-11-22T06:31:39.659Z","15-16 inch laptop","1536","864","1536","730","1.25","18","November 28 11pm","true"
"numerosity_discrimination","1","39","103","14","12","0.8571","j","336","<div style=""width:100vw;height:100vh;background-color:black;""></div>","j","html-keyboard-response","211","2.0.0","501851","181954","testolin2020_replication","2025-11-22T06:31:39.659Z","15-16 inch laptop","1536","864","1536","730","1.25","18","November 28 11pm","true"
"numerosity_discrimination","1","40","197","12","16","0.75","j","41","<div style=""width:100vw;height:100vh;background-color:black;""></div>","j","html-keyboard-response","216","2.0.0","504235","181954","testolin2020_replication","2025-11-22T06:31:39.659Z","15-16 inch laptop","1536","864","1536","730","1.25","18","November 28 11pm","true"
"numerosity_discrimination","1","41","268","18","11","0.6111","j","39","<div style=""width:100vw;height:100vh;background-color:black;""></div>","f","html-keyboard-response","221","2.0.0","506620","181954","testolin2020_replication","2025-11-22T06:31:39.659Z","15-16 inch laptop","1536","864","1536","730","1.25","18","November 28 11pm","false"
"numerosity_discrimination","1","42","299","20","10","0.5","j","536","<div style=""width:100vw;height:100vh;background-color:black;""></div>","f","html-keyboard-response","226","2.0.0","509831","181954","testolin2020_replication","2025-11-22T06:31:39.659Z","15-16 inch laptop","1536","864","1536","730","1.25","18","November 28 11pm","false"
"numerosity_discrimination","1","43","179","22","16","0.7273","j","2739","<div style=""width:100vw;height:100vh;background-color:black;""></div>","j","html-keyboard-response","231","2.0.0","515042","181954","testolin2020_replication","2025-11-22T06:31:39.659Z","15-16 inch laptop","1536","864","1536","730","1.25","18","November 28 11pm","true"
"numerosity_discrimination","1","44","203","11","8","0.7273","j","180","<div style=""width:100vw;height:100vh;background-color:black;""></div>","f","html-keyboard-response","236","2.0.0","517749","181954","testolin2020_replication","2025-11-22T06:31:39.659Z","15-16 inch laptop","1536","864","1536","730","1.25","18","November 28 11pm","false"
"numerosity_discrimination","1","45","245","10","16","0.625","j","62","<div style=""width:100vw;height:100vh;background-color:black;""></div>","j","html-keyboard-response","241","2.0.0","520330","181954","testolin2020_replication","2025-11-22T06:31:39.659Z","15-16 inch laptop","1536","864","1536","730","1.25","18","November 28 11pm","true"
"numerosity_discrimination","1","46","34","16","18","0.8889","j","243","<div style=""width:100vw;height:100vh;background-color:black;""></div>","j","html-keyboard-response","246","2.0.0","523077","181954","testolin2020_replication","2025-11-22T06:31:39.659Z","15-16 inch laptop","1536","864","1536","730","1.25","18","November 28 11pm","true"
"numerosity_discrimination","1","47","164","20","14","0.7","j","189","<div style=""width:100vw;height:100vh;background-color:black;""></div>","f","html-keyboard-response","251","2.0.0","525528","181954","testolin2020_replication","2025-11-22T06:31:39.659Z","15-16 inch laptop","1536","864","1536","730","1.25","18","November 28 11pm","false"
"numerosity_discrimination","1","48","186","22","28","0.7857","j","129","<div style=""width:100vw;height:100vh;background-color:black;""></div>","j","html-keyboard-response","256","2.0.0","528320","181954","testolin2020_replication","2025-11-22T06:31:39.659Z","15-16 inch laptop","1536","864","1536","730","1.25","18","November 28 11pm","true"
"numerosity_discrimination","1","49","19","18","22","0.8182","j","107","<div style=""width:100vw;height:100vh;background-color:black;""></div>","j","html-keyboard-response","261","2.0.0","530996","181954","testolin2020_replication","2025-11-22T06:31:39.659Z","15-16 inch laptop","1536","864","1536","730","1.25","18","November 28 11pm","true"
"numerosity_discrimination","1","50","22","16","20","0.8","j","94","<div style=""width:100vw;height:100vh;background-color:black;""></div>","j","html-keyboard-response","266","2.0.0","533499","181954","testolin2020_replication","2025-11-22T06:31:39.659Z","15-16 inch laptop","1536","864","1536","730","1.25","18","November 28 11pm","true"
"numerosity_discrimination","1","51","285","11","22","0.5","j","30","<div style=""width:100vw;height:100vh;background-color:black;""></div>","j","html-keyboard-response","271","2.0.0","536077","181954","testolin2020_replication","2025-11-22T06:31:39.659Z","15-16 inch laptop","1536","864","1536","730","1.25","18","November 28 11pm","true"
"numerosity_discrimination","1","52","54","22","18","0.8182","j","283","<div style=""width:100vw;height:100vh;background-color:black;""></div>","f","html-keyboard-response","276","2.0.0","538720","181954","testolin2020_replication","2025-11-22T06:31:39.659Z","15-16 inch laptop","1536","864","1536","730","1.25","18","November 28 11pm","false"
"numerosity_discrimination","1","53","238","20","12","0.6","j","94","<div style=""width:100vw;height:100vh;background-color:black;""></div>","f","html-keyboard-response","281","2.0.0","541359","181954","testolin2020_replication","2025-11-22T06:31:39.659Z","15-16 inch laptop","1536","864","1536","730","1.25","18","November 28 11pm","false"
"numerosity_discrimination","1","54","124","16","12","0.75","j","318","<div style=""width:100vw;height:100vh;background-color:black;""></div>","f","html-keyboard-response","286","2.0.0","544158","181954","testolin2020_replication","2025-11-22T06:31:39.659Z","15-16 inch laptop","1536","864","1536","730","1.25","18","November 28 11pm","false"
"numerosity_discrimination","1","55","18","14","12","0.8571","j","212","<div style=""width:100vw;height:100vh;background-color:black;""></div>","j","html-keyboard-response","291","2.0.0","546939","181954","testolin2020_replication","2025-11-22T06:31:39.659Z","15-16 inch laptop","1536","864","1536","730","1.25","18","November 28 11pm","true"
"numerosity_discrimination","1","56","173","25","18","0.72","j","90","<div style=""width:100vw;height:100vh;background-color:black;""></div>","f","html-keyboard-response","296","2.0.0","549440","181954","testolin2020_replication","2025-11-22T06:31:39.659Z","15-16 inch laptop","1536","864","1536","730","1.25","18","November 28 11pm","false"
"numerosity_discrimination","1","57","63","9","8","0.8889","j","343","<div style=""width:100vw;height:100vh;background-color:black;""></div>","j","html-keyboard-response","301","2.0.0","552083","181954","testolin2020_replication","2025-11-22T06:31:39.659Z","15-16 inch laptop","1536","864","1536","730","1.25","18","November 28 11pm","true"
"numerosity_discrimination","1","58","159","20","28","0.7143","j","213","<div style=""width:100vw;height:100vh;background-color:black;""></div>","j","html-keyboard-response","306","2.0.0","554715","181954","testolin2020_replication","2025-11-22T06:31:39.659Z","15-16 inch laptop","1536","864","1536","730","1.25","18","November 28 11pm","true"
"numerosity_discrimination","1","59","265","18","28","0.6429","j","3343","<div style=""width:100vw;height:100vh;background-color:black;""></div>","f","html-keyboard-response","311","2.0.0","560591","181954","testolin2020_replication","2025-11-22T06:31:39.659Z","15-16 inch laptop","1536","864","1536","730","1.25","18","November 28 11pm","false"
"numerosity_discrimination","1","60","17","12","14","0.8571","j","3840","<div style=""width:100vw;height:100vh;background-color:black;""></div>","f","html-keyboard-response","316","2.0.0","566887","181954","testolin2020_replication","2025-11-22T06:31:39.659Z","15-16 inch laptop","1536","864","1536","730","1.25","18","November 28 11pm","false"
"numerosity_discrimination","1","61","140","11","8","0.7273","j","88","<div style=""width:100vw;height:100vh;background-color:black;""></div>","j","html-keyboard-response","321","2.0.0","569610","181954","testolin2020_replication","2025-11-22T06:31:39.659Z","15-16 inch laptop","1536","864","1536","730","1.25","18","November 28 11pm","true"
"numerosity_discrimination","1","62","208","9","7","0.7778","j","88","<div style=""width:100vw;height:100vh;background-color:black;""></div>","f","html-keyboard-response","326","2.0.0","572091","181954","testolin2020_replication","2025-11-22T06:31:39.659Z","15-16 inch laptop","1536","864","1536","730","1.25","18","November 28 11pm","false"
"numerosity_discrimination","1","63","53","18","22","0.8182","j","221","<div style=""width:100vw;height:100vh;background-color:black;""></div>","f","html-keyboard-response","331","2.0.0","574961","181954","testolin2020_replication","2025-11-22T06:31:39.659Z","15-16 inch laptop","1536","864","1536","730","1.25","18","November 28 11pm","false"
"numerosity_discrimination","1","64","126","9","7","0.7778","j","357","<div style=""width:100vw;height:100vh;background-color:black;""></div>","f","html-keyboard-response","336","2.0.0","577872","181954","testolin2020_replication","2025-11-22T06:31:39.659Z","15-16 inch laptop","1536","864","1536","730","1.25","18","November 28 11pm","false"
"numerosity_discrimination","1","65","88","12","10","0.8333","j","278","<div style=""width:100vw;height:100vh;background-color:black;""></div>","j","html-keyboard-response","341","2.0.0","580407","181954","testolin2020_replication","2025-11-22T06:31:39.659Z","15-16 inch laptop","1536","864","1536","730","1.25","18","November 28 11pm","true"
"numerosity_discrimination","1","66","116","28","25","0.8929","j","2","<div style=""width:100vw;height:100vh;background-color:black;""></div>","f","html-keyboard-response","346","2.0.0","582943","181954","testolin2020_replication","2025-11-22T06:31:39.659Z","15-16 inch laptop","1536","864","1536","730","1.25","18","November 28 11pm","false"
"numerosity_discrimination","1","67","4","12","14","0.8571","j","280","<div style=""width:100vw;height:100vh;background-color:black;""></div>","j","html-keyboard-response","351","2.0.0","585589","181954","testolin2020_replication","2025-11-22T06:31:39.659Z","15-16 inch laptop","1536","864","1536","730","1.25","18","November 28 11pm","true"
"numerosity_discrimination","1","68","287","25","14","0.56","j","3499","<div style=""width:100vw;height:100vh;background-color:black;""></div>","f","html-keyboard-response","356","2.0.0","591458","181954","testolin2020_replication","2025-11-22T06:31:39.659Z","15-16 inch laptop","1536","864","1536","730","1.25","18","November 28 11pm","false"
"numerosity_discrimination","1","69","119","12","10","0.8333","j","319","<div style=""width:100vw;height:100vh;background-color:black;""></div>","f","html-keyboard-response","361","2.0.0","594371","181954","testolin2020_replication","2025-11-22T06:31:39.659Z","15-16 inch laptop","1536","864","1536","730","1.25","18","November 28 11pm","false"
"numerosity_discrimination","1","70","122","8","11","0.7273","j","26","<div style=""width:100vw;height:100vh;background-color:black;""></div>","j","html-keyboard-response","366","2.0.0","596982","181954","testolin2020_replication","2025-11-22T06:31:39.659Z","15-16 inch laptop","1536","864","1536","730","1.25","18","November 28 11pm","true"
"numerosity_discrimination","1","71","194","7","9","0.7778","j","113","<div style=""width:100vw;height:100vh;background-color:black;""></div>","j","html-keyboard-response","371","2.0.0","599376","181954","testolin2020_replication","2025-11-22T06:31:39.659Z","15-16 inch laptop","1536","864","1536","730","1.25","18","November 28 11pm","true"
"numerosity_discrimination","1","72","75","12","14","0.8571","j","3129","<div style=""width:100vw;height:100vh;background-color:black;""></div>","f","html-keyboard-response","376","2.0.0","604759","181954","testolin2020_replication","2025-11-22T06:31:39.659Z","15-16 inch laptop","1536","864","1536","730","1.25","18","November 28 11pm","false"
"numerosity_discrimination","1","73","150","16","22","0.7273","j","29","<div style=""width:100vw;height:100vh;background-color:black;""></div>","j","html-keyboard-response","381","2.0.0","607183","181954","testolin2020_replication","2025-11-22T06:31:39.659Z","15-16 inch laptop","1536","864","1536","730","1.25","18","November 28 11pm","true"
"numerosity_discrimination","1","74","70","18","16","0.8889","j","430","<div style=""width:100vw;height:100vh;background-color:black;""></div>","f","html-keyboard-response","386","2.0.0","610238","181954","testolin2020_replication","2025-11-22T06:31:39.659Z","15-16 inch laptop","1536","864","1536","730","1.25","18","November 28 11pm","false"
"numerosity_discrimination","1","75","187","18","14","0.7778","j","230","<div style=""width:100vw;height:100vh;background-color:black;""></div>","f","html-keyboard-response","391","2.0.0","613014","181954","testolin2020_replication","2025-11-22T06:31:39.659Z","15-16 inch laptop","1536","864","1536","730","1.25","18","November 28 11pm","false"
"numerosity_discrimination","1","76","275","14","7","0.5","j","70","<div style=""width:100vw;height:100vh;background-color:black;""></div>","f","html-keyboard-response","396","2.0.0","615545","181954","testolin2020_replication","2025-11-22T06:31:39.659Z","15-16 inch laptop","1536","864","1536","730","1.25","18","November 28 11pm","false"
"numerosity_discrimination","1","77","192","22","28","0.7857","j","288","<div style=""width:100vw;height:100vh;background-color:black;""></div>","j","html-keyboard-response","401","2.0.0","618151","181954","testolin2020_replication","2025-11-22T06:31:39.659Z","15-16 inch laptop","1536","864","1536","730","1.25","18","November 28 11pm","true"
"numerosity_discrimination","1","78","225","14","22","0.6364","j","75","<div style=""width:100vw;height:100vh;background-color:black;""></div>","j","html-keyboard-response","406","2.0.0","620605","181954","testolin2020_replication","2025-11-22T06:31:39.659Z","15-16 inch laptop","1536","864","1536","730","1.25","18","November 28 11pm","true"
"numerosity_discrimination","1","79","59","14","12","0.8571","j","308","<div style=""width:100vw;height:100vh;background-color:black;""></div>","f","html-keyboard-response","411","2.0.0","623537","181954","testolin2020_replication","2025-11-22T06:31:39.659Z","15-16 inch laptop","1536","864","1536","730","1.25","18","November 28 11pm","false"
"numerosity_discrimination","1","80","239","22","14","0.6364","j","47","<div style=""width:100vw;height:100vh;background-color:black;""></div>","f","html-keyboard-response","416","2.0.0","626178","181954","testolin2020_replication","2025-11-22T06:31:39.659Z","15-16 inch laptop","1536","864","1536","730","1.25","18","November 28 11pm","false"
"numerosity_discrimination","1","81","226","14","9","0.6429","j","101","<div style=""width:100vw;height:100vh;background-color:black;""></div>","f","html-keyboard-response","421","2.0.0","628660","181954","testolin2020_replication","2025-11-22T06:31:39.659Z","15-16 inch laptop","1536","864","1536","730","1.25","18","November 28 11pm","false"
"numerosity_discrimination","1","82","259","18","11","0.6111","j","110","<div style=""width:100vw;height:100vh;background-color:black;""></div>","f","html-keyboard-response","426","2.0.0","631385","181954","testolin2020_replication","2025-11-22T06:31:39.659Z","15-16 inch laptop","1536","864","1536","730","1.25","18","November 28 11pm","false"
"numerosity_discrimination","1","83","184","18","14","0.7778","j","244","<div style=""width:100vw;height:100vh;background-color:black;""></div>","f","html-keyboard-response","431","2.0.0","634169","181954","testolin2020_replication","2025-11-22T06:31:39.659Z","15-16 inch laptop","1536","864","1536","730","1.25","18","November 28 11pm","false"
"numerosity_discrimination","1","84","100","28","25","0.8929","j","25","<div style=""width:100vw;height:100vh;background-color:black;""></div>","f","html-keyboard-response","436","2.0.0","636644","181954","testolin2020_replication","2025-11-22T06:31:39.659Z","15-16 inch laptop","1536","864","1536","730","1.25","18","November 28 11pm","false"
"numerosity_discrimination","1","85","38","14","16","0.875","j","150","<div style=""width:100vw;height:100vh;background-color:black;""></div>","j","html-keyboard-response","441","2.0.0","639429","181954","testolin2020_replication","2025-11-22T06:31:39.659Z","15-16 inch laptop","1536","864","1536","730","1.25","18","November 28 11pm","true"
"numerosity_discrimination","1","86","109","12","14","0.8571","j","372","<div style=""width:100vw;height:100vh;background-color:black;""></div>","j","html-keyboard-response","446","2.0.0","642306","181954","testolin2020_replication","2025-11-22T06:31:39.659Z","15-16 inch laptop","1536","864","1536","730","1.25","18","November 28 11pm","true"
"numerosity_discrimination","1","87","231","25","16","0.64","j","141","<div style=""width:100vw;height:100vh;background-color:black;""></div>","f","html-keyboard-response","451","2.0.0","645106","181954","testolin2020_replication","2025-11-22T06:31:39.659Z","15-16 inch laptop","1536","864","1536","730","1.25","18","November 28 11pm","false"
"numerosity_discrimination","1","88","282","8","14","0.5714","j","8","<div style=""width:100vw;height:100vh;background-color:black;""></div>","j","html-keyboard-response","456","2.0.0","647496","181954","testolin2020_replication","2025-11-22T06:31:39.659Z","15-16 inch laptop","1536","864","1536","730","1.25","18","November 28 11pm","true"
"numerosity_discrimination","1","89","37","20","16","0.8","j","18","<div style=""width:100vw;height:100vh;background-color:black;""></div>","f","html-keyboard-response","461","2.0.0","650091","181954","testolin2020_replication","2025-11-22T06:31:39.659Z","15-16 inch laptop","1536","864","1536","730","1.25","18","November 28 11pm","false"
"numerosity_discrimination","1","90","41","16","20","0.8","j","65","<div style=""width:100vw;height:100vh;background-color:black;""></div>","j","html-keyboard-response","466","2.0.0","652770","181954","testolin2020_replication","2025-11-22T06:31:39.659Z","15-16 inch laptop","1536","864","1536","730","1.25","18","November 28 11pm","true"
"numerosity_discrimination","1","91","11","8","10","0.8","j","239","<div style=""width:100vw;height:100vh;background-color:black;""></div>","j","html-keyboard-response","471","2.0.0","655249","181954","testolin2020_replication","2025-11-22T06:31:39.659Z","15-16 inch laptop","1536","864","1536","730","1.25","18","November 28 11pm","true"
"numerosity_discrimination","1","92","163","18","14","0.7778","j","39","<div style=""width:100vw;height:100vh;background-color:black;""></div>","f","html-keyboard-response","476","2.0.0","657791","181954","testolin2020_replication","2025-11-22T06:31:39.659Z","15-16 inch laptop","1536","864","1536","730","1.25","18","November 28 11pm","false"
"numerosity_discrimination","1","93","243","18","12","0.6667","j","6315","<div style=""width:100vw;height:100vh;background-color:black;""></div>","j","html-keyboard-response","481","2.0.0","666591","181954","testolin2020_replication","2025-11-22T06:31:39.659Z","15-16 inch laptop","1536","864","1536","730","1.25","18","November 28 11pm","true"
"numerosity_discrimination","1","94","290","12","22","0.5455","j","64","<div style=""width:100vw;height:100vh;background-color:black;""></div>","j","html-keyboard-response","486","2.0.0","668904","181954","testolin2020_replication","2025-11-22T06:31:39.659Z","15-16 inch laptop","1536","864","1536","730","1.25","18","November 28 11pm","true"
"numerosity_discrimination","1","95","281","12","7","0.5833","j","107","<div style=""width:100vw;height:100vh;background-color:black;""></div>","f","html-keyboard-response","491","2.0.0","671496","181954","testolin2020_replication","2025-11-22T06:31:39.659Z","15-16 inch laptop","1536","864","1536","730","1.25","18","November 28 11pm","false"
"numerosity_discrimination","1","96","134","16","12","0.75","j","3503","<div style=""width:100vw;height:100vh;background-color:black;""></div>","j","html-keyboard-response","496","2.0.0","677637","181954","testolin2020_replication","2025-11-22T06:31:39.659Z","15-16 inch laptop","1536","864","1536","730","1.25","18","November 28 11pm","true"
"numerosity_discrimination","1","97","123","12","16","0.75","j","72","<div style=""width:100vw;height:100vh;background-color:black;""></div>","j","html-keyboard-response","501","2.0.0","679938","181954","testolin2020_replication","2025-11-22T06:31:39.659Z","15-16 inch laptop","1536","864","1536","730","1.25","18","November 28 11pm","true"
"numerosity_discrimination","1","98","274","18","9","0.5","j","3733","<div style=""width:100vw;height:100vh;background-color:black;""></div>","f","html-keyboard-response","506","2.0.0","686004","181954","testolin2020_replication","2025-11-22T06:31:39.659Z","15-16 inch laptop","1536","864","1536","730","1.25","18","November 28 11pm","false"
"numerosity_discrimination","1","99","112","28","25","0.8929","j","184","<div style=""width:100vw;height:100vh;background-color:black;""></div>","j","html-keyboard-response","511","2.0.0","688761","181954","testolin2020_replication","2025-11-22T06:31:39.659Z","15-16 inch laptop","1536","864","1536","730","1.25","18","November 28 11pm","true"
"numerosity_discrimination","1","100","295","20","10","0.5","j","51","<div style=""width:100vw;height:100vh;background-color:black;""></div>","f","html-keyboard-response","516","2.0.0","691371","181954","testolin2020_replication","2025-11-22T06:31:39.659Z","15-16 inch laptop","1536","864","1536","730","1.25","18","November 28 11pm","false"
"numerosity_discrimination","2","101","46","18","22","0.8182","j","244","<div style=""width:100vw;height:100vh;background-color:black;""></div>","j","html-keyboard-response","523","2.0.0","761423","181954","testolin2020_replication","2025-11-22T06:31:39.659Z","15-16 inch laptop","1536","864","1536","730","1.25","18","November 28 11pm","true"
"numerosity_discrimination","2","102","77","7","8","0.875","j","127","<div style=""width:100vw;height:100vh;background-color:black;""></div>","j","html-keyboard-response","528","2.0.0","763828","181954","testolin2020_replication","2025-11-22T06:31:39.659Z","15-16 inch laptop","1536","864","1536","730","1.25","18","November 28 11pm","true"
"numerosity_discrimination","2","103","68","11","9","0.8182","j","352","<div style=""width:100vw;height:100vh;background-color:black;""></div>","j","html-keyboard-response","533","2.0.0","766505","181954","testolin2020_replication","2025-11-22T06:31:39.659Z","15-16 inch laptop","1536","864","1536","730","1.25","18","November 28 11pm","true"
"numerosity_discrimination","2","104","178","14","11","0.7857","j","3505","<div style=""width:100vw;height:100vh;background-color:black;""></div>","j","html-keyboard-response","538","2.0.0","772642","181954","testolin2020_replication","2025-11-22T06:31:39.659Z","15-16 inch laptop","1536","864","1536","730","1.25","18","November 28 11pm","true"
"numerosity_discrimination","2","105","30","11","9","0.8182","j","98","<div style=""width:100vw;height:100vh;background-color:black;""></div>","f","html-keyboard-response","543","2.0.0","775127","181954","testolin2020_replication","2025-11-22T06:31:39.659Z","15-16 inch laptop","1536","864","1536","730","1.25","18","November 28 11pm","false"
"numerosity_discrimination","2","106","86","22","25","0.88","j","248","<div style=""width:100vw;height:100vh;background-color:black;""></div>","j","html-keyboard-response","548","2.0.0","777956","181954","testolin2020_replication","2025-11-22T06:31:39.659Z","15-16 inch laptop","1536","864","1536","730","1.25","18","November 28 11pm","true"
"numerosity_discrimination","2","107","244","8","12","0.6667","j","5","<div style=""width:100vw;height:100vh;background-color:black;""></div>","j","html-keyboard-response","553","2.0.0","780506","181954","testolin2020_replication","2025-11-22T06:31:39.659Z","15-16 inch laptop","1536","864","1536","730","1.25","18","November 28 11pm","true"
"numerosity_discrimination","2","108","195","16","12","0.75","j","22","<div style=""width:100vw;height:100vh;background-color:black;""></div>","f","html-keyboard-response","558","2.0.0","782759","181954","testolin2020_replication","2025-11-22T06:31:39.659Z","15-16 inch laptop","1536","864","1536","730","1.25","18","November 28 11pm","false"
"numerosity_discrimination","2","109","78","11","9","0.8182","j","202","<div style=""width:100vw;height:100vh;background-color:black;""></div>","f","html-keyboard-response","563","2.0.0","785516","181954","testolin2020_replication","2025-11-22T06:31:39.659Z","15-16 inch laptop","1536","864","1536","730","1.25","18","November 28 11pm","false"
"numerosity_discrimination","2","110","6","16","18","0.8889","j","71","<div style=""width:100vw;height:100vh;background-color:black;""></div>","j","html-keyboard-response","568","2.0.0","788204","181954","testolin2020_replication","2025-11-22T06:31:39.659Z","15-16 inch laptop","1536","864","1536","730","1.25","18","November 28 11pm","true"
"numerosity_discrimination","2","111","185","20","28","0.7143","j","96","<div style=""width:100vw;height:100vh;background-color:black;""></div>","j","html-keyboard-response","573","2.0.0","790767","181954","testolin2020_replication","2025-11-22T06:31:39.659Z","15-16 inch laptop","1536","864","1536","730","1.25","18","November 28 11pm","true"
"numerosity_discrimination","2","112","148","25","18","0.72","j","166","<div style=""width:100vw;height:100vh;background-color:black;""></div>","f","html-keyboard-response","578","2.0.0","793223","181954","testolin2020_replication","2025-11-22T06:31:39.659Z","15-16 inch laptop","1536","864","1536","730","1.25","18","November 28 11pm","false"
"numerosity_discrimination","2","113","157","7","10","0.7","j","120","<div style=""width:100vw;height:100vh;background-color:black;""></div>","j","html-keyboard-response","583","2.0.0","795986","181954","testolin2020_replication","2025-11-22T06:31:39.659Z","15-16 inch laptop","1536","864","1536","730","1.25","18","November 28 11pm","true"
"numerosity_discrimination","2","114","141","20","14","0.7","j","81","<div style=""width:100vw;height:100vh;background-color:black;""></div>","f","html-keyboard-response","588","2.0.0","798466","181954","testolin2020_replication","2025-11-22T06:31:39.659Z","15-16 inch laptop","1536","864","1536","730","1.25","18","November 28 11pm","false"
"numerosity_discrimination","2","115","253","22","14","0.6364","j","12","<div style=""width:100vw;height:100vh;background-color:black;""></div>","f","html-keyboard-response","593","2.0.0","800776","181954","testolin2020_replication","2025-11-22T06:31:39.659Z","15-16 inch laptop","1536","864","1536","730","1.25","18","November 28 11pm","false"
"numerosity_discrimination","2","116","214","20","12","0.6","j","10","<div style=""width:100vw;height:100vh;background-color:black;""></div>","f","html-keyboard-response","598","2.0.0","803317","181954","testolin2020_replication","2025-11-22T06:31:39.659Z","15-16 inch laptop","1536","864","1536","730","1.25","18","November 28 11pm","false"
"numerosity_discrimination","2","117","102","8","7","0.875","j","234","<div style=""width:100vw;height:100vh;background-color:black;""></div>","f","html-keyboard-response","603","2.0.0","806151","181954","testolin2020_replication","2025-11-22T06:31:39.659Z","15-16 inch laptop","1536","864","1536","730","1.25","18","November 28 11pm","false"
"numerosity_discrimination","2","118","96","12","10","0.8333","j","17","<div style=""width:100vw;height:100vh;background-color:black;""></div>","f","html-keyboard-response","608","2.0.0","808859","181954","testolin2020_replication","2025-11-22T06:31:39.659Z","15-16 inch laptop","1536","864","1536","730","1.25","18","November 28 11pm","false"
"numerosity_discrimination","2","119","220","28","18","0.6429","j","14","<div style=""width:100vw;height:100vh;background-color:black;""></div>","f","html-keyboard-response","613","2.0.0","811064","181954","testolin2020_replication","2025-11-22T06:31:39.659Z","15-16 inch laptop","1536","864","1536","730","1.25","18","November 28 11pm","false"
"numerosity_discrimination","2","120","142","11","14","0.7857","j","124","<div style=""width:100vw;height:100vh;background-color:black;""></div>","j","html-keyboard-response","618","2.0.0","813704","181954","testolin2020_replication","2025-11-22T06:31:39.659Z","15-16 inch laptop","1536","864","1536","730","1.25","18","November 28 11pm","true"
"numerosity_discrimination","2","121","183","14","20","0.7","j","111","<div style=""width:100vw;height:100vh;background-color:black;""></div>","j","html-keyboard-response","623","2.0.0","816018","181954","testolin2020_replication","2025-11-22T06:31:39.659Z","15-16 inch laptop","1536","864","1536","730","1.25","18","November 28 11pm","true"
"numerosity_discrimination","2","122","291","11","20","0.55","j","54","<div style=""width:100vw;height:100vh;background-color:black;""></div>","j","html-keyboard-response","628","2.0.0","818444","181954","testolin2020_replication","2025-11-22T06:31:39.659Z","15-16 inch laptop","1536","864","1536","730","1.25","18","November 28 11pm","true"
"numerosity_discrimination","2","123","248","22","14","0.6364","j","5","<div style=""width:100vw;height:100vh;background-color:black;""></div>","f","html-keyboard-response","633","2.0.0","820693","181954","testolin2020_replication","2025-11-22T06:31:39.659Z","15-16 inch laptop","1536","864","1536","730","1.25","18","November 28 11pm","false"
"numerosity_discrimination","2","124","230","10","16","0.625","j","2513","<div style=""width:100vw;height:100vh;background-color:black;""></div>","f","html-keyboard-response","638","2.0.0","825672","181954","testolin2020_replication","2025-11-22T06:31:39.659Z","15-16 inch laptop","1536","864","1536","730","1.25","18","November 28 11pm","false"
"numerosity_discrimination","2","125","283","20","11","0.55","j","3339","<div style=""width:100vw;height:100vh;background-color:black;""></div>","j","html-keyboard-response","643","2.0.0","831650","181954","testolin2020_replication","2025-11-22T06:31:39.659Z","15-16 inch laptop","1536","864","1536","730","1.25","18","November 28 11pm","true"
"numerosity_discrimination","2","126","14","8","7","0.875","j","243","<div style=""width:100vw;height:100vh;background-color:black;""></div>","f","html-keyboard-response","648","2.0.0","834585","181954","testolin2020_replication","2025-11-22T06:31:39.659Z","15-16 inch laptop","1536","864","1536","730","1.25","18","November 28 11pm","false"
"numerosity_discrimination","2","127","297","18","10","0.5556","j","2510","<div style=""width:100vw;height:100vh;background-color:black;""></div>","j","html-keyboard-response","653","2.0.0","839431","181954","testolin2020_replication","2025-11-22T06:31:39.659Z","15-16 inch laptop","1536","864","1536","730","1.25","18","November 28 11pm","true"
"numerosity_discrimination","2","128","250","18","12","0.6667","j","26","<div style=""width:100vw;height:100vh;background-color:black;""></div>","f","html-keyboard-response","658","2.0.0","841811","181954","testolin2020_replication","2025-11-22T06:31:39.659Z","15-16 inch laptop","1536","864","1536","730","1.25","18","November 28 11pm","false"
"numerosity_discrimination","2","129","79","16","18","0.8889","j","3657","<div style=""width:100vw;height:100vh;background-color:black;""></div>","j","html-keyboard-response","663","2.0.0","848122","181954","testolin2020_replication","2025-11-22T06:31:39.659Z","15-16 inch laptop","1536","864","1536","730","1.25","18","November 28 11pm","true"
"numerosity_discrimination","2","130","171","12","9","0.75","j","3112","<div style=""width:100vw;height:100vh;background-color:black;""></div>","j","html-keyboard-response","668","2.0.0","853875","181954","testolin2020_replication","2025-11-22T06:31:39.659Z","15-16 inch laptop","1536","864","1536","730","1.25","18","November 28 11pm","true"
"numerosity_discrimination","2","131","8","16","14","0.875","j","5428","<div style=""width:100vw;height:100vh;background-color:black;""></div>","f","html-keyboard-response","673","2.0.0","861583","181954","testolin2020_replication","2025-11-22T06:31:39.659Z","15-16 inch laptop","1536","864","1536","730","1.25","18","November 28 11pm","false"
"numerosity_discrimination","2","132","107","16","18","0.8889","j","42","<div style=""width:100vw;height:100vh;background-color:black;""></div>","j","html-keyboard-response","678","2.0.0","864172","181954","testolin2020_replication","2025-11-22T06:31:39.659Z","15-16 inch laptop","1536","864","1536","730","1.25","18","November 28 11pm","true"
"numerosity_discrimination","2","133","99","22","18","0.8182","j","772","<div style=""width:100vw;height:100vh;background-color:black;""></div>","f","html-keyboard-response","683","2.0.0","867434","181954","testolin2020_replication","2025-11-22T06:31:39.659Z","15-16 inch laptop","1536","864","1536","730","1.25","18","November 28 11pm","false"
"numerosity_discrimination","2","134","224","9","14","0.6429","j","8","<div style=""width:100vw;height:100vh;background-color:black;""></div>","j","html-keyboard-response","688","2.0.0","869838","181954","testolin2020_replication","2025-11-22T06:31:39.659Z","15-16 inch laptop","1536","864","1536","730","1.25","18","November 28 11pm","true"
"numerosity_discrimination","2","135","151","9","7","0.7778","j","129","<div style=""width:100vw;height:100vh;background-color:black;""></div>","f","html-keyboard-response","693","2.0.0","872334","181954","testolin2020_replication","2025-11-22T06:31:39.659Z","15-16 inch laptop","1536","864","1536","730","1.25","18","November 28 11pm","false"
"numerosity_discrimination","2","136","133","10","14","0.7143","j","34","<div style=""width:100vw;height:100vh;background-color:black;""></div>","j","html-keyboard-response","698","2.0.0","875046","181954","testolin2020_replication","2025-11-22T06:31:39.659Z","15-16 inch laptop","1536","864","1536","730","1.25","18","November 28 11pm","true"
"numerosity_discrimination","2","137","258","14","22","0.6364","j","70","<div style=""width:100vw;height:100vh;background-color:black;""></div>","j","html-keyboard-response","703","2.0.0","877692","181954","testolin2020_replication","2025-11-22T06:31:39.659Z","15-16 inch laptop","1536","864","1536","730","1.25","18","November 28 11pm","true"
"numerosity_discrimination","2","138","82","16","14","0.875","j","153","<div style=""width:100vw;height:100vh;background-color:black;""></div>","f","html-keyboard-response","708","2.0.0","880370","181954","testolin2020_replication","2025-11-22T06:31:39.659Z","15-16 inch laptop","1536","864","1536","730","1.25","18","November 28 11pm","false"
"numerosity_discrimination","2","139","146","10","14","0.7143","j","3465","<div style=""width:100vw;height:100vh;background-color:black;""></div>","j","html-keyboard-response","713","2.0.0","886244","181954","testolin2020_replication","2025-11-22T06:31:39.659Z","15-16 inch laptop","1536","864","1536","730","1.25","18","November 28 11pm","true"
"numerosity_discrimination","2","140","215","16","11","0.6875","j","4450","<div style=""width:100vw;height:100vh;background-color:black;""></div>","j","html-keyboard-response","718","2.0.0","893121","181954","testolin2020_replication","2025-11-22T06:31:39.659Z","15-16 inch laptop","1536","864","1536","730","1.25","18","November 28 11pm","true"
"numerosity_discrimination","2","141","209","9","7","0.7778","j","12","<div style=""width:100vw;height:100vh;background-color:black;""></div>","f","html-keyboard-response","723","2.0.0","895567","181954","testolin2020_replication","2025-11-22T06:31:39.659Z","15-16 inch laptop","1536","864","1536","730","1.25","18","November 28 11pm","false"
"numerosity_discrimination","2","142","156","12","16","0.75","j","136","<div style=""width:100vw;height:100vh;background-color:black;""></div>","j","html-keyboard-response","728","2.0.0","898086","181954","testolin2020_replication","2025-11-22T06:31:39.659Z","15-16 inch laptop","1536","864","1536","730","1.25","18","November 28 11pm","true"
"numerosity_discrimination","2","143","181","10","14","0.7143","j","271","<div style=""width:100vw;height:100vh;background-color:black;""></div>","f","html-keyboard-response","733","2.0.0","900726","181954","testolin2020_replication","2025-11-22T06:31:39.659Z","15-16 inch laptop","1536","864","1536","730","1.25","18","November 28 11pm","false"
"numerosity_discrimination","2","144","270","14","22","0.6364","j","65","<div style=""width:100vw;height:100vh;background-color:black;""></div>","j","html-keyboard-response","738","2.0.0","903455","181954","testolin2020_replication","2025-11-22T06:31:39.659Z","15-16 inch laptop","1536","864","1536","730","1.25","18","November 28 11pm","true"
"numerosity_discrimination","2","145","293","7","12","0.5833","j","33","<div style=""width:100vw;height:100vh;background-color:black;""></div>","j","html-keyboard-response","743","2.0.0","905868","181954","testolin2020_replication","2025-11-22T06:31:39.659Z","15-16 inch laptop","1536","864","1536","730","1.25","18","November 28 11pm","true"
"numerosity_discrimination","2","146","154","11","14","0.7857","j","2719","<div style=""width:100vw;height:100vh;background-color:black;""></div>","j","html-keyboard-response","748","2.0.0","910833","181954","testolin2020_replication","2025-11-22T06:31:39.659Z","15-16 inch laptop","1536","864","1536","730","1.25","18","November 28 11pm","true"
"numerosity_discrimination","2","147","137","10","7","0.7","j","3654","<div style=""width:100vw;height:100vh;background-color:black;""></div>","j","html-keyboard-response","753","2.0.0","916992","181954","testolin2020_replication","2025-11-22T06:31:39.659Z","15-16 inch laptop","1536","864","1536","730","1.25","18","November 28 11pm","true"
"numerosity_discrimination","2","148","95","9","8","0.8889","j","158","<div style=""width:100vw;height:100vh;background-color:black;""></div>","f","html-keyboard-response","758","2.0.0","919678","181954","testolin2020_replication","2025-11-22T06:31:39.659Z","15-16 inch laptop","1536","864","1536","730","1.25","18","November 28 11pm","false"
"numerosity_discrimination","2","149","240","20","12","0.6","j","126","<div style=""width:100vw;height:100vh;background-color:black;""></div>","f","html-keyboard-response","763","2.0.0","922225","181954","testolin2020_replication","2025-11-22T06:31:39.659Z","15-16 inch laptop","1536","864","1536","730","1.25","18","November 28 11pm","false"
"numerosity_discrimination","2","150","191","28","20","0.7143","j","2835","<div style=""width:100vw;height:100vh;background-color:black;""></div>","j","html-keyboard-response","768","2.0.0","927682","181954","testolin2020_replication","2025-11-22T06:31:39.659Z","15-16 inch laptop","1536","864","1536","730","1.25","18","November 28 11pm","true"
"numerosity_discrimination","2","151","162","16","22","0.7273","j","71","<div style=""width:100vw;height:100vh;background-color:black;""></div>","j","html-keyboard-response","773","2.0.0","930008","181954","testolin2020_replication","2025-11-22T06:31:39.659Z","15-16 inch laptop","1536","864","1536","730","1.25","18","November 28 11pm","true"
"numerosity_discrimination","2","152","64","9","11","0.8182","j","286","<div style=""width:100vw;height:100vh;background-color:black;""></div>","f","html-keyboard-response","778","2.0.0","932553","181954","testolin2020_replication","2025-11-22T06:31:39.659Z","15-16 inch laptop","1536","864","1536","730","1.25","18","November 28 11pm","false"
"numerosity_discrimination","2","153","58","18","22","0.8182","j","2","<div style=""width:100vw;height:100vh;background-color:black;""></div>","f","html-keyboard-response","783","2.0.0","935049","181954","testolin2020_replication","2025-11-22T06:31:39.659Z","15-16 inch laptop","1536","864","1536","730","1.25","18","November 28 11pm","false"
"numerosity_discrimination","2","154","66","9","11","0.8182","j","198","<div style=""width:100vw;height:100vh;background-color:black;""></div>","j","html-keyboard-response","788","2.0.0","937723","181954","testolin2020_replication","2025-11-22T06:31:39.659Z","15-16 inch laptop","1536","864","1536","730","1.25","18","November 28 11pm","true"
"numerosity_discrimination","2","155","266","7","11","0.6364","j","18","<div style=""width:100vw;height:100vh;background-color:black;""></div>","j","html-keyboard-response","793","2.0.0","940244","181954","testolin2020_replication","2025-11-22T06:31:39.659Z","15-16 inch laptop","1536","864","1536","730","1.25","18","November 28 11pm","true"
"numerosity_discrimination","2","156","90","7","8","0.875","j","61","<div style=""width:100vw;height:100vh;background-color:black;""></div>","j","html-keyboard-response","798","2.0.0","942730","181954","testolin2020_replication","2025-11-22T06:31:39.659Z","15-16 inch laptop","1536","864","1536","730","1.25","18","November 28 11pm","true"
"numerosity_discrimination","2","157","74","12","10","0.8333","j","287","<div style=""width:100vw;height:100vh;background-color:black;""></div>","f","html-keyboard-response","803","2.0.0","945443","181954","testolin2020_replication","2025-11-22T06:31:39.659Z","15-16 inch laptop","1536","864","1536","730","1.25","18","November 28 11pm","false"
"numerosity_discrimination","2","158","288","18","10","0.5556","j","37","<div style=""width:100vw;height:100vh;background-color:black;""></div>","f","html-keyboard-response","808","2.0.0","947965","181954","testolin2020_replication","2025-11-22T06:31:39.659Z","15-16 inch laptop","1536","864","1536","730","1.25","18","November 28 11pm","false"
"numerosity_discrimination","2","159","85","7","8","0.875","j","2683","<div style=""width:100vw;height:100vh;background-color:black;""></div>","f","html-keyboard-response","813","2.0.0","953017","181954","testolin2020_replication","2025-11-22T06:31:39.659Z","15-16 inch laptop","1536","864","1536","730","1.25","18","November 28 11pm","false"
"numerosity_discrimination","2","160","87","14","16","0.875","j","3227","<div style=""width:100vw;height:100vh;background-color:black;""></div>","f","html-keyboard-response","818","2.0.0","958750","181954","testolin2020_replication","2025-11-22T06:31:39.659Z","15-16 inch laptop","1536","864","1536","730","1.25","18","November 28 11pm","false"
"numerosity_discrimination","2","161","205","14","11","0.7857","j","120","<div style=""width:100vw;height:100vh;background-color:black;""></div>","f","html-keyboard-response","823","2.0.0","961117","181954","testolin2020_replication","2025-11-22T06:31:39.659Z","15-16 inch laptop","1536","864","1536","730","1.25","18","November 28 11pm","false"
"numerosity_discrimination","2","162","83","7","8","0.875","j","3044","<div style=""width:100vw;height:100vh;background-color:black;""></div>","f","html-keyboard-response","828","2.0.0","966507","181954","testolin2020_replication","2025-11-22T06:31:39.659Z","15-16 inch laptop","1536","864","1536","730","1.25","18","November 28 11pm","false"
"numerosity_discrimination","2","163","292","8","14","0.5714","j","3191","<div style=""width:100vw;height:100vh;background-color:black;""></div>","j","html-keyboard-response","833","2.0.0","971985","181954","testolin2020_replication","2025-11-22T06:31:39.659Z","15-16 inch laptop","1536","864","1536","730","1.25","18","November 28 11pm","true"
"numerosity_discrimination","2","164","24","12","10","0.8333","j","182","<div style=""width:100vw;height:100vh;background-color:black;""></div>","j","html-keyboard-response","838","2.0.0","974650","181954","testolin2020_replication","2025-11-22T06:31:39.659Z","15-16 inch laptop","1536","864","1536","730","1.25","18","November 28 11pm","true"
"numerosity_discrimination","2","165","114","20","16","0.8","j","9","<div style=""width:100vw;height:100vh;background-color:black;""></div>","j","html-keyboard-response","843","2.0.0","976847","181954","testolin2020_replication","2025-11-22T06:31:39.659Z","15-16 inch laptop","1536","864","1536","730","1.25","18","November 28 11pm","true"
"numerosity_discrimination","2","166","20","7","8","0.875","j","58","<div style=""width:100vw;height:100vh;background-color:black;""></div>","j","html-keyboard-response","848","2.0.0","979148","181954","testolin2020_replication","2025-11-22T06:31:39.659Z","15-16 inch laptop","1536","864","1536","730","1.25","18","November 28 11pm","true"
"numerosity_discrimination","2","167","36","9","11","0.8182","j","3041","<div style=""width:100vw;height:100vh;background-color:black;""></div>","f","html-keyboard-response","853","2.0.0","984819","181954","testolin2020_replication","2025-11-22T06:31:39.659Z","15-16 inch laptop","1536","864","1536","730","1.25","18","November 28 11pm","false"
"numerosity_discrimination","2","168","131","11","14","0.7857","j","334","<div style=""width:100vw;height:100vh;background-color:black;""></div>","j","html-keyboard-response","858","2.0.0","987477","181954","testolin2020_replication","2025-11-22T06:31:39.659Z","15-16 inch laptop","1536","864","1536","730","1.25","18","November 28 11pm","true"
"numerosity_discrimination","2","169","190","18","14","0.7778","j","5521","<div style=""width:100vw;height:100vh;background-color:black;""></div>","j","html-keyboard-response","863","2.0.0","995642","181954","testolin2020_replication","2025-11-22T06:31:39.659Z","15-16 inch laptop","1536","864","1536","730","1.25","18","November 28 11pm","true"
"numerosity_discrimination","2","170","129","12","9","0.75","j","3404","<div style=""width:100vw;height:100vh;background-color:black;""></div>","f","html-keyboard-response","868","2.0.0","1001276","181954","testolin2020_replication","2025-11-22T06:31:39.659Z","15-16 inch laptop","1536","864","1536","730","1.25","18","November 28 11pm","false"
"numerosity_discrimination","2","171","12","20","16","0.8","j","2810","<div style=""width:100vw;height:100vh;background-color:black;""></div>","f","html-keyboard-response","873","2.0.0","1006455","181954","testolin2020_replication","2025-11-22T06:31:39.659Z","15-16 inch laptop","1536","864","1536","730","1.25","18","November 28 11pm","false"
"numerosity_discrimination","2","172","42","22","25","0.88","j","4616","<div style=""width:100vw;height:100vh;background-color:black;""></div>","f","html-keyboard-response","878","2.0.0","1013544","181954","testolin2020_replication","2025-11-22T06:31:39.659Z","15-16 inch laptop","1536","864","1536","730","1.25","18","November 28 11pm","false"
"numerosity_discrimination","2","173","127","14","10","0.7143","j","36","<div style=""width:100vw;height:100vh;background-color:black;""></div>","f","html-keyboard-response","883","2.0.0","1015775","181954","testolin2020_replication","2025-11-22T06:31:39.659Z","15-16 inch laptop","1536","864","1536","730","1.25","18","November 28 11pm","false"
"numerosity_discrimination","2","174","13","7","8","0.875","j","197","<div style=""width:100vw;height:100vh;background-color:black;""></div>","j","html-keyboard-response","888","2.0.0","1018263","181954","testolin2020_replication","2025-11-22T06:31:39.659Z","15-16 inch laptop","1536","864","1536","730","1.25","18","November 28 11pm","true"
"numerosity_discrimination","2","175","196","12","16","0.75","j","168","<div style=""width:100vw;height:100vh;background-color:black;""></div>","j","html-keyboard-response","893","2.0.0","1020687","181954","testolin2020_replication","2025-11-22T06:31:39.659Z","15-16 inch laptop","1536","864","1536","730","1.25","18","November 28 11pm","true"
"numerosity_discrimination","2","176","210","14","11","0.7857","j","2955","<div style=""width:100vw;height:100vh;background-color:black;""></div>","j","html-keyboard-response","898","2.0.0","1026220","181954","testolin2020_replication","2025-11-22T06:31:39.659Z","15-16 inch laptop","1536","864","1536","730","1.25","18","November 28 11pm","true"
"numerosity_discrimination","2","177","65","12","14","0.8571","j","97","<div style=""width:100vw;height:100vh;background-color:black;""></div>","j","html-keyboard-response","903","2.0.0","1028624","181954","testolin2020_replication","2025-11-22T06:31:39.659Z","15-16 inch laptop","1536","864","1536","730","1.25","18","November 28 11pm","true"
"numerosity_discrimination","2","178","121","12","16","0.75","j","124","<div style=""width:100vw;height:100vh;background-color:black;""></div>","j","html-keyboard-response","908","2.0.0","1030945","181954","testolin2020_replication","2025-11-22T06:31:39.659Z","15-16 inch laptop","1536","864","1536","730","1.25","18","November 28 11pm","true"
"numerosity_discrimination","2","179","76","8","7","0.875","j","88","<div style=""width:100vw;height:100vh;background-color:black;""></div>","f","html-keyboard-response","913","2.0.0","1033398","181954","testolin2020_replication","2025-11-22T06:31:39.659Z","15-16 inch laptop","1536","864","1536","730","1.25","18","November 28 11pm","false"
"numerosity_discrimination","2","180","174","22","16","0.7273","j","18","<div style=""width:100vw;height:100vh;background-color:black;""></div>","f","html-keyboard-response","918","2.0.0","1035906","181954","testolin2020_replication","2025-11-22T06:31:39.659Z","15-16 inch laptop","1536","864","1536","730","1.25","18","November 28 11pm","false"
"numerosity_discrimination","2","181","273","18","9","0.5","j","2675","<div style=""width:100vw;height:100vh;background-color:black;""></div>","f","html-keyboard-response","923","2.0.0","1040968","181954","testolin2020_replication","2025-11-22T06:31:39.659Z","15-16 inch laptop","1536","864","1536","730","1.25","18","November 28 11pm","false"
"numerosity_discrimination","2","182","176","10","14","0.7143","j","3212","<div style=""width:100vw;height:100vh;background-color:black;""></div>","j","html-keyboard-response","928","2.0.0","1046710","181954","testolin2020_replication","2025-11-22T06:31:39.659Z","15-16 inch laptop","1536","864","1536","730","1.25","18","November 28 11pm","true"
"numerosity_discrimination","2","183","50","14","16","0.875","j","163","<div style=""width:100vw;height:100vh;background-color:black;""></div>","j","html-keyboard-response","933","2.0.0","1049422","181954","testolin2020_replication","2025-11-22T06:31:39.659Z","15-16 inch laptop","1536","864","1536","730","1.25","18","November 28 11pm","true"
"numerosity_discrimination","2","184","145","12","9","0.75","j","7","<div style=""width:100vw;height:100vh;background-color:black;""></div>","f","html-keyboard-response","938","2.0.0","1051675","181954","testolin2020_replication","2025-11-22T06:31:39.659Z","15-16 inch laptop","1536","864","1536","730","1.25","18","November 28 11pm","false"
"numerosity_discrimination","2","185","219","9","14","0.6429","j","2678","<div style=""width:100vw;height:100vh;background-color:black;""></div>","f","html-keyboard-response","943","2.0.0","1056591","181954","testolin2020_replication","2025-11-22T06:31:39.659Z","15-16 inch laptop","1536","864","1536","730","1.25","18","November 28 11pm","false"
"numerosity_discrimination","2","186","3","16","14","0.875","j","565","<div style=""width:100vw;height:100vh;background-color:black;""></div>","f","html-keyboard-response","948","2.0.0","1059646","181954","testolin2020_replication","2025-11-22T06:31:39.659Z","15-16 inch laptop","1536","864","1536","730","1.25","18","November 28 11pm","false"
"numerosity_discrimination","2","187","201","20","14","0.7","j","53","<div style=""width:100vw;height:100vh;background-color:black;""></div>","f","html-keyboard-response","953","2.0.0","1061960","181954","testolin2020_replication","2025-11-22T06:31:39.659Z","15-16 inch laptop","1536","864","1536","730","1.25","18","November 28 11pm","false"
"numerosity_discrimination","2","188","44","20","16","0.8","j","2856","<div style=""width:100vw;height:100vh;background-color:black;""></div>","j","html-keyboard-response","958","2.0.0","1067200","181954","testolin2020_replication","2025-11-22T06:31:39.659Z","15-16 inch laptop","1536","864","1536","730","1.25","18","November 28 11pm","true"
"numerosity_discrimination","2","189","136","10","14","0.7143","j","4831","<div style=""width:100vw;height:100vh;background-color:black;""></div>","f","html-keyboard-response","963","2.0.0","1074252","181954","testolin2020_replication","2025-11-22T06:31:39.659Z","15-16 inch laptop","1536","864","1536","730","1.25","18","November 28 11pm","false"
"numerosity_discrimination","2","190","237","20","12","0.6","j","2983","<div style=""width:100vw;height:100vh;background-color:black;""></div>","j","html-keyboard-response","968","2.0.0","1079560","181954","testolin2020_replication","2025-11-22T06:31:39.659Z","15-16 inch laptop","1536","864","1536","730","1.25","18","November 28 11pm","true"
"numerosity_discrimination","2","191","294","7","12","0.5833","j","4276","<div style=""width:100vw;height:100vh;background-color:black;""></div>","f","html-keyboard-response","973","2.0.0","1086414","181954","testolin2020_replication","2025-11-22T06:31:39.659Z","15-16 inch laptop","1536","864","1536","730","1.25","18","November 28 11pm","false"
"numerosity_discrimination","2","192","21","22","18","0.8182","j","304","<div style=""width:100vw;height:100vh;background-color:black;""></div>","f","html-keyboard-response","978","2.0.0","1089045","181954","testolin2020_replication","2025-11-22T06:31:39.659Z","15-16 inch laptop","1536","864","1536","730","1.25","18","November 28 11pm","false"
"numerosity_discrimination","2","193","125","11","14","0.7857","j","145","<div style=""width:100vw;height:100vh;background-color:black;""></div>","j","html-keyboard-response","983","2.0.0","1091638","181954","testolin2020_replication","2025-11-22T06:31:39.659Z","15-16 inch laptop","1536","864","1536","730","1.25","18","November 28 11pm","true"
"numerosity_discrimination","2","194","228","11","16","0.6875","j","174","<div style=""width:100vw;height:100vh;background-color:black;""></div>","j","html-keyboard-response","988","2.0.0","1094153","181954","testolin2020_replication","2025-11-22T06:31:39.659Z","15-16 inch laptop","1536","864","1536","730","1.25","18","November 28 11pm","true"
"numerosity_discrimination","2","195","111","11","9","0.8182","j","67","<div style=""width:100vw;height:100vh;background-color:black;""></div>","f","html-keyboard-response","993","2.0.0","1096624","181954","testolin2020_replication","2025-11-22T06:31:39.659Z","15-16 inch laptop","1536","864","1536","730","1.25","18","November 28 11pm","false"
"numerosity_discrimination","2","196","62","12","14","0.8571","j","130","<div style=""width:100vw;height:100vh;background-color:black;""></div>","j","html-keyboard-response","998","2.0.0","1099302","181954","testolin2020_replication","2025-11-22T06:31:39.659Z","15-16 inch laptop","1536","864","1536","730","1.25","18","November 28 11pm","true"
"numerosity_discrimination","2","197","153","16","22","0.7273","j","65","<div style=""width:100vw;height:100vh;background-color:black;""></div>","j","html-keyboard-response","1003","2.0.0","1101918","181954","testolin2020_replication","2025-11-22T06:31:39.659Z","15-16 inch laptop","1536","864","1536","730","1.25","18","November 28 11pm","true"
"numerosity_discrimination","2","198","199","20","28","0.7143","j","90","<div style=""width:100vw;height:100vh;background-color:black;""></div>","j","html-keyboard-response","1008","2.0.0","1104261","181954","testolin2020_replication","2025-11-22T06:31:39.659Z","15-16 inch laptop","1536","864","1536","730","1.25","18","November 28 11pm","true"
"numerosity_discrimination","2","199","132","20","14","0.7","j","72","<div style=""width:100vw;height:100vh;background-color:black;""></div>","f","html-keyboard-response","1013","2.0.0","1106851","181954","testolin2020_replication","2025-11-22T06:31:39.659Z","15-16 inch laptop","1536","864","1536","730","1.25","18","November 28 11pm","false"
"numerosity_discrimination","2","200","84","7","8","0.875","j","4532","<div style=""width:100vw;height:100vh;background-color:black;""></div>","f","html-keyboard-response","1018","2.0.0","1114075","181954","testolin2020_replication","2025-11-22T06:31:39.659Z","15-16 inch laptop","1536","864","1536","730","1.25","18","November 28 11pm","false"
"numerosity_discrimination","3","201","300","9","16","0.5625","j","181","<div style=""width:100vw;height:100vh;background-color:black;""></div>","j","html-keyboard-response","1025","2.0.0","1199841","181954","testolin2020_replication","2025-11-22T06:31:39.659Z","15-16 inch laptop","1536","864","1536","730","1.25","18","November 28 11pm","true"
"numerosity_discrimination","3","202","234","14","9","0.6429","j","89","<div style=""width:100vw;height:100vh;background-color:black;""></div>","f","html-keyboard-response","1030","2.0.0","1202243","181954","testolin2020_replication","2025-11-22T06:31:39.659Z","15-16 inch laptop","1536","864","1536","730","1.25","18","November 28 11pm","false"
"numerosity_discrimination","3","203","5","22","18","0.8182","j","82","<div style=""width:100vw;height:100vh;background-color:black;""></div>","f","html-keyboard-response","1035","2.0.0","1204712","181954","testolin2020_replication","2025-11-22T06:31:39.659Z","15-16 inch laptop","1536","864","1536","730","1.25","18","November 28 11pm","false"
"numerosity_discrimination","3","204","170","12","16","0.75","j","26","<div style=""width:100vw;height:100vh;background-color:black;""></div>","j","html-keyboard-response","1040","2.0.0","1207362","181954","testolin2020_replication","2025-11-22T06:31:39.659Z","15-16 inch laptop","1536","864","1536","730","1.25","18","November 28 11pm","true"
"numerosity_discrimination","3","205","28","8","9","0.8889","j","2974","<div style=""width:100vw;height:100vh;background-color:black;""></div>","f","html-keyboard-response","1045","2.0.0","1212991","181954","testolin2020_replication","2025-11-22T06:31:39.659Z","15-16 inch laptop","1536","864","1536","730","1.25","18","November 28 11pm","false"
"numerosity_discrimination","3","206","284","14","28","0.5","j","2345","<div style=""width:100vw;height:100vh;background-color:black;""></div>","j","html-keyboard-response","1050","2.0.0","1217731","181954","testolin2020_replication","2025-11-22T06:31:39.659Z","15-16 inch laptop","1536","864","1536","730","1.25","18","November 28 11pm","true"
"numerosity_discrimination","3","207","29","12","14","0.8571","j","301","<div style=""width:100vw;height:100vh;background-color:black;""></div>","j","html-keyboard-response","1055","2.0.0","1220509","181954","testolin2020_replication","2025-11-22T06:31:39.659Z","15-16 inch laptop","1536","864","1536","730","1.25","18","November 28 11pm","true"
"numerosity_discrimination","3","208","93","8","10","0.8","j","134","<div style=""width:100vw;height:100vh;background-color:black;""></div>","j","html-keyboard-response","1060","2.0.0","1223046","181954","testolin2020_replication","2025-11-22T06:31:39.659Z","15-16 inch laptop","1536","864","1536","730","1.25","18","November 28 11pm","true"
"numerosity_discrimination","3","209","257","10","16","0.625","j","37","<div style=""width:100vw;height:100vh;background-color:black;""></div>","j","html-keyboard-response","1065","2.0.0","1225386","181954","testolin2020_replication","2025-11-22T06:31:39.659Z","15-16 inch laptop","1536","864","1536","730","1.25","18","November 28 11pm","true"
"numerosity_discrimination","3","210","16","20","16","0.8","j","43","<div style=""width:100vw;height:100vh;background-color:black;""></div>","f","html-keyboard-response","1070","2.0.0","1227723","181954","testolin2020_replication","2025-11-22T06:31:39.659Z","15-16 inch laptop","1536","864","1536","730","1.25","18","November 28 11pm","false"
"numerosity_discrimination","3","211","189","16","22","0.7273","j","37","<div style=""width:100vw;height:100vh;background-color:black;""></div>","j","html-keyboard-response","1075","2.0.0","1230310","181954","testolin2020_replication","2025-11-22T06:31:39.659Z","15-16 inch laptop","1536","864","1536","730","1.25","18","November 28 11pm","true"
"numerosity_discrimination","3","212","135","9","12","0.75","j","123","<div style=""width:100vw;height:100vh;background-color:black;""></div>","j","html-keyboard-response","1080","2.0.0","1232991","181954","testolin2020_replication","2025-11-22T06:31:39.659Z","15-16 inch laptop","1536","864","1536","730","1.25","18","November 28 11pm","true"
"numerosity_discrimination","3","213","260","25","16","0.64","j","95","<div style=""width:100vw;height:100vh;background-color:black;""></div>","f","html-keyboard-response","1085","2.0.0","1235714","181954","testolin2020_replication","2025-11-22T06:31:39.659Z","15-16 inch laptop","1536","864","1536","730","1.25","18","November 28 11pm","false"
"numerosity_discrimination","3","214","241","7","11","0.6364","j","110","<div style=""width:100vw;height:100vh;background-color:black;""></div>","j","html-keyboard-response","1090","2.0.0","1238167","181954","testolin2020_replication","2025-11-22T06:31:39.659Z","15-16 inch laptop","1536","864","1536","730","1.25","18","November 28 11pm","true"
"numerosity_discrimination","3","215","182","12","9","0.75","j","309","<div style=""width:100vw;height:100vh;background-color:black;""></div>","f","html-keyboard-response","1095","2.0.0","1240883","181954","testolin2020_replication","2025-11-22T06:31:39.659Z","15-16 inch laptop","1536","864","1536","730","1.25","18","November 28 11pm","false"
"numerosity_discrimination","3","216","15","20","25","0.8","j","3624","<div style=""width:100vw;height:100vh;background-color:black;""></div>","f","html-keyboard-response","1100","2.0.0","1246895","181954","testolin2020_replication","2025-11-22T06:31:39.659Z","15-16 inch laptop","1536","864","1536","730","1.25","18","November 28 11pm","false"
"numerosity_discrimination","3","217","247","11","16","0.6875","j","234","<div style=""width:100vw;height:100vh;background-color:black;""></div>","j","html-keyboard-response","1105","2.0.0","1249801","181954","testolin2020_replication","2025-11-22T06:31:39.659Z","15-16 inch laptop","1536","864","1536","730","1.25","18","November 28 11pm","true"
"numerosity_discrimination","3","218","117","22","18","0.8182","j","77","<div style=""width:100vw;height:100vh;background-color:black;""></div>","f","html-keyboard-response","1110","2.0.0","1252145","181954","testolin2020_replication","2025-11-22T06:31:39.659Z","15-16 inch laptop","1536","864","1536","730","1.25","18","November 28 11pm","false"
"numerosity_discrimination","3","219","249","14","22","0.6364","j","3029","<div style=""width:100vw;height:100vh;background-color:black;""></div>","j","html-keyboard-response","1115","2.0.0","1257631","181954","testolin2020_replication","2025-11-22T06:31:39.659Z","15-16 inch laptop","1536","864","1536","730","1.25","18","November 28 11pm","true"
"numerosity_discrimination","3","220","217","25","16","0.64","j","40","<div style=""width:100vw;height:100vh;background-color:black;""></div>","f","html-keyboard-response","1120","2.0.0","1260359","181954","testolin2020_replication","2025-11-22T06:31:39.659Z","15-16 inch laptop","1536","864","1536","730","1.25","18","November 28 11pm","false"
"numerosity_discrimination","3","221","242","28","18","0.6429","j","308","<div style=""width:100vw;height:100vh;background-color:black;""></div>","f","html-keyboard-response","1125","2.0.0","1263212","181954","testolin2020_replication","2025-11-22T06:31:39.659Z","15-16 inch laptop","1536","864","1536","730","1.25","18","November 28 11pm","false"
"numerosity_discrimination","3","222","106","25","22","0.88","j","2663","<div style=""width:100vw;height:100vh;background-color:black;""></div>","j","html-keyboard-response","1130","2.0.0","1268219","181954","testolin2020_replication","2025-11-22T06:31:39.659Z","15-16 inch laptop","1536","864","1536","730","1.25","18","November 28 11pm","true"
"numerosity_discrimination","3","223","101","20","25","0.8","j","44","<div style=""width:100vw;height:100vh;background-color:black;""></div>","j","html-keyboard-response","1135","2.0.0","1270615","181954","testolin2020_replication","2025-11-22T06:31:39.659Z","15-16 inch laptop","1536","864","1536","730","1.25","18","November 28 11pm","true"
"numerosity_discrimination","3","224","113","20","16","0.8","j","121","<div style=""width:100vw;height:100vh;background-color:black;""></div>","f","html-keyboard-response","1140","2.0.0","1273275","181954","testolin2020_replication","2025-11-22T06:31:39.659Z","15-16 inch laptop","1536","864","1536","730","1.25","18","November 28 11pm","false"
"numerosity_discrimination","3","225","71","22","18","0.8182","j","96","<div style=""width:100vw;height:100vh;background-color:black;""></div>","f","html-keyboard-response","1145","2.0.0","1275761","181954","testolin2020_replication","2025-11-22T06:31:39.659Z","15-16 inch laptop","1536","864","1536","730","1.25","18","November 28 11pm","false"
"numerosity_discrimination","3","226","52","25","28","0.8929","j","80","<div style=""width:100vw;height:100vh;background-color:black;""></div>","j","html-keyboard-response","1150","2.0.0","1278446","181954","testolin2020_replication","2025-11-22T06:31:39.659Z","15-16 inch laptop","1536","864","1536","730","1.25","18","November 28 11pm","true"
"numerosity_discrimination","3","227","7","14","16","0.875","j","2072","<div style=""width:100vw;height:100vh;background-color:black;""></div>","f","html-keyboard-response","1155","2.0.0","1282970","181954","testolin2020_replication","2025-11-22T06:31:39.659Z","15-16 inch laptop","1536","864","1536","730","1.25","18","November 28 11pm","false"
"numerosity_discrimination","3","228","56","25","22","0.88","j","71","<div style=""width:100vw;height:100vh;background-color:black;""></div>","f","html-keyboard-response","1160","2.0.0","1285654","181954","testolin2020_replication","2025-11-22T06:31:39.659Z","15-16 inch laptop","1536","864","1536","730","1.25","18","November 28 11pm","false"
"numerosity_discrimination","3","229","138","16","12","0.75","j","131","<div style=""width:100vw;height:100vh;background-color:black;""></div>","j","html-keyboard-response","1165","2.0.0","1288293","181954","testolin2020_replication","2025-11-22T06:31:39.659Z","15-16 inch laptop","1536","864","1536","730","1.25","18","November 28 11pm","true"
"numerosity_discrimination","3","230","198","16","12","0.75","j","8990","<div style=""width:100vw;height:100vh;background-color:black;""></div>","j","html-keyboard-response","1170","2.0.0","1299851","181954","testolin2020_replication","2025-11-22T06:31:39.659Z","15-16 inch laptop","1536","864","1536","730","1.25","18","November 28 11pm","true"
"numerosity_discrimination","3","231","233","8","12","0.6667","j","106","<div style=""width:100vw;height:100vh;background-color:black;""></div>","j","html-keyboard-response","1175","2.0.0","1302505","181954","testolin2020_replication","2025-11-22T06:31:39.659Z","15-16 inch laptop","1536","864","1536","730","1.25","18","November 28 11pm","true"
"numerosity_discrimination","3","232","264","25","16","0.64","j","20","<div style=""width:100vw;height:100vh;background-color:black;""></div>","f","html-keyboard-response","1180","2.0.0","1305200","181954","testolin2020_replication","2025-11-22T06:31:39.659Z","15-16 inch laptop","1536","864","1536","730","1.25","18","November 28 11pm","false"
"numerosity_discrimination","3","233","27","14","12","0.8571","j","236","<div style=""width:100vw;height:100vh;background-color:black;""></div>","f","html-keyboard-response","1185","2.0.0","1307855","181954","testolin2020_replication","2025-11-22T06:31:39.659Z","15-16 inch laptop","1536","864","1536","730","1.25","18","November 28 11pm","false"
"numerosity_discrimination","3","234","49","8","10","0.8","j","253","<div style=""width:100vw;height:100vh;background-color:black;""></div>","j","html-keyboard-response","1190","2.0.0","1310721","181954","testolin2020_replication","2025-11-22T06:31:39.659Z","15-16 inch laptop","1536","864","1536","730","1.25","18","November 28 11pm","true"
"numerosity_discrimination","3","235","10","9","11","0.8182","j","155","<div style=""width:100vw;height:100vh;background-color:black;""></div>","j","html-keyboard-response","1195","2.0.0","1313073","181954","testolin2020_replication","2025-11-22T06:31:39.659Z","15-16 inch laptop","1536","864","1536","730","1.25","18","November 28 11pm","true"
"numerosity_discrimination","3","236","232","8","12","0.6667","j","30","<div style=""width:100vw;height:100vh;background-color:black;""></div>","j","html-keyboard-response","1200","2.0.0","1315637","181954","testolin2020_replication","2025-11-22T06:31:39.659Z","15-16 inch laptop","1536","864","1536","730","1.25","18","November 28 11pm","true"
"numerosity_discrimination","3","237","69","10","8","0.8","j","106","<div style=""width:100vw;height:100vh;background-color:black;""></div>","f","html-keyboard-response","1205","2.0.0","1317957","181954","testolin2020_replication","2025-11-22T06:31:39.659Z","15-16 inch laptop","1536","864","1536","730","1.25","18","November 28 11pm","false"
"numerosity_discrimination","3","238","92","18","22","0.8182","j","226","<div style=""width:100vw;height:100vh;background-color:black;""></div>","j","html-keyboard-response","1210","2.0.0","1320806","181954","testolin2020_replication","2025-11-22T06:31:39.659Z","15-16 inch laptop","1536","864","1536","730","1.25","18","November 28 11pm","true"
"numerosity_discrimination","3","239","60","18","22","0.8182","j","120","<div style=""width:100vw;height:100vh;background-color:black;""></div>","j","html-keyboard-response","1215","2.0.0","1323163","181954","testolin2020_replication","2025-11-22T06:31:39.659Z","15-16 inch laptop","1536","864","1536","730","1.25","18","November 28 11pm","true"
"numerosity_discrimination","3","240","72","11","9","0.8182","j","137","<div style=""width:100vw;height:100vh;background-color:black;""></div>","f","html-keyboard-response","1220","2.0.0","1325754","181954","testolin2020_replication","2025-11-22T06:31:39.659Z","15-16 inch laptop","1536","864","1536","730","1.25","18","November 28 11pm","false"
"numerosity_discrimination","3","241","256","7","11","0.6364","j","2915","<div style=""width:100vw;height:100vh;background-color:black;""></div>","f","html-keyboard-response","1225","2.0.0","1331159","181954","testolin2020_replication","2025-11-22T06:31:39.659Z","15-16 inch laptop","1536","864","1536","730","1.25","18","November 28 11pm","false"
"numerosity_discrimination","3","242","246","20","12","0.6","j","17","<div style=""width:100vw;height:100vh;background-color:black;""></div>","f","html-keyboard-response","1230","2.0.0","1333812","181954","testolin2020_replication","2025-11-22T06:31:39.659Z","15-16 inch laptop","1536","864","1536","730","1.25","18","November 28 11pm","false"
"numerosity_discrimination","3","243","149","18","14","0.7778","j","156","<div style=""width:100vw;height:100vh;background-color:black;""></div>","f","html-keyboard-response","1235","2.0.0","1336259","181954","testolin2020_replication","2025-11-22T06:31:39.659Z","15-16 inch laptop","1536","864","1536","730","1.25","18","November 28 11pm","false"
"numerosity_discrimination","3","244","229","20","12","0.6","j","2802","<div style=""width:100vw;height:100vh;background-color:black;""></div>","f","html-keyboard-response","1240","2.0.0","1341558","181954","testolin2020_replication","2025-11-22T06:31:39.659Z","15-16 inch laptop","1536","864","1536","730","1.25","18","November 28 11pm","false"
"numerosity_discrimination","3","245","57","22","18","0.8182","j","3913","<div style=""width:100vw;height:100vh;background-color:black;""></div>","f","html-keyboard-response","1245","2.0.0","1348047","181954","testolin2020_replication","2025-11-22T06:31:39.659Z","15-16 inch laptop","1536","864","1536","730","1.25","18","November 28 11pm","false"
"numerosity_discrimination","3","246","227","8","12","0.6667","j","87","<div style=""width:100vw;height:100vh;background-color:black;""></div>","j","html-keyboard-response","1250","2.0.0","1350775","181954","testolin2020_replication","2025-11-22T06:31:39.659Z","15-16 inch laptop","1536","864","1536","730","1.25","18","November 28 11pm","true"
"numerosity_discrimination","3","247","2","28","25","0.8929","j","111","<div style=""width:100vw;height:100vh;background-color:black;""></div>","f","html-keyboard-response","1255","2.0.0","1353145","181954","testolin2020_replication","2025-11-22T06:31:39.659Z","15-16 inch laptop","1536","864","1536","730","1.25","18","November 28 11pm","false"
"numerosity_discrimination","3","248","251","20","12","0.6","j","4967","<div style=""width:100vw;height:100vh;background-color:black;""></div>","f","html-keyboard-response","1260","2.0.0","1360390","181954","testolin2020_replication","2025-11-22T06:31:39.659Z","15-16 inch laptop","1536","864","1536","730","1.25","18","November 28 11pm","false"
"numerosity_discrimination","3","249","172","16","22","0.7273","j","37","<div style=""width:100vw;height:100vh;background-color:black;""></div>","j","html-keyboard-response","1265","2.0.0","1362894","181954","testolin2020_replication","2025-11-22T06:31:39.659Z","15-16 inch laptop","1536","864","1536","730","1.25","18","November 28 11pm","true"
"numerosity_discrimination","3","250","161","28","22","0.7857","j","61","<div style=""width:100vw;height:100vh;background-color:black;""></div>","f","html-keyboard-response","1270","2.0.0","1365376","181954","testolin2020_replication","2025-11-22T06:31:39.659Z","15-16 inch laptop","1536","864","1536","730","1.25","18","November 28 11pm","false"
"numerosity_discrimination","3","251","218","14","22","0.6364","j","22","<div style=""width:100vw;height:100vh;background-color:black;""></div>","j","html-keyboard-response","1275","2.0.0","1367762","181954","testolin2020_replication","2025-11-22T06:31:39.659Z","15-16 inch laptop","1536","864","1536","730","1.25","18","November 28 11pm","true"
"numerosity_discrimination","3","252","168","20","14","0.7","j","3130","<div style=""width:100vw;height:100vh;background-color:black;""></div>","f","html-keyboard-response","1280","2.0.0","1373390","181954","testolin2020_replication","2025-11-22T06:31:39.659Z","15-16 inch laptop","1536","864","1536","730","1.25","18","November 28 11pm","false"
"numerosity_discrimination","3","253","155","7","9","0.7778","j","28","<div style=""width:100vw;height:100vh;background-color:black;""></div>","j","html-keyboard-response","1285","2.0.0","1375869","181954","testolin2020_replication","2025-11-22T06:31:39.659Z","15-16 inch laptop","1536","864","1536","730","1.25","18","November 28 11pm","true"
"numerosity_discrimination","3","254","216","9","14","0.6429","j","6","<div style=""width:100vw;height:100vh;background-color:black;""></div>","j","html-keyboard-response","1290","2.0.0","1378413","181954","testolin2020_replication","2025-11-22T06:31:39.659Z","15-16 inch laptop","1536","864","1536","730","1.25","18","November 28 11pm","true"
"numerosity_discrimination","3","255","94","22","25","0.88","j","0","<div style=""width:100vw;height:100vh;background-color:black;""></div>","f","html-keyboard-response","1295","2.0.0","1380891","181954","testolin2020_replication","2025-11-22T06:31:39.659Z","15-16 inch laptop","1536","864","1536","730","1.25","18","November 28 11pm","false"
"numerosity_discrimination","3","256","180","9","7","0.7778","j","92","<div style=""width:100vw;height:100vh;background-color:black;""></div>","f","html-keyboard-response","1300","2.0.0","1383313","181954","testolin2020_replication","2025-11-22T06:31:39.659Z","15-16 inch laptop","1536","864","1536","730","1.25","18","November 28 11pm","false"
"numerosity_discrimination","3","257","276","16","8","0.5","j","3130","<div style=""width:100vw;height:100vh;background-color:black;""></div>","f","html-keyboard-response","1305","2.0.0","1388809","181954","testolin2020_replication","2025-11-22T06:31:39.659Z","15-16 inch laptop","1536","864","1536","730","1.25","18","November 28 11pm","false"
"numerosity_discrimination","3","258","139","9","7","0.7778","j","24","<div style=""width:100vw;height:100vh;background-color:black;""></div>","f","html-keyboard-response","1310","2.0.0","1391440","181954","testolin2020_replication","2025-11-22T06:31:39.659Z","15-16 inch laptop","1536","864","1536","730","1.25","18","November 28 11pm","false"
"numerosity_discrimination","3","259","223","28","18","0.6429","j","34","<div style=""width:100vw;height:100vh;background-color:black;""></div>","f","html-keyboard-response","1315","2.0.0","1393747","181954","testolin2020_replication","2025-11-22T06:31:39.659Z","15-16 inch laptop","1536","864","1536","730","1.25","18","November 28 11pm","false"
"numerosity_discrimination","3","260","118","20","25","0.8","j","166","<div style=""width:100vw;height:100vh;background-color:black;""></div>","j","html-keyboard-response","1320","2.0.0","1396469","181954","testolin2020_replication","2025-11-22T06:31:39.659Z","15-16 inch laptop","1536","864","1536","730","1.25","18","November 28 11pm","true"
"numerosity_discrimination","3","261","211","8","12","0.6667","j","72","<div style=""width:100vw;height:100vh;background-color:black;""></div>","j","html-keyboard-response","1325","2.0.0","1398802","181954","testolin2020_replication","2025-11-22T06:31:39.659Z","15-16 inch laptop","1536","864","1536","730","1.25","18","November 28 11pm","true"
"numerosity_discrimination","3","262","97","7","8","0.875","j","3668","<div style=""width:100vw;height:100vh;background-color:black;""></div>","f","html-keyboard-response","1330","2.0.0","1404928","181954","testolin2020_replication","2025-11-22T06:31:39.659Z","15-16 inch laptop","1536","864","1536","730","1.25","18","November 28 11pm","false"
"numerosity_discrimination","3","263","165","14","10","0.7143","j","3190","<div style=""width:100vw;height:100vh;background-color:black;""></div>","f","html-keyboard-response","1335","2.0.0","1410489","181954","testolin2020_replication","2025-11-22T06:31:39.659Z","15-16 inch laptop","1536","864","1536","730","1.25","18","November 28 11pm","false"
"numerosity_discrimination","3","264","298","9","18","0.5","j","3046","<div style=""width:100vw;height:100vh;background-color:black;""></div>","j","html-keyboard-response","1340","2.0.0","1415898","181954","testolin2020_replication","2025-11-22T06:31:39.659Z","15-16 inch laptop","1536","864","1536","730","1.25","18","November 28 11pm","true"
"numerosity_discrimination","3","265","152","16","12","0.75","j","27","<div style=""width:100vw;height:100vh;background-color:black;""></div>","f","html-keyboard-response","1345","2.0.0","1418154","181954","testolin2020_replication","2025-11-22T06:31:39.659Z","15-16 inch laptop","1536","864","1536","730","1.25","18","November 28 11pm","false"
"numerosity_discrimination","3","266","104","8","7","0.875","j","12","<div style=""width:100vw;height:100vh;background-color:black;""></div>","f","html-keyboard-response","1350","2.0.0","1420455","181954","testolin2020_replication","2025-11-22T06:31:39.659Z","15-16 inch laptop","1536","864","1536","730","1.25","18","November 28 11pm","false"
"numerosity_discrimination","3","267","262","9","14","0.6429","j","3226","<div style=""width:100vw;height:100vh;background-color:black;""></div>","f","html-keyboard-response","1355","2.0.0","1425981","181954","testolin2020_replication","2025-11-22T06:31:39.659Z","15-16 inch laptop","1536","864","1536","730","1.25","18","November 28 11pm","false"
"numerosity_discrimination","3","268","269","9","14","0.6429","j","79","<div style=""width:100vw;height:100vh;background-color:black;""></div>","j","html-keyboard-response","1360","2.0.0","1428731","181954","testolin2020_replication","2025-11-22T06:31:39.659Z","15-16 inch laptop","1536","864","1536","730","1.25","18","November 28 11pm","true"
"numerosity_discrimination","3","269","252","18","28","0.6429","j","17","<div style=""width:100vw;height:100vh;background-color:black;""></div>","j","html-keyboard-response","1365","2.0.0","1431084","181954","testolin2020_replication","2025-11-22T06:31:39.659Z","15-16 inch laptop","1536","864","1536","730","1.25","18","November 28 11pm","true"
"numerosity_discrimination","3","270","130","22","28","0.7857","j","103","<div style=""width:100vw;height:100vh;background-color:black;""></div>","j","html-keyboard-response","1370","2.0.0","1433514","181954","testolin2020_replication","2025-11-22T06:31:39.659Z","15-16 inch laptop","1536","864","1536","730","1.25","18","November 28 11pm","true"
"numerosity_discrimination","3","271","1","9","8","0.8889","j","131","<div style=""width:100vw;height:100vh;background-color:black;""></div>","f","html-keyboard-response","1375","2.0.0","1436280","181954","testolin2020_replication","2025-11-22T06:31:39.659Z","15-16 inch laptop","1536","864","1536","730","1.25","18","November 28 11pm","false"
"numerosity_discrimination","3","272","255","18","28","0.6429","j","22","<div style=""width:100vw;height:100vh;background-color:black;""></div>","j","html-keyboard-response","1380","2.0.0","1438893","181954","testolin2020_replication","2025-11-22T06:31:39.659Z","15-16 inch laptop","1536","864","1536","730","1.25","18","November 28 11pm","true"
"numerosity_discrimination","3","273","40","10","12","0.8333","j","119","<div style=""width:100vw;height:100vh;background-color:black;""></div>","f","html-keyboard-response","1385","2.0.0","1441640","181954","testolin2020_replication","2025-11-22T06:31:39.659Z","15-16 inch laptop","1536","864","1536","730","1.25","18","November 28 11pm","false"
"numerosity_discrimination","3","274","277","20","10","0.5","j","3064","<div style=""width:100vw;height:100vh;background-color:black;""></div>","f","html-keyboard-response","1390","2.0.0","1447056","181954","testolin2020_replication","2025-11-22T06:31:39.659Z","15-16 inch laptop","1536","864","1536","730","1.25","18","November 28 11pm","false"
"numerosity_discrimination","3","275","73","14","12","0.8571","j","110","<div style=""width:100vw;height:100vh;background-color:black;""></div>","f","html-keyboard-response","1395","2.0.0","1449437","181954","testolin2020_replication","2025-11-22T06:31:39.659Z","15-16 inch laptop","1536","864","1536","730","1.25","18","November 28 11pm","false"
"numerosity_discrimination","3","276","81","16","18","0.8889","j","2284","<div style=""width:100vw;height:100vh;background-color:black;""></div>","j","html-keyboard-response","1400","2.0.0","1454344","181954","testolin2020_replication","2025-11-22T06:31:39.659Z","15-16 inch laptop","1536","864","1536","730","1.25","18","November 28 11pm","true"
"numerosity_discrimination","3","277","169","18","25","0.72","j","17","<div style=""width:100vw;height:100vh;background-color:black;""></div>","f","html-keyboard-response","1405","2.0.0","1456864","181954","testolin2020_replication","2025-11-22T06:31:39.659Z","15-16 inch laptop","1536","864","1536","730","1.25","18","November 28 11pm","false"
"numerosity_discrimination","3","278","296","9","16","0.5625","j","2966","<div style=""width:100vw;height:100vh;background-color:black;""></div>","j","html-keyboard-response","1410","2.0.0","1462482","181954","testolin2020_replication","2025-11-22T06:31:39.659Z","15-16 inch laptop","1536","864","1536","730","1.25","18","November 28 11pm","true"
"numerosity_discrimination","3","279","25","11","9","0.8182","j","233","<div style=""width:100vw;height:100vh;background-color:black;""></div>","f","html-keyboard-response","1415","2.0.0","1464985","181954","testolin2020_replication","2025-11-22T06:31:39.659Z","15-16 inch laptop","1536","864","1536","730","1.25","18","November 28 11pm","false"
"numerosity_discrimination","3","280","289","22","12","0.5455","j","2055","<div style=""width:100vw;height:100vh;background-color:black;""></div>","j","html-keyboard-response","1420","2.0.0","1469313","181954","testolin2020_replication","2025-11-22T06:31:39.659Z","15-16 inch laptop","1536","864","1536","730","1.25","18","November 28 11pm","true"
"numerosity_discrimination","3","281","33","8","9","0.8889","j","160","<div style=""width:100vw;height:100vh;background-color:black;""></div>","f","html-keyboard-response","1425","2.0.0","1471741","181954","testolin2020_replication","2025-11-22T06:31:39.659Z","15-16 inch laptop","1536","864","1536","730","1.25","18","November 28 11pm","false"
"numerosity_discrimination","3","282","43","11","9","0.8182","j","2899","<div style=""width:100vw;height:100vh;background-color:black;""></div>","f","html-keyboard-response","1430","2.0.0","1477044","181954","testolin2020_replication","2025-11-22T06:31:39.659Z","15-16 inch laptop","1536","864","1536","730","1.25","18","November 28 11pm","false"
"numerosity_discrimination","3","283","147","8","11","0.7273","j","3331","<div style=""width:100vw;height:100vh;background-color:black;""></div>","j","html-keyboard-response","1435","2.0.0","1482833","181954","testolin2020_replication","2025-11-22T06:31:39.659Z","15-16 inch laptop","1536","864","1536","730","1.25","18","November 28 11pm","true"
"numerosity_discrimination","3","284","98","25","28","0.8929","j","2715","<div style=""width:100vw;height:100vh;background-color:black;""></div>","f","html-keyboard-response","1440","2.0.0","1487875","181954","testolin2020_replication","2025-11-22T06:31:39.659Z","15-16 inch laptop","1536","864","1536","730","1.25","18","November 28 11pm","false"
"numerosity_discrimination","3","285","39","20","16","0.8","j","4","<div style=""width:100vw;height:100vh;background-color:black;""></div>","f","html-keyboard-response","1445","2.0.0","1490417","181954","testolin2020_replication","2025-11-22T06:31:39.659Z","15-16 inch laptop","1536","864","1536","730","1.25","18","November 28 11pm","false"
"numerosity_discrimination","3","286","115","25","28","0.8929","j","17","<div style=""width:100vw;height:100vh;background-color:black;""></div>","f","html-keyboard-response","1450","2.0.0","1492788","181954","testolin2020_replication","2025-11-22T06:31:39.659Z","15-16 inch laptop","1536","864","1536","730","1.25","18","November 28 11pm","false"
"numerosity_discrimination","3","287","80","16","18","0.8889","j","337","<div style=""width:100vw;height:100vh;background-color:black;""></div>","j","html-keyboard-response","1455","2.0.0","1495744","181954","testolin2020_replication","2025-11-22T06:31:39.659Z","15-16 inch laptop","1536","864","1536","730","1.25","18","November 28 11pm","true"
"numerosity_discrimination","3","288","144","28","20","0.7143","j","2604","<div style=""width:100vw;height:100vh;background-color:black;""></div>","f","html-keyboard-response","1460","2.0.0","1500748","181954","testolin2020_replication","2025-11-22T06:31:39.659Z","15-16 inch laptop","1536","864","1536","730","1.25","18","November 28 11pm","false"
"numerosity_discrimination","3","289","45","25","20","0.8","j","2258","<div style=""width:100vw;height:100vh;background-color:black;""></div>","j","html-keyboard-response","1465","2.0.0","1505407","181954","testolin2020_replication","2025-11-22T06:31:39.659Z","15-16 inch laptop","1536","864","1536","730","1.25","18","November 28 11pm","true"
"numerosity_discrimination","3","290","200","12","9","0.75","j","77","<div style=""width:100vw;height:100vh;background-color:black;""></div>","f","html-keyboard-response","1470","2.0.0","1507862","181954","testolin2020_replication","2025-11-22T06:31:39.659Z","15-16 inch laptop","1536","864","1536","730","1.25","18","November 28 11pm","false"
"numerosity_discrimination","3","291","212","22","14","0.6364","j","2298","<div style=""width:100vw;height:100vh;background-color:black;""></div>","f","html-keyboard-response","1475","2.0.0","1512378","181954","testolin2020_replication","2025-11-22T06:31:39.659Z","15-16 inch laptop","1536","864","1536","730","1.25","18","November 28 11pm","false"
"numerosity_discrimination","3","292","207","7","9","0.7778","j","180","<div style=""width:100vw;height:100vh;background-color:black;""></div>","j","html-keyboard-response","1480","2.0.0","1514989","181954","testolin2020_replication","2025-11-22T06:31:39.659Z","15-16 inch laptop","1536","864","1536","730","1.25","18","November 28 11pm","true"
"numerosity_discrimination","3","293","204","7","9","0.7778","j","1894","<div style=""width:100vw;height:100vh;background-color:black;""></div>","j","html-keyboard-response","1485","2.0.0","1519250","181954","testolin2020_replication","2025-11-22T06:31:39.659Z","15-16 inch laptop","1536","864","1536","730","1.25","18","November 28 11pm","true"
"numerosity_discrimination","3","294","47","20","25","0.8","j","57","<div style=""width:100vw;height:100vh;background-color:black;""></div>","j","html-keyboard-response","1490","2.0.0","1521669","181954","testolin2020_replication","2025-11-22T06:31:39.659Z","15-16 inch laptop","1536","864","1536","730","1.25","18","November 28 11pm","true"
"numerosity_discrimination","3","295","206","9","7","0.7778","j","15","<div style=""width:100vw;height:100vh;background-color:black;""></div>","f","html-keyboard-response","1495","2.0.0","1523978","181954","testolin2020_replication","2025-11-22T06:31:39.659Z","15-16 inch laptop","1536","864","1536","730","1.25","18","November 28 11pm","false"
"numerosity_discrimination","3","296","91","12","14","0.8571","j","182","<div style=""width:100vw;height:100vh;background-color:black;""></div>","j","html-keyboard-response","1500","2.0.0","1526737","181954","testolin2020_replication","2025-11-22T06:31:39.659Z","15-16 inch laptop","1536","864","1536","730","1.25","18","November 28 11pm","true"
"numerosity_discrimination","3","297","263","22","14","0.6364","j","2511","<div style=""width:100vw;height:100vh;background-color:black;""></div>","j","html-keyboard-response","1505","2.0.0","1531868","181954","testolin2020_replication","2025-11-22T06:31:39.659Z","15-16 inch laptop","1536","864","1536","730","1.25","18","November 28 11pm","true"
"numerosity_discrimination","3","298","110","7","8","0.875","j","493","<div style=""width:100vw;height:100vh;background-color:black;""></div>","j","html-keyboard-response","1510","2.0.0","1534648","181954","testolin2020_replication","2025-11-22T06:31:39.659Z","15-16 inch laptop","1536","864","1536","730","1.25","18","November 28 11pm","true"
"numerosity_discrimination","3","299","222","16","10","0.625","j","3319","<div style=""width:100vw;height:100vh;background-color:black;""></div>","j","html-keyboard-response","1515","2.0.0","1540400","181954","testolin2020_replication","2025-11-22T06:31:39.659Z","15-16 inch laptop","1536","864","1536","730","1.25","18","November 28 11pm","true"
"numerosity_discrimination","3","300","143","20","28","0.7143","j","238","<div style=""width:100vw;height:100vh;background-color:black;""></div>","j","html-keyboard-response","1520","2.0.0","1543006","181954","testolin2020_replication","2025-11-22T06:31:39.659Z","15-16 inch laptop","1536","864","1536","730","1.25","18","November 28 11pm","true"
