"task","block","pair_order","pair_num","left_n","right_n","pair_ratio","correct_key","rt","stimulus","response","trial_type","trial_index","plugin_version","time_elapsed","participant_id","experiment","date","screen_size_category","screen_width_pixels","screen_height_pixels","window_width_pixels","window_height_pixels","pixel_ratio","participant_age","time_slot","correct"
"numerosity_discrimination","1","1","286","18","10","0.5556","j","481","<div style=""width:100vw;height:100vh;background-color:black;""></div>","f","html-keyboard-response","21","2.0.0","208425","182206","testolin2020_replication","2025-11-21T08:38:20.406Z","13-14 inch laptop","1352","878","1352","758","2","23","November 28, 2025 11:00 PM","false"
"numerosity_discrimination","1","2","61","8","10","0.8","j","449","<div style=""width:100vw;height:100vh;background-color:black;""></div>","f","html-keyboard-response","26","2.0.0","211045","182206","testolin2020_replication","2025-11-21T08:38:20.406Z","13-14 inch laptop","1352","878","1352","758","2","23","November 28, 2025 11:00 PM","false"
"numerosity_discrimination","1","3","271","20","11","0.55","j","391","<div style=""width:100vw;height:100vh;background-color:black;""></div>","f","html-keyboard-response","31","2.0.0","213605","182206","testolin2020_replication","2025-11-21T08:38:20.406Z","13-14 inch laptop","1352","878","1352","758","2","23","November 28, 2025 11:00 PM","false"
"numerosity_discrimination","1","4","128","22","28","0.7857","j","185","<div style=""width:100vw;height:100vh;background-color:black;""></div>","f","html-keyboard-response","36","2.0.0","216222","182206","testolin2020_replication","2025-11-21T08:38:20.406Z","13-14 inch laptop","1352","878","1352","758","2","23","November 28, 2025 11:00 PM","false"
"numerosity_discrimination","1","5","278","9","18","0.5","j","665","<div style=""width:100vw;height:100vh;background-color:black;""></div>","f","html-keyboard-response","41","2.0.0","219367","182206","testolin2020_replication","2025-11-21T08:38:20.406Z","13-14 inch laptop","1352","878","1352","758","2","23","November 28, 2025 11:00 PM","false"
"numerosity_discrimination","1","6","51","10","12","0.8333","j","303","<div style=""width:100vw;height:100vh;background-color:black;""></div>","j","html-keyboard-response","46","2.0.0","222286","182206","testolin2020_replication","2025-11-21T08:38:20.406Z","13-14 inch laptop","1352","878","1352","758","2","23","November 28, 2025 11:00 PM","true"
"numerosity_discrimination","1","7","188","9","12","0.75","j","389","<div style=""width:100vw;height:100vh;background-color:black;""></div>","f","html-keyboard-response","51","2.0.0","224892","182206","testolin2020_replication","2025-11-21T08:38:20.406Z","13-14 inch laptop","1352","878","1352","758","2","23","November 28, 2025 11:00 PM","false"
"numerosity_discrimination","1","8","236","22","14","0.6364","j","746","<div style=""width:100vw;height:100vh;background-color:black;""></div>","f","html-keyboard-response","56","2.0.0","228045","182206","testolin2020_replication","2025-11-21T08:38:20.406Z","13-14 inch laptop","1352","878","1352","758","2","23","November 28, 2025 11:00 PM","false"
"numerosity_discrimination","1","9","35","9","8","0.8889","j","106","<div style=""width:100vw;height:100vh;background-color:black;""></div>","j","html-keyboard-response","61","2.0.0","230585","182206","testolin2020_replication","2025-11-21T08:38:20.406Z","13-14 inch laptop","1352","878","1352","758","2","23","November 28, 2025 11:00 PM","true"
"numerosity_discrimination","1","10","267","18","28","0.6429","j","753","<div style=""width:100vw;height:100vh;background-color:black;""></div>","j","html-keyboard-response","66","2.0.0","233799","182206","testolin2020_replication","2025-11-21T08:38:20.406Z","13-14 inch laptop","1352","878","1352","758","2","23","November 28, 2025 11:00 PM","true"
"numerosity_discrimination","1","11","280","28","16","0.5714","j","3122","<div style=""width:100vw;height:100vh;background-color:black;""></div>","j","html-keyboard-response","71","2.0.0","239472","182206","testolin2020_replication","2025-11-21T08:38:20.406Z","13-14 inch laptop","1352","878","1352","758","2","23","November 28, 2025 11:00 PM","true"
"numerosity_discrimination","1","12","279","20","11","0.55","j","742","<div style=""width:100vw;height:100vh;background-color:black;""></div>","f","html-keyboard-response","76","2.0.0","242393","182206","testolin2020_replication","2025-11-21T08:38:20.406Z","13-14 inch laptop","1352","878","1352","758","2","23","November 28, 2025 11:00 PM","false"
"numerosity_discrimination","1","13","167","9","12","0.75","j","683","<div style=""width:100vw;height:100vh;background-color:black;""></div>","j","html-keyboard-response","81","2.0.0","245607","182206","testolin2020_replication","2025-11-21T08:38:20.406Z","13-14 inch laptop","1352","878","1352","758","2","23","November 28, 2025 11:00 PM","true"
"numerosity_discrimination","1","14","9","9","8","0.8889","j","217","<div style=""width:100vw;height:100vh;background-color:black;""></div>","f","html-keyboard-response","86","2.0.0","248466","182206","testolin2020_replication","2025-11-21T08:38:20.406Z","13-14 inch laptop","1352","878","1352","758","2","23","November 28, 2025 11:00 PM","false"
"numerosity_discrimination","1","15","202","9","7","0.7778","j","2983","<div style=""width:100vw;height:100vh;background-color:black;""></div>","j","html-keyboard-response","91","2.0.0","253644","182206","testolin2020_replication","2025-11-21T08:38:20.406Z","13-14 inch laptop","1352","878","1352","758","2","23","November 28, 2025 11:00 PM","true"
"numerosity_discrimination","1","16","272","10","20","0.5","j","113","<div style=""width:100vw;height:100vh;background-color:black;""></div>","f","html-keyboard-response","96","2.0.0","256266","182206","testolin2020_replication","2025-11-21T08:38:20.406Z","13-14 inch laptop","1352","878","1352","758","2","23","November 28, 2025 11:00 PM","false"
"numerosity_discrimination","1","17","235","14","9","0.6429","j","568","<div style=""width:100vw;height:100vh;background-color:black;""></div>","j","html-keyboard-response","101","2.0.0","259223","182206","testolin2020_replication","2025-11-21T08:38:20.406Z","13-14 inch laptop","1352","878","1352","758","2","23","November 28, 2025 11:00 PM","true"
"numerosity_discrimination","1","18","67","11","9","0.8182","j","953","<div style=""width:100vw;height:100vh;background-color:black;""></div>","j","html-keyboard-response","106","2.0.0","262534","182206","testolin2020_replication","2025-11-21T08:38:20.406Z","13-14 inch laptop","1352","878","1352","758","2","23","November 28, 2025 11:00 PM","true"
"numerosity_discrimination","1","19","160","12","16","0.75","j","502","<div style=""width:100vw;height:100vh;background-color:black;""></div>","f","html-keyboard-response","111","2.0.0","265676","182206","testolin2020_replication","2025-11-21T08:38:20.406Z","13-14 inch laptop","1352","878","1352","758","2","23","November 28, 2025 11:00 PM","false"
"numerosity_discrimination","1","20","31","28","25","0.8929","j","2824","<div style=""width:100vw;height:100vh;background-color:black;""></div>","j","html-keyboard-response","116","2.0.0","270862","182206","testolin2020_replication","2025-11-21T08:38:20.406Z","13-14 inch laptop","1352","878","1352","758","2","23","November 28, 2025 11:00 PM","true"
"numerosity_discrimination","1","21","213","18","11","0.6111","j","1715","<div style=""width:100vw;height:100vh;background-color:black;""></div>","f","html-keyboard-response","121","2.0.0","275214","182206","testolin2020_replication","2025-11-21T08:38:20.406Z","13-14 inch laptop","1352","878","1352","758","2","23","November 28, 2025 11:00 PM","false"
"numerosity_discrimination","1","22","193","25","18","0.72","j","1701","<div style=""width:100vw;height:100vh;background-color:black;""></div>","j","html-keyboard-response","126","2.0.0","279570","182206","testolin2020_replication","2025-11-21T08:38:20.406Z","13-14 inch laptop","1352","878","1352","758","2","23","November 28, 2025 11:00 PM","true"
"numerosity_discrimination","1","23","105","28","25","0.8929","j","8810","<div style=""width:100vw;height:100vh;background-color:black;""></div>","j","html-keyboard-response","131","2.0.0","290874","182206","testolin2020_replication","2025-11-21T08:38:20.406Z","13-14 inch laptop","1352","878","1352","758","2","23","November 28, 2025 11:00 PM","true"
"numerosity_discrimination","1","24","158","18","14","0.7778","j","983","<div style=""width:100vw;height:100vh;background-color:black;""></div>","j","html-keyboard-response","136","2.0.0","294228","182206","testolin2020_replication","2025-11-21T08:38:20.406Z","13-14 inch laptop","1352","878","1352","758","2","23","November 28, 2025 11:00 PM","true"
"numerosity_discrimination","1","25","175","11","14","0.7857","j","252","<div style=""width:100vw;height:100vh;background-color:black;""></div>","f","html-keyboard-response","141","2.0.0","296888","182206","testolin2020_replication","2025-11-21T08:38:20.406Z","13-14 inch laptop","1352","878","1352","758","2","23","November 28, 2025 11:00 PM","false"
"numerosity_discrimination","1","26","254","20","12","0.6","j","349","<div style=""width:100vw;height:100vh;background-color:black;""></div>","j","html-keyboard-response","146","2.0.0","299540","182206","testolin2020_replication","2025-11-21T08:38:20.406Z","13-14 inch laptop","1352","878","1352","758","2","23","November 28, 2025 11:00 PM","true"
"numerosity_discrimination","1","27","221","16","10","0.625","j","366","<div style=""width:100vw;height:100vh;background-color:black;""></div>","j","html-keyboard-response","151","2.0.0","302278","182206","testolin2020_replication","2025-11-21T08:38:20.406Z","13-14 inch laptop","1352","878","1352","758","2","23","November 28, 2025 11:00 PM","true"
"numerosity_discrimination","1","28","55","18","16","0.8889","j","1367","<div style=""width:100vw;height:100vh;background-color:black;""></div>","j","html-keyboard-response","156","2.0.0","306140","182206","testolin2020_replication","2025-11-21T08:38:20.406Z","13-14 inch laptop","1352","878","1352","758","2","23","November 28, 2025 11:00 PM","true"
"numerosity_discrimination","1","29","120","14","12","0.8571","j","378","<div style=""width:100vw;height:100vh;background-color:black;""></div>","j","html-keyboard-response","161","2.0.0","308755","182206","testolin2020_replication","2025-11-21T08:38:20.406Z","13-14 inch laptop","1352","878","1352","758","2","23","November 28, 2025 11:00 PM","true"
"numerosity_discrimination","1","30","89","11","9","0.8182","j","921","<div style=""width:100vw;height:100vh;background-color:black;""></div>","j","html-keyboard-response","166","2.0.0","311878","182206","testolin2020_replication","2025-11-21T08:38:20.406Z","13-14 inch laptop","1352","878","1352","758","2","23","November 28, 2025 11:00 PM","true"
"numerosity_discrimination","1","31","108","8","9","0.8889","j","187","<div style=""width:100vw;height:100vh;background-color:black;""></div>","f","html-keyboard-response","171","2.0.0","314652","182206","testolin2020_replication","2025-11-21T08:38:20.406Z","13-14 inch laptop","1352","878","1352","758","2","23","November 28, 2025 11:00 PM","false"
"numerosity_discrimination","1","32","23","11","9","0.8182","j","705","<div style=""width:100vw;height:100vh;background-color:black;""></div>","j","html-keyboard-response","176","2.0.0","317673","182206","testolin2020_replication","2025-11-21T08:38:20.406Z","13-14 inch laptop","1352","878","1352","758","2","23","November 28, 2025 11:00 PM","true"
"numerosity_discrimination","1","33","48","14","16","0.875","j","1248","<div style=""width:100vw;height:100vh;background-color:black;""></div>","f","html-keyboard-response","181","2.0.0","321084","182206","testolin2020_replication","2025-11-21T08:38:20.406Z","13-14 inch laptop","1352","878","1352","758","2","23","November 28, 2025 11:00 PM","false"
"numerosity_discrimination","1","34","177","8","11","0.7273","j","574","<div style=""width:100vw;height:100vh;background-color:black;""></div>","f","html-keyboard-response","186","2.0.0","324050","182206","testolin2020_replication","2025-11-21T08:38:20.406Z","13-14 inch laptop","1352","878","1352","758","2","23","November 28, 2025 11:00 PM","false"
"numerosity_discrimination","1","35","26","28","25","0.8929","j","8526","<div style=""width:100vw;height:100vh;background-color:black;""></div>","j","html-keyboard-response","191","2.0.0","334880","182206","testolin2020_replication","2025-11-21T08:38:20.406Z","13-14 inch laptop","1352","878","1352","758","2","23","November 28, 2025 11:00 PM","true"
"numerosity_discrimination","1","36","166","20","14","0.7","j","760","<div style=""width:100vw;height:100vh;background-color:black;""></div>","f","html-keyboard-response","196","2.0.0","338088","182206","testolin2020_replication","2025-11-21T08:38:20.406Z","13-14 inch laptop","1352","878","1352","758","2","23","November 28, 2025 11:00 PM","false"
"numerosity_discrimination","1","37","261","28","18","0.6429","j","102","<div style=""width:100vw;height:100vh;background-color:black;""></div>","f","html-keyboard-response","201","2.0.0","340832","182206","testolin2020_replication","2025-11-21T08:38:20.406Z","13-14 inch laptop","1352","878","1352","758","2","23","November 28, 2025 11:00 PM","false"
"numerosity_discrimination","1","38","32","16","20","0.8","j","15415","<div style=""width:100vw;height:100vh;background-color:black;""></div>","f","html-keyboard-response","206","2.0.0","358415","182206","testolin2020_replication","2025-11-21T08:38:20.406Z","13-14 inch laptop","1352","878","1352","758","2","23","November 28, 2025 11:00 PM","false"
"numerosity_discrimination","1","39","103","14","12","0.8571","j","299","<div style=""width:100vw;height:100vh;background-color:black;""></div>","f","html-keyboard-response","211","2.0.0","361264","182206","testolin2020_replication","2025-11-21T08:38:20.406Z","13-14 inch laptop","1352","878","1352","758","2","23","November 28, 2025 11:00 PM","false"
"numerosity_discrimination","1","40","197","12","16","0.75","j","233","<div style=""width:100vw;height:100vh;background-color:black;""></div>","f","html-keyboard-response","216","2.0.0","363809","182206","testolin2020_replication","2025-11-21T08:38:20.406Z","13-14 inch laptop","1352","878","1352","758","2","23","November 28, 2025 11:00 PM","false"
"numerosity_discrimination","1","41","268","18","11","0.6111","j","4934","<div style=""width:100vw;height:100vh;background-color:black;""></div>","f","html-keyboard-response","221","2.0.0","371061","182206","testolin2020_replication","2025-11-21T08:38:20.406Z","13-14 inch laptop","1352","878","1352","758","2","23","November 28, 2025 11:00 PM","false"
"numerosity_discrimination","1","42","299","20","10","0.5","j","73","<div style=""width:100vw;height:100vh;background-color:black;""></div>","f","html-keyboard-response","226","2.0.0","373771","182206","testolin2020_replication","2025-11-21T08:38:20.406Z","13-14 inch laptop","1352","878","1352","758","2","23","November 28, 2025 11:00 PM","false"
"numerosity_discrimination","1","43","179","22","16","0.7273","j","45","<div style=""width:100vw;height:100vh;background-color:black;""></div>","f","html-keyboard-response","231","2.0.0","376249","182206","testolin2020_replication","2025-11-21T08:38:20.406Z","13-14 inch laptop","1352","878","1352","758","2","23","November 28, 2025 11:00 PM","false"
"numerosity_discrimination","1","44","203","11","8","0.7273","j","12","<div style=""width:100vw;height:100vh;background-color:black;""></div>","f","html-keyboard-response","236","2.0.0","378753","182206","testolin2020_replication","2025-11-21T08:38:20.406Z","13-14 inch laptop","1352","878","1352","758","2","23","November 28, 2025 11:00 PM","false"
"numerosity_discrimination","1","45","245","10","16","0.625","j","195","<div style=""width:100vw;height:100vh;background-color:black;""></div>","f","html-keyboard-response","241","2.0.0","381436","182206","testolin2020_replication","2025-11-21T08:38:20.406Z","13-14 inch laptop","1352","878","1352","758","2","23","November 28, 2025 11:00 PM","false"
"numerosity_discrimination","1","46","34","16","18","0.8889","j","77","<div style=""width:100vw;height:100vh;background-color:black;""></div>","f","html-keyboard-response","246","2.0.0","383983","182206","testolin2020_replication","2025-11-21T08:38:20.406Z","13-14 inch laptop","1352","878","1352","758","2","23","November 28, 2025 11:00 PM","false"
"numerosity_discrimination","1","47","164","20","14","0.7","j","180","<div style=""width:100vw;height:100vh;background-color:black;""></div>","f","html-keyboard-response","251","2.0.0","386403","182206","testolin2020_replication","2025-11-21T08:38:20.406Z","13-14 inch laptop","1352","878","1352","758","2","23","November 28, 2025 11:00 PM","false"
"numerosity_discrimination","1","48","186","22","28","0.7857","j","141","<div style=""width:100vw;height:100vh;background-color:black;""></div>","f","html-keyboard-response","256","2.0.0","389168","182206","testolin2020_replication","2025-11-21T08:38:20.406Z","13-14 inch laptop","1352","878","1352","758","2","23","November 28, 2025 11:00 PM","false"
"numerosity_discrimination","1","49","19","18","22","0.8182","j","169","<div style=""width:100vw;height:100vh;background-color:black;""></div>","f","html-keyboard-response","261","2.0.0","391879","182206","testolin2020_replication","2025-11-21T08:38:20.406Z","13-14 inch laptop","1352","878","1352","758","2","23","November 28, 2025 11:00 PM","false"
"numerosity_discrimination","1","50","22","16","20","0.8","j","63","<div style=""width:100vw;height:100vh;background-color:black;""></div>","f","html-keyboard-response","266","2.0.0","394329","182206","testolin2020_replication","2025-11-21T08:38:20.406Z","13-14 inch laptop","1352","878","1352","758","2","23","November 28, 2025 11:00 PM","false"
"numerosity_discrimination","1","51","285","11","22","0.5","j","2","<div style=""width:100vw;height:100vh;background-color:black;""></div>","f","html-keyboard-response","271","2.0.0","396853","182206","testolin2020_replication","2025-11-21T08:38:20.406Z","13-14 inch laptop","1352","878","1352","758","2","23","November 28, 2025 11:00 PM","false"
"numerosity_discrimination","1","52","54","22","18","0.8182","j","213","<div style=""width:100vw;height:100vh;background-color:black;""></div>","j","html-keyboard-response","276","2.0.0","399391","182206","testolin2020_replication","2025-11-21T08:38:20.406Z","13-14 inch laptop","1352","878","1352","758","2","23","November 28, 2025 11:00 PM","true"
"numerosity_discrimination","1","53","238","20","12","0.6","j","196","<div style=""width:100vw;height:100vh;background-color:black;""></div>","j","html-keyboard-response","281","2.0.0","402102","182206","testolin2020_replication","2025-11-21T08:38:20.406Z","13-14 inch laptop","1352","878","1352","758","2","23","November 28, 2025 11:00 PM","true"
"numerosity_discrimination","1","54","124","16","12","0.75","j","249","<div style=""width:100vw;height:100vh;background-color:black;""></div>","j","html-keyboard-response","286","2.0.0","404799","182206","testolin2020_replication","2025-11-21T08:38:20.406Z","13-14 inch laptop","1352","878","1352","758","2","23","November 28, 2025 11:00 PM","true"
"numerosity_discrimination","1","55","18","14","12","0.8571","j","715","<div style=""width:100vw;height:100vh;background-color:black;""></div>","j","html-keyboard-response","291","2.0.0","408055","182206","testolin2020_replication","2025-11-21T08:38:20.406Z","13-14 inch laptop","1352","878","1352","758","2","23","November 28, 2025 11:00 PM","true"
"numerosity_discrimination","1","56","173","25","18","0.72","j","79","<div style=""width:100vw;height:100vh;background-color:black;""></div>","j","html-keyboard-response","296","2.0.0","410514","182206","testolin2020_replication","2025-11-21T08:38:20.406Z","13-14 inch laptop","1352","878","1352","758","2","23","November 28, 2025 11:00 PM","true"
"numerosity_discrimination","1","57","63","9","8","0.8889","j","77","<div style=""width:100vw;height:100vh;background-color:black;""></div>","j","html-keyboard-response","301","2.0.0","412853","182206","testolin2020_replication","2025-11-21T08:38:20.406Z","13-14 inch laptop","1352","878","1352","758","2","23","November 28, 2025 11:00 PM","true"
"numerosity_discrimination","1","58","159","20","28","0.7143","j","175","<div style=""width:100vw;height:100vh;background-color:black;""></div>","j","html-keyboard-response","306","2.0.0","415416","182206","testolin2020_replication","2025-11-21T08:38:20.406Z","13-14 inch laptop","1352","878","1352","758","2","23","November 28, 2025 11:00 PM","true"
"numerosity_discrimination","1","59","265","18","28","0.6429","j","898","<div style=""width:100vw;height:100vh;background-color:black;""></div>","j","html-keyboard-response","311","2.0.0","418810","182206","testolin2020_replication","2025-11-21T08:38:20.406Z","13-14 inch laptop","1352","878","1352","758","2","23","November 28, 2025 11:00 PM","true"
"numerosity_discrimination","1","60","17","12","14","0.8571","j","34","<div style=""width:100vw;height:100vh;background-color:black;""></div>","j","html-keyboard-response","316","2.0.0","421262","182206","testolin2020_replication","2025-11-21T08:38:20.406Z","13-14 inch laptop","1352","878","1352","758","2","23","November 28, 2025 11:00 PM","true"
"numerosity_discrimination","1","61","140","11","8","0.7273","j","799","<div style=""width:100vw;height:100vh;background-color:black;""></div>","j","html-keyboard-response","321","2.0.0","424657","182206","testolin2020_replication","2025-11-21T08:38:20.406Z","13-14 inch laptop","1352","878","1352","758","2","23","November 28, 2025 11:00 PM","true"
"numerosity_discrimination","1","62","208","9","7","0.7778","j","711","<div style=""width:100vw;height:100vh;background-color:black;""></div>","j","html-keyboard-response","326","2.0.0","427723","182206","testolin2020_replication","2025-11-21T08:38:20.406Z","13-14 inch laptop","1352","878","1352","758","2","23","November 28, 2025 11:00 PM","true"
"numerosity_discrimination","1","63","53","18","22","0.8182","j","1268","<div style=""width:100vw;height:100vh;background-color:black;""></div>","j","html-keyboard-response","331","2.0.0","431613","182206","testolin2020_replication","2025-11-21T08:38:20.406Z","13-14 inch laptop","1352","878","1352","758","2","23","November 28, 2025 11:00 PM","true"
"numerosity_discrimination","1","64","126","9","7","0.7778","j","14","<div style=""width:100vw;height:100vh;background-color:black;""></div>","j","html-keyboard-response","336","2.0.0","434158","182206","testolin2020_replication","2025-11-21T08:38:20.406Z","13-14 inch laptop","1352","878","1352","758","2","23","November 28, 2025 11:00 PM","true"
"numerosity_discrimination","1","65","88","12","10","0.8333","j","490","<div style=""width:100vw;height:100vh;background-color:black;""></div>","j","html-keyboard-response","341","2.0.0","436877","182206","testolin2020_replication","2025-11-21T08:38:20.406Z","13-14 inch laptop","1352","878","1352","758","2","23","November 28, 2025 11:00 PM","true"
"numerosity_discrimination","1","66","116","28","25","0.8929","j","57","<div style=""width:100vw;height:100vh;background-color:black;""></div>","f","html-keyboard-response","346","2.0.0","439436","182206","testolin2020_replication","2025-11-21T08:38:20.406Z","13-14 inch laptop","1352","878","1352","758","2","23","November 28, 2025 11:00 PM","false"
"numerosity_discrimination","1","67","4","12","14","0.8571","j","948","<div style=""width:100vw;height:100vh;background-color:black;""></div>","f","html-keyboard-response","351","2.0.0","442718","182206","testolin2020_replication","2025-11-21T08:38:20.406Z","13-14 inch laptop","1352","878","1352","758","2","23","November 28, 2025 11:00 PM","false"
"numerosity_discrimination","1","68","287","25","14","0.56","j","1456","<div style=""width:100vw;height:100vh;background-color:black;""></div>","f","html-keyboard-response","356","2.0.0","446512","182206","testolin2020_replication","2025-11-21T08:38:20.406Z","13-14 inch laptop","1352","878","1352","758","2","23","November 28, 2025 11:00 PM","false"
"numerosity_discrimination","1","69","119","12","10","0.8333","j","104","<div style=""width:100vw;height:100vh;background-color:black;""></div>","f","html-keyboard-response","361","2.0.0","449172","182206","testolin2020_replication","2025-11-21T08:38:20.406Z","13-14 inch laptop","1352","878","1352","758","2","23","November 28, 2025 11:00 PM","false"
"numerosity_discrimination","1","70","122","8","11","0.7273","j","5190","<div style=""width:100vw;height:100vh;background-color:black;""></div>","f","html-keyboard-response","366","2.0.0","456921","182206","testolin2020_replication","2025-11-21T08:38:20.406Z","13-14 inch laptop","1352","878","1352","758","2","23","November 28, 2025 11:00 PM","false"
"numerosity_discrimination","1","71","194","7","9","0.7778","j","582","<div style=""width:100vw;height:100vh;background-color:black;""></div>","f","html-keyboard-response","371","2.0.0","459750","182206","testolin2020_replication","2025-11-21T08:38:20.406Z","13-14 inch laptop","1352","878","1352","758","2","23","November 28, 2025 11:00 PM","false"
"numerosity_discrimination","1","72","75","12","14","0.8571","j","801","<div style=""width:100vw;height:100vh;background-color:black;""></div>","f","html-keyboard-response","376","2.0.0","462769","182206","testolin2020_replication","2025-11-21T08:38:20.406Z","13-14 inch laptop","1352","878","1352","758","2","23","November 28, 2025 11:00 PM","false"
"numerosity_discrimination","1","73","150","16","22","0.7273","j","24","<div style=""width:100vw;height:100vh;background-color:black;""></div>","f","html-keyboard-response","381","2.0.0","465155","182206","testolin2020_replication","2025-11-21T08:38:20.406Z","13-14 inch laptop","1352","878","1352","758","2","23","November 28, 2025 11:00 PM","false"
"numerosity_discrimination","1","74","70","18","16","0.8889","j","634","<div style=""width:100vw;height:100vh;background-color:black;""></div>","f","html-keyboard-response","386","2.0.0","468386","182206","testolin2020_replication","2025-11-21T08:38:20.406Z","13-14 inch laptop","1352","878","1352","758","2","23","November 28, 2025 11:00 PM","false"
"numerosity_discrimination","1","75","187","18","14","0.7778","j","103","<div style=""width:100vw;height:100vh;background-color:black;""></div>","f","html-keyboard-response","391","2.0.0","471011","182206","testolin2020_replication","2025-11-21T08:38:20.406Z","13-14 inch laptop","1352","878","1352","758","2","23","November 28, 2025 11:00 PM","false"
"numerosity_discrimination","1","76","275","14","7","0.5","j","250","<div style=""width:100vw;height:100vh;background-color:black;""></div>","f","html-keyboard-response","396","2.0.0","473689","182206","testolin2020_replication","2025-11-21T08:38:20.406Z","13-14 inch laptop","1352","878","1352","758","2","23","November 28, 2025 11:00 PM","false"
"numerosity_discrimination","1","77","192","22","28","0.7857","j","122","<div style=""width:100vw;height:100vh;background-color:black;""></div>","f","html-keyboard-response","401","2.0.0","476094","182206","testolin2020_replication","2025-11-21T08:38:20.406Z","13-14 inch laptop","1352","878","1352","758","2","23","November 28, 2025 11:00 PM","false"
"numerosity_discrimination","1","78","225","14","22","0.6364","j","240","<div style=""width:100vw;height:100vh;background-color:black;""></div>","f","html-keyboard-response","406","2.0.0","478689","182206","testolin2020_replication","2025-11-21T08:38:20.406Z","13-14 inch laptop","1352","878","1352","758","2","23","November 28, 2025 11:00 PM","false"
"numerosity_discrimination","1","79","59","14","12","0.8571","j","2","<div style=""width:100vw;height:100vh;background-color:black;""></div>","f","html-keyboard-response","411","2.0.0","481285","182206","testolin2020_replication","2025-11-21T08:38:20.406Z","13-14 inch laptop","1352","878","1352","758","2","23","November 28, 2025 11:00 PM","false"
"numerosity_discrimination","1","80","239","22","14","0.6364","j","100","<div style=""width:100vw;height:100vh;background-color:black;""></div>","f","html-keyboard-response","416","2.0.0","483951","182206","testolin2020_replication","2025-11-21T08:38:20.406Z","13-14 inch laptop","1352","878","1352","758","2","23","November 28, 2025 11:00 PM","false"
"numerosity_discrimination","1","81","226","14","9","0.6429","j","17","<div style=""width:100vw;height:100vh;background-color:black;""></div>","f","html-keyboard-response","421","2.0.0","486314","182206","testolin2020_replication","2025-11-21T08:38:20.406Z","13-14 inch laptop","1352","878","1352","758","2","23","November 28, 2025 11:00 PM","false"
"numerosity_discrimination","1","82","259","18","11","0.6111","j","230","<div style=""width:100vw;height:100vh;background-color:black;""></div>","f","html-keyboard-response","426","2.0.0","489119","182206","testolin2020_replication","2025-11-21T08:38:20.406Z","13-14 inch laptop","1352","878","1352","758","2","23","November 28, 2025 11:00 PM","false"
"numerosity_discrimination","1","83","184","18","14","0.7778","j","120","<div style=""width:100vw;height:100vh;background-color:black;""></div>","f","html-keyboard-response","431","2.0.0","491745","182206","testolin2020_replication","2025-11-21T08:38:20.406Z","13-14 inch laptop","1352","878","1352","758","2","23","November 28, 2025 11:00 PM","false"
"numerosity_discrimination","1","84","100","28","25","0.8929","j","93","<div style=""width:100vw;height:100vh;background-color:black;""></div>","f","html-keyboard-response","436","2.0.0","494261","182206","testolin2020_replication","2025-11-21T08:38:20.406Z","13-14 inch laptop","1352","878","1352","758","2","23","November 28, 2025 11:00 PM","false"
"numerosity_discrimination","1","85","38","14","16","0.875","j","76","<div style=""width:100vw;height:100vh;background-color:black;""></div>","f","html-keyboard-response","441","2.0.0","496943","182206","testolin2020_replication","2025-11-21T08:38:20.406Z","13-14 inch laptop","1352","878","1352","758","2","23","November 28, 2025 11:00 PM","false"
"numerosity_discrimination","1","86","109","12","14","0.8571","j","76","<div style=""width:100vw;height:100vh;background-color:black;""></div>","f","html-keyboard-response","446","2.0.0","499494","182206","testolin2020_replication","2025-11-21T08:38:20.406Z","13-14 inch laptop","1352","878","1352","758","2","23","November 28, 2025 11:00 PM","false"
"numerosity_discrimination","1","87","231","25","16","0.64","j","153","<div style=""width:100vw;height:100vh;background-color:black;""></div>","f","html-keyboard-response","451","2.0.0","502267","182206","testolin2020_replication","2025-11-21T08:38:20.406Z","13-14 inch laptop","1352","878","1352","758","2","23","November 28, 2025 11:00 PM","false"
"numerosity_discrimination","1","88","282","8","14","0.5714","j","120","<div style=""width:100vw;height:100vh;background-color:black;""></div>","f","html-keyboard-response","456","2.0.0","504735","182206","testolin2020_replication","2025-11-21T08:38:20.406Z","13-14 inch laptop","1352","878","1352","758","2","23","November 28, 2025 11:00 PM","false"
"numerosity_discrimination","1","89","37","20","16","0.8","j","116","<div style=""width:100vw;height:100vh;background-color:black;""></div>","f","html-keyboard-response","461","2.0.0","507401","182206","testolin2020_replication","2025-11-21T08:38:20.406Z","13-14 inch laptop","1352","878","1352","758","2","23","November 28, 2025 11:00 PM","false"
"numerosity_discrimination","1","90","41","16","20","0.8","j","118","<div style=""width:100vw;height:100vh;background-color:black;""></div>","f","html-keyboard-response","466","2.0.0","510090","182206","testolin2020_replication","2025-11-21T08:38:20.406Z","13-14 inch laptop","1352","878","1352","758","2","23","November 28, 2025 11:00 PM","false"
"numerosity_discrimination","1","91","11","8","10","0.8","j","116","<div style=""width:100vw;height:100vh;background-color:black;""></div>","j","html-keyboard-response","471","2.0.0","512412","182206","testolin2020_replication","2025-11-21T08:38:20.406Z","13-14 inch laptop","1352","878","1352","758","2","23","November 28, 2025 11:00 PM","true"
"numerosity_discrimination","1","92","163","18","14","0.7778","j","132","<div style=""width:100vw;height:100vh;background-color:black;""></div>","j","html-keyboard-response","476","2.0.0","515012","182206","testolin2020_replication","2025-11-21T08:38:20.406Z","13-14 inch laptop","1352","878","1352","758","2","23","November 28, 2025 11:00 PM","true"
"numerosity_discrimination","1","93","243","18","12","0.6667","j","156","<div style=""width:100vw;height:100vh;background-color:black;""></div>","j","html-keyboard-response","481","2.0.0","517634","182206","testolin2020_replication","2025-11-21T08:38:20.406Z","13-14 inch laptop","1352","878","1352","758","2","23","November 28, 2025 11:00 PM","true"
"numerosity_discrimination","1","94","290","12","22","0.5455","j","19","<div style=""width:100vw;height:100vh;background-color:black;""></div>","j","html-keyboard-response","486","2.0.0","519868","182206","testolin2020_replication","2025-11-21T08:38:20.406Z","13-14 inch laptop","1352","878","1352","758","2","23","November 28, 2025 11:00 PM","true"
"numerosity_discrimination","1","95","281","12","7","0.5833","j","66","<div style=""width:100vw;height:100vh;background-color:black;""></div>","j","html-keyboard-response","491","2.0.0","522382","182206","testolin2020_replication","2025-11-21T08:38:20.406Z","13-14 inch laptop","1352","878","1352","758","2","23","November 28, 2025 11:00 PM","true"
"numerosity_discrimination","1","96","134","16","12","0.75","j","149","<div style=""width:100vw;height:100vh;background-color:black;""></div>","f","html-keyboard-response","496","2.0.0","525135","182206","testolin2020_replication","2025-11-21T08:38:20.406Z","13-14 inch laptop","1352","878","1352","758","2","23","November 28, 2025 11:00 PM","false"
"numerosity_discrimination","1","97","123","12","16","0.75","j","56455","<div style=""width:100vw;height:100vh;background-color:black;""></div>","j","html-keyboard-response","501","2.0.0","583796","182206","testolin2020_replication","2025-11-21T08:38:20.406Z","13-14 inch laptop","1352","878","1352","758","2","23","November 28, 2025 11:00 PM","true"
"numerosity_discrimination","1","98","274","18","9","0.5","j","2091","<div style=""width:100vw;height:100vh;background-color:black;""></div>","f","html-keyboard-response","506","2.0.0","588184","182206","testolin2020_replication","2025-11-21T08:38:20.406Z","13-14 inch laptop","1352","878","1352","758","2","23","November 28, 2025 11:00 PM","false"
"numerosity_discrimination","1","99","112","28","25","0.8929","j","138","<div style=""width:100vw;height:100vh;background-color:black;""></div>","j","html-keyboard-response","511","2.0.0","590871","182206","testolin2020_replication","2025-11-21T08:38:20.406Z","13-14 inch laptop","1352","878","1352","758","2","23","November 28, 2025 11:00 PM","true"
"numerosity_discrimination","1","100","295","20","10","0.5","j","120724","<div style=""width:100vw;height:100vh;background-color:black;""></div>","f","html-keyboard-response","516","2.0.0","714119","182206","testolin2020_replication","2025-11-21T08:38:20.406Z","13-14 inch laptop","1352","878","1352","758","2","23","November 28, 2025 11:00 PM","false"
"numerosity_discrimination","2","101","46","18","22","0.8182","j","254","<div style=""width:100vw;height:100vh;background-color:black;""></div>","j","html-keyboard-response","523","2.0.0","718311","182206","testolin2020_replication","2025-11-21T08:38:20.406Z","13-14 inch laptop","1352","878","1352","758","2","23","November 28, 2025 11:00 PM","true"
"numerosity_discrimination","2","102","77","7","8","0.875","j","1395","<div style=""width:100vw;height:100vh;background-color:black;""></div>","j","html-keyboard-response","528","2.0.0","721955","182206","testolin2020_replication","2025-11-21T08:38:20.406Z","13-14 inch laptop","1352","878","1352","758","2","23","November 28, 2025 11:00 PM","true"
"numerosity_discrimination","2","103","68","11","9","0.8182","j","3133","<div style=""width:100vw;height:100vh;background-color:black;""></div>","j","html-keyboard-response","533","2.0.0","727389","182206","testolin2020_replication","2025-11-21T08:38:20.406Z","13-14 inch laptop","1352","878","1352","758","2","23","November 28, 2025 11:00 PM","true"
"numerosity_discrimination","2","104","178","14","11","0.7857","j","3798","<div style=""width:100vw;height:100vh;background-color:black;""></div>","j","html-keyboard-response","538","2.0.0","733786","182206","testolin2020_replication","2025-11-21T08:38:20.406Z","13-14 inch laptop","1352","878","1352","758","2","23","November 28, 2025 11:00 PM","true"
"numerosity_discrimination","2","105","30","11","9","0.8182","j","1859","<div style=""width:100vw;height:100vh;background-color:black;""></div>","j","html-keyboard-response","543","2.0.0","738002","182206","testolin2020_replication","2025-11-21T08:38:20.406Z","13-14 inch laptop","1352","878","1352","758","2","23","November 28, 2025 11:00 PM","true"
"numerosity_discrimination","2","106","86","22","25","0.88","j","2019","<div style=""width:100vw;height:100vh;background-color:black;""></div>","j","html-keyboard-response","548","2.0.0","742568","182206","testolin2020_replication","2025-11-21T08:38:20.406Z","13-14 inch laptop","1352","878","1352","758","2","23","November 28, 2025 11:00 PM","true"
"numerosity_discrimination","2","107","244","8","12","0.6667","j","11968","<div style=""width:100vw;height:100vh;background-color:black;""></div>","j","html-keyboard-response","553","2.0.0","757055","182206","testolin2020_replication","2025-11-21T08:38:20.406Z","13-14 inch laptop","1352","878","1352","758","2","23","November 28, 2025 11:00 PM","true"
"numerosity_discrimination","2","108","195","16","12","0.75","j","280","<div style=""width:100vw;height:100vh;background-color:black;""></div>","j","html-keyboard-response","558","2.0.0","759539","182206","testolin2020_replication","2025-11-21T08:38:20.406Z","13-14 inch laptop","1352","878","1352","758","2","23","November 28, 2025 11:00 PM","true"
"numerosity_discrimination","2","109","78","11","9","0.8182","j","144","<div style=""width:100vw;height:100vh;background-color:black;""></div>","f","html-keyboard-response","563","2.0.0","762211","182206","testolin2020_replication","2025-11-21T08:38:20.406Z","13-14 inch laptop","1352","878","1352","758","2","23","November 28, 2025 11:00 PM","false"
"numerosity_discrimination","2","110","6","16","18","0.8889","j","45","<div style=""width:100vw;height:100vh;background-color:black;""></div>","f","html-keyboard-response","568","2.0.0","764838","182206","testolin2020_replication","2025-11-21T08:38:20.406Z","13-14 inch laptop","1352","878","1352","758","2","23","November 28, 2025 11:00 PM","false"
"numerosity_discrimination","2","111","185","20","28","0.7143","j","78","<div style=""width:100vw;height:100vh;background-color:black;""></div>","f","html-keyboard-response","573","2.0.0","767355","182206","testolin2020_replication","2025-11-21T08:38:20.406Z","13-14 inch laptop","1352","878","1352","758","2","23","November 28, 2025 11:00 PM","false"
"numerosity_discrimination","2","112","148","25","18","0.72","j","97","<div style=""width:100vw;height:100vh;background-color:black;""></div>","f","html-keyboard-response","578","2.0.0","769718","182206","testolin2020_replication","2025-11-21T08:38:20.406Z","13-14 inch laptop","1352","878","1352","758","2","23","November 28, 2025 11:00 PM","false"
"numerosity_discrimination","2","113","157","7","10","0.7","j","186","<div style=""width:100vw;height:100vh;background-color:black;""></div>","f","html-keyboard-response","583","2.0.0","772515","182206","testolin2020_replication","2025-11-21T08:38:20.406Z","13-14 inch laptop","1352","878","1352","758","2","23","November 28, 2025 11:00 PM","false"
"numerosity_discrimination","2","114","141","20","14","0.7","j","51","<div style=""width:100vw;height:100vh;background-color:black;""></div>","f","html-keyboard-response","588","2.0.0","774924","182206","testolin2020_replication","2025-11-21T08:38:20.406Z","13-14 inch laptop","1352","878","1352","758","2","23","November 28, 2025 11:00 PM","false"
"numerosity_discrimination","2","115","253","22","14","0.6364","j","144","<div style=""width:100vw;height:100vh;background-color:black;""></div>","f","html-keyboard-response","593","2.0.0","777329","182206","testolin2020_replication","2025-11-21T08:38:20.406Z","13-14 inch laptop","1352","878","1352","758","2","23","November 28, 2025 11:00 PM","false"
"numerosity_discrimination","2","116","214","20","12","0.6","j","119","<div style=""width:100vw;height:100vh;background-color:black;""></div>","f","html-keyboard-response","598","2.0.0","779948","182206","testolin2020_replication","2025-11-21T08:38:20.406Z","13-14 inch laptop","1352","878","1352","758","2","23","November 28, 2025 11:00 PM","false"
"numerosity_discrimination","2","117","102","8","7","0.875","j","430","<div style=""width:100vw;height:100vh;background-color:black;""></div>","j","html-keyboard-response","603","2.0.0","782947","182206","testolin2020_replication","2025-11-21T08:38:20.406Z","13-14 inch laptop","1352","878","1352","758","2","23","November 28, 2025 11:00 PM","true"
"numerosity_discrimination","2","118","96","12","10","0.8333","j","496","<div style=""width:100vw;height:100vh;background-color:black;""></div>","j","html-keyboard-response","608","2.0.0","786103","182206","testolin2020_replication","2025-11-21T08:38:20.406Z","13-14 inch laptop","1352","878","1352","758","2","23","November 28, 2025 11:00 PM","true"
"numerosity_discrimination","2","119","220","28","18","0.6429","j","412","<div style=""width:100vw;height:100vh;background-color:black;""></div>","j","html-keyboard-response","613","2.0.0","788676","182206","testolin2020_replication","2025-11-21T08:38:20.406Z","13-14 inch laptop","1352","878","1352","758","2","23","November 28, 2025 11:00 PM","true"
"numerosity_discrimination","2","120","142","11","14","0.7857","j","576","<div style=""width:100vw;height:100vh;background-color:black;""></div>","j","html-keyboard-response","618","2.0.0","791740","182206","testolin2020_replication","2025-11-21T08:38:20.406Z","13-14 inch laptop","1352","878","1352","758","2","23","November 28, 2025 11:00 PM","true"
"numerosity_discrimination","2","121","183","14","20","0.7","j","636","<div style=""width:100vw;height:100vh;background-color:black;""></div>","j","html-keyboard-response","623","2.0.0","794547","182206","testolin2020_replication","2025-11-21T08:38:20.406Z","13-14 inch laptop","1352","878","1352","758","2","23","November 28, 2025 11:00 PM","true"
"numerosity_discrimination","2","122","291","11","20","0.55","j","1764","<div style=""width:100vw;height:100vh;background-color:black;""></div>","j","html-keyboard-response","628","2.0.0","798647","182206","testolin2020_replication","2025-11-21T08:38:20.406Z","13-14 inch laptop","1352","878","1352","758","2","23","November 28, 2025 11:00 PM","true"
"numerosity_discrimination","2","123","248","22","14","0.6364","j","1229","<div style=""width:100vw;height:100vh;background-color:black;""></div>","j","html-keyboard-response","633","2.0.0","802088","182206","testolin2020_replication","2025-11-21T08:38:20.406Z","13-14 inch laptop","1352","878","1352","758","2","23","November 28, 2025 11:00 PM","true"
"numerosity_discrimination","2","124","230","10","16","0.625","j","363","<div style=""width:100vw;height:100vh;background-color:black;""></div>","j","html-keyboard-response","638","2.0.0","804866","182206","testolin2020_replication","2025-11-21T08:38:20.406Z","13-14 inch laptop","1352","878","1352","758","2","23","November 28, 2025 11:00 PM","true"
"numerosity_discrimination","2","125","283","20","11","0.55","j","222","<div style=""width:100vw;height:100vh;background-color:black;""></div>","j","html-keyboard-response","643","2.0.0","807703","182206","testolin2020_replication","2025-11-21T08:38:20.406Z","13-14 inch laptop","1352","878","1352","758","2","23","November 28, 2025 11:00 PM","true"
"numerosity_discrimination","2","126","14","8","7","0.875","j","676","<div style=""width:100vw;height:100vh;background-color:black;""></div>","f","html-keyboard-response","648","2.0.0","811032","182206","testolin2020_replication","2025-11-21T08:38:20.406Z","13-14 inch laptop","1352","878","1352","758","2","23","November 28, 2025 11:00 PM","false"
"numerosity_discrimination","2","127","297","18","10","0.5556","j","70","<div style=""width:100vw;height:100vh;background-color:black;""></div>","f","html-keyboard-response","653","2.0.0","813414","182206","testolin2020_replication","2025-11-21T08:38:20.406Z","13-14 inch laptop","1352","878","1352","758","2","23","November 28, 2025 11:00 PM","false"
"numerosity_discrimination","2","128","250","18","12","0.6667","j","23","<div style=""width:100vw;height:100vh;background-color:black;""></div>","f","html-keyboard-response","658","2.0.0","815766","182206","testolin2020_replication","2025-11-21T08:38:20.406Z","13-14 inch laptop","1352","878","1352","758","2","23","November 28, 2025 11:00 PM","false"
"numerosity_discrimination","2","129","79","16","18","0.8889","j","5","<div style=""width:100vw;height:100vh;background-color:black;""></div>","f","html-keyboard-response","663","2.0.0","818396","182206","testolin2020_replication","2025-11-21T08:38:20.406Z","13-14 inch laptop","1352","878","1352","758","2","23","November 28, 2025 11:00 PM","false"
"numerosity_discrimination","2","130","171","12","9","0.75","j","300","<div style=""width:100vw;height:100vh;background-color:black;""></div>","f","html-keyboard-response","668","2.0.0","821306","182206","testolin2020_replication","2025-11-21T08:38:20.406Z","13-14 inch laptop","1352","878","1352","758","2","23","November 28, 2025 11:00 PM","false"
"numerosity_discrimination","2","131","8","16","14","0.875","j","118","<div style=""width:100vw;height:100vh;background-color:black;""></div>","f","html-keyboard-response","673","2.0.0","823675","182206","testolin2020_replication","2025-11-21T08:38:20.406Z","13-14 inch laptop","1352","878","1352","758","2","23","November 28, 2025 11:00 PM","false"
"numerosity_discrimination","2","132","107","16","18","0.8889","j","175","<div style=""width:100vw;height:100vh;background-color:black;""></div>","f","html-keyboard-response","678","2.0.0","826372","182206","testolin2020_replication","2025-11-21T08:38:20.406Z","13-14 inch laptop","1352","878","1352","758","2","23","November 28, 2025 11:00 PM","false"
"numerosity_discrimination","2","133","99","22","18","0.8182","j","264","<div style=""width:100vw;height:100vh;background-color:black;""></div>","j","html-keyboard-response","683","2.0.0","829097","182206","testolin2020_replication","2025-11-21T08:38:20.406Z","13-14 inch laptop","1352","878","1352","758","2","23","November 28, 2025 11:00 PM","true"
"numerosity_discrimination","2","134","224","9","14","0.6429","j","62","<div style=""width:100vw;height:100vh;background-color:black;""></div>","j","html-keyboard-response","688","2.0.0","831529","182206","testolin2020_replication","2025-11-21T08:38:20.406Z","13-14 inch laptop","1352","878","1352","758","2","23","November 28, 2025 11:00 PM","true"
"numerosity_discrimination","2","135","151","9","7","0.7778","j","27","<div style=""width:100vw;height:100vh;background-color:black;""></div>","j","html-keyboard-response","693","2.0.0","833888","182206","testolin2020_replication","2025-11-21T08:38:20.406Z","13-14 inch laptop","1352","878","1352","758","2","23","November 28, 2025 11:00 PM","true"
"numerosity_discrimination","2","136","133","10","14","0.7143","j","196","<div style=""width:100vw;height:100vh;background-color:black;""></div>","j","html-keyboard-response","698","2.0.0","836732","182206","testolin2020_replication","2025-11-21T08:38:20.406Z","13-14 inch laptop","1352","878","1352","758","2","23","November 28, 2025 11:00 PM","true"
"numerosity_discrimination","2","137","258","14","22","0.6364","j","143","<div style=""width:100vw;height:100vh;background-color:black;""></div>","j","html-keyboard-response","703","2.0.0","839418","182206","testolin2020_replication","2025-11-21T08:38:20.406Z","13-14 inch laptop","1352","878","1352","758","2","23","November 28, 2025 11:00 PM","true"
"numerosity_discrimination","2","138","82","16","14","0.875","j","323","<div style=""width:100vw;height:100vh;background-color:black;""></div>","j","html-keyboard-response","708","2.0.0","842228","182206","testolin2020_replication","2025-11-21T08:38:20.406Z","13-14 inch laptop","1352","878","1352","758","2","23","November 28, 2025 11:00 PM","true"
"numerosity_discrimination","2","139","146","10","14","0.7143","j","40","<div style=""width:100vw;height:100vh;background-color:black;""></div>","j","html-keyboard-response","713","2.0.0","844653","182206","testolin2020_replication","2025-11-21T08:38:20.406Z","13-14 inch laptop","1352","878","1352","758","2","23","November 28, 2025 11:00 PM","true"
"numerosity_discrimination","2","140","215","16","11","0.6875","j","222","<div style=""width:100vw;height:100vh;background-color:black;""></div>","f","html-keyboard-response","718","2.0.0","847274","182206","testolin2020_replication","2025-11-21T08:38:20.406Z","13-14 inch laptop","1352","878","1352","758","2","23","November 28, 2025 11:00 PM","false"
"numerosity_discrimination","2","141","209","9","7","0.7778","j","380","<div style=""width:100vw;height:100vh;background-color:black;""></div>","f","html-keyboard-response","723","2.0.0","850057","182206","testolin2020_replication","2025-11-21T08:38:20.406Z","13-14 inch laptop","1352","878","1352","758","2","23","November 28, 2025 11:00 PM","false"
"numerosity_discrimination","2","142","156","12","16","0.75","j","78","<div style=""width:100vw;height:100vh;background-color:black;""></div>","f","html-keyboard-response","728","2.0.0","852482","182206","testolin2020_replication","2025-11-21T08:38:20.406Z","13-14 inch laptop","1352","878","1352","758","2","23","November 28, 2025 11:00 PM","false"
"numerosity_discrimination","2","143","181","10","14","0.7143","j","167","<div style=""width:100vw;height:100vh;background-color:black;""></div>","f","html-keyboard-response","733","2.0.0","854984","182206","testolin2020_replication","2025-11-21T08:38:20.406Z","13-14 inch laptop","1352","878","1352","758","2","23","November 28, 2025 11:00 PM","false"
"numerosity_discrimination","2","144","270","14","22","0.6364","j","191","<div style=""width:100vw;height:100vh;background-color:black;""></div>","f","html-keyboard-response","738","2.0.0","857806","182206","testolin2020_replication","2025-11-21T08:38:20.406Z","13-14 inch laptop","1352","878","1352","758","2","23","November 28, 2025 11:00 PM","false"
"numerosity_discrimination","2","145","293","7","12","0.5833","j","898","<div style=""width:100vw;height:100vh;background-color:black;""></div>","f","html-keyboard-response","743","2.0.0","861054","182206","testolin2020_replication","2025-11-21T08:38:20.406Z","13-14 inch laptop","1352","878","1352","758","2","23","November 28, 2025 11:00 PM","false"
"numerosity_discrimination","2","146","154","11","14","0.7857","j","525","<div style=""width:100vw;height:100vh;background-color:black;""></div>","j","html-keyboard-response","748","2.0.0","863793","182206","testolin2020_replication","2025-11-21T08:38:20.406Z","13-14 inch laptop","1352","878","1352","758","2","23","November 28, 2025 11:00 PM","true"
"numerosity_discrimination","2","147","137","10","7","0.7","j","480","<div style=""width:100vw;height:100vh;background-color:black;""></div>","j","html-keyboard-response","753","2.0.0","866744","182206","testolin2020_replication","2025-11-21T08:38:20.406Z","13-14 inch laptop","1352","878","1352","758","2","23","November 28, 2025 11:00 PM","true"
"numerosity_discrimination","2","148","95","9","8","0.8889","j","150","<div style=""width:100vw;height:100vh;background-color:black;""></div>","j","html-keyboard-response","758","2.0.0","869387","182206","testolin2020_replication","2025-11-21T08:38:20.406Z","13-14 inch laptop","1352","878","1352","758","2","23","November 28, 2025 11:00 PM","true"
"numerosity_discrimination","2","149","240","20","12","0.6","j","578","<div style=""width:100vw;height:100vh;background-color:black;""></div>","j","html-keyboard-response","763","2.0.0","872348","182206","testolin2020_replication","2025-11-21T08:38:20.406Z","13-14 inch laptop","1352","878","1352","758","2","23","November 28, 2025 11:00 PM","true"
"numerosity_discrimination","2","150","191","28","20","0.7143","j","1012","<div style=""width:100vw;height:100vh;background-color:black;""></div>","f","html-keyboard-response","768","2.0.0","875945","182206","testolin2020_replication","2025-11-21T08:38:20.406Z","13-14 inch laptop","1352","878","1352","758","2","23","November 28, 2025 11:00 PM","false"
"numerosity_discrimination","2","151","162","16","22","0.7273","j","377","<div style=""width:100vw;height:100vh;background-color:black;""></div>","f","html-keyboard-response","773","2.0.0","878550","182206","testolin2020_replication","2025-11-21T08:38:20.406Z","13-14 inch laptop","1352","878","1352","758","2","23","November 28, 2025 11:00 PM","false"
"numerosity_discrimination","2","152","64","9","11","0.8182","j","94","<div style=""width:100vw;height:100vh;background-color:black;""></div>","f","html-keyboard-response","778","2.0.0","880867","182206","testolin2020_replication","2025-11-21T08:38:20.406Z","13-14 inch laptop","1352","878","1352","758","2","23","November 28, 2025 11:00 PM","false"
"numerosity_discrimination","2","153","58","18","22","0.8182","j","2532","<div style=""width:100vw;height:100vh;background-color:black;""></div>","f","html-keyboard-response","783","2.0.0","885861","182206","testolin2020_replication","2025-11-21T08:38:20.406Z","13-14 inch laptop","1352","878","1352","758","2","23","November 28, 2025 11:00 PM","false"
"numerosity_discrimination","2","154","66","9","11","0.8182","j","131","<div style=""width:100vw;height:100vh;background-color:black;""></div>","f","html-keyboard-response","788","2.0.0","888437","182206","testolin2020_replication","2025-11-21T08:38:20.406Z","13-14 inch laptop","1352","878","1352","758","2","23","November 28, 2025 11:00 PM","false"
"numerosity_discrimination","2","155","266","7","11","0.6364","j","1","<div style=""width:100vw;height:100vh;background-color:black;""></div>","f","html-keyboard-response","793","2.0.0","890915","182206","testolin2020_replication","2025-11-21T08:38:20.406Z","13-14 inch laptop","1352","878","1352","758","2","23","November 28, 2025 11:00 PM","false"
"numerosity_discrimination","2","156","90","7","8","0.875","j","252","<div style=""width:100vw;height:100vh;background-color:black;""></div>","f","html-keyboard-response","798","2.0.0","893552","182206","testolin2020_replication","2025-11-21T08:38:20.406Z","13-14 inch laptop","1352","878","1352","758","2","23","November 28, 2025 11:00 PM","false"
"numerosity_discrimination","2","157","74","12","10","0.8333","j","881","<div style=""width:100vw;height:100vh;background-color:black;""></div>","j","html-keyboard-response","803","2.0.0","896821","182206","testolin2020_replication","2025-11-21T08:38:20.406Z","13-14 inch laptop","1352","878","1352","758","2","23","November 28, 2025 11:00 PM","true"
"numerosity_discrimination","2","158","288","18","10","0.5556","j","451","<div style=""width:100vw;height:100vh;background-color:black;""></div>","j","html-keyboard-response","808","2.0.0","899719","182206","testolin2020_replication","2025-11-21T08:38:20.406Z","13-14 inch laptop","1352","878","1352","758","2","23","November 28, 2025 11:00 PM","true"
"numerosity_discrimination","2","159","85","7","8","0.875","j","674","<div style=""width:100vw;height:100vh;background-color:black;""></div>","j","html-keyboard-response","813","2.0.0","902732","182206","testolin2020_replication","2025-11-21T08:38:20.406Z","13-14 inch laptop","1352","878","1352","758","2","23","November 28, 2025 11:00 PM","true"
"numerosity_discrimination","2","160","87","14","16","0.875","j","219","<div style=""width:100vw;height:100vh;background-color:black;""></div>","j","html-keyboard-response","818","2.0.0","905427","182206","testolin2020_replication","2025-11-21T08:38:20.406Z","13-14 inch laptop","1352","878","1352","758","2","23","November 28, 2025 11:00 PM","true"
"numerosity_discrimination","2","161","205","14","11","0.7857","j","386","<div style=""width:100vw;height:100vh;background-color:black;""></div>","j","html-keyboard-response","823","2.0.0","908033","182206","testolin2020_replication","2025-11-21T08:38:20.406Z","13-14 inch laptop","1352","878","1352","758","2","23","November 28, 2025 11:00 PM","true"
"numerosity_discrimination","2","162","83","7","8","0.875","j","21","<div style=""width:100vw;height:100vh;background-color:black;""></div>","j","html-keyboard-response","828","2.0.0","910369","182206","testolin2020_replication","2025-11-21T08:38:20.406Z","13-14 inch laptop","1352","878","1352","758","2","23","November 28, 2025 11:00 PM","true"
"numerosity_discrimination","2","163","292","8","14","0.5714","j","360","<div style=""width:100vw;height:100vh;background-color:black;""></div>","j","html-keyboard-response","833","2.0.0","912981","182206","testolin2020_replication","2025-11-21T08:38:20.406Z","13-14 inch laptop","1352","878","1352","758","2","23","November 28, 2025 11:00 PM","true"
"numerosity_discrimination","2","164","24","12","10","0.8333","j","314","<div style=""width:100vw;height:100vh;background-color:black;""></div>","j","html-keyboard-response","838","2.0.0","915743","182206","testolin2020_replication","2025-11-21T08:38:20.406Z","13-14 inch laptop","1352","878","1352","758","2","23","November 28, 2025 11:00 PM","true"
"numerosity_discrimination","2","165","114","20","16","0.8","j","2706","<div style=""width:100vw;height:100vh;background-color:black;""></div>","j","html-keyboard-response","843","2.0.0","920608","182206","testolin2020_replication","2025-11-21T08:38:20.406Z","13-14 inch laptop","1352","878","1352","758","2","23","November 28, 2025 11:00 PM","true"
"numerosity_discrimination","2","166","20","7","8","0.875","j","1629","<div style=""width:100vw;height:100vh;background-color:black;""></div>","j","html-keyboard-response","848","2.0.0","924445","182206","testolin2020_replication","2025-11-21T08:38:20.406Z","13-14 inch laptop","1352","878","1352","758","2","23","November 28, 2025 11:00 PM","true"
"numerosity_discrimination","2","167","36","9","11","0.8182","j","4918","<div style=""width:100vw;height:100vh;background-color:black;""></div>","j","html-keyboard-response","853","2.0.0","931960","182206","testolin2020_replication","2025-11-21T08:38:20.406Z","13-14 inch laptop","1352","878","1352","758","2","23","November 28, 2025 11:00 PM","true"
"numerosity_discrimination","2","168","131","11","14","0.7857","j","171","<div style=""width:100vw;height:100vh;background-color:black;""></div>","j","html-keyboard-response","858","2.0.0","934414","182206","testolin2020_replication","2025-11-21T08:38:20.406Z","13-14 inch laptop","1352","878","1352","758","2","23","November 28, 2025 11:00 PM","true"
"numerosity_discrimination","2","169","190","18","14","0.7778","j","7067","<div style=""width:100vw;height:100vh;background-color:black;""></div>","j","html-keyboard-response","863","2.0.0","944098","182206","testolin2020_replication","2025-11-21T08:38:20.406Z","13-14 inch laptop","1352","878","1352","758","2","23","November 28, 2025 11:00 PM","true"
"numerosity_discrimination","2","170","129","12","9","0.75","j","183","<div style=""width:100vw;height:100vh;background-color:black;""></div>","j","html-keyboard-response","868","2.0.0","946487","182206","testolin2020_replication","2025-11-21T08:38:20.406Z","13-14 inch laptop","1352","878","1352","758","2","23","November 28, 2025 11:00 PM","true"
"numerosity_discrimination","2","171","12","20","16","0.8","j","674","<div style=""width:100vw;height:100vh;background-color:black;""></div>","f","html-keyboard-response","873","2.0.0","949497","182206","testolin2020_replication","2025-11-21T08:38:20.406Z","13-14 inch laptop","1352","878","1352","758","2","23","November 28, 2025 11:00 PM","false"
"numerosity_discrimination","2","172","42","22","25","0.88","j","18","<div style=""width:100vw;height:100vh;background-color:black;""></div>","f","html-keyboard-response","878","2.0.0","951951","182206","testolin2020_replication","2025-11-21T08:38:20.406Z","13-14 inch laptop","1352","878","1352","758","2","23","November 28, 2025 11:00 PM","false"
"numerosity_discrimination","2","173","127","14","10","0.7143","j","212","<div style=""width:100vw;height:100vh;background-color:black;""></div>","f","html-keyboard-response","883","2.0.0","954326","182206","testolin2020_replication","2025-11-21T08:38:20.406Z","13-14 inch laptop","1352","878","1352","758","2","23","November 28, 2025 11:00 PM","false"
"numerosity_discrimination","2","174","13","7","8","0.875","j","173","<div style=""width:100vw;height:100vh;background-color:black;""></div>","f","html-keyboard-response","888","2.0.0","956764","182206","testolin2020_replication","2025-11-21T08:38:20.406Z","13-14 inch laptop","1352","878","1352","758","2","23","November 28, 2025 11:00 PM","false"
"numerosity_discrimination","2","175","196","12","16","0.75","j","311","<div style=""width:100vw;height:100vh;background-color:black;""></div>","f","html-keyboard-response","893","2.0.0","959307","182206","testolin2020_replication","2025-11-21T08:38:20.406Z","13-14 inch laptop","1352","878","1352","758","2","23","November 28, 2025 11:00 PM","false"
"numerosity_discrimination","2","176","210","14","11","0.7857","j","205","<div style=""width:100vw;height:100vh;background-color:black;""></div>","f","html-keyboard-response","898","2.0.0","962057","182206","testolin2020_replication","2025-11-21T08:38:20.406Z","13-14 inch laptop","1352","878","1352","758","2","23","November 28, 2025 11:00 PM","false"
"numerosity_discrimination","2","177","65","12","14","0.8571","j","150","<div style=""width:100vw;height:100vh;background-color:black;""></div>","j","html-keyboard-response","903","2.0.0","964476","182206","testolin2020_replication","2025-11-21T08:38:20.406Z","13-14 inch laptop","1352","878","1352","758","2","23","November 28, 2025 11:00 PM","true"
"numerosity_discrimination","2","178","121","12","16","0.75","j","113","<div style=""width:100vw;height:100vh;background-color:black;""></div>","j","html-keyboard-response","908","2.0.0","966753","182206","testolin2020_replication","2025-11-21T08:38:20.406Z","13-14 inch laptop","1352","878","1352","758","2","23","November 28, 2025 11:00 PM","true"
"numerosity_discrimination","2","179","76","8","7","0.875","j","64","<div style=""width:100vw;height:100vh;background-color:black;""></div>","f","html-keyboard-response","913","2.0.0","969143","182206","testolin2020_replication","2025-11-21T08:38:20.406Z","13-14 inch laptop","1352","878","1352","758","2","23","November 28, 2025 11:00 PM","false"
"numerosity_discrimination","2","180","174","22","16","0.7273","j","894","<div style=""width:100vw;height:100vh;background-color:black;""></div>","j","html-keyboard-response","918","2.0.0","972492","182206","testolin2020_replication","2025-11-21T08:38:20.406Z","13-14 inch laptop","1352","878","1352","758","2","23","November 28, 2025 11:00 PM","true"
"numerosity_discrimination","2","181","273","18","9","0.5","j","526","<div style=""width:100vw;height:100vh;background-color:black;""></div>","f","html-keyboard-response","923","2.0.0","975367","182206","testolin2020_replication","2025-11-21T08:38:20.406Z","13-14 inch laptop","1352","878","1352","758","2","23","November 28, 2025 11:00 PM","false"
"numerosity_discrimination","2","182","176","10","14","0.7143","j","358","<div style=""width:100vw;height:100vh;background-color:black;""></div>","f","html-keyboard-response","928","2.0.0","978224","182206","testolin2020_replication","2025-11-21T08:38:20.406Z","13-14 inch laptop","1352","878","1352","758","2","23","November 28, 2025 11:00 PM","false"
"numerosity_discrimination","2","183","50","14","16","0.875","j","1723","<div style=""width:100vw;height:100vh;background-color:black;""></div>","f","html-keyboard-response","933","2.0.0","982469","182206","testolin2020_replication","2025-11-21T08:38:20.406Z","13-14 inch laptop","1352","878","1352","758","2","23","November 28, 2025 11:00 PM","false"
"numerosity_discrimination","2","184","145","12","9","0.75","j","738","<div style=""width:100vw;height:100vh;background-color:black;""></div>","j","html-keyboard-response","938","2.0.0","985421","182206","testolin2020_replication","2025-11-21T08:38:20.406Z","13-14 inch laptop","1352","878","1352","758","2","23","November 28, 2025 11:00 PM","true"
"numerosity_discrimination","2","185","219","9","14","0.6429","j","7","<div style=""width:100vw;height:100vh;background-color:black;""></div>","j","html-keyboard-response","943","2.0.0","987635","182206","testolin2020_replication","2025-11-21T08:38:20.406Z","13-14 inch laptop","1352","878","1352","758","2","23","November 28, 2025 11:00 PM","true"
"numerosity_discrimination","2","186","3","16","14","0.875","j","1738","<div style=""width:100vw;height:100vh;background-color:black;""></div>","f","html-keyboard-response","948","2.0.0","991836","182206","testolin2020_replication","2025-11-21T08:38:20.406Z","13-14 inch laptop","1352","878","1352","758","2","23","November 28, 2025 11:00 PM","false"
"numerosity_discrimination","2","187","201","20","14","0.7","j","612","<div style=""width:100vw;height:100vh;background-color:black;""></div>","f","html-keyboard-response","953","2.0.0","994671","182206","testolin2020_replication","2025-11-21T08:38:20.406Z","13-14 inch laptop","1352","878","1352","758","2","23","November 28, 2025 11:00 PM","false"
"numerosity_discrimination","2","188","44","20","16","0.8","j","83","<div style=""width:100vw;height:100vh;background-color:black;""></div>","f","html-keyboard-response","958","2.0.0","997109","182206","testolin2020_replication","2025-11-21T08:38:20.406Z","13-14 inch laptop","1352","878","1352","758","2","23","November 28, 2025 11:00 PM","false"
"numerosity_discrimination","2","189","136","10","14","0.7143","j","119","<div style=""width:100vw;height:100vh;background-color:black;""></div>","f","html-keyboard-response","963","2.0.0","999424","182206","testolin2020_replication","2025-11-21T08:38:20.406Z","13-14 inch laptop","1352","878","1352","758","2","23","November 28, 2025 11:00 PM","false"
"numerosity_discrimination","2","190","237","20","12","0.6","j","309","<div style=""width:100vw;height:100vh;background-color:black;""></div>","f","html-keyboard-response","968","2.0.0","1002029","182206","testolin2020_replication","2025-11-21T08:38:20.406Z","13-14 inch laptop","1352","878","1352","758","2","23","November 28, 2025 11:00 PM","false"
"numerosity_discrimination","2","191","294","7","12","0.5833","j","21","<div style=""width:100vw;height:100vh;background-color:black;""></div>","f","html-keyboard-response","973","2.0.0","1004595","182206","testolin2020_replication","2025-11-21T08:38:20.406Z","13-14 inch laptop","1352","878","1352","758","2","23","November 28, 2025 11:00 PM","false"
"numerosity_discrimination","2","192","21","22","18","0.8182","j","177","<div style=""width:100vw;height:100vh;background-color:black;""></div>","j","html-keyboard-response","978","2.0.0","1007064","182206","testolin2020_replication","2025-11-21T08:38:20.406Z","13-14 inch laptop","1352","878","1352","758","2","23","November 28, 2025 11:00 PM","true"
"numerosity_discrimination","2","193","125","11","14","0.7857","j","282","<div style=""width:100vw;height:100vh;background-color:black;""></div>","j","html-keyboard-response","983","2.0.0","1009769","182206","testolin2020_replication","2025-11-21T08:38:20.406Z","13-14 inch laptop","1352","878","1352","758","2","23","November 28, 2025 11:00 PM","true"
"numerosity_discrimination","2","194","228","11","16","0.6875","j","18","<div style=""width:100vw;height:100vh;background-color:black;""></div>","j","html-keyboard-response","988","2.0.0","1012104","182206","testolin2020_replication","2025-11-21T08:38:20.406Z","13-14 inch laptop","1352","878","1352","758","2","23","November 28, 2025 11:00 PM","true"
"numerosity_discrimination","2","195","111","11","9","0.8182","j","276","<div style=""width:100vw;height:100vh;background-color:black;""></div>","f","html-keyboard-response","993","2.0.0","1014748","182206","testolin2020_replication","2025-11-21T08:38:20.406Z","13-14 inch laptop","1352","878","1352","758","2","23","November 28, 2025 11:00 PM","false"
"numerosity_discrimination","2","196","62","12","14","0.8571","j","240","<div style=""width:100vw;height:100vh;background-color:black;""></div>","j","html-keyboard-response","998","2.0.0","1017515","182206","testolin2020_replication","2025-11-21T08:38:20.406Z","13-14 inch laptop","1352","878","1352","758","2","23","November 28, 2025 11:00 PM","true"
"numerosity_discrimination","2","197","153","16","22","0.7273","j","224","<div style=""width:100vw;height:100vh;background-color:black;""></div>","j","html-keyboard-response","1003","2.0.0","1020272","182206","testolin2020_replication","2025-11-21T08:38:20.406Z","13-14 inch laptop","1352","878","1352","758","2","23","November 28, 2025 11:00 PM","true"
"numerosity_discrimination","2","198","199","20","28","0.7143","j","54","<div style=""width:100vw;height:100vh;background-color:black;""></div>","f","html-keyboard-response","1008","2.0.0","1022548","182206","testolin2020_replication","2025-11-21T08:38:20.406Z","13-14 inch laptop","1352","878","1352","758","2","23","November 28, 2025 11:00 PM","false"
"numerosity_discrimination","2","199","132","20","14","0.7","j","48","<div style=""width:100vw;height:100vh;background-color:black;""></div>","j","html-keyboard-response","1013","2.0.0","1025079","182206","testolin2020_replication","2025-11-21T08:38:20.406Z","13-14 inch laptop","1352","878","1352","758","2","23","November 28, 2025 11:00 PM","true"
"numerosity_discrimination","2","200","84","7","8","0.875","j","238","<div style=""width:100vw;height:100vh;background-color:black;""></div>","j","html-keyboard-response","1018","2.0.0","1027973","182206","testolin2020_replication","2025-11-21T08:38:20.406Z","13-14 inch laptop","1352","878","1352","758","2","23","November 28, 2025 11:00 PM","true"
"numerosity_discrimination","3","201","300","9","16","0.5625","j","166","<div style=""width:100vw;height:100vh;background-color:black;""></div>","j","html-keyboard-response","1025","2.0.0","1030600","182206","testolin2020_replication","2025-11-21T08:38:20.406Z","13-14 inch laptop","1352","878","1352","758","2","23","November 28, 2025 11:00 PM","true"
"numerosity_discrimination","3","202","234","14","9","0.6429","j","168","<div style=""width:100vw;height:100vh;background-color:black;""></div>","j","html-keyboard-response","1030","2.0.0","1033051","182206","testolin2020_replication","2025-11-21T08:38:20.406Z","13-14 inch laptop","1352","878","1352","758","2","23","November 28, 2025 11:00 PM","true"
"numerosity_discrimination","3","203","5","22","18","0.8182","j","207","<div style=""width:100vw;height:100vh;background-color:black;""></div>","j","html-keyboard-response","1035","2.0.0","1035609","182206","testolin2020_replication","2025-11-21T08:38:20.406Z","13-14 inch laptop","1352","878","1352","758","2","23","November 28, 2025 11:00 PM","true"
"numerosity_discrimination","3","204","170","12","16","0.75","j","336","<div style=""width:100vw;height:100vh;background-color:black;""></div>","j","html-keyboard-response","1040","2.0.0","1038540","182206","testolin2020_replication","2025-11-21T08:38:20.406Z","13-14 inch laptop","1352","878","1352","758","2","23","November 28, 2025 11:00 PM","true"
"numerosity_discrimination","3","205","28","8","9","0.8889","j","125","<div style=""width:100vw;height:100vh;background-color:black;""></div>","j","html-keyboard-response","1045","2.0.0","1041290","182206","testolin2020_replication","2025-11-21T08:38:20.406Z","13-14 inch laptop","1352","878","1352","758","2","23","November 28, 2025 11:00 PM","true"
"numerosity_discrimination","3","206","284","14","28","0.5","j","65","<div style=""width:100vw;height:100vh;background-color:black;""></div>","j","html-keyboard-response","1050","2.0.0","1043724","182206","testolin2020_replication","2025-11-21T08:38:20.406Z","13-14 inch laptop","1352","878","1352","758","2","23","November 28, 2025 11:00 PM","true"
"numerosity_discrimination","3","207","29","12","14","0.8571","j","82","<div style=""width:100vw;height:100vh;background-color:black;""></div>","j","html-keyboard-response","1055","2.0.0","1046262","182206","testolin2020_replication","2025-11-21T08:38:20.406Z","13-14 inch laptop","1352","878","1352","758","2","23","November 28, 2025 11:00 PM","true"
"numerosity_discrimination","3","208","93","8","10","0.8","j","858","<div style=""width:100vw;height:100vh;background-color:black;""></div>","j","html-keyboard-response","1060","2.0.0","1049488","182206","testolin2020_replication","2025-11-21T08:38:20.406Z","13-14 inch laptop","1352","878","1352","758","2","23","November 28, 2025 11:00 PM","true"
"numerosity_discrimination","3","209","257","10","16","0.625","j","116","<div style=""width:100vw;height:100vh;background-color:black;""></div>","f","html-keyboard-response","1065","2.0.0","1051873","182206","testolin2020_replication","2025-11-21T08:38:20.406Z","13-14 inch laptop","1352","878","1352","758","2","23","November 28, 2025 11:00 PM","false"
"numerosity_discrimination","3","210","16","20","16","0.8","j","24","<div style=""width:100vw;height:100vh;background-color:black;""></div>","f","html-keyboard-response","1070","2.0.0","1054157","182206","testolin2020_replication","2025-11-21T08:38:20.406Z","13-14 inch laptop","1352","878","1352","758","2","23","November 28, 2025 11:00 PM","false"
"numerosity_discrimination","3","211","189","16","22","0.7273","j","237","<div style=""width:100vw;height:100vh;background-color:black;""></div>","j","html-keyboard-response","1075","2.0.0","1056911","182206","testolin2020_replication","2025-11-21T08:38:20.406Z","13-14 inch laptop","1352","878","1352","758","2","23","November 28, 2025 11:00 PM","true"
"numerosity_discrimination","3","212","135","9","12","0.75","j","388","<div style=""width:100vw;height:100vh;background-color:black;""></div>","j","html-keyboard-response","1080","2.0.0","1059826","182206","testolin2020_replication","2025-11-21T08:38:20.406Z","13-14 inch laptop","1352","878","1352","758","2","23","November 28, 2025 11:00 PM","true"
"numerosity_discrimination","3","213","260","25","16","0.64","j","302","<div style=""width:100vw;height:100vh;background-color:black;""></div>","f","html-keyboard-response","1085","2.0.0","1062716","182206","testolin2020_replication","2025-11-21T08:38:20.406Z","13-14 inch laptop","1352","878","1352","758","2","23","November 28, 2025 11:00 PM","false"
"numerosity_discrimination","3","214","241","7","11","0.6364","j","132","<div style=""width:100vw;height:100vh;background-color:black;""></div>","f","html-keyboard-response","1090","2.0.0","1065164","182206","testolin2020_replication","2025-11-21T08:38:20.406Z","13-14 inch laptop","1352","878","1352","758","2","23","November 28, 2025 11:00 PM","false"
"numerosity_discrimination","3","215","182","12","9","0.75","j","251","<div style=""width:100vw;height:100vh;background-color:black;""></div>","f","html-keyboard-response","1095","2.0.0","1067786","182206","testolin2020_replication","2025-11-21T08:38:20.406Z","13-14 inch laptop","1352","878","1352","758","2","23","November 28, 2025 11:00 PM","false"
"numerosity_discrimination","3","216","15","20","25","0.8","j","536","<div style=""width:100vw;height:100vh;background-color:black;""></div>","f","html-keyboard-response","1100","2.0.0","1070679","182206","testolin2020_replication","2025-11-21T08:38:20.406Z","13-14 inch laptop","1352","878","1352","758","2","23","November 28, 2025 11:00 PM","false"
"numerosity_discrimination","3","217","247","11","16","0.6875","j","156","<div style=""width:100vw;height:100vh;background-color:black;""></div>","j","html-keyboard-response","1105","2.0.0","1073478","182206","testolin2020_replication","2025-11-21T08:38:20.406Z","13-14 inch laptop","1352","878","1352","758","2","23","November 28, 2025 11:00 PM","true"
"numerosity_discrimination","3","218","117","22","18","0.8182","j","28","<div style=""width:100vw;height:100vh;background-color:black;""></div>","f","html-keyboard-response","1110","2.0.0","1075739","182206","testolin2020_replication","2025-11-21T08:38:20.406Z","13-14 inch laptop","1352","878","1352","758","2","23","November 28, 2025 11:00 PM","false"
"numerosity_discrimination","3","219","249","14","22","0.6364","j","222","<div style=""width:100vw;height:100vh;background-color:black;""></div>","j","html-keyboard-response","1115","2.0.0","1078389","182206","testolin2020_replication","2025-11-21T08:38:20.406Z","13-14 inch laptop","1352","878","1352","758","2","23","November 28, 2025 11:00 PM","true"
"numerosity_discrimination","3","220","217","25","16","0.64","j","572","<div style=""width:100vw;height:100vh;background-color:black;""></div>","j","html-keyboard-response","1120","2.0.0","1081615","182206","testolin2020_replication","2025-11-21T08:38:20.406Z","13-14 inch laptop","1352","878","1352","758","2","23","November 28, 2025 11:00 PM","true"
"numerosity_discrimination","3","221","242","28","18","0.6429","j","20","<div style=""width:100vw;height:100vh;background-color:black;""></div>","f","html-keyboard-response","1125","2.0.0","1084158","182206","testolin2020_replication","2025-11-21T08:38:20.406Z","13-14 inch laptop","1352","878","1352","758","2","23","November 28, 2025 11:00 PM","false"
"numerosity_discrimination","3","222","106","25","22","0.88","j","184","<div style=""width:100vw;height:100vh;background-color:black;""></div>","f","html-keyboard-response","1130","2.0.0","1086649","182206","testolin2020_replication","2025-11-21T08:38:20.406Z","13-14 inch laptop","1352","878","1352","758","2","23","November 28, 2025 11:00 PM","false"
"numerosity_discrimination","3","223","101","20","25","0.8","j","22","<div style=""width:100vw;height:100vh;background-color:black;""></div>","f","html-keyboard-response","1135","2.0.0","1088993","182206","testolin2020_replication","2025-11-21T08:38:20.406Z","13-14 inch laptop","1352","878","1352","758","2","23","November 28, 2025 11:00 PM","false"
"numerosity_discrimination","3","224","113","20","16","0.8","j","672","<div style=""width:100vw;height:100vh;background-color:black;""></div>","j","html-keyboard-response","1140","2.0.0","1092168","182206","testolin2020_replication","2025-11-21T08:38:20.406Z","13-14 inch laptop","1352","878","1352","758","2","23","November 28, 2025 11:00 PM","true"
"numerosity_discrimination","3","225","71","22","18","0.8182","j","85","<div style=""width:100vw;height:100vh;background-color:black;""></div>","j","html-keyboard-response","1145","2.0.0","1094606","182206","testolin2020_replication","2025-11-21T08:38:20.406Z","13-14 inch laptop","1352","878","1352","758","2","23","November 28, 2025 11:00 PM","true"
"numerosity_discrimination","3","226","52","25","28","0.8929","j","201","<div style=""width:100vw;height:100vh;background-color:black;""></div>","j","html-keyboard-response","1150","2.0.0","1097383","182206","testolin2020_replication","2025-11-21T08:38:20.406Z","13-14 inch laptop","1352","878","1352","758","2","23","November 28, 2025 11:00 PM","true"
"numerosity_discrimination","3","227","7","14","16","0.875","j","683","<div style=""width:100vw;height:100vh;background-color:black;""></div>","f","html-keyboard-response","1155","2.0.0","1100486","182206","testolin2020_replication","2025-11-21T08:38:20.406Z","13-14 inch laptop","1352","878","1352","758","2","23","November 28, 2025 11:00 PM","false"
"numerosity_discrimination","3","228","56","25","22","0.88","j","286","<div style=""width:100vw;height:100vh;background-color:black;""></div>","f","html-keyboard-response","1160","2.0.0","1103349","182206","testolin2020_replication","2025-11-21T08:38:20.406Z","13-14 inch laptop","1352","878","1352","758","2","23","November 28, 2025 11:00 PM","false"
"numerosity_discrimination","3","229","138","16","12","0.75","j","63","<div style=""width:100vw;height:100vh;background-color:black;""></div>","j","html-keyboard-response","1165","2.0.0","1105891","182206","testolin2020_replication","2025-11-21T08:38:20.406Z","13-14 inch laptop","1352","878","1352","758","2","23","November 28, 2025 11:00 PM","true"
"numerosity_discrimination","3","230","198","16","12","0.75","j","349","<div style=""width:100vw;height:100vh;background-color:black;""></div>","j","html-keyboard-response","1170","2.0.0","1108773","182206","testolin2020_replication","2025-11-21T08:38:20.406Z","13-14 inch laptop","1352","878","1352","758","2","23","November 28, 2025 11:00 PM","true"
"numerosity_discrimination","3","231","233","8","12","0.6667","j","1058","<div style=""width:100vw;height:100vh;background-color:black;""></div>","j","html-keyboard-response","1175","2.0.0","1112346","182206","testolin2020_replication","2025-11-21T08:38:20.406Z","13-14 inch laptop","1352","878","1352","758","2","23","November 28, 2025 11:00 PM","true"
"numerosity_discrimination","3","232","264","25","16","0.64","j","3445","<div style=""width:100vw;height:100vh;background-color:black;""></div>","j","html-keyboard-response","1180","2.0.0","1118425","182206","testolin2020_replication","2025-11-21T08:38:20.406Z","13-14 inch laptop","1352","878","1352","758","2","23","November 28, 2025 11:00 PM","true"
"numerosity_discrimination","3","233","27","14","12","0.8571","j","1158","<div style=""width:100vw;height:100vh;background-color:black;""></div>","j","html-keyboard-response","1185","2.0.0","1121973","182206","testolin2020_replication","2025-11-21T08:38:20.406Z","13-14 inch laptop","1352","878","1352","758","2","23","November 28, 2025 11:00 PM","true"
"numerosity_discrimination","3","234","49","8","10","0.8","j","55","<div style=""width:100vw;height:100vh;background-color:black;""></div>","j","html-keyboard-response","1190","2.0.0","1124606","182206","testolin2020_replication","2025-11-21T08:38:20.406Z","13-14 inch laptop","1352","878","1352","758","2","23","November 28, 2025 11:00 PM","true"
"numerosity_discrimination","3","235","10","9","11","0.8182","j","121","<div style=""width:100vw;height:100vh;background-color:black;""></div>","j","html-keyboard-response","1195","2.0.0","1126892","182206","testolin2020_replication","2025-11-21T08:38:20.406Z","13-14 inch laptop","1352","878","1352","758","2","23","November 28, 2025 11:00 PM","true"
"numerosity_discrimination","3","236","232","8","12","0.6667","j","60","<div style=""width:100vw;height:100vh;background-color:black;""></div>","j","html-keyboard-response","1200","2.0.0","1129452","182206","testolin2020_replication","2025-11-21T08:38:20.406Z","13-14 inch laptop","1352","878","1352","758","2","23","November 28, 2025 11:00 PM","true"
"numerosity_discrimination","3","237","69","10","8","0.8","j","126","<div style=""width:100vw;height:100vh;background-color:black;""></div>","j","html-keyboard-response","1205","2.0.0","1131763","182206","testolin2020_replication","2025-11-21T08:38:20.406Z","13-14 inch laptop","1352","878","1352","758","2","23","November 28, 2025 11:00 PM","true"
"numerosity_discrimination","3","238","92","18","22","0.8182","j","31","<div style=""width:100vw;height:100vh;background-color:black;""></div>","j","html-keyboard-response","1210","2.0.0","1134386","182206","testolin2020_replication","2025-11-21T08:38:20.406Z","13-14 inch laptop","1352","878","1352","758","2","23","November 28, 2025 11:00 PM","true"
"numerosity_discrimination","3","239","60","18","22","0.8182","j","223","<div style=""width:100vw;height:100vh;background-color:black;""></div>","j","html-keyboard-response","1215","2.0.0","1136826","182206","testolin2020_replication","2025-11-21T08:38:20.406Z","13-14 inch laptop","1352","878","1352","758","2","23","November 28, 2025 11:00 PM","true"
"numerosity_discrimination","3","240","72","11","9","0.8182","j","134","<div style=""width:100vw;height:100vh;background-color:black;""></div>","j","html-keyboard-response","1220","2.0.0","1139394","182206","testolin2020_replication","2025-11-21T08:38:20.406Z","13-14 inch laptop","1352","878","1352","758","2","23","November 28, 2025 11:00 PM","true"
"numerosity_discrimination","3","241","256","7","11","0.6364","j","1202","<div style=""width:100vw;height:100vh;background-color:black;""></div>","j","html-keyboard-response","1225","2.0.0","1143043","182206","testolin2020_replication","2025-11-21T08:38:20.406Z","13-14 inch laptop","1352","878","1352","758","2","23","November 28, 2025 11:00 PM","true"
"numerosity_discrimination","3","242","246","20","12","0.6","j","42","<div style=""width:100vw;height:100vh;background-color:black;""></div>","j","html-keyboard-response","1230","2.0.0","1145686","182206","testolin2020_replication","2025-11-21T08:38:20.406Z","13-14 inch laptop","1352","878","1352","758","2","23","November 28, 2025 11:00 PM","true"
"numerosity_discrimination","3","243","149","18","14","0.7778","j","490","<div style=""width:100vw;height:100vh;background-color:black;""></div>","j","html-keyboard-response","1235","2.0.0","1148428","182206","testolin2020_replication","2025-11-21T08:38:20.406Z","13-14 inch laptop","1352","878","1352","758","2","23","November 28, 2025 11:00 PM","true"
"numerosity_discrimination","3","244","229","20","12","0.6","j","60","<div style=""width:100vw;height:100vh;background-color:black;""></div>","j","html-keyboard-response","1240","2.0.0","1150945","182206","testolin2020_replication","2025-11-21T08:38:20.406Z","13-14 inch laptop","1352","878","1352","758","2","23","November 28, 2025 11:00 PM","true"
"numerosity_discrimination","3","245","57","22","18","0.8182","j","2492","<div style=""width:100vw;height:100vh;background-color:black;""></div>","j","html-keyboard-response","1245","2.0.0","1155975","182206","testolin2020_replication","2025-11-21T08:38:20.406Z","13-14 inch laptop","1352","878","1352","758","2","23","November 28, 2025 11:00 PM","true"
"numerosity_discrimination","3","246","227","8","12","0.6667","j","2483","<div style=""width:100vw;height:100vh;background-color:black;""></div>","j","html-keyboard-response","1250","2.0.0","1161070","182206","testolin2020_replication","2025-11-21T08:38:20.406Z","13-14 inch laptop","1352","878","1352","758","2","23","November 28, 2025 11:00 PM","true"
"numerosity_discrimination","3","247","2","28","25","0.8929","j","2610","<div style=""width:100vw;height:100vh;background-color:black;""></div>","j","html-keyboard-response","1255","2.0.0","1165914","182206","testolin2020_replication","2025-11-21T08:38:20.406Z","13-14 inch laptop","1352","878","1352","758","2","23","November 28, 2025 11:00 PM","true"
"numerosity_discrimination","3","248","251","20","12","0.6","j","209","<div style=""width:100vw;height:100vh;background-color:black;""></div>","j","html-keyboard-response","1260","2.0.0","1168373","182206","testolin2020_replication","2025-11-21T08:38:20.406Z","13-14 inch laptop","1352","878","1352","758","2","23","November 28, 2025 11:00 PM","true"
"numerosity_discrimination","3","249","172","16","22","0.7273","j","123","<div style=""width:100vw;height:100vh;background-color:black;""></div>","j","html-keyboard-response","1265","2.0.0","1170938","182206","testolin2020_replication","2025-11-21T08:38:20.406Z","13-14 inch laptop","1352","878","1352","758","2","23","November 28, 2025 11:00 PM","true"
"numerosity_discrimination","3","250","161","28","22","0.7857","j","546","<div style=""width:100vw;height:100vh;background-color:black;""></div>","j","html-keyboard-response","1270","2.0.0","1173877","182206","testolin2020_replication","2025-11-21T08:38:20.406Z","13-14 inch laptop","1352","878","1352","758","2","23","November 28, 2025 11:00 PM","true"
"numerosity_discrimination","3","251","218","14","22","0.6364","j","86","<div style=""width:100vw;height:100vh;background-color:black;""></div>","j","html-keyboard-response","1275","2.0.0","1176290","182206","testolin2020_replication","2025-11-21T08:38:20.406Z","13-14 inch laptop","1352","878","1352","758","2","23","November 28, 2025 11:00 PM","true"
"numerosity_discrimination","3","252","168","20","14","0.7","j","451","<div style=""width:100vw;height:100vh;background-color:black;""></div>","j","html-keyboard-response","1280","2.0.0","1179199","182206","testolin2020_replication","2025-11-21T08:38:20.406Z","13-14 inch laptop","1352","878","1352","758","2","23","November 28, 2025 11:00 PM","true"
"numerosity_discrimination","3","253","155","7","9","0.7778","j","202","<div style=""width:100vw;height:100vh;background-color:black;""></div>","j","html-keyboard-response","1285","2.0.0","1181817","182206","testolin2020_replication","2025-11-21T08:38:20.406Z","13-14 inch laptop","1352","878","1352","758","2","23","November 28, 2025 11:00 PM","true"
"numerosity_discrimination","3","254","216","9","14","0.6429","j","97","<div style=""width:100vw;height:100vh;background-color:black;""></div>","j","html-keyboard-response","1290","2.0.0","1184420","182206","testolin2020_replication","2025-11-21T08:38:20.406Z","13-14 inch laptop","1352","878","1352","758","2","23","November 28, 2025 11:00 PM","true"
"numerosity_discrimination","3","255","94","22","25","0.88","j","708","<div style=""width:100vw;height:100vh;background-color:black;""></div>","j","html-keyboard-response","1295","2.0.0","1187575","182206","testolin2020_replication","2025-11-21T08:38:20.406Z","13-14 inch laptop","1352","878","1352","758","2","23","November 28, 2025 11:00 PM","true"
"numerosity_discrimination","3","256","180","9","7","0.7778","j","222","<div style=""width:100vw;height:100vh;background-color:black;""></div>","j","html-keyboard-response","1300","2.0.0","1190100","182206","testolin2020_replication","2025-11-21T08:38:20.406Z","13-14 inch laptop","1352","878","1352","758","2","23","November 28, 2025 11:00 PM","true"
"numerosity_discrimination","3","257","276","16","8","0.5","j","267","<div style=""width:100vw;height:100vh;background-color:black;""></div>","j","html-keyboard-response","1305","2.0.0","1192699","182206","testolin2020_replication","2025-11-21T08:38:20.406Z","13-14 inch laptop","1352","878","1352","758","2","23","November 28, 2025 11:00 PM","true"
"numerosity_discrimination","3","258","139","9","7","0.7778","j","226","<div style=""width:100vw;height:100vh;background-color:black;""></div>","j","html-keyboard-response","1310","2.0.0","1195498","182206","testolin2020_replication","2025-11-21T08:38:20.406Z","13-14 inch laptop","1352","878","1352","758","2","23","November 28, 2025 11:00 PM","true"
"numerosity_discrimination","3","259","223","28","18","0.6429","j","55","<div style=""width:100vw;height:100vh;background-color:black;""></div>","j","html-keyboard-response","1315","2.0.0","1197799","182206","testolin2020_replication","2025-11-21T08:38:20.406Z","13-14 inch laptop","1352","878","1352","758","2","23","November 28, 2025 11:00 PM","true"
"numerosity_discrimination","3","260","118","20","25","0.8","j","121","<div style=""width:100vw;height:100vh;background-color:black;""></div>","j","html-keyboard-response","1320","2.0.0","1200442","182206","testolin2020_replication","2025-11-21T08:38:20.406Z","13-14 inch laptop","1352","878","1352","758","2","23","November 28, 2025 11:00 PM","true"
"numerosity_discrimination","3","261","211","8","12","0.6667","j","235","<div style=""width:100vw;height:100vh;background-color:black;""></div>","j","html-keyboard-response","1325","2.0.0","1202907","182206","testolin2020_replication","2025-11-21T08:38:20.406Z","13-14 inch laptop","1352","878","1352","758","2","23","November 28, 2025 11:00 PM","true"
"numerosity_discrimination","3","262","97","7","8","0.875","j","168","<div style=""width:100vw;height:100vh;background-color:black;""></div>","j","html-keyboard-response","1330","2.0.0","1205492","182206","testolin2020_replication","2025-11-21T08:38:20.406Z","13-14 inch laptop","1352","878","1352","758","2","23","November 28, 2025 11:00 PM","true"
"numerosity_discrimination","3","263","165","14","10","0.7143","j","640","<div style=""width:100vw;height:100vh;background-color:black;""></div>","j","html-keyboard-response","1335","2.0.0","1208476","182206","testolin2020_replication","2025-11-21T08:38:20.406Z","13-14 inch laptop","1352","878","1352","758","2","23","November 28, 2025 11:00 PM","true"
"numerosity_discrimination","3","264","298","9","18","0.5","j","38","<div style=""width:100vw;height:100vh;background-color:black;""></div>","j","html-keyboard-response","1340","2.0.0","1210836","182206","testolin2020_replication","2025-11-21T08:38:20.406Z","13-14 inch laptop","1352","878","1352","758","2","23","November 28, 2025 11:00 PM","true"
"numerosity_discrimination","3","265","152","16","12","0.75","j","1076","<div style=""width:100vw;height:100vh;background-color:black;""></div>","j","html-keyboard-response","1345","2.0.0","1214106","182206","testolin2020_replication","2025-11-21T08:38:20.406Z","13-14 inch laptop","1352","878","1352","758","2","23","November 28, 2025 11:00 PM","true"
"numerosity_discrimination","3","266","104","8","7","0.875","j","517","<div style=""width:100vw;height:100vh;background-color:black;""></div>","j","html-keyboard-response","1350","2.0.0","1216873","182206","testolin2020_replication","2025-11-21T08:38:20.406Z","13-14 inch laptop","1352","878","1352","758","2","23","November 28, 2025 11:00 PM","true"
"numerosity_discrimination","3","267","262","9","14","0.6429","j","135","<div style=""width:100vw;height:100vh;background-color:black;""></div>","j","html-keyboard-response","1355","2.0.0","1219266","182206","testolin2020_replication","2025-11-21T08:38:20.406Z","13-14 inch laptop","1352","878","1352","758","2","23","November 28, 2025 11:00 PM","true"
"numerosity_discrimination","3","268","269","9","14","0.6429","j","246","<div style=""width:100vw;height:100vh;background-color:black;""></div>","j","html-keyboard-response","1360","2.0.0","1222146","182206","testolin2020_replication","2025-11-21T08:38:20.406Z","13-14 inch laptop","1352","878","1352","758","2","23","November 28, 2025 11:00 PM","true"
"numerosity_discrimination","3","269","252","18","28","0.6429","j","337","<div style=""width:100vw;height:100vh;background-color:black;""></div>","j","html-keyboard-response","1365","2.0.0","1224785","182206","testolin2020_replication","2025-11-21T08:38:20.406Z","13-14 inch laptop","1352","878","1352","758","2","23","November 28, 2025 11:00 PM","true"
"numerosity_discrimination","3","270","130","22","28","0.7857","j","452","<div style=""width:100vw;height:100vh;background-color:black;""></div>","j","html-keyboard-response","1370","2.0.0","1227532","182206","testolin2020_replication","2025-11-21T08:38:20.406Z","13-14 inch laptop","1352","878","1352","758","2","23","November 28, 2025 11:00 PM","true"
"numerosity_discrimination","3","271","1","9","8","0.8889","j","98","<div style=""width:100vw;height:100vh;background-color:black;""></div>","j","html-keyboard-response","1375","2.0.0","1230235","182206","testolin2020_replication","2025-11-21T08:38:20.406Z","13-14 inch laptop","1352","878","1352","758","2","23","November 28, 2025 11:00 PM","true"
"numerosity_discrimination","3","272","255","18","28","0.6429","j","194","<div style=""width:100vw;height:100vh;background-color:black;""></div>","j","html-keyboard-response","1380","2.0.0","1232990","182206","testolin2020_replication","2025-11-21T08:38:20.406Z","13-14 inch laptop","1352","878","1352","758","2","23","November 28, 2025 11:00 PM","true"
"numerosity_discrimination","3","273","40","10","12","0.8333","j","45","<div style=""width:100vw;height:100vh;background-color:black;""></div>","j","html-keyboard-response","1385","2.0.0","1235626","182206","testolin2020_replication","2025-11-21T08:38:20.406Z","13-14 inch laptop","1352","878","1352","758","2","23","November 28, 2025 11:00 PM","true"
"numerosity_discrimination","3","274","277","20","10","0.5","j","210","<div style=""width:100vw;height:100vh;background-color:black;""></div>","j","html-keyboard-response","1390","2.0.0","1238147","182206","testolin2020_replication","2025-11-21T08:38:20.406Z","13-14 inch laptop","1352","878","1352","758","2","23","November 28, 2025 11:00 PM","true"
"numerosity_discrimination","3","275","73","14","12","0.8571","j","138","<div style=""width:100vw;height:100vh;background-color:black;""></div>","j","html-keyboard-response","1395","2.0.0","1240525","182206","testolin2020_replication","2025-11-21T08:38:20.406Z","13-14 inch laptop","1352","878","1352","758","2","23","November 28, 2025 11:00 PM","true"
"numerosity_discrimination","3","276","81","16","18","0.8889","j","112","<div style=""width:100vw;height:100vh;background-color:black;""></div>","j","html-keyboard-response","1400","2.0.0","1243233","182206","testolin2020_replication","2025-11-21T08:38:20.406Z","13-14 inch laptop","1352","878","1352","758","2","23","November 28, 2025 11:00 PM","true"
"numerosity_discrimination","3","277","169","18","25","0.72","j","163","<div style=""width:100vw;height:100vh;background-color:black;""></div>","j","html-keyboard-response","1405","2.0.0","1245859","182206","testolin2020_replication","2025-11-21T08:38:20.406Z","13-14 inch laptop","1352","878","1352","758","2","23","November 28, 2025 11:00 PM","true"
"numerosity_discrimination","3","278","296","9","16","0.5625","j","74","<div style=""width:100vw;height:100vh;background-color:black;""></div>","j","html-keyboard-response","1410","2.0.0","1248555","182206","testolin2020_replication","2025-11-21T08:38:20.406Z","13-14 inch laptop","1352","878","1352","758","2","23","November 28, 2025 11:00 PM","true"
"numerosity_discrimination","3","279","25","11","9","0.8182","j","290","<div style=""width:100vw;height:100vh;background-color:black;""></div>","j","html-keyboard-response","1415","2.0.0","1251055","182206","testolin2020_replication","2025-11-21T08:38:20.406Z","13-14 inch laptop","1352","878","1352","758","2","23","November 28, 2025 11:00 PM","true"
"numerosity_discrimination","3","280","289","22","12","0.5455","j","280","<div style=""width:100vw;height:100vh;background-color:black;""></div>","j","html-keyboard-response","1420","2.0.0","1253571","182206","testolin2020_replication","2025-11-21T08:38:20.406Z","13-14 inch laptop","1352","878","1352","758","2","23","November 28, 2025 11:00 PM","true"
"numerosity_discrimination","3","281","33","8","9","0.8889","j","264","<div style=""width:100vw;height:100vh;background-color:black;""></div>","j","html-keyboard-response","1425","2.0.0","1256062","182206","testolin2020_replication","2025-11-21T08:38:20.406Z","13-14 inch laptop","1352","878","1352","758","2","23","November 28, 2025 11:00 PM","true"
"numerosity_discrimination","3","282","43","11","9","0.8182","j","134","<div style=""width:100vw;height:100vh;background-color:black;""></div>","j","html-keyboard-response","1430","2.0.0","1258562","182206","testolin2020_replication","2025-11-21T08:38:20.406Z","13-14 inch laptop","1352","878","1352","758","2","23","November 28, 2025 11:00 PM","true"
"numerosity_discrimination","3","283","147","8","11","0.7273","j","781","<div style=""width:100vw;height:100vh;background-color:black;""></div>","j","html-keyboard-response","1435","2.0.0","1261760","182206","testolin2020_replication","2025-11-21T08:38:20.406Z","13-14 inch laptop","1352","878","1352","758","2","23","November 28, 2025 11:00 PM","true"
"numerosity_discrimination","3","284","98","25","28","0.8929","j","340","<div style=""width:100vw;height:100vh;background-color:black;""></div>","j","html-keyboard-response","1440","2.0.0","1264401","182206","testolin2020_replication","2025-11-21T08:38:20.406Z","13-14 inch laptop","1352","878","1352","758","2","23","November 28, 2025 11:00 PM","true"
"numerosity_discrimination","3","285","39","20","16","0.8","j","102","<div style=""width:100vw;height:100vh;background-color:black;""></div>","j","html-keyboard-response","1445","2.0.0","1267002","182206","testolin2020_replication","2025-11-21T08:38:20.406Z","13-14 inch laptop","1352","878","1352","758","2","23","November 28, 2025 11:00 PM","true"
"numerosity_discrimination","3","286","115","25","28","0.8929","j","177","<div style=""width:100vw;height:100vh;background-color:black;""></div>","j","html-keyboard-response","1450","2.0.0","1269508","182206","testolin2020_replication","2025-11-21T08:38:20.406Z","13-14 inch laptop","1352","878","1352","758","2","23","November 28, 2025 11:00 PM","true"
"numerosity_discrimination","3","287","80","16","18","0.8889","j","90","<div style=""width:100vw;height:100vh;background-color:black;""></div>","j","html-keyboard-response","1455","2.0.0","1272180","182206","testolin2020_replication","2025-11-21T08:38:20.406Z","13-14 inch laptop","1352","878","1352","758","2","23","November 28, 2025 11:00 PM","true"
"numerosity_discrimination","3","288","144","28","20","0.7143","j","269","<div style=""width:100vw;height:100vh;background-color:black;""></div>","j","html-keyboard-response","1460","2.0.0","1274823","182206","testolin2020_replication","2025-11-21T08:38:20.406Z","13-14 inch laptop","1352","878","1352","758","2","23","November 28, 2025 11:00 PM","true"
"numerosity_discrimination","3","289","45","25","20","0.8","j","158","<div style=""width:100vw;height:100vh;background-color:black;""></div>","j","html-keyboard-response","1465","2.0.0","1277356","182206","testolin2020_replication","2025-11-21T08:38:20.406Z","13-14 inch laptop","1352","878","1352","758","2","23","November 28, 2025 11:00 PM","true"
"numerosity_discrimination","3","290","200","12","9","0.75","j","72","<div style=""width:100vw;height:100vh;background-color:black;""></div>","j","html-keyboard-response","1470","2.0.0","1279772","182206","testolin2020_replication","2025-11-21T08:38:20.406Z","13-14 inch laptop","1352","878","1352","758","2","23","November 28, 2025 11:00 PM","true"
"numerosity_discrimination","3","291","212","22","14","0.6364","j","506","<div style=""width:100vw;height:100vh;background-color:black;""></div>","f","html-keyboard-response","1475","2.0.0","1282464","182206","testolin2020_replication","2025-11-21T08:38:20.406Z","13-14 inch laptop","1352","878","1352","758","2","23","November 28, 2025 11:00 PM","false"
"numerosity_discrimination","3","292","207","7","9","0.7778","j","847","<div style=""width:100vw;height:100vh;background-color:black;""></div>","f","html-keyboard-response","1480","2.0.0","1285701","182206","testolin2020_replication","2025-11-21T08:38:20.406Z","13-14 inch laptop","1352","878","1352","758","2","23","November 28, 2025 11:00 PM","false"
"numerosity_discrimination","3","293","204","7","9","0.7778","j","119","<div style=""width:100vw;height:100vh;background-color:black;""></div>","f","html-keyboard-response","1485","2.0.0","1288155","182206","testolin2020_replication","2025-11-21T08:38:20.406Z","13-14 inch laptop","1352","878","1352","758","2","23","November 28, 2025 11:00 PM","false"
"numerosity_discrimination","3","294","47","20","25","0.8","j","150","<div style=""width:100vw;height:100vh;background-color:black;""></div>","f","html-keyboard-response","1490","2.0.0","1290637","182206","testolin2020_replication","2025-11-21T08:38:20.406Z","13-14 inch laptop","1352","878","1352","758","2","23","November 28, 2025 11:00 PM","false"
"numerosity_discrimination","3","295","206","9","7","0.7778","j","130","<div style=""width:100vw;height:100vh;background-color:black;""></div>","f","html-keyboard-response","1495","2.0.0","1293026","182206","testolin2020_replication","2025-11-21T08:38:20.406Z","13-14 inch laptop","1352","878","1352","758","2","23","November 28, 2025 11:00 PM","false"
"numerosity_discrimination","3","296","91","12","14","0.8571","j","4432","<div style=""width:100vw;height:100vh;background-color:black;""></div>","f","html-keyboard-response","1500","2.0.0","1300006","182206","testolin2020_replication","2025-11-21T08:38:20.406Z","13-14 inch laptop","1352","878","1352","758","2","23","November 28, 2025 11:00 PM","false"
"numerosity_discrimination","3","297","263","22","14","0.6364","j","112","<div style=""width:100vw;height:100vh;background-color:black;""></div>","f","html-keyboard-response","1505","2.0.0","1302705","182206","testolin2020_replication","2025-11-21T08:38:20.406Z","13-14 inch laptop","1352","878","1352","758","2","23","November 28, 2025 11:00 PM","false"
"numerosity_discrimination","3","298","110","7","8","0.875","j","270","<div style=""width:100vw;height:100vh;background-color:black;""></div>","f","html-keyboard-response","1510","2.0.0","1305223","182206","testolin2020_replication","2025-11-21T08:38:20.406Z","13-14 inch laptop","1352","878","1352","758","2","23","November 28, 2025 11:00 PM","false"
"numerosity_discrimination","3","299","222","16","10","0.625","j","46","<div style=""width:100vw;height:100vh;background-color:black;""></div>","f","html-keyboard-response","1515","2.0.0","1307665","182206","testolin2020_replication","2025-11-21T08:38:20.406Z","13-14 inch laptop","1352","878","1352","758","2","23","November 28, 2025 11:00 PM","false"
"numerosity_discrimination","3","300","143","20","28","0.7143","j","996","<div style=""width:100vw;height:100vh;background-color:black;""></div>","f","html-keyboard-response","1520","2.0.0","1310991","182206","testolin2020_replication","2025-11-21T08:38:20.406Z","13-14 inch laptop","1352","878","1352","758","2","23","November 28, 2025 11:00 PM","false"
