"task","block","pair_order","pair_num","left_n","right_n","pair_ratio","correct_key","rt","stimulus","response","trial_type","trial_index","plugin_version","time_elapsed","participant_id","experiment","date","screen_size_category","screen_width_pixels","screen_height_pixels","window_width_pixels","window_height_pixels","pixel_ratio","participant_age","time_slot","correct"
"numerosity_discrimination","1","1","286","18","10","0.5556","j","418","<div style=""width:100vw;height:100vh;background-color:black;""></div>","f","html-keyboard-response","21","2.0.0","68126","182212","testolin2020_replication","2025-11-21T08:46:09.754Z","20-27 inch desktop monitor","1920","1080","1920","957","1","19","November 11, 12:46 AM","false"
"numerosity_discrimination","1","2","61","8","10","0.8","j","296","<div style=""width:100vw;height:100vh;background-color:black;""></div>","j","html-keyboard-response","26","2.0.0","70605","182212","testolin2020_replication","2025-11-21T08:46:09.754Z","20-27 inch desktop monitor","1920","1080","1920","957","1","19","November 11, 12:46 AM","true"
"numerosity_discrimination","1","3","271","20","11","0.55","j","292","<div style=""width:100vw;height:100vh;background-color:black;""></div>","f","html-keyboard-response","31","2.0.0","73073","182212","testolin2020_replication","2025-11-21T08:46:09.754Z","20-27 inch desktop monitor","1920","1080","1920","957","1","19","November 11, 12:46 AM","false"
"numerosity_discrimination","1","4","128","22","28","0.7857","j","538","<div style=""width:100vw;height:100vh;background-color:black;""></div>","j","html-keyboard-response","36","2.0.0","76053","182212","testolin2020_replication","2025-11-21T08:46:09.754Z","20-27 inch desktop monitor","1920","1080","1920","957","1","19","November 11, 12:46 AM","true"
"numerosity_discrimination","1","5","278","9","18","0.5","j","536","<div style=""width:100vw;height:100vh;background-color:black;""></div>","j","html-keyboard-response","41","2.0.0","79073","182212","testolin2020_replication","2025-11-21T08:46:09.754Z","20-27 inch desktop monitor","1920","1080","1920","957","1","19","November 11, 12:46 AM","true"
"numerosity_discrimination","1","6","51","10","12","0.8333","j","2315","<div style=""width:100vw;height:100vh;background-color:black;""></div>","f","html-keyboard-response","46","2.0.0","84012","182212","testolin2020_replication","2025-11-21T08:46:09.754Z","20-27 inch desktop monitor","1920","1080","1920","957","1","19","November 11, 12:46 AM","false"
"numerosity_discrimination","1","7","188","9","12","0.75","j","569","<div style=""width:100vw;height:100vh;background-color:black;""></div>","j","html-keyboard-response","51","2.0.0","86796","182212","testolin2020_replication","2025-11-21T08:46:09.754Z","20-27 inch desktop monitor","1920","1080","1920","957","1","19","November 11, 12:46 AM","true"
"numerosity_discrimination","1","8","236","22","14","0.6364","j","552","<div style=""width:100vw;height:100vh;background-color:black;""></div>","f","html-keyboard-response","56","2.0.0","89759","182212","testolin2020_replication","2025-11-21T08:46:09.754Z","20-27 inch desktop monitor","1920","1080","1920","957","1","19","November 11, 12:46 AM","false"
"numerosity_discrimination","1","9","35","9","8","0.8889","j","611","<div style=""width:100vw;height:100vh;background-color:black;""></div>","f","html-keyboard-response","61","2.0.0","92808","182212","testolin2020_replication","2025-11-21T08:46:09.754Z","20-27 inch desktop monitor","1920","1080","1920","957","1","19","November 11, 12:46 AM","false"
"numerosity_discrimination","1","10","267","18","28","0.6429","j","773","<div style=""width:100vw;height:100vh;background-color:black;""></div>","j","html-keyboard-response","66","2.0.0","96037","182212","testolin2020_replication","2025-11-21T08:46:09.754Z","20-27 inch desktop monitor","1920","1080","1920","957","1","19","November 11, 12:46 AM","true"
"numerosity_discrimination","1","11","280","28","16","0.5714","j","661","<div style=""width:100vw;height:100vh;background-color:black;""></div>","f","html-keyboard-response","71","2.0.0","99258","182212","testolin2020_replication","2025-11-21T08:46:09.754Z","20-27 inch desktop monitor","1920","1080","1920","957","1","19","November 11, 12:46 AM","false"
"numerosity_discrimination","1","12","279","20","11","0.55","j","528","<div style=""width:100vw;height:100vh;background-color:black;""></div>","f","html-keyboard-response","76","2.0.0","101974","182212","testolin2020_replication","2025-11-21T08:46:09.754Z","20-27 inch desktop monitor","1920","1080","1920","957","1","19","November 11, 12:46 AM","false"
"numerosity_discrimination","1","13","167","9","12","0.75","j","1035","<div style=""width:100vw;height:100vh;background-color:black;""></div>","j","html-keyboard-response","81","2.0.0","105543","182212","testolin2020_replication","2025-11-21T08:46:09.754Z","20-27 inch desktop monitor","1920","1080","1920","957","1","19","November 11, 12:46 AM","true"
"numerosity_discrimination","1","14","9","9","8","0.8889","j","908","<div style=""width:100vw;height:100vh;background-color:black;""></div>","f","html-keyboard-response","86","2.0.0","109104","182212","testolin2020_replication","2025-11-21T08:46:09.754Z","20-27 inch desktop monitor","1920","1080","1920","957","1","19","November 11, 12:46 AM","false"
"numerosity_discrimination","1","15","202","9","7","0.7778","j","918","<div style=""width:100vw;height:100vh;background-color:black;""></div>","f","html-keyboard-response","91","2.0.0","112223","182212","testolin2020_replication","2025-11-21T08:46:09.754Z","20-27 inch desktop monitor","1920","1080","1920","957","1","19","November 11, 12:46 AM","false"
"numerosity_discrimination","1","16","272","10","20","0.5","j","438","<div style=""width:100vw;height:100vh;background-color:black;""></div>","j","html-keyboard-response","96","2.0.0","115181","182212","testolin2020_replication","2025-11-21T08:46:09.754Z","20-27 inch desktop monitor","1920","1080","1920","957","1","19","November 11, 12:46 AM","true"
"numerosity_discrimination","1","17","235","14","9","0.6429","j","1719","<div style=""width:100vw;height:100vh;background-color:black;""></div>","f","html-keyboard-response","101","2.0.0","119300","182212","testolin2020_replication","2025-11-21T08:46:09.754Z","20-27 inch desktop monitor","1920","1080","1920","957","1","19","November 11, 12:46 AM","false"
"numerosity_discrimination","1","18","67","11","9","0.8182","j","1061","<div style=""width:100vw;height:100vh;background-color:black;""></div>","f","html-keyboard-response","106","2.0.0","122721","182212","testolin2020_replication","2025-11-21T08:46:09.754Z","20-27 inch desktop monitor","1920","1080","1920","957","1","19","November 11, 12:46 AM","false"
"numerosity_discrimination","1","19","160","12","16","0.75","j","784","<div style=""width:100vw;height:100vh;background-color:black;""></div>","j","html-keyboard-response","111","2.0.0","126149","182212","testolin2020_replication","2025-11-21T08:46:09.754Z","20-27 inch desktop monitor","1920","1080","1920","957","1","19","November 11, 12:46 AM","true"
"numerosity_discrimination","1","20","31","28","25","0.8929","j","583","<div style=""width:100vw;height:100vh;background-color:black;""></div>","f","html-keyboard-response","116","2.0.0","129103","182212","testolin2020_replication","2025-11-21T08:46:09.754Z","20-27 inch desktop monitor","1920","1080","1920","957","1","19","November 11, 12:46 AM","false"
"numerosity_discrimination","1","21","213","18","11","0.6111","j","554","<div style=""width:100vw;height:100vh;background-color:black;""></div>","f","html-keyboard-response","121","2.0.0","132297","182212","testolin2020_replication","2025-11-21T08:46:09.754Z","20-27 inch desktop monitor","1920","1080","1920","957","1","19","November 11, 12:46 AM","false"
"numerosity_discrimination","1","22","193","25","18","0.72","j","668","<div style=""width:100vw;height:100vh;background-color:black;""></div>","f","html-keyboard-response","126","2.0.0","135621","182212","testolin2020_replication","2025-11-21T08:46:09.754Z","20-27 inch desktop monitor","1920","1080","1920","957","1","19","November 11, 12:46 AM","false"
"numerosity_discrimination","1","23","105","28","25","0.8929","j","415","<div style=""width:100vw;height:100vh;background-color:black;""></div>","f","html-keyboard-response","131","2.0.0","138530","182212","testolin2020_replication","2025-11-21T08:46:09.754Z","20-27 inch desktop monitor","1920","1080","1920","957","1","19","November 11, 12:46 AM","false"
"numerosity_discrimination","1","24","158","18","14","0.7778","j","564","<div style=""width:100vw;height:100vh;background-color:black;""></div>","f","html-keyboard-response","136","2.0.0","141477","182212","testolin2020_replication","2025-11-21T08:46:09.754Z","20-27 inch desktop monitor","1920","1080","1920","957","1","19","November 11, 12:46 AM","false"
"numerosity_discrimination","1","25","175","11","14","0.7857","j","802","<div style=""width:100vw;height:100vh;background-color:black;""></div>","j","html-keyboard-response","141","2.0.0","144699","182212","testolin2020_replication","2025-11-21T08:46:09.754Z","20-27 inch desktop monitor","1920","1080","1920","957","1","19","November 11, 12:46 AM","true"
"numerosity_discrimination","1","26","254","20","12","0.6","j","470","<div style=""width:100vw;height:100vh;background-color:black;""></div>","f","html-keyboard-response","146","2.0.0","147477","182212","testolin2020_replication","2025-11-21T08:46:09.754Z","20-27 inch desktop monitor","1920","1080","1920","957","1","19","November 11, 12:46 AM","false"
"numerosity_discrimination","1","27","221","16","10","0.625","j","566","<div style=""width:100vw;height:100vh;background-color:black;""></div>","f","html-keyboard-response","151","2.0.0","150419","182212","testolin2020_replication","2025-11-21T08:46:09.754Z","20-27 inch desktop monitor","1920","1080","1920","957","1","19","November 11, 12:46 AM","false"
"numerosity_discrimination","1","28","55","18","16","0.8889","j","425","<div style=""width:100vw;height:100vh;background-color:black;""></div>","j","html-keyboard-response","156","2.0.0","153347","182212","testolin2020_replication","2025-11-21T08:46:09.754Z","20-27 inch desktop monitor","1920","1080","1920","957","1","19","November 11, 12:46 AM","true"
"numerosity_discrimination","1","29","120","14","12","0.8571","j","297","<div style=""width:100vw;height:100vh;background-color:black;""></div>","f","html-keyboard-response","161","2.0.0","155888","182212","testolin2020_replication","2025-11-21T08:46:09.754Z","20-27 inch desktop monitor","1920","1080","1920","957","1","19","November 11, 12:46 AM","false"
"numerosity_discrimination","1","30","89","11","9","0.8182","j","363","<div style=""width:100vw;height:100vh;background-color:black;""></div>","f","html-keyboard-response","166","2.0.0","158464","182212","testolin2020_replication","2025-11-21T08:46:09.754Z","20-27 inch desktop monitor","1920","1080","1920","957","1","19","November 11, 12:46 AM","false"
"numerosity_discrimination","1","31","108","8","9","0.8889","j","998","<div style=""width:100vw;height:100vh;background-color:black;""></div>","f","html-keyboard-response","171","2.0.0","162061","182212","testolin2020_replication","2025-11-21T08:46:09.754Z","20-27 inch desktop monitor","1920","1080","1920","957","1","19","November 11, 12:46 AM","false"
"numerosity_discrimination","1","32","23","11","9","0.8182","j","374","<div style=""width:100vw;height:100vh;background-color:black;""></div>","j","html-keyboard-response","176","2.0.0","164754","182212","testolin2020_replication","2025-11-21T08:46:09.754Z","20-27 inch desktop monitor","1920","1080","1920","957","1","19","November 11, 12:46 AM","true"
"numerosity_discrimination","1","33","48","14","16","0.875","j","380","<div style=""width:100vw;height:100vh;background-color:black;""></div>","j","html-keyboard-response","181","2.0.0","167304","182212","testolin2020_replication","2025-11-21T08:46:09.754Z","20-27 inch desktop monitor","1920","1080","1920","957","1","19","November 11, 12:46 AM","true"
"numerosity_discrimination","1","34","177","8","11","0.7273","j","388","<div style=""width:100vw;height:100vh;background-color:black;""></div>","j","html-keyboard-response","186","2.0.0","170091","182212","testolin2020_replication","2025-11-21T08:46:09.754Z","20-27 inch desktop monitor","1920","1080","1920","957","1","19","November 11, 12:46 AM","true"
"numerosity_discrimination","1","35","26","28","25","0.8929","j","599","<div style=""width:100vw;height:100vh;background-color:black;""></div>","f","html-keyboard-response","191","2.0.0","173007","182212","testolin2020_replication","2025-11-21T08:46:09.754Z","20-27 inch desktop monitor","1920","1080","1920","957","1","19","November 11, 12:46 AM","false"
"numerosity_discrimination","1","36","166","20","14","0.7","j","326","<div style=""width:100vw;height:100vh;background-color:black;""></div>","f","html-keyboard-response","196","2.0.0","175785","182212","testolin2020_replication","2025-11-21T08:46:09.754Z","20-27 inch desktop monitor","1920","1080","1920","957","1","19","November 11, 12:46 AM","false"
"numerosity_discrimination","1","37","261","28","18","0.6429","j","301","<div style=""width:100vw;height:100vh;background-color:black;""></div>","f","html-keyboard-response","201","2.0.0","178731","182212","testolin2020_replication","2025-11-21T08:46:09.754Z","20-27 inch desktop monitor","1920","1080","1920","957","1","19","November 11, 12:46 AM","false"
"numerosity_discrimination","1","38","32","16","20","0.8","j","339","<div style=""width:100vw;height:100vh;background-color:black;""></div>","j","html-keyboard-response","206","2.0.0","181237","182212","testolin2020_replication","2025-11-21T08:46:09.754Z","20-27 inch desktop monitor","1920","1080","1920","957","1","19","November 11, 12:46 AM","true"
"numerosity_discrimination","1","39","103","14","12","0.8571","j","324","<div style=""width:100vw;height:100vh;background-color:black;""></div>","f","html-keyboard-response","211","2.0.0","184116","182212","testolin2020_replication","2025-11-21T08:46:09.754Z","20-27 inch desktop monitor","1920","1080","1920","957","1","19","November 11, 12:46 AM","false"
"numerosity_discrimination","1","40","197","12","16","0.75","j","74","<div style=""width:100vw;height:100vh;background-color:black;""></div>","j","html-keyboard-response","216","2.0.0","186504","182212","testolin2020_replication","2025-11-21T08:46:09.754Z","20-27 inch desktop monitor","1920","1080","1920","957","1","19","November 11, 12:46 AM","true"
"numerosity_discrimination","1","41","268","18","11","0.6111","j","575","<div style=""width:100vw;height:100vh;background-color:black;""></div>","f","html-keyboard-response","221","2.0.0","189406","182212","testolin2020_replication","2025-11-21T08:46:09.754Z","20-27 inch desktop monitor","1920","1080","1920","957","1","19","November 11, 12:46 AM","false"
"numerosity_discrimination","1","42","299","20","10","0.5","j","303","<div style=""width:100vw;height:100vh;background-color:black;""></div>","f","html-keyboard-response","226","2.0.0","192351","182212","testolin2020_replication","2025-11-21T08:46:09.754Z","20-27 inch desktop monitor","1920","1080","1920","957","1","19","November 11, 12:46 AM","false"
"numerosity_discrimination","1","43","179","22","16","0.7273","j","412","<div style=""width:100vw;height:100vh;background-color:black;""></div>","f","html-keyboard-response","231","2.0.0","195204","182212","testolin2020_replication","2025-11-21T08:46:09.754Z","20-27 inch desktop monitor","1920","1080","1920","957","1","19","November 11, 12:46 AM","false"
"numerosity_discrimination","1","44","203","11","8","0.7273","j","412","<div style=""width:100vw;height:100vh;background-color:black;""></div>","f","html-keyboard-response","236","2.0.0","198115","182212","testolin2020_replication","2025-11-21T08:46:09.754Z","20-27 inch desktop monitor","1920","1080","1920","957","1","19","November 11, 12:46 AM","false"
"numerosity_discrimination","1","45","245","10","16","0.625","j","413","<div style=""width:100vw;height:100vh;background-color:black;""></div>","j","html-keyboard-response","241","2.0.0","201021","182212","testolin2020_replication","2025-11-21T08:46:09.754Z","20-27 inch desktop monitor","1920","1080","1920","957","1","19","November 11, 12:46 AM","true"
"numerosity_discrimination","1","46","34","16","18","0.8889","j","313","<div style=""width:100vw;height:100vh;background-color:black;""></div>","j","html-keyboard-response","246","2.0.0","203815","182212","testolin2020_replication","2025-11-21T08:46:09.754Z","20-27 inch desktop monitor","1920","1080","1920","957","1","19","November 11, 12:46 AM","true"
"numerosity_discrimination","1","47","164","20","14","0.7","j","149","<div style=""width:100vw;height:100vh;background-color:black;""></div>","f","html-keyboard-response","251","2.0.0","206207","182212","testolin2020_replication","2025-11-21T08:46:09.754Z","20-27 inch desktop monitor","1920","1080","1920","957","1","19","November 11, 12:46 AM","false"
"numerosity_discrimination","1","48","186","22","28","0.7857","j","328","<div style=""width:100vw;height:100vh;background-color:black;""></div>","j","html-keyboard-response","256","2.0.0","209169","182212","testolin2020_replication","2025-11-21T08:46:09.754Z","20-27 inch desktop monitor","1920","1080","1920","957","1","19","November 11, 12:46 AM","true"
"numerosity_discrimination","1","49","19","18","22","0.8182","j","848","<div style=""width:100vw;height:100vh;background-color:black;""></div>","j","html-keyboard-response","261","2.0.0","212566","182212","testolin2020_replication","2025-11-21T08:46:09.754Z","20-27 inch desktop monitor","1920","1080","1920","957","1","19","November 11, 12:46 AM","true"
"numerosity_discrimination","1","50","22","16","20","0.8","j","434","<div style=""width:100vw;height:100vh;background-color:black;""></div>","j","html-keyboard-response","266","2.0.0","215392","182212","testolin2020_replication","2025-11-21T08:46:09.754Z","20-27 inch desktop monitor","1920","1080","1920","957","1","19","November 11, 12:46 AM","true"
"numerosity_discrimination","1","51","285","11","22","0.5","j","189","<div style=""width:100vw;height:100vh;background-color:black;""></div>","j","html-keyboard-response","271","2.0.0","218107","182212","testolin2020_replication","2025-11-21T08:46:09.754Z","20-27 inch desktop monitor","1920","1080","1920","957","1","19","November 11, 12:46 AM","true"
"numerosity_discrimination","1","52","54","22","18","0.8182","j","405","<div style=""width:100vw;height:100vh;background-color:black;""></div>","f","html-keyboard-response","276","2.0.0","220836","182212","testolin2020_replication","2025-11-21T08:46:09.754Z","20-27 inch desktop monitor","1920","1080","1920","957","1","19","November 11, 12:46 AM","false"
"numerosity_discrimination","1","53","238","20","12","0.6","j","141","<div style=""width:100vw;height:100vh;background-color:black;""></div>","f","html-keyboard-response","281","2.0.0","223504","182212","testolin2020_replication","2025-11-21T08:46:09.754Z","20-27 inch desktop monitor","1920","1080","1920","957","1","19","November 11, 12:46 AM","false"
"numerosity_discrimination","1","54","124","16","12","0.75","j","355","<div style=""width:100vw;height:100vh;background-color:black;""></div>","f","html-keyboard-response","286","2.0.0","226309","182212","testolin2020_replication","2025-11-21T08:46:09.754Z","20-27 inch desktop monitor","1920","1080","1920","957","1","19","November 11, 12:46 AM","false"
"numerosity_discrimination","1","55","18","14","12","0.8571","j","205","<div style=""width:100vw;height:100vh;background-color:black;""></div>","f","html-keyboard-response","291","2.0.0","229070","182212","testolin2020_replication","2025-11-21T08:46:09.754Z","20-27 inch desktop monitor","1920","1080","1920","957","1","19","November 11, 12:46 AM","false"
"numerosity_discrimination","1","56","173","25","18","0.72","j","242","<div style=""width:100vw;height:100vh;background-color:black;""></div>","f","html-keyboard-response","296","2.0.0","231694","182212","testolin2020_replication","2025-11-21T08:46:09.754Z","20-27 inch desktop monitor","1920","1080","1920","957","1","19","November 11, 12:46 AM","false"
"numerosity_discrimination","1","57","63","9","8","0.8889","j","626","<div style=""width:100vw;height:100vh;background-color:black;""></div>","f","html-keyboard-response","301","2.0.0","234591","182212","testolin2020_replication","2025-11-21T08:46:09.754Z","20-27 inch desktop monitor","1920","1080","1920","957","1","19","November 11, 12:46 AM","false"
"numerosity_discrimination","1","58","159","20","28","0.7143","j","265","<div style=""width:100vw;height:100vh;background-color:black;""></div>","j","html-keyboard-response","306","2.0.0","237252","182212","testolin2020_replication","2025-11-21T08:46:09.754Z","20-27 inch desktop monitor","1920","1080","1920","957","1","19","November 11, 12:46 AM","true"
"numerosity_discrimination","1","59","265","18","28","0.6429","j","254","<div style=""width:100vw;height:100vh;background-color:black;""></div>","j","html-keyboard-response","311","2.0.0","240008","182212","testolin2020_replication","2025-11-21T08:46:09.754Z","20-27 inch desktop monitor","1920","1080","1920","957","1","19","November 11, 12:46 AM","true"
"numerosity_discrimination","1","60","17","12","14","0.8571","j","679","<div style=""width:100vw;height:100vh;background-color:black;""></div>","j","html-keyboard-response","316","2.0.0","243109","182212","testolin2020_replication","2025-11-21T08:46:09.754Z","20-27 inch desktop monitor","1920","1080","1920","957","1","19","November 11, 12:46 AM","true"
"numerosity_discrimination","1","61","140","11","8","0.7273","j","229","<div style=""width:100vw;height:100vh;background-color:black;""></div>","f","html-keyboard-response","321","2.0.0","245943","182212","testolin2020_replication","2025-11-21T08:46:09.754Z","20-27 inch desktop monitor","1920","1080","1920","957","1","19","November 11, 12:46 AM","false"
"numerosity_discrimination","1","62","208","9","7","0.7778","j","256","<div style=""width:100vw;height:100vh;background-color:black;""></div>","f","html-keyboard-response","326","2.0.0","248558","182212","testolin2020_replication","2025-11-21T08:46:09.754Z","20-27 inch desktop monitor","1920","1080","1920","957","1","19","November 11, 12:46 AM","false"
"numerosity_discrimination","1","63","53","18","22","0.8182","j","269","<div style=""width:100vw;height:100vh;background-color:black;""></div>","j","html-keyboard-response","331","2.0.0","251461","182212","testolin2020_replication","2025-11-21T08:46:09.754Z","20-27 inch desktop monitor","1920","1080","1920","957","1","19","November 11, 12:46 AM","true"
"numerosity_discrimination","1","64","126","9","7","0.7778","j","621","<div style=""width:100vw;height:100vh;background-color:black;""></div>","f","html-keyboard-response","336","2.0.0","254624","182212","testolin2020_replication","2025-11-21T08:46:09.754Z","20-27 inch desktop monitor","1920","1080","1920","957","1","19","November 11, 12:46 AM","false"
"numerosity_discrimination","1","65","88","12","10","0.8333","j","403","<div style=""width:100vw;height:100vh;background-color:black;""></div>","f","html-keyboard-response","341","2.0.0","257262","182212","testolin2020_replication","2025-11-21T08:46:09.754Z","20-27 inch desktop monitor","1920","1080","1920","957","1","19","November 11, 12:46 AM","false"
"numerosity_discrimination","1","66","116","28","25","0.8929","j","375","<div style=""width:100vw;height:100vh;background-color:black;""></div>","f","html-keyboard-response","346","2.0.0","260149","182212","testolin2020_replication","2025-11-21T08:46:09.754Z","20-27 inch desktop monitor","1920","1080","1920","957","1","19","November 11, 12:46 AM","false"
"numerosity_discrimination","1","67","4","12","14","0.8571","j","489","<div style=""width:100vw;height:100vh;background-color:black;""></div>","j","html-keyboard-response","351","2.0.0","262980","182212","testolin2020_replication","2025-11-21T08:46:09.754Z","20-27 inch desktop monitor","1920","1080","1920","957","1","19","November 11, 12:46 AM","true"
"numerosity_discrimination","1","68","287","25","14","0.56","j","212","<div style=""width:100vw;height:100vh;background-color:black;""></div>","f","html-keyboard-response","356","2.0.0","265536","182212","testolin2020_replication","2025-11-21T08:46:09.754Z","20-27 inch desktop monitor","1920","1080","1920","957","1","19","November 11, 12:46 AM","false"
"numerosity_discrimination","1","69","119","12","10","0.8333","j","214","<div style=""width:100vw;height:100vh;background-color:black;""></div>","f","html-keyboard-response","361","2.0.0","268317","182212","testolin2020_replication","2025-11-21T08:46:09.754Z","20-27 inch desktop monitor","1920","1080","1920","957","1","19","November 11, 12:46 AM","false"
"numerosity_discrimination","1","70","122","8","11","0.7273","j","169","<div style=""width:100vw;height:100vh;background-color:black;""></div>","j","html-keyboard-response","366","2.0.0","271053","182212","testolin2020_replication","2025-11-21T08:46:09.754Z","20-27 inch desktop monitor","1920","1080","1920","957","1","19","November 11, 12:46 AM","true"
"numerosity_discrimination","1","71","194","7","9","0.7778","j","320","<div style=""width:100vw;height:100vh;background-color:black;""></div>","j","html-keyboard-response","371","2.0.0","273633","182212","testolin2020_replication","2025-11-21T08:46:09.754Z","20-27 inch desktop monitor","1920","1080","1920","957","1","19","November 11, 12:46 AM","true"
"numerosity_discrimination","1","72","75","12","14","0.8571","j","286","<div style=""width:100vw;height:100vh;background-color:black;""></div>","j","html-keyboard-response","376","2.0.0","276142","182212","testolin2020_replication","2025-11-21T08:46:09.754Z","20-27 inch desktop monitor","1920","1080","1920","957","1","19","November 11, 12:46 AM","true"
"numerosity_discrimination","1","73","150","16","22","0.7273","j","218","<div style=""width:100vw;height:100vh;background-color:black;""></div>","j","html-keyboard-response","381","2.0.0","278730","182212","testolin2020_replication","2025-11-21T08:46:09.754Z","20-27 inch desktop monitor","1920","1080","1920","957","1","19","November 11, 12:46 AM","true"
"numerosity_discrimination","1","74","70","18","16","0.8889","j","411","<div style=""width:100vw;height:100vh;background-color:black;""></div>","f","html-keyboard-response","386","2.0.0","281746","182212","testolin2020_replication","2025-11-21T08:46:09.754Z","20-27 inch desktop monitor","1920","1080","1920","957","1","19","November 11, 12:46 AM","false"
"numerosity_discrimination","1","75","187","18","14","0.7778","j","278","<div style=""width:100vw;height:100vh;background-color:black;""></div>","f","html-keyboard-response","391","2.0.0","284557","182212","testolin2020_replication","2025-11-21T08:46:09.754Z","20-27 inch desktop monitor","1920","1080","1920","957","1","19","November 11, 12:46 AM","false"
"numerosity_discrimination","1","76","275","14","7","0.5","j","252","<div style=""width:100vw;height:100vh;background-color:black;""></div>","f","html-keyboard-response","396","2.0.0","287242","182212","testolin2020_replication","2025-11-21T08:46:09.754Z","20-27 inch desktop monitor","1920","1080","1920","957","1","19","November 11, 12:46 AM","false"
"numerosity_discrimination","1","77","192","22","28","0.7857","j","184","<div style=""width:100vw;height:100vh;background-color:black;""></div>","j","html-keyboard-response","401","2.0.0","289716","182212","testolin2020_replication","2025-11-21T08:46:09.754Z","20-27 inch desktop monitor","1920","1080","1920","957","1","19","November 11, 12:46 AM","true"
"numerosity_discrimination","1","78","225","14","22","0.6364","j","236","<div style=""width:100vw;height:100vh;background-color:black;""></div>","j","html-keyboard-response","406","2.0.0","292311","182212","testolin2020_replication","2025-11-21T08:46:09.754Z","20-27 inch desktop monitor","1920","1080","1920","957","1","19","November 11, 12:46 AM","true"
"numerosity_discrimination","1","79","59","14","12","0.8571","j","245","<div style=""width:100vw;height:100vh;background-color:black;""></div>","f","html-keyboard-response","411","2.0.0","295147","182212","testolin2020_replication","2025-11-21T08:46:09.754Z","20-27 inch desktop monitor","1920","1080","1920","957","1","19","November 11, 12:46 AM","false"
"numerosity_discrimination","1","80","239","22","14","0.6364","j","589","<div style=""width:100vw;height:100vh;background-color:black;""></div>","f","html-keyboard-response","416","2.0.0","298314","182212","testolin2020_replication","2025-11-21T08:46:09.754Z","20-27 inch desktop monitor","1920","1080","1920","957","1","19","November 11, 12:46 AM","false"
"numerosity_discrimination","1","81","226","14","9","0.6429","j","583","<div style=""width:100vw;height:100vh;background-color:black;""></div>","f","html-keyboard-response","421","2.0.0","301247","182212","testolin2020_replication","2025-11-21T08:46:09.754Z","20-27 inch desktop monitor","1920","1080","1920","957","1","19","November 11, 12:46 AM","false"
"numerosity_discrimination","1","82","259","18","11","0.6111","j","339","<div style=""width:100vw;height:100vh;background-color:black;""></div>","f","html-keyboard-response","426","2.0.0","304164","182212","testolin2020_replication","2025-11-21T08:46:09.754Z","20-27 inch desktop monitor","1920","1080","1920","957","1","19","November 11, 12:46 AM","false"
"numerosity_discrimination","1","83","184","18","14","0.7778","j","29007","<div style=""width:100vw;height:100vh;background-color:black;""></div>","f","html-keyboard-response","431","2.0.0","335682","182212","testolin2020_replication","2025-11-21T08:46:09.754Z","20-27 inch desktop monitor","1920","1080","1920","957","1","19","November 11, 12:46 AM","false"
"numerosity_discrimination","1","84","100","28","25","0.8929","j","697","<div style=""width:100vw;height:100vh;background-color:black;""></div>","f","html-keyboard-response","436","2.0.0","338803","182212","testolin2020_replication","2025-11-21T08:46:09.754Z","20-27 inch desktop monitor","1920","1080","1920","957","1","19","November 11, 12:46 AM","false"
"numerosity_discrimination","1","85","38","14","16","0.875","j","439","<div style=""width:100vw;height:100vh;background-color:black;""></div>","f","html-keyboard-response","441","2.0.0","341856","182212","testolin2020_replication","2025-11-21T08:46:09.754Z","20-27 inch desktop monitor","1920","1080","1920","957","1","19","November 11, 12:46 AM","false"
"numerosity_discrimination","1","86","109","12","14","0.8571","j","305","<div style=""width:100vw;height:100vh;background-color:black;""></div>","j","html-keyboard-response","446","2.0.0","344645","182212","testolin2020_replication","2025-11-21T08:46:09.754Z","20-27 inch desktop monitor","1920","1080","1920","957","1","19","November 11, 12:46 AM","true"
"numerosity_discrimination","1","87","231","25","16","0.64","j","489","<div style=""width:100vw;height:100vh;background-color:black;""></div>","f","html-keyboard-response","451","2.0.0","347759","182212","testolin2020_replication","2025-11-21T08:46:09.754Z","20-27 inch desktop monitor","1920","1080","1920","957","1","19","November 11, 12:46 AM","false"
"numerosity_discrimination","1","88","282","8","14","0.5714","j","227","<div style=""width:100vw;height:100vh;background-color:black;""></div>","j","html-keyboard-response","456","2.0.0","350345","182212","testolin2020_replication","2025-11-21T08:46:09.754Z","20-27 inch desktop monitor","1920","1080","1920","957","1","19","November 11, 12:46 AM","true"
"numerosity_discrimination","1","89","37","20","16","0.8","j","362","<div style=""width:100vw;height:100vh;background-color:black;""></div>","f","html-keyboard-response","461","2.0.0","353269","182212","testolin2020_replication","2025-11-21T08:46:09.754Z","20-27 inch desktop monitor","1920","1080","1920","957","1","19","November 11, 12:46 AM","false"
"numerosity_discrimination","1","90","41","16","20","0.8","j","346","<div style=""width:100vw;height:100vh;background-color:black;""></div>","j","html-keyboard-response","466","2.0.0","356193","182212","testolin2020_replication","2025-11-21T08:46:09.754Z","20-27 inch desktop monitor","1920","1080","1920","957","1","19","November 11, 12:46 AM","true"
"numerosity_discrimination","1","91","11","8","10","0.8","j","580","<div style=""width:100vw;height:100vh;background-color:black;""></div>","f","html-keyboard-response","471","2.0.0","358994","182212","testolin2020_replication","2025-11-21T08:46:09.754Z","20-27 inch desktop monitor","1920","1080","1920","957","1","19","November 11, 12:46 AM","false"
"numerosity_discrimination","1","92","163","18","14","0.7778","j","195","<div style=""width:100vw;height:100vh;background-color:black;""></div>","f","html-keyboard-response","476","2.0.0","361664","182212","testolin2020_replication","2025-11-21T08:46:09.754Z","20-27 inch desktop monitor","1920","1080","1920","957","1","19","November 11, 12:46 AM","false"
"numerosity_discrimination","1","93","243","18","12","0.6667","j","231","<div style=""width:100vw;height:100vh;background-color:black;""></div>","f","html-keyboard-response","481","2.0.0","364367","182212","testolin2020_replication","2025-11-21T08:46:09.754Z","20-27 inch desktop monitor","1920","1080","1920","957","1","19","November 11, 12:46 AM","false"
"numerosity_discrimination","1","94","290","12","22","0.5455","j","306","<div style=""width:100vw;height:100vh;background-color:black;""></div>","j","html-keyboard-response","486","2.0.0","366896","182212","testolin2020_replication","2025-11-21T08:46:09.754Z","20-27 inch desktop monitor","1920","1080","1920","957","1","19","November 11, 12:46 AM","true"
"numerosity_discrimination","1","95","281","12","7","0.5833","j","168","<div style=""width:100vw;height:100vh;background-color:black;""></div>","f","html-keyboard-response","491","2.0.0","369520","182212","testolin2020_replication","2025-11-21T08:46:09.754Z","20-27 inch desktop monitor","1920","1080","1920","957","1","19","November 11, 12:46 AM","false"
"numerosity_discrimination","1","96","134","16","12","0.75","j","277","<div style=""width:100vw;height:100vh;background-color:black;""></div>","f","html-keyboard-response","496","2.0.0","372407","182212","testolin2020_replication","2025-11-21T08:46:09.754Z","20-27 inch desktop monitor","1920","1080","1920","957","1","19","November 11, 12:46 AM","false"
"numerosity_discrimination","1","97","123","12","16","0.75","j","280","<div style=""width:100vw;height:100vh;background-color:black;""></div>","j","html-keyboard-response","501","2.0.0","374899","182212","testolin2020_replication","2025-11-21T08:46:09.754Z","20-27 inch desktop monitor","1920","1080","1920","957","1","19","November 11, 12:46 AM","true"
"numerosity_discrimination","1","98","274","18","9","0.5","j","108","<div style=""width:100vw;height:100vh;background-color:black;""></div>","f","html-keyboard-response","506","2.0.0","377312","182212","testolin2020_replication","2025-11-21T08:46:09.754Z","20-27 inch desktop monitor","1920","1080","1920","957","1","19","November 11, 12:46 AM","false"
"numerosity_discrimination","1","99","112","28","25","0.8929","j","391","<div style=""width:100vw;height:100vh;background-color:black;""></div>","f","html-keyboard-response","511","2.0.0","380257","182212","testolin2020_replication","2025-11-21T08:46:09.754Z","20-27 inch desktop monitor","1920","1080","1920","957","1","19","November 11, 12:46 AM","false"
"numerosity_discrimination","1","100","295","20","10","0.5","j","242","<div style=""width:100vw;height:100vh;background-color:black;""></div>","f","html-keyboard-response","516","2.0.0","383027","182212","testolin2020_replication","2025-11-21T08:46:09.754Z","20-27 inch desktop monitor","1920","1080","1920","957","1","19","November 11, 12:46 AM","false"
"numerosity_discrimination","2","101","46","18","22","0.8182","j","364","<div style=""width:100vw;height:100vh;background-color:black;""></div>","f","html-keyboard-response","523","2.0.0","392716","182212","testolin2020_replication","2025-11-21T08:46:09.754Z","20-27 inch desktop monitor","1920","1080","1920","957","1","19","November 11, 12:46 AM","false"
"numerosity_discrimination","2","102","77","7","8","0.875","j","511","<div style=""width:100vw;height:100vh;background-color:black;""></div>","f","html-keyboard-response","528","2.0.0","395486","182212","testolin2020_replication","2025-11-21T08:46:09.754Z","20-27 inch desktop monitor","1920","1080","1920","957","1","19","November 11, 12:46 AM","false"
"numerosity_discrimination","2","103","68","11","9","0.8182","j","253","<div style=""width:100vw;height:100vh;background-color:black;""></div>","f","html-keyboard-response","533","2.0.0","398047","182212","testolin2020_replication","2025-11-21T08:46:09.754Z","20-27 inch desktop monitor","1920","1080","1920","957","1","19","November 11, 12:46 AM","false"
"numerosity_discrimination","2","104","178","14","11","0.7857","j","161","<div style=""width:100vw;height:100vh;background-color:black;""></div>","f","html-keyboard-response","538","2.0.0","400812","182212","testolin2020_replication","2025-11-21T08:46:09.754Z","20-27 inch desktop monitor","1920","1080","1920","957","1","19","November 11, 12:46 AM","false"
"numerosity_discrimination","2","105","30","11","9","0.8182","j","320","<div style=""width:100vw;height:100vh;background-color:black;""></div>","f","html-keyboard-response","543","2.0.0","403493","182212","testolin2020_replication","2025-11-21T08:46:09.754Z","20-27 inch desktop monitor","1920","1080","1920","957","1","19","November 11, 12:46 AM","false"
"numerosity_discrimination","2","106","86","22","25","0.88","j","371","<div style=""width:100vw;height:100vh;background-color:black;""></div>","j","html-keyboard-response","548","2.0.0","406416","182212","testolin2020_replication","2025-11-21T08:46:09.754Z","20-27 inch desktop monitor","1920","1080","1920","957","1","19","November 11, 12:46 AM","true"
"numerosity_discrimination","2","107","244","8","12","0.6667","j","629","<div style=""width:100vw;height:100vh;background-color:black;""></div>","j","html-keyboard-response","553","2.0.0","409576","182212","testolin2020_replication","2025-11-21T08:46:09.754Z","20-27 inch desktop monitor","1920","1080","1920","957","1","19","November 11, 12:46 AM","true"
"numerosity_discrimination","2","108","195","16","12","0.75","j","245","<div style=""width:100vw;height:100vh;background-color:black;""></div>","f","html-keyboard-response","558","2.0.0","412032","182212","testolin2020_replication","2025-11-21T08:46:09.754Z","20-27 inch desktop monitor","1920","1080","1920","957","1","19","November 11, 12:46 AM","false"
"numerosity_discrimination","2","109","78","11","9","0.8182","j","168","<div style=""width:100vw;height:100vh;background-color:black;""></div>","f","html-keyboard-response","563","2.0.0","414736","182212","testolin2020_replication","2025-11-21T08:46:09.754Z","20-27 inch desktop monitor","1920","1080","1920","957","1","19","November 11, 12:46 AM","false"
"numerosity_discrimination","2","110","6","16","18","0.8889","j","169","<div style=""width:100vw;height:100vh;background-color:black;""></div>","j","html-keyboard-response","568","2.0.0","417494","182212","testolin2020_replication","2025-11-21T08:46:09.754Z","20-27 inch desktop monitor","1920","1080","1920","957","1","19","November 11, 12:46 AM","true"
"numerosity_discrimination","2","111","185","20","28","0.7143","j","180","<div style=""width:100vw;height:100vh;background-color:black;""></div>","j","html-keyboard-response","573","2.0.0","420121","182212","testolin2020_replication","2025-11-21T08:46:09.754Z","20-27 inch desktop monitor","1920","1080","1920","957","1","19","November 11, 12:46 AM","true"
"numerosity_discrimination","2","112","148","25","18","0.72","j","739","<div style=""width:100vw;height:100vh;background-color:black;""></div>","f","html-keyboard-response","578","2.0.0","423136","182212","testolin2020_replication","2025-11-21T08:46:09.754Z","20-27 inch desktop monitor","1920","1080","1920","957","1","19","November 11, 12:46 AM","false"
"numerosity_discrimination","2","113","157","7","10","0.7","j","529","<div style=""width:100vw;height:100vh;background-color:black;""></div>","f","html-keyboard-response","583","2.0.0","426281","182212","testolin2020_replication","2025-11-21T08:46:09.754Z","20-27 inch desktop monitor","1920","1080","1920","957","1","19","November 11, 12:46 AM","false"
"numerosity_discrimination","2","114","141","20","14","0.7","j","259","<div style=""width:100vw;height:100vh;background-color:black;""></div>","f","html-keyboard-response","588","2.0.0","428906","182212","testolin2020_replication","2025-11-21T08:46:09.754Z","20-27 inch desktop monitor","1920","1080","1920","957","1","19","November 11, 12:46 AM","false"
"numerosity_discrimination","2","115","253","22","14","0.6364","j","123","<div style=""width:100vw;height:100vh;background-color:black;""></div>","f","html-keyboard-response","593","2.0.0","431294","182212","testolin2020_replication","2025-11-21T08:46:09.754Z","20-27 inch desktop monitor","1920","1080","1920","957","1","19","November 11, 12:46 AM","false"
"numerosity_discrimination","2","116","214","20","12","0.6","j","127","<div style=""width:100vw;height:100vh;background-color:black;""></div>","f","html-keyboard-response","598","2.0.0","433926","182212","testolin2020_replication","2025-11-21T08:46:09.754Z","20-27 inch desktop monitor","1920","1080","1920","957","1","19","November 11, 12:46 AM","false"
"numerosity_discrimination","2","117","102","8","7","0.875","j","152","<div style=""width:100vw;height:100vh;background-color:black;""></div>","f","html-keyboard-response","603","2.0.0","436653","182212","testolin2020_replication","2025-11-21T08:46:09.754Z","20-27 inch desktop monitor","1920","1080","1920","957","1","19","November 11, 12:46 AM","false"
"numerosity_discrimination","2","118","96","12","10","0.8333","j","224","<div style=""width:100vw;height:100vh;background-color:black;""></div>","f","html-keyboard-response","608","2.0.0","439547","182212","testolin2020_replication","2025-11-21T08:46:09.754Z","20-27 inch desktop monitor","1920","1080","1920","957","1","19","November 11, 12:46 AM","false"
"numerosity_discrimination","2","119","220","28","18","0.6429","j","296","<div style=""width:100vw;height:100vh;background-color:black;""></div>","f","html-keyboard-response","613","2.0.0","442009","182212","testolin2020_replication","2025-11-21T08:46:09.754Z","20-27 inch desktop monitor","1920","1080","1920","957","1","19","November 11, 12:46 AM","false"
"numerosity_discrimination","2","120","142","11","14","0.7857","j","340","<div style=""width:100vw;height:100vh;background-color:black;""></div>","f","html-keyboard-response","618","2.0.0","444841","182212","testolin2020_replication","2025-11-21T08:46:09.754Z","20-27 inch desktop monitor","1920","1080","1920","957","1","19","November 11, 12:46 AM","false"
"numerosity_discrimination","2","121","183","14","20","0.7","j","237","<div style=""width:100vw;height:100vh;background-color:black;""></div>","j","html-keyboard-response","623","2.0.0","447260","182212","testolin2020_replication","2025-11-21T08:46:09.754Z","20-27 inch desktop monitor","1920","1080","1920","957","1","19","November 11, 12:46 AM","true"
"numerosity_discrimination","2","122","291","11","20","0.55","j","243","<div style=""width:100vw;height:100vh;background-color:black;""></div>","j","html-keyboard-response","628","2.0.0","449849","182212","testolin2020_replication","2025-11-21T08:46:09.754Z","20-27 inch desktop monitor","1920","1080","1920","957","1","19","November 11, 12:46 AM","true"
"numerosity_discrimination","2","123","248","22","14","0.6364","j","220","<div style=""width:100vw;height:100vh;background-color:black;""></div>","f","html-keyboard-response","633","2.0.0","452282","182212","testolin2020_replication","2025-11-21T08:46:09.754Z","20-27 inch desktop monitor","1920","1080","1920","957","1","19","November 11, 12:46 AM","false"
"numerosity_discrimination","2","124","230","10","16","0.625","j","247","<div style=""width:100vw;height:100vh;background-color:black;""></div>","j","html-keyboard-response","638","2.0.0","454948","182212","testolin2020_replication","2025-11-21T08:46:09.754Z","20-27 inch desktop monitor","1920","1080","1920","957","1","19","November 11, 12:46 AM","true"
"numerosity_discrimination","2","125","283","20","11","0.55","j","88","<div style=""width:100vw;height:100vh;background-color:black;""></div>","f","html-keyboard-response","643","2.0.0","457661","182212","testolin2020_replication","2025-11-21T08:46:09.754Z","20-27 inch desktop monitor","1920","1080","1920","957","1","19","November 11, 12:46 AM","false"
"numerosity_discrimination","2","126","14","8","7","0.875","j","249","<div style=""width:100vw;height:100vh;background-color:black;""></div>","f","html-keyboard-response","648","2.0.0","460566","182212","testolin2020_replication","2025-11-21T08:46:09.754Z","20-27 inch desktop monitor","1920","1080","1920","957","1","19","November 11, 12:46 AM","false"
"numerosity_discrimination","2","127","297","18","10","0.5556","j","138","<div style=""width:100vw;height:100vh;background-color:black;""></div>","f","html-keyboard-response","653","2.0.0","463022","182212","testolin2020_replication","2025-11-21T08:46:09.754Z","20-27 inch desktop monitor","1920","1080","1920","957","1","19","November 11, 12:46 AM","false"
"numerosity_discrimination","2","128","250","18","12","0.6667","j","194","<div style=""width:100vw;height:100vh;background-color:black;""></div>","f","html-keyboard-response","658","2.0.0","465557","182212","testolin2020_replication","2025-11-21T08:46:09.754Z","20-27 inch desktop monitor","1920","1080","1920","957","1","19","November 11, 12:46 AM","false"
"numerosity_discrimination","2","129","79","16","18","0.8889","j","421","<div style=""width:100vw;height:100vh;background-color:black;""></div>","j","html-keyboard-response","663","2.0.0","468613","182212","testolin2020_replication","2025-11-21T08:46:09.754Z","20-27 inch desktop monitor","1920","1080","1920","957","1","19","November 11, 12:46 AM","true"
"numerosity_discrimination","2","130","171","12","9","0.75","j","353","<div style=""width:100vw;height:100vh;background-color:black;""></div>","f","html-keyboard-response","668","2.0.0","471578","182212","testolin2020_replication","2025-11-21T08:46:09.754Z","20-27 inch desktop monitor","1920","1080","1920","957","1","19","November 11, 12:46 AM","false"
"numerosity_discrimination","2","131","8","16","14","0.875","j","300","<div style=""width:100vw;height:100vh;background-color:black;""></div>","f","html-keyboard-response","673","2.0.0","474131","182212","testolin2020_replication","2025-11-21T08:46:09.754Z","20-27 inch desktop monitor","1920","1080","1920","957","1","19","November 11, 12:46 AM","false"
"numerosity_discrimination","2","132","107","16","18","0.8889","j","284","<div style=""width:100vw;height:100vh;background-color:black;""></div>","j","html-keyboard-response","678","2.0.0","476937","182212","testolin2020_replication","2025-11-21T08:46:09.754Z","20-27 inch desktop monitor","1920","1080","1920","957","1","19","November 11, 12:46 AM","true"
"numerosity_discrimination","2","133","99","22","18","0.8182","j","307","<div style=""width:100vw;height:100vh;background-color:black;""></div>","f","html-keyboard-response","683","2.0.0","479709","182212","testolin2020_replication","2025-11-21T08:46:09.754Z","20-27 inch desktop monitor","1920","1080","1920","957","1","19","November 11, 12:46 AM","false"
"numerosity_discrimination","2","134","224","9","14","0.6429","j","231","<div style=""width:100vw;height:100vh;background-color:black;""></div>","j","html-keyboard-response","688","2.0.0","482311","182212","testolin2020_replication","2025-11-21T08:46:09.754Z","20-27 inch desktop monitor","1920","1080","1920","957","1","19","November 11, 12:46 AM","true"
"numerosity_discrimination","2","135","151","9","7","0.7778","j","242","<div style=""width:100vw;height:100vh;background-color:black;""></div>","f","html-keyboard-response","693","2.0.0","484886","182212","testolin2020_replication","2025-11-21T08:46:09.754Z","20-27 inch desktop monitor","1920","1080","1920","957","1","19","November 11, 12:46 AM","false"
"numerosity_discrimination","2","136","133","10","14","0.7143","j","479","<div style=""width:100vw;height:100vh;background-color:black;""></div>","j","html-keyboard-response","698","2.0.0","488019","182212","testolin2020_replication","2025-11-21T08:46:09.754Z","20-27 inch desktop monitor","1920","1080","1920","957","1","19","November 11, 12:46 AM","true"
"numerosity_discrimination","2","137","258","14","22","0.6364","j","297","<div style=""width:100vw;height:100vh;background-color:black;""></div>","j","html-keyboard-response","703","2.0.0","490863","182212","testolin2020_replication","2025-11-21T08:46:09.754Z","20-27 inch desktop monitor","1920","1080","1920","957","1","19","November 11, 12:46 AM","true"
"numerosity_discrimination","2","138","82","16","14","0.875","j","123","<div style=""width:100vw;height:100vh;background-color:black;""></div>","f","html-keyboard-response","708","2.0.0","493480","182212","testolin2020_replication","2025-11-21T08:46:09.754Z","20-27 inch desktop monitor","1920","1080","1920","957","1","19","November 11, 12:46 AM","false"
"numerosity_discrimination","2","139","146","10","14","0.7143","j","198","<div style=""width:100vw;height:100vh;background-color:black;""></div>","j","html-keyboard-response","713","2.0.0","496072","182212","testolin2020_replication","2025-11-21T08:46:09.754Z","20-27 inch desktop monitor","1920","1080","1920","957","1","19","November 11, 12:46 AM","true"
"numerosity_discrimination","2","140","215","16","11","0.6875","j","135","<div style=""width:100vw;height:100vh;background-color:black;""></div>","f","html-keyboard-response","718","2.0.0","498619","182212","testolin2020_replication","2025-11-21T08:46:09.754Z","20-27 inch desktop monitor","1920","1080","1920","957","1","19","November 11, 12:46 AM","false"
"numerosity_discrimination","2","141","209","9","7","0.7778","j","245","<div style=""width:100vw;height:100vh;background-color:black;""></div>","f","html-keyboard-response","723","2.0.0","501279","182212","testolin2020_replication","2025-11-21T08:46:09.754Z","20-27 inch desktop monitor","1920","1080","1920","957","1","19","November 11, 12:46 AM","false"
"numerosity_discrimination","2","142","156","12","16","0.75","j","282","<div style=""width:100vw;height:100vh;background-color:black;""></div>","j","html-keyboard-response","728","2.0.0","503915","182212","testolin2020_replication","2025-11-21T08:46:09.754Z","20-27 inch desktop monitor","1920","1080","1920","957","1","19","November 11, 12:46 AM","true"
"numerosity_discrimination","2","143","181","10","14","0.7143","j","718","<div style=""width:100vw;height:100vh;background-color:black;""></div>","f","html-keyboard-response","733","2.0.0","506976","182212","testolin2020_replication","2025-11-21T08:46:09.754Z","20-27 inch desktop monitor","1920","1080","1920","957","1","19","November 11, 12:46 AM","false"
"numerosity_discrimination","2","144","270","14","22","0.6364","j","295","<div style=""width:100vw;height:100vh;background-color:black;""></div>","j","html-keyboard-response","738","2.0.0","509907","182212","testolin2020_replication","2025-11-21T08:46:09.754Z","20-27 inch desktop monitor","1920","1080","1920","957","1","19","November 11, 12:46 AM","true"
"numerosity_discrimination","2","145","293","7","12","0.5833","j","248","<div style=""width:100vw;height:100vh;background-color:black;""></div>","j","html-keyboard-response","743","2.0.0","512503","182212","testolin2020_replication","2025-11-21T08:46:09.754Z","20-27 inch desktop monitor","1920","1080","1920","957","1","19","November 11, 12:46 AM","true"
"numerosity_discrimination","2","146","154","11","14","0.7857","j","306","<div style=""width:100vw;height:100vh;background-color:black;""></div>","j","html-keyboard-response","748","2.0.0","515034","182212","testolin2020_replication","2025-11-21T08:46:09.754Z","20-27 inch desktop monitor","1920","1080","1920","957","1","19","November 11, 12:46 AM","true"
"numerosity_discrimination","2","147","137","10","7","0.7","j","157","<div style=""width:100vw;height:100vh;background-color:black;""></div>","f","html-keyboard-response","753","2.0.0","517668","182212","testolin2020_replication","2025-11-21T08:46:09.754Z","20-27 inch desktop monitor","1920","1080","1920","957","1","19","November 11, 12:46 AM","false"
"numerosity_discrimination","2","148","95","9","8","0.8889","j","181","<div style=""width:100vw;height:100vh;background-color:black;""></div>","f","html-keyboard-response","758","2.0.0","520354","182212","testolin2020_replication","2025-11-21T08:46:09.754Z","20-27 inch desktop monitor","1920","1080","1920","957","1","19","November 11, 12:46 AM","false"
"numerosity_discrimination","2","149","240","20","12","0.6","j","155","<div style=""width:100vw;height:100vh;background-color:black;""></div>","f","html-keyboard-response","763","2.0.0","522904","182212","testolin2020_replication","2025-11-21T08:46:09.754Z","20-27 inch desktop monitor","1920","1080","1920","957","1","19","November 11, 12:46 AM","false"
"numerosity_discrimination","2","150","191","28","20","0.7143","j","505","<div style=""width:100vw;height:100vh;background-color:black;""></div>","f","html-keyboard-response","768","2.0.0","526005","182212","testolin2020_replication","2025-11-21T08:46:09.754Z","20-27 inch desktop monitor","1920","1080","1920","957","1","19","November 11, 12:46 AM","false"
"numerosity_discrimination","2","151","162","16","22","0.7273","j","562","<div style=""width:100vw;height:100vh;background-color:black;""></div>","j","html-keyboard-response","773","2.0.0","528803","182212","testolin2020_replication","2025-11-21T08:46:09.754Z","20-27 inch desktop monitor","1920","1080","1920","957","1","19","November 11, 12:46 AM","true"
"numerosity_discrimination","2","152","64","9","11","0.8182","j","1678","<div style=""width:100vw;height:100vh;background-color:black;""></div>","j","html-keyboard-response","778","2.0.0","532713","182212","testolin2020_replication","2025-11-21T08:46:09.754Z","20-27 inch desktop monitor","1920","1080","1920","957","1","19","November 11, 12:46 AM","true"
"numerosity_discrimination","2","153","58","18","22","0.8182","j","685","<div style=""width:100vw;height:100vh;background-color:black;""></div>","f","html-keyboard-response","783","2.0.0","535862","182212","testolin2020_replication","2025-11-21T08:46:09.754Z","20-27 inch desktop monitor","1920","1080","1920","957","1","19","November 11, 12:46 AM","false"
"numerosity_discrimination","2","154","66","9","11","0.8182","j","430","<div style=""width:100vw;height:100vh;background-color:black;""></div>","j","html-keyboard-response","788","2.0.0","538748","182212","testolin2020_replication","2025-11-21T08:46:09.754Z","20-27 inch desktop monitor","1920","1080","1920","957","1","19","November 11, 12:46 AM","true"
"numerosity_discrimination","2","155","266","7","11","0.6364","j","263","<div style=""width:100vw;height:100vh;background-color:black;""></div>","j","html-keyboard-response","793","2.0.0","541492","182212","testolin2020_replication","2025-11-21T08:46:09.754Z","20-27 inch desktop monitor","1920","1080","1920","957","1","19","November 11, 12:46 AM","true"
"numerosity_discrimination","2","156","90","7","8","0.875","j","491","<div style=""width:100vw;height:100vh;background-color:black;""></div>","f","html-keyboard-response","798","2.0.0","544375","182212","testolin2020_replication","2025-11-21T08:46:09.754Z","20-27 inch desktop monitor","1920","1080","1920","957","1","19","November 11, 12:46 AM","false"
"numerosity_discrimination","2","157","74","12","10","0.8333","j","177","<div style=""width:100vw;height:100vh;background-color:black;""></div>","f","html-keyboard-response","803","2.0.0","546956","182212","testolin2020_replication","2025-11-21T08:46:09.754Z","20-27 inch desktop monitor","1920","1080","1920","957","1","19","November 11, 12:46 AM","false"
"numerosity_discrimination","2","158","288","18","10","0.5556","j","139","<div style=""width:100vw;height:100vh;background-color:black;""></div>","f","html-keyboard-response","808","2.0.0","549545","182212","testolin2020_replication","2025-11-21T08:46:09.754Z","20-27 inch desktop monitor","1920","1080","1920","957","1","19","November 11, 12:46 AM","false"
"numerosity_discrimination","2","159","85","7","8","0.875","j","423","<div style=""width:100vw;height:100vh;background-color:black;""></div>","j","html-keyboard-response","813","2.0.0","552314","182212","testolin2020_replication","2025-11-21T08:46:09.754Z","20-27 inch desktop monitor","1920","1080","1920","957","1","19","November 11, 12:46 AM","true"
"numerosity_discrimination","2","160","87","14","16","0.875","j","731","<div style=""width:100vw;height:100vh;background-color:black;""></div>","f","html-keyboard-response","818","2.0.0","555528","182212","testolin2020_replication","2025-11-21T08:46:09.754Z","20-27 inch desktop monitor","1920","1080","1920","957","1","19","November 11, 12:46 AM","false"
"numerosity_discrimination","2","161","205","14","11","0.7857","j","2026","<div style=""width:100vw;height:100vh;background-color:black;""></div>","j","html-keyboard-response","823","2.0.0","559782","182212","testolin2020_replication","2025-11-21T08:46:09.754Z","20-27 inch desktop monitor","1920","1080","1920","957","1","19","November 11, 12:46 AM","true"
"numerosity_discrimination","2","162","83","7","8","0.875","j","383","<div style=""width:100vw;height:100vh;background-color:black;""></div>","j","html-keyboard-response","828","2.0.0","562486","182212","testolin2020_replication","2025-11-21T08:46:09.754Z","20-27 inch desktop monitor","1920","1080","1920","957","1","19","November 11, 12:46 AM","true"
"numerosity_discrimination","2","163","292","8","14","0.5714","j","136","<div style=""width:100vw;height:100vh;background-color:black;""></div>","j","html-keyboard-response","833","2.0.0","564881","182212","testolin2020_replication","2025-11-21T08:46:09.754Z","20-27 inch desktop monitor","1920","1080","1920","957","1","19","November 11, 12:46 AM","true"
"numerosity_discrimination","2","164","24","12","10","0.8333","j","198","<div style=""width:100vw;height:100vh;background-color:black;""></div>","f","html-keyboard-response","838","2.0.0","567532","182212","testolin2020_replication","2025-11-21T08:46:09.754Z","20-27 inch desktop monitor","1920","1080","1920","957","1","19","November 11, 12:46 AM","false"
"numerosity_discrimination","2","165","114","20","16","0.8","j","134","<div style=""width:100vw;height:100vh;background-color:black;""></div>","f","html-keyboard-response","843","2.0.0","569824","182212","testolin2020_replication","2025-11-21T08:46:09.754Z","20-27 inch desktop monitor","1920","1080","1920","957","1","19","November 11, 12:46 AM","false"
"numerosity_discrimination","2","166","20","7","8","0.875","j","347","<div style=""width:100vw;height:100vh;background-color:black;""></div>","j","html-keyboard-response","848","2.0.0","572385","182212","testolin2020_replication","2025-11-21T08:46:09.754Z","20-27 inch desktop monitor","1920","1080","1920","957","1","19","November 11, 12:46 AM","true"
"numerosity_discrimination","2","167","36","9","11","0.8182","j","360","<div style=""width:100vw;height:100vh;background-color:black;""></div>","f","html-keyboard-response","853","2.0.0","575343","182212","testolin2020_replication","2025-11-21T08:46:09.754Z","20-27 inch desktop monitor","1920","1080","1920","957","1","19","November 11, 12:46 AM","false"
"numerosity_discrimination","2","168","131","11","14","0.7857","j","347","<div style=""width:100vw;height:100vh;background-color:black;""></div>","f","html-keyboard-response","858","2.0.0","577970","182212","testolin2020_replication","2025-11-21T08:46:09.754Z","20-27 inch desktop monitor","1920","1080","1920","957","1","19","November 11, 12:46 AM","false"
"numerosity_discrimination","2","169","190","18","14","0.7778","j","115","<div style=""width:100vw;height:100vh;background-color:black;""></div>","f","html-keyboard-response","863","2.0.0","580710","182212","testolin2020_replication","2025-11-21T08:46:09.754Z","20-27 inch desktop monitor","1920","1080","1920","957","1","19","November 11, 12:46 AM","false"
"numerosity_discrimination","2","170","129","12","9","0.75","j","256","<div style=""width:100vw;height:100vh;background-color:black;""></div>","f","html-keyboard-response","868","2.0.0","583178","182212","testolin2020_replication","2025-11-21T08:46:09.754Z","20-27 inch desktop monitor","1920","1080","1920","957","1","19","November 11, 12:46 AM","false"
"numerosity_discrimination","2","171","12","20","16","0.8","j","249","<div style=""width:100vw;height:100vh;background-color:black;""></div>","f","html-keyboard-response","873","2.0.0","585765","182212","testolin2020_replication","2025-11-21T08:46:09.754Z","20-27 inch desktop monitor","1920","1080","1920","957","1","19","November 11, 12:46 AM","false"
"numerosity_discrimination","2","172","42","22","25","0.88","j","245","<div style=""width:100vw;height:100vh;background-color:black;""></div>","f","html-keyboard-response","878","2.0.0","588451","182212","testolin2020_replication","2025-11-21T08:46:09.754Z","20-27 inch desktop monitor","1920","1080","1920","957","1","19","November 11, 12:46 AM","false"
"numerosity_discrimination","2","173","127","14","10","0.7143","j","247","<div style=""width:100vw;height:100vh;background-color:black;""></div>","f","html-keyboard-response","883","2.0.0","590860","182212","testolin2020_replication","2025-11-21T08:46:09.754Z","20-27 inch desktop monitor","1920","1080","1920","957","1","19","November 11, 12:46 AM","false"
"numerosity_discrimination","2","174","13","7","8","0.875","j","79","<div style=""width:100vw;height:100vh;background-color:black;""></div>","j","html-keyboard-response","888","2.0.0","593202","182212","testolin2020_replication","2025-11-21T08:46:09.754Z","20-27 inch desktop monitor","1920","1080","1920","957","1","19","November 11, 12:46 AM","true"
"numerosity_discrimination","2","175","196","12","16","0.75","j","323","<div style=""width:100vw;height:100vh;background-color:black;""></div>","j","html-keyboard-response","893","2.0.0","595763","182212","testolin2020_replication","2025-11-21T08:46:09.754Z","20-27 inch desktop monitor","1920","1080","1920","957","1","19","November 11, 12:46 AM","true"
"numerosity_discrimination","2","176","210","14","11","0.7857","j","252","<div style=""width:100vw;height:100vh;background-color:black;""></div>","f","html-keyboard-response","898","2.0.0","598570","182212","testolin2020_replication","2025-11-21T08:46:09.754Z","20-27 inch desktop monitor","1920","1080","1920","957","1","19","November 11, 12:46 AM","false"
"numerosity_discrimination","2","177","65","12","14","0.8571","j","153","<div style=""width:100vw;height:100vh;background-color:black;""></div>","f","html-keyboard-response","903","2.0.0","600999","182212","testolin2020_replication","2025-11-21T08:46:09.754Z","20-27 inch desktop monitor","1920","1080","1920","957","1","19","November 11, 12:46 AM","false"
"numerosity_discrimination","2","178","121","12","16","0.75","j","130","<div style=""width:100vw;height:100vh;background-color:black;""></div>","f","html-keyboard-response","908","2.0.0","603297","182212","testolin2020_replication","2025-11-21T08:46:09.754Z","20-27 inch desktop monitor","1920","1080","1920","957","1","19","November 11, 12:46 AM","false"
"numerosity_discrimination","2","179","76","8","7","0.875","j","270","<div style=""width:100vw;height:100vh;background-color:black;""></div>","f","html-keyboard-response","913","2.0.0","605899","182212","testolin2020_replication","2025-11-21T08:46:09.754Z","20-27 inch desktop monitor","1920","1080","1920","957","1","19","November 11, 12:46 AM","false"
"numerosity_discrimination","2","180","174","22","16","0.7273","j","252","<div style=""width:100vw;height:100vh;background-color:black;""></div>","f","html-keyboard-response","918","2.0.0","608612","182212","testolin2020_replication","2025-11-21T08:46:09.754Z","20-27 inch desktop monitor","1920","1080","1920","957","1","19","November 11, 12:46 AM","false"
"numerosity_discrimination","2","181","273","18","9","0.5","j","188","<div style=""width:100vw;height:100vh;background-color:black;""></div>","f","html-keyboard-response","923","2.0.0","611155","182212","testolin2020_replication","2025-11-21T08:46:09.754Z","20-27 inch desktop monitor","1920","1080","1920","957","1","19","November 11, 12:46 AM","false"
"numerosity_discrimination","2","182","176","10","14","0.7143","j","272","<div style=""width:100vw;height:100vh;background-color:black;""></div>","j","html-keyboard-response","928","2.0.0","613928","182212","testolin2020_replication","2025-11-21T08:46:09.754Z","20-27 inch desktop monitor","1920","1080","1920","957","1","19","November 11, 12:46 AM","true"
"numerosity_discrimination","2","183","50","14","16","0.875","j","152","<div style=""width:100vw;height:100vh;background-color:black;""></div>","f","html-keyboard-response","933","2.0.0","616612","182212","testolin2020_replication","2025-11-21T08:46:09.754Z","20-27 inch desktop monitor","1920","1080","1920","957","1","19","November 11, 12:46 AM","false"
"numerosity_discrimination","2","184","145","12","9","0.75","j","101","<div style=""width:100vw;height:100vh;background-color:black;""></div>","f","html-keyboard-response","938","2.0.0","618935","182212","testolin2020_replication","2025-11-21T08:46:09.754Z","20-27 inch desktop monitor","1920","1080","1920","957","1","19","November 11, 12:46 AM","false"
"numerosity_discrimination","2","185","219","9","14","0.6429","j","292","<div style=""width:100vw;height:100vh;background-color:black;""></div>","j","html-keyboard-response","943","2.0.0","621443","182212","testolin2020_replication","2025-11-21T08:46:09.754Z","20-27 inch desktop monitor","1920","1080","1920","957","1","19","November 11, 12:46 AM","true"
"numerosity_discrimination","2","186","3","16","14","0.875","j","175","<div style=""width:100vw;height:100vh;background-color:black;""></div>","f","html-keyboard-response","948","2.0.0","624086","182212","testolin2020_replication","2025-11-21T08:46:09.754Z","20-27 inch desktop monitor","1920","1080","1920","957","1","19","November 11, 12:46 AM","false"
"numerosity_discrimination","2","187","201","20","14","0.7","j","212","<div style=""width:100vw;height:100vh;background-color:black;""></div>","f","html-keyboard-response","953","2.0.0","626530","182212","testolin2020_replication","2025-11-21T08:46:09.754Z","20-27 inch desktop monitor","1920","1080","1920","957","1","19","November 11, 12:46 AM","false"
"numerosity_discrimination","2","188","44","20","16","0.8","j","337","<div style=""width:100vw;height:100vh;background-color:black;""></div>","f","html-keyboard-response","958","2.0.0","629231","182212","testolin2020_replication","2025-11-21T08:46:09.754Z","20-27 inch desktop monitor","1920","1080","1920","957","1","19","November 11, 12:46 AM","false"
"numerosity_discrimination","2","189","136","10","14","0.7143","j","680","<div style=""width:100vw;height:100vh;background-color:black;""></div>","j","html-keyboard-response","963","2.0.0","632110","182212","testolin2020_replication","2025-11-21T08:46:09.754Z","20-27 inch desktop monitor","1920","1080","1920","957","1","19","November 11, 12:46 AM","true"
"numerosity_discrimination","2","190","237","20","12","0.6","j","633","<div style=""width:100vw;height:100vh;background-color:black;""></div>","f","html-keyboard-response","968","2.0.0","635050","182212","testolin2020_replication","2025-11-21T08:46:09.754Z","20-27 inch desktop monitor","1920","1080","1920","957","1","19","November 11, 12:46 AM","false"
"numerosity_discrimination","2","191","294","7","12","0.5833","j","321","<div style=""width:100vw;height:100vh;background-color:black;""></div>","j","html-keyboard-response","973","2.0.0","637926","182212","testolin2020_replication","2025-11-21T08:46:09.754Z","20-27 inch desktop monitor","1920","1080","1920","957","1","19","November 11, 12:46 AM","true"
"numerosity_discrimination","2","192","21","22","18","0.8182","j","379","<div style=""width:100vw;height:100vh;background-color:black;""></div>","f","html-keyboard-response","978","2.0.0","640600","182212","testolin2020_replication","2025-11-21T08:46:09.754Z","20-27 inch desktop monitor","1920","1080","1920","957","1","19","November 11, 12:46 AM","false"
"numerosity_discrimination","2","193","125","11","14","0.7857","j","272","<div style=""width:100vw;height:100vh;background-color:black;""></div>","j","html-keyboard-response","983","2.0.0","643299","182212","testolin2020_replication","2025-11-21T08:46:09.754Z","20-27 inch desktop monitor","1920","1080","1920","957","1","19","November 11, 12:46 AM","true"
"numerosity_discrimination","2","194","228","11","16","0.6875","j","104","<div style=""width:100vw;height:100vh;background-color:black;""></div>","j","html-keyboard-response","988","2.0.0","645723","182212","testolin2020_replication","2025-11-21T08:46:09.754Z","20-27 inch desktop monitor","1920","1080","1920","957","1","19","November 11, 12:46 AM","true"
"numerosity_discrimination","2","195","111","11","9","0.8182","j","459","<div style=""width:100vw;height:100vh;background-color:black;""></div>","j","html-keyboard-response","993","2.0.0","648555","182212","testolin2020_replication","2025-11-21T08:46:09.754Z","20-27 inch desktop monitor","1920","1080","1920","957","1","19","November 11, 12:46 AM","true"
"numerosity_discrimination","2","196","62","12","14","0.8571","j","513","<div style=""width:100vw;height:100vh;background-color:black;""></div>","j","html-keyboard-response","998","2.0.0","651604","182212","testolin2020_replication","2025-11-21T08:46:09.754Z","20-27 inch desktop monitor","1920","1080","1920","957","1","19","November 11, 12:46 AM","true"
"numerosity_discrimination","2","197","153","16","22","0.7273","j","429","<div style=""width:100vw;height:100vh;background-color:black;""></div>","j","html-keyboard-response","1003","2.0.0","654569","182212","testolin2020_replication","2025-11-21T08:46:09.754Z","20-27 inch desktop monitor","1920","1080","1920","957","1","19","November 11, 12:46 AM","true"
"numerosity_discrimination","2","198","199","20","28","0.7143","j","529","<div style=""width:100vw;height:100vh;background-color:black;""></div>","j","html-keyboard-response","1008","2.0.0","657330","182212","testolin2020_replication","2025-11-21T08:46:09.754Z","20-27 inch desktop monitor","1920","1080","1920","957","1","19","November 11, 12:46 AM","true"
"numerosity_discrimination","2","199","132","20","14","0.7","j","775","<div style=""width:100vw;height:100vh;background-color:black;""></div>","f","html-keyboard-response","1013","2.0.0","660588","182212","testolin2020_replication","2025-11-21T08:46:09.754Z","20-27 inch desktop monitor","1920","1080","1920","957","1","19","November 11, 12:46 AM","false"
"numerosity_discrimination","2","200","84","7","8","0.875","j","386","<div style=""width:100vw;height:100vh;background-color:black;""></div>","j","html-keyboard-response","1018","2.0.0","663637","182212","testolin2020_replication","2025-11-21T08:46:09.754Z","20-27 inch desktop monitor","1920","1080","1920","957","1","19","November 11, 12:46 AM","true"
"numerosity_discrimination","3","201","300","9","16","0.5625","j","151","<div style=""width:100vw;height:100vh;background-color:black;""></div>","j","html-keyboard-response","1025","2.0.0","681013","182212","testolin2020_replication","2025-11-21T08:46:09.754Z","20-27 inch desktop monitor","1920","1080","1920","957","1","19","November 11, 12:46 AM","true"
"numerosity_discrimination","3","202","234","14","9","0.6429","j","250","<div style=""width:100vw;height:100vh;background-color:black;""></div>","f","html-keyboard-response","1030","2.0.0","683546","182212","testolin2020_replication","2025-11-21T08:46:09.754Z","20-27 inch desktop monitor","1920","1080","1920","957","1","19","November 11, 12:46 AM","false"
"numerosity_discrimination","3","203","5","22","18","0.8182","j","187","<div style=""width:100vw;height:100vh;background-color:black;""></div>","f","html-keyboard-response","1035","2.0.0","686084","182212","testolin2020_replication","2025-11-21T08:46:09.754Z","20-27 inch desktop monitor","1920","1080","1920","957","1","19","November 11, 12:46 AM","false"
"numerosity_discrimination","3","204","170","12","16","0.75","j","169","<div style=""width:100vw;height:100vh;background-color:black;""></div>","j","html-keyboard-response","1040","2.0.0","688851","182212","testolin2020_replication","2025-11-21T08:46:09.754Z","20-27 inch desktop monitor","1920","1080","1920","957","1","19","November 11, 12:46 AM","true"
"numerosity_discrimination","3","205","28","8","9","0.8889","j","15","<div style=""width:100vw;height:100vh;background-color:black;""></div>","f","html-keyboard-response","1045","2.0.0","691492","182212","testolin2020_replication","2025-11-21T08:46:09.754Z","20-27 inch desktop monitor","1920","1080","1920","957","1","19","November 11, 12:46 AM","false"
"numerosity_discrimination","3","206","284","14","28","0.5","j","231","<div style=""width:100vw;height:100vh;background-color:black;""></div>","j","html-keyboard-response","1050","2.0.0","694091","182212","testolin2020_replication","2025-11-21T08:46:09.754Z","20-27 inch desktop monitor","1920","1080","1920","957","1","19","November 11, 12:46 AM","true"
"numerosity_discrimination","3","207","29","12","14","0.8571","j","398","<div style=""width:100vw;height:100vh;background-color:black;""></div>","j","html-keyboard-response","1055","2.0.0","696953","182212","testolin2020_replication","2025-11-21T08:46:09.754Z","20-27 inch desktop monitor","1920","1080","1920","957","1","19","November 11, 12:46 AM","true"
"numerosity_discrimination","3","208","93","8","10","0.8","j","455","<div style=""width:100vw;height:100vh;background-color:black;""></div>","j","html-keyboard-response","1060","2.0.0","699787","182212","testolin2020_replication","2025-11-21T08:46:09.754Z","20-27 inch desktop monitor","1920","1080","1920","957","1","19","November 11, 12:46 AM","true"
"numerosity_discrimination","3","209","257","10","16","0.625","j","331","<div style=""width:100vw;height:100vh;background-color:black;""></div>","j","html-keyboard-response","1065","2.0.0","702391","182212","testolin2020_replication","2025-11-21T08:46:09.754Z","20-27 inch desktop monitor","1920","1080","1920","957","1","19","November 11, 12:46 AM","true"
"numerosity_discrimination","3","210","16","20","16","0.8","j","362","<div style=""width:100vw;height:100vh;background-color:black;""></div>","f","html-keyboard-response","1070","2.0.0","705022","182212","testolin2020_replication","2025-11-21T08:46:09.754Z","20-27 inch desktop monitor","1920","1080","1920","957","1","19","November 11, 12:46 AM","false"
"numerosity_discrimination","3","211","189","16","22","0.7273","j","405","<div style=""width:100vw;height:100vh;background-color:black;""></div>","j","html-keyboard-response","1075","2.0.0","707951","182212","testolin2020_replication","2025-11-21T08:46:09.754Z","20-27 inch desktop monitor","1920","1080","1920","957","1","19","November 11, 12:46 AM","true"
"numerosity_discrimination","3","212","135","9","12","0.75","j","396","<div style=""width:100vw;height:100vh;background-color:black;""></div>","f","html-keyboard-response","1080","2.0.0","710880","182212","testolin2020_replication","2025-11-21T08:46:09.754Z","20-27 inch desktop monitor","1920","1080","1920","957","1","19","November 11, 12:46 AM","false"
"numerosity_discrimination","3","213","260","25","16","0.64","j","129","<div style=""width:100vw;height:100vh;background-color:black;""></div>","f","html-keyboard-response","1085","2.0.0","713601","182212","testolin2020_replication","2025-11-21T08:46:09.754Z","20-27 inch desktop monitor","1920","1080","1920","957","1","19","November 11, 12:46 AM","false"
"numerosity_discrimination","3","214","241","7","11","0.6364","j","327","<div style=""width:100vw;height:100vh;background-color:black;""></div>","j","html-keyboard-response","1090","2.0.0","716253","182212","testolin2020_replication","2025-11-21T08:46:09.754Z","20-27 inch desktop monitor","1920","1080","1920","957","1","19","November 11, 12:46 AM","true"
"numerosity_discrimination","3","215","182","12","9","0.75","j","7240","<div style=""width:100vw;height:100vh;background-color:black;""></div>","f","html-keyboard-response","1095","2.0.0","725864","182212","testolin2020_replication","2025-11-21T08:46:09.754Z","20-27 inch desktop monitor","1920","1080","1920","957","1","19","November 11, 12:46 AM","false"
"numerosity_discrimination","3","216","15","20","25","0.8","j","262","<div style=""width:100vw;height:100vh;background-color:black;""></div>","j","html-keyboard-response","1100","2.0.0","728491","182212","testolin2020_replication","2025-11-21T08:46:09.754Z","20-27 inch desktop monitor","1920","1080","1920","957","1","19","November 11, 12:46 AM","true"
"numerosity_discrimination","3","217","247","11","16","0.6875","j","8542","<div style=""width:100vw;height:100vh;background-color:black;""></div>","f","html-keyboard-response","1105","2.0.0","739685","182212","testolin2020_replication","2025-11-21T08:46:09.754Z","20-27 inch desktop monitor","1920","1080","1920","957","1","19","November 11, 12:46 AM","false"
"numerosity_discrimination","3","218","117","22","18","0.8182","j","376","<div style=""width:100vw;height:100vh;background-color:black;""></div>","f","html-keyboard-response","1110","2.0.0","742299","182212","testolin2020_replication","2025-11-21T08:46:09.754Z","20-27 inch desktop monitor","1920","1080","1920","957","1","19","November 11, 12:46 AM","false"
"numerosity_discrimination","3","219","249","14","22","0.6364","j","215","<div style=""width:100vw;height:100vh;background-color:black;""></div>","j","html-keyboard-response","1115","2.0.0","744947","182212","testolin2020_replication","2025-11-21T08:46:09.754Z","20-27 inch desktop monitor","1920","1080","1920","957","1","19","November 11, 12:46 AM","true"
"numerosity_discrimination","3","220","217","25","16","0.64","j","472","<div style=""width:100vw;height:100vh;background-color:black;""></div>","f","html-keyboard-response","1120","2.0.0","748077","182212","testolin2020_replication","2025-11-21T08:46:09.754Z","20-27 inch desktop monitor","1920","1080","1920","957","1","19","November 11, 12:46 AM","false"
"numerosity_discrimination","3","221","242","28","18","0.6429","j","404","<div style=""width:100vw;height:100vh;background-color:black;""></div>","f","html-keyboard-response","1125","2.0.0","751008","182212","testolin2020_replication","2025-11-21T08:46:09.754Z","20-27 inch desktop monitor","1920","1080","1920","957","1","19","November 11, 12:46 AM","false"
"numerosity_discrimination","3","222","106","25","22","0.88","j","372","<div style=""width:100vw;height:100vh;background-color:black;""></div>","f","html-keyboard-response","1130","2.0.0","753696","182212","testolin2020_replication","2025-11-21T08:46:09.754Z","20-27 inch desktop monitor","1920","1080","1920","957","1","19","November 11, 12:46 AM","false"
"numerosity_discrimination","3","223","101","20","25","0.8","j","425","<div style=""width:100vw;height:100vh;background-color:black;""></div>","f","html-keyboard-response","1135","2.0.0","756447","182212","testolin2020_replication","2025-11-21T08:46:09.754Z","20-27 inch desktop monitor","1920","1080","1920","957","1","19","November 11, 12:46 AM","false"
"numerosity_discrimination","3","224","113","20","16","0.8","j","332","<div style=""width:100vw;height:100vh;background-color:black;""></div>","f","html-keyboard-response","1140","2.0.0","759287","182212","testolin2020_replication","2025-11-21T08:46:09.754Z","20-27 inch desktop monitor","1920","1080","1920","957","1","19","November 11, 12:46 AM","false"
"numerosity_discrimination","3","225","71","22","18","0.8182","j","267","<div style=""width:100vw;height:100vh;background-color:black;""></div>","f","html-keyboard-response","1145","2.0.0","761916","182212","testolin2020_replication","2025-11-21T08:46:09.754Z","20-27 inch desktop monitor","1920","1080","1920","957","1","19","November 11, 12:46 AM","false"
"numerosity_discrimination","3","226","52","25","28","0.8929","j","275","<div style=""width:100vw;height:100vh;background-color:black;""></div>","j","html-keyboard-response","1150","2.0.0","764773","182212","testolin2020_replication","2025-11-21T08:46:09.754Z","20-27 inch desktop monitor","1920","1080","1920","957","1","19","November 11, 12:46 AM","true"
"numerosity_discrimination","3","227","7","14","16","0.875","j","838","<div style=""width:100vw;height:100vh;background-color:black;""></div>","j","html-keyboard-response","1155","2.0.0","768033","182212","testolin2020_replication","2025-11-21T08:46:09.754Z","20-27 inch desktop monitor","1920","1080","1920","957","1","19","November 11, 12:46 AM","true"
"numerosity_discrimination","3","228","56","25","22","0.88","j","701","<div style=""width:100vw;height:100vh;background-color:black;""></div>","f","html-keyboard-response","1160","2.0.0","771312","182212","testolin2020_replication","2025-11-21T08:46:09.754Z","20-27 inch desktop monitor","1920","1080","1920","957","1","19","November 11, 12:46 AM","false"
"numerosity_discrimination","3","229","138","16","12","0.75","j","399","<div style=""width:100vw;height:100vh;background-color:black;""></div>","f","html-keyboard-response","1165","2.0.0","774201","182212","testolin2020_replication","2025-11-21T08:46:09.754Z","20-27 inch desktop monitor","1920","1080","1920","957","1","19","November 11, 12:46 AM","false"
"numerosity_discrimination","3","230","198","16","12","0.75","j","430","<div style=""width:100vw;height:100vh;background-color:black;""></div>","f","html-keyboard-response","1170","2.0.0","777169","182212","testolin2020_replication","2025-11-21T08:46:09.754Z","20-27 inch desktop monitor","1920","1080","1920","957","1","19","November 11, 12:46 AM","false"
"numerosity_discrimination","3","231","233","8","12","0.6667","j","811","<div style=""width:100vw;height:100vh;background-color:black;""></div>","j","html-keyboard-response","1175","2.0.0","780496","182212","testolin2020_replication","2025-11-21T08:46:09.754Z","20-27 inch desktop monitor","1920","1080","1920","957","1","19","November 11, 12:46 AM","true"
"numerosity_discrimination","3","232","264","25","16","0.64","j","805","<div style=""width:100vw;height:100vh;background-color:black;""></div>","f","html-keyboard-response","1180","2.0.0","783938","182212","testolin2020_replication","2025-11-21T08:46:09.754Z","20-27 inch desktop monitor","1920","1080","1920","957","1","19","November 11, 12:46 AM","false"
"numerosity_discrimination","3","233","27","14","12","0.8571","j","334","<div style=""width:100vw;height:100vh;background-color:black;""></div>","f","html-keyboard-response","1185","2.0.0","786663","182212","testolin2020_replication","2025-11-21T08:46:09.754Z","20-27 inch desktop monitor","1920","1080","1920","957","1","19","November 11, 12:46 AM","false"
"numerosity_discrimination","3","234","49","8","10","0.8","j","214","<div style=""width:100vw;height:100vh;background-color:black;""></div>","j","html-keyboard-response","1190","2.0.0","789464","182212","testolin2020_replication","2025-11-21T08:46:09.754Z","20-27 inch desktop monitor","1920","1080","1920","957","1","19","November 11, 12:46 AM","true"
"numerosity_discrimination","3","235","10","9","11","0.8182","j","361","<div style=""width:100vw;height:100vh;background-color:black;""></div>","j","html-keyboard-response","1195","2.0.0","791994","182212","testolin2020_replication","2025-11-21T08:46:09.754Z","20-27 inch desktop monitor","1920","1080","1920","957","1","19","November 11, 12:46 AM","true"
"numerosity_discrimination","3","236","232","8","12","0.6667","j","59","<div style=""width:100vw;height:100vh;background-color:black;""></div>","j","html-keyboard-response","1200","2.0.0","794553","182212","testolin2020_replication","2025-11-21T08:46:09.754Z","20-27 inch desktop monitor","1920","1080","1920","957","1","19","November 11, 12:46 AM","true"
"numerosity_discrimination","3","237","69","10","8","0.8","j","80","<div style=""width:100vw;height:100vh;background-color:black;""></div>","f","html-keyboard-response","1205","2.0.0","796822","182212","testolin2020_replication","2025-11-21T08:46:09.754Z","20-27 inch desktop monitor","1920","1080","1920","957","1","19","November 11, 12:46 AM","false"
"numerosity_discrimination","3","238","92","18","22","0.8182","j","233","<div style=""width:100vw;height:100vh;background-color:black;""></div>","j","html-keyboard-response","1210","2.0.0","799650","182212","testolin2020_replication","2025-11-21T08:46:09.754Z","20-27 inch desktop monitor","1920","1080","1920","957","1","19","November 11, 12:46 AM","true"
"numerosity_discrimination","3","239","60","18","22","0.8182","j","1005","<div style=""width:100vw;height:100vh;background-color:black;""></div>","j","html-keyboard-response","1215","2.0.0","802880","182212","testolin2020_replication","2025-11-21T08:46:09.754Z","20-27 inch desktop monitor","1920","1080","1920","957","1","19","November 11, 12:46 AM","true"
"numerosity_discrimination","3","240","72","11","9","0.8182","j","188","<div style=""width:100vw;height:100vh;background-color:black;""></div>","f","html-keyboard-response","1220","2.0.0","805504","182212","testolin2020_replication","2025-11-21T08:46:09.754Z","20-27 inch desktop monitor","1920","1080","1920","957","1","19","November 11, 12:46 AM","false"
"numerosity_discrimination","3","241","256","7","11","0.6364","j","309","<div style=""width:100vw;height:100vh;background-color:black;""></div>","j","html-keyboard-response","1225","2.0.0","808269","182212","testolin2020_replication","2025-11-21T08:46:09.754Z","20-27 inch desktop monitor","1920","1080","1920","957","1","19","November 11, 12:46 AM","true"
"numerosity_discrimination","3","242","246","20","12","0.6","j","149","<div style=""width:100vw;height:100vh;background-color:black;""></div>","f","html-keyboard-response","1230","2.0.0","811026","182212","testolin2020_replication","2025-11-21T08:46:09.754Z","20-27 inch desktop monitor","1920","1080","1920","957","1","19","November 11, 12:46 AM","false"
"numerosity_discrimination","3","243","149","18","14","0.7778","j","178","<div style=""width:100vw;height:100vh;background-color:black;""></div>","f","html-keyboard-response","1235","2.0.0","813466","182212","testolin2020_replication","2025-11-21T08:46:09.754Z","20-27 inch desktop monitor","1920","1080","1920","957","1","19","November 11, 12:46 AM","false"
"numerosity_discrimination","3","244","229","20","12","0.6","j","443","<div style=""width:100vw;height:100vh;background-color:black;""></div>","f","html-keyboard-response","1240","2.0.0","816374","182212","testolin2020_replication","2025-11-21T08:46:09.754Z","20-27 inch desktop monitor","1920","1080","1920","957","1","19","November 11, 12:46 AM","false"
"numerosity_discrimination","3","245","57","22","18","0.8182","j","172","<div style=""width:100vw;height:100vh;background-color:black;""></div>","f","html-keyboard-response","1245","2.0.0","819084","182212","testolin2020_replication","2025-11-21T08:46:09.754Z","20-27 inch desktop monitor","1920","1080","1920","957","1","19","November 11, 12:46 AM","false"
"numerosity_discrimination","3","246","227","8","12","0.6667","j","181","<div style=""width:100vw;height:100vh;background-color:black;""></div>","j","html-keyboard-response","1250","2.0.0","821876","182212","testolin2020_replication","2025-11-21T08:46:09.754Z","20-27 inch desktop monitor","1920","1080","1920","957","1","19","November 11, 12:46 AM","true"
"numerosity_discrimination","3","247","2","28","25","0.8929","j","813","<div style=""width:100vw;height:100vh;background-color:black;""></div>","f","html-keyboard-response","1255","2.0.0","824927","182212","testolin2020_replication","2025-11-21T08:46:09.754Z","20-27 inch desktop monitor","1920","1080","1920","957","1","19","November 11, 12:46 AM","false"
"numerosity_discrimination","3","248","251","20","12","0.6","j","554","<div style=""width:100vw;height:100vh;background-color:black;""></div>","f","html-keyboard-response","1260","2.0.0","827738","182212","testolin2020_replication","2025-11-21T08:46:09.754Z","20-27 inch desktop monitor","1920","1080","1920","957","1","19","November 11, 12:46 AM","false"
"numerosity_discrimination","3","249","172","16","22","0.7273","j","506","<div style=""width:100vw;height:100vh;background-color:black;""></div>","j","html-keyboard-response","1265","2.0.0","830692","182212","testolin2020_replication","2025-11-21T08:46:09.754Z","20-27 inch desktop monitor","1920","1080","1920","957","1","19","November 11, 12:46 AM","true"
"numerosity_discrimination","3","250","161","28","22","0.7857","j","554","<div style=""width:100vw;height:100vh;background-color:black;""></div>","f","html-keyboard-response","1270","2.0.0","833649","182212","testolin2020_replication","2025-11-21T08:46:09.754Z","20-27 inch desktop monitor","1920","1080","1920","957","1","19","November 11, 12:46 AM","false"
"numerosity_discrimination","3","251","218","14","22","0.6364","j","97","<div style=""width:100vw;height:100vh;background-color:black;""></div>","j","html-keyboard-response","1275","2.0.0","836087","182212","testolin2020_replication","2025-11-21T08:46:09.754Z","20-27 inch desktop monitor","1920","1080","1920","957","1","19","November 11, 12:46 AM","true"
"numerosity_discrimination","3","252","168","20","14","0.7","j","276","<div style=""width:100vw;height:100vh;background-color:black;""></div>","f","html-keyboard-response","1280","2.0.0","838826","182212","testolin2020_replication","2025-11-21T08:46:09.754Z","20-27 inch desktop monitor","1920","1080","1920","957","1","19","November 11, 12:46 AM","false"
"numerosity_discrimination","3","253","155","7","9","0.7778","j","613","<div style=""width:100vw;height:100vh;background-color:black;""></div>","f","html-keyboard-response","1285","2.0.0","841858","182212","testolin2020_replication","2025-11-21T08:46:09.754Z","20-27 inch desktop monitor","1920","1080","1920","957","1","19","November 11, 12:46 AM","false"
"numerosity_discrimination","3","254","216","9","14","0.6429","j","251","<div style=""width:100vw;height:100vh;background-color:black;""></div>","j","html-keyboard-response","1290","2.0.0","844624","182212","testolin2020_replication","2025-11-21T08:46:09.754Z","20-27 inch desktop monitor","1920","1080","1920","957","1","19","November 11, 12:46 AM","true"
"numerosity_discrimination","3","255","94","22","25","0.88","j","334","<div style=""width:100vw;height:100vh;background-color:black;""></div>","f","html-keyboard-response","1295","2.0.0","847408","182212","testolin2020_replication","2025-11-21T08:46:09.754Z","20-27 inch desktop monitor","1920","1080","1920","957","1","19","November 11, 12:46 AM","false"
"numerosity_discrimination","3","256","180","9","7","0.7778","j","431","<div style=""width:100vw;height:100vh;background-color:black;""></div>","f","html-keyboard-response","1300","2.0.0","850153","182212","testolin2020_replication","2025-11-21T08:46:09.754Z","20-27 inch desktop monitor","1920","1080","1920","957","1","19","November 11, 12:46 AM","false"
"numerosity_discrimination","3","257","276","16","8","0.5","j","245","<div style=""width:100vw;height:100vh;background-color:black;""></div>","f","html-keyboard-response","1305","2.0.0","852734","182212","testolin2020_replication","2025-11-21T08:46:09.754Z","20-27 inch desktop monitor","1920","1080","1920","957","1","19","November 11, 12:46 AM","false"
"numerosity_discrimination","3","258","139","9","7","0.7778","j","203","<div style=""width:100vw;height:100vh;background-color:black;""></div>","f","html-keyboard-response","1310","2.0.0","855514","182212","testolin2020_replication","2025-11-21T08:46:09.754Z","20-27 inch desktop monitor","1920","1080","1920","957","1","19","November 11, 12:46 AM","false"
"numerosity_discrimination","3","259","223","28","18","0.6429","j","290","<div style=""width:100vw;height:100vh;background-color:black;""></div>","f","html-keyboard-response","1315","2.0.0","858055","182212","testolin2020_replication","2025-11-21T08:46:09.754Z","20-27 inch desktop monitor","1920","1080","1920","957","1","19","November 11, 12:46 AM","false"
"numerosity_discrimination","3","260","118","20","25","0.8","j","201","<div style=""width:100vw;height:100vh;background-color:black;""></div>","j","html-keyboard-response","1320","2.0.0","860782","182212","testolin2020_replication","2025-11-21T08:46:09.754Z","20-27 inch desktop monitor","1920","1080","1920","957","1","19","November 11, 12:46 AM","true"
"numerosity_discrimination","3","261","211","8","12","0.6667","j","259","<div style=""width:100vw;height:100vh;background-color:black;""></div>","j","html-keyboard-response","1325","2.0.0","863274","182212","testolin2020_replication","2025-11-21T08:46:09.754Z","20-27 inch desktop monitor","1920","1080","1920","957","1","19","November 11, 12:46 AM","true"
"numerosity_discrimination","3","262","97","7","8","0.875","j","145","<div style=""width:100vw;height:100vh;background-color:black;""></div>","f","html-keyboard-response","1330","2.0.0","865849","182212","testolin2020_replication","2025-11-21T08:46:09.754Z","20-27 inch desktop monitor","1920","1080","1920","957","1","19","November 11, 12:46 AM","false"
"numerosity_discrimination","3","263","165","14","10","0.7143","j","87","<div style=""width:100vw;height:100vh;background-color:black;""></div>","f","html-keyboard-response","1335","2.0.0","868285","182212","testolin2020_replication","2025-11-21T08:46:09.754Z","20-27 inch desktop monitor","1920","1080","1920","957","1","19","November 11, 12:46 AM","false"
"numerosity_discrimination","3","264","298","9","18","0.5","j","290","<div style=""width:100vw;height:100vh;background-color:black;""></div>","j","html-keyboard-response","1340","2.0.0","870905","182212","testolin2020_replication","2025-11-21T08:46:09.754Z","20-27 inch desktop monitor","1920","1080","1920","957","1","19","November 11, 12:46 AM","true"
"numerosity_discrimination","3","265","152","16","12","0.75","j","403","<div style=""width:100vw;height:100vh;background-color:black;""></div>","f","html-keyboard-response","1345","2.0.0","873514","182212","testolin2020_replication","2025-11-21T08:46:09.754Z","20-27 inch desktop monitor","1920","1080","1920","957","1","19","November 11, 12:46 AM","false"
"numerosity_discrimination","3","266","104","8","7","0.875","j","1260","<div style=""width:100vw;height:100vh;background-color:black;""></div>","f","html-keyboard-response","1350","2.0.0","877027","182212","testolin2020_replication","2025-11-21T08:46:09.754Z","20-27 inch desktop monitor","1920","1080","1920","957","1","19","November 11, 12:46 AM","false"
"numerosity_discrimination","3","267","262","9","14","0.6429","j","4016","<div style=""width:100vw;height:100vh;background-color:black;""></div>","j","html-keyboard-response","1355","2.0.0","883314","182212","testolin2020_replication","2025-11-21T08:46:09.754Z","20-27 inch desktop monitor","1920","1080","1920","957","1","19","November 11, 12:46 AM","true"
"numerosity_discrimination","3","268","269","9","14","0.6429","j","241","<div style=""width:100vw;height:100vh;background-color:black;""></div>","j","html-keyboard-response","1360","2.0.0","886199","182212","testolin2020_replication","2025-11-21T08:46:09.754Z","20-27 inch desktop monitor","1920","1080","1920","957","1","19","November 11, 12:46 AM","true"
"numerosity_discrimination","3","269","252","18","28","0.6429","j","354","<div style=""width:100vw;height:100vh;background-color:black;""></div>","f","html-keyboard-response","1365","2.0.0","888863","182212","testolin2020_replication","2025-11-21T08:46:09.754Z","20-27 inch desktop monitor","1920","1080","1920","957","1","19","November 11, 12:46 AM","false"
"numerosity_discrimination","3","270","130","22","28","0.7857","j","77","<div style=""width:100vw;height:100vh;background-color:black;""></div>","j","html-keyboard-response","1370","2.0.0","891233","182212","testolin2020_replication","2025-11-21T08:46:09.754Z","20-27 inch desktop monitor","1920","1080","1920","957","1","19","November 11, 12:46 AM","true"
"numerosity_discrimination","3","271","1","9","8","0.8889","j","485","<div style=""width:100vw;height:100vh;background-color:black;""></div>","f","html-keyboard-response","1375","2.0.0","894329","182212","testolin2020_replication","2025-11-21T08:46:09.754Z","20-27 inch desktop monitor","1920","1080","1920","957","1","19","November 11, 12:46 AM","false"
"numerosity_discrimination","3","272","255","18","28","0.6429","j","941","<div style=""width:100vw;height:100vh;background-color:black;""></div>","j","html-keyboard-response","1380","2.0.0","897840","182212","testolin2020_replication","2025-11-21T08:46:09.754Z","20-27 inch desktop monitor","1920","1080","1920","957","1","19","November 11, 12:46 AM","true"
"numerosity_discrimination","3","273","40","10","12","0.8333","j","197","<div style=""width:100vw;height:100vh;background-color:black;""></div>","f","html-keyboard-response","1385","2.0.0","900635","182212","testolin2020_replication","2025-11-21T08:46:09.754Z","20-27 inch desktop monitor","1920","1080","1920","957","1","19","November 11, 12:46 AM","false"
"numerosity_discrimination","3","274","277","20","10","0.5","j","58","<div style=""width:100vw;height:100vh;background-color:black;""></div>","f","html-keyboard-response","1390","2.0.0","903006","182212","testolin2020_replication","2025-11-21T08:46:09.754Z","20-27 inch desktop monitor","1920","1080","1920","957","1","19","November 11, 12:46 AM","false"
"numerosity_discrimination","3","275","73","14","12","0.8571","j","174","<div style=""width:100vw;height:100vh;background-color:black;""></div>","f","html-keyboard-response","1395","2.0.0","905425","182212","testolin2020_replication","2025-11-21T08:46:09.754Z","20-27 inch desktop monitor","1920","1080","1920","957","1","19","November 11, 12:46 AM","false"
"numerosity_discrimination","3","276","81","16","18","0.8889","j","461","<div style=""width:100vw;height:100vh;background-color:black;""></div>","f","html-keyboard-response","1400","2.0.0","908494","182212","testolin2020_replication","2025-11-21T08:46:09.754Z","20-27 inch desktop monitor","1920","1080","1920","957","1","19","November 11, 12:46 AM","false"
"numerosity_discrimination","3","277","169","18","25","0.72","j","467","<div style=""width:100vw;height:100vh;background-color:black;""></div>","j","html-keyboard-response","1405","2.0.0","911438","182212","testolin2020_replication","2025-11-21T08:46:09.754Z","20-27 inch desktop monitor","1920","1080","1920","957","1","19","November 11, 12:46 AM","true"
"numerosity_discrimination","3","278","296","9","16","0.5625","j","211","<div style=""width:100vw;height:100vh;background-color:black;""></div>","j","html-keyboard-response","1410","2.0.0","914274","182212","testolin2020_replication","2025-11-21T08:46:09.754Z","20-27 inch desktop monitor","1920","1080","1920","957","1","19","November 11, 12:46 AM","true"
"numerosity_discrimination","3","279","25","11","9","0.8182","j","73","<div style=""width:100vw;height:100vh;background-color:black;""></div>","f","html-keyboard-response","1415","2.0.0","916558","182212","testolin2020_replication","2025-11-21T08:46:09.754Z","20-27 inch desktop monitor","1920","1080","1920","957","1","19","November 11, 12:46 AM","false"
"numerosity_discrimination","3","280","289","22","12","0.5455","j","327","<div style=""width:100vw;height:100vh;background-color:black;""></div>","f","html-keyboard-response","1420","2.0.0","919126","182212","testolin2020_replication","2025-11-21T08:46:09.754Z","20-27 inch desktop monitor","1920","1080","1920","957","1","19","November 11, 12:46 AM","false"
"numerosity_discrimination","3","281","33","8","9","0.8889","j","561","<div style=""width:100vw;height:100vh;background-color:black;""></div>","f","html-keyboard-response","1425","2.0.0","921927","182212","testolin2020_replication","2025-11-21T08:46:09.754Z","20-27 inch desktop monitor","1920","1080","1920","957","1","19","November 11, 12:46 AM","false"
"numerosity_discrimination","3","282","43","11","9","0.8182","j","450","<div style=""width:100vw;height:100vh;background-color:black;""></div>","j","html-keyboard-response","1430","2.0.0","924749","182212","testolin2020_replication","2025-11-21T08:46:09.754Z","20-27 inch desktop monitor","1920","1080","1920","957","1","19","November 11, 12:46 AM","true"
"numerosity_discrimination","3","283","147","8","11","0.7273","j","270","<div style=""width:100vw;height:100vh;background-color:black;""></div>","j","html-keyboard-response","1435","2.0.0","927446","182212","testolin2020_replication","2025-11-21T08:46:09.754Z","20-27 inch desktop monitor","1920","1080","1920","957","1","19","November 11, 12:46 AM","true"
"numerosity_discrimination","3","284","98","25","28","0.8929","j","640","<div style=""width:100vw;height:100vh;background-color:black;""></div>","j","html-keyboard-response","1440","2.0.0","930393","182212","testolin2020_replication","2025-11-21T08:46:09.754Z","20-27 inch desktop monitor","1920","1080","1920","957","1","19","November 11, 12:46 AM","true"
"numerosity_discrimination","3","285","39","20","16","0.8","j","228","<div style=""width:100vw;height:100vh;background-color:black;""></div>","f","html-keyboard-response","1445","2.0.0","933126","182212","testolin2020_replication","2025-11-21T08:46:09.754Z","20-27 inch desktop monitor","1920","1080","1920","957","1","19","November 11, 12:46 AM","false"
"numerosity_discrimination","3","286","115","25","28","0.8929","j","221","<div style=""width:100vw;height:100vh;background-color:black;""></div>","j","html-keyboard-response","1450","2.0.0","935675","182212","testolin2020_replication","2025-11-21T08:46:09.754Z","20-27 inch desktop monitor","1920","1080","1920","957","1","19","November 11, 12:46 AM","true"
"numerosity_discrimination","3","287","80","16","18","0.8889","j","334","<div style=""width:100vw;height:100vh;background-color:black;""></div>","f","html-keyboard-response","1455","2.0.0","938599","182212","testolin2020_replication","2025-11-21T08:46:09.754Z","20-27 inch desktop monitor","1920","1080","1920","957","1","19","November 11, 12:46 AM","false"
"numerosity_discrimination","3","288","144","28","20","0.7143","j","99","<div style=""width:100vw;height:100vh;background-color:black;""></div>","f","html-keyboard-response","1460","2.0.0","941075","182212","testolin2020_replication","2025-11-21T08:46:09.754Z","20-27 inch desktop monitor","1920","1080","1920","957","1","19","November 11, 12:46 AM","false"
"numerosity_discrimination","3","289","45","25","20","0.8","j","165","<div style=""width:100vw;height:100vh;background-color:black;""></div>","f","html-keyboard-response","1465","2.0.0","943624","182212","testolin2020_replication","2025-11-21T08:46:09.754Z","20-27 inch desktop monitor","1920","1080","1920","957","1","19","November 11, 12:46 AM","false"
"numerosity_discrimination","3","290","200","12","9","0.75","j","72","<div style=""width:100vw;height:100vh;background-color:black;""></div>","f","html-keyboard-response","1470","2.0.0","946043","182212","testolin2020_replication","2025-11-21T08:46:09.754Z","20-27 inch desktop monitor","1920","1080","1920","957","1","19","November 11, 12:46 AM","false"
"numerosity_discrimination","3","291","212","22","14","0.6364","j","60","<div style=""width:100vw;height:100vh;background-color:black;""></div>","f","html-keyboard-response","1475","2.0.0","948299","182212","testolin2020_replication","2025-11-21T08:46:09.754Z","20-27 inch desktop monitor","1920","1080","1920","957","1","19","November 11, 12:46 AM","false"
"numerosity_discrimination","3","292","207","7","9","0.7778","j","251","<div style=""width:100vw;height:100vh;background-color:black;""></div>","j","html-keyboard-response","1480","2.0.0","950950","182212","testolin2020_replication","2025-11-21T08:46:09.754Z","20-27 inch desktop monitor","1920","1080","1920","957","1","19","November 11, 12:46 AM","true"
"numerosity_discrimination","3","293","204","7","9","0.7778","j","685","<div style=""width:100vw;height:100vh;background-color:black;""></div>","f","html-keyboard-response","1485","2.0.0","953984","182212","testolin2020_replication","2025-11-21T08:46:09.754Z","20-27 inch desktop monitor","1920","1080","1920","957","1","19","November 11, 12:46 AM","false"
"numerosity_discrimination","3","294","47","20","25","0.8","j","198","<div style=""width:100vw;height:100vh;background-color:black;""></div>","j","html-keyboard-response","1490","2.0.0","956520","182212","testolin2020_replication","2025-11-21T08:46:09.754Z","20-27 inch desktop monitor","1920","1080","1920","957","1","19","November 11, 12:46 AM","true"
"numerosity_discrimination","3","295","206","9","7","0.7778","j","332","<div style=""width:100vw;height:100vh;background-color:black;""></div>","j","html-keyboard-response","1495","2.0.0","959114","182212","testolin2020_replication","2025-11-21T08:46:09.754Z","20-27 inch desktop monitor","1920","1080","1920","957","1","19","November 11, 12:46 AM","true"
"numerosity_discrimination","3","296","91","12","14","0.8571","j","126","<div style=""width:100vw;height:100vh;background-color:black;""></div>","f","html-keyboard-response","1500","2.0.0","961798","182212","testolin2020_replication","2025-11-21T08:46:09.754Z","20-27 inch desktop monitor","1920","1080","1920","957","1","19","November 11, 12:46 AM","false"
"numerosity_discrimination","3","297","263","22","14","0.6364","j","342","<div style=""width:100vw;height:100vh;background-color:black;""></div>","f","html-keyboard-response","1505","2.0.0","964733","182212","testolin2020_replication","2025-11-21T08:46:09.754Z","20-27 inch desktop monitor","1920","1080","1920","957","1","19","November 11, 12:46 AM","false"
"numerosity_discrimination","3","298","110","7","8","0.875","j","374","<div style=""width:100vw;height:100vh;background-color:black;""></div>","j","html-keyboard-response","1510","2.0.0","967362","182212","testolin2020_replication","2025-11-21T08:46:09.754Z","20-27 inch desktop monitor","1920","1080","1920","957","1","19","November 11, 12:46 AM","true"
"numerosity_discrimination","3","299","222","16","10","0.625","j","75","<div style=""width:100vw;height:100vh;background-color:black;""></div>","f","html-keyboard-response","1515","2.0.0","969837","182212","testolin2020_replication","2025-11-21T08:46:09.754Z","20-27 inch desktop monitor","1920","1080","1920","957","1","19","November 11, 12:46 AM","false"
"numerosity_discrimination","3","300","143","20","28","0.7143","j","271","<div style=""width:100vw;height:100vh;background-color:black;""></div>","j","html-keyboard-response","1520","2.0.0","972443","182212","testolin2020_replication","2025-11-21T08:46:09.754Z","20-27 inch desktop monitor","1920","1080","1920","957","1","19","November 11, 12:46 AM","true"
